{
  "type": "FeatureCollection",
  "generator": "overpass-turbo",
  "copyright": "The data included in this document is from www.openstreetmap.org. The data is made available under ODbL.",
  "timestamp": "2025-03-21T19:09:29Z",
  "features": [
    {
      "type": "Feature",
      "properties": {
        "@id": "node/34036242",
        "amenity": "theatre",
        "name": "DAS DA Theater",
        "toilets:wheelchair": "yes",
        "wheelchair": "yes",
        "wikidata": "Q48754950",
        "wikimedia_commons": "Category:DAS-DA-Theater",
        "wikipedia": "de:Das-Da-Theater"
      },
      "geometry": {
        "type": "Point",
        "coordinates": [
          6.1123358,
          50.7899205
        ]
      },
      "id": "node/34036242"
    },
    {
      "type": "Feature",
      "properties": {
        "@id": "node/35137295",
        "addr:city": "Aachen",
        "addr:country": "DE",
        "addr:housenumber": "35",
        "addr:postcode": "52068",
        "addr:street": "Breslauer Straße",
        "brand": "Kaufland",
        "brand:wikidata": "Q685967",
        "brand:wikipedia": "en:Kaufland",
        "name": "Kaufland",
        "old_name": "Real",
        "opening_hours": "Mo-Sa 07:00-22:00",
        "shop": "supermarket",
        "start_date": "2021-02-03",
        "website": "https://www.kaufland.de/",
        "wheelchair": "yes"
      },
      "geometry": {
        "type": "Point",
        "coordinates": [
          6.125251,
          50.7836309
        ]
      },
      "id": "node/35137295"
    },
    {
      "type": "Feature",
      "properties": {
        "@id": "node/165000434",
        "addr:city": "Aachen",
        "addr:postcode": "52068",
        "addr:street": "Elsassplatz",
        "amenity": "cafe",
        "cuisine": "ice_cream",
        "indoor_seating": "yes",
        "name": "Eiscafé am Elsassplatz",
        "note": "Öffnungszeiten laut Aushang. Scheinen sich im Lauf der Zeit schon mal geändert zu haben, sollte bei späteren Erhebungen auf Veränderung geprüft werden.",
        "opening_hours": "Mo-Su 10:00-20:00",
        "outdoor_seating": "yes"
      },
      "geometry": {
        "type": "Point",
        "coordinates": [
          6.1154372,
          50.7736383
        ]
      },
      "id": "node/165000434"
    },
    {
      "type": "Feature",
      "properties": {
        "@id": "node/181705717",
        "addr:city": "Aachen",
        "addr:country": "DE",
        "addr:housenumber": "5",
        "addr:postcode": "52062",
        "addr:street": "Friedrich-Wilhelm-Platz",
        "amenity": "theatre",
        "check_date": "2024-09-04",
        "level": "0",
        "name": "Grenzlandtheater Aachen",
        "phone": "+49 241 4746111",
        "website": "https://www.grenzlandtheater.de/",
        "wheelchair": "yes",
        "wikidata": "Q1362339",
        "wikipedia": "de:Grenzlandtheater Aachen"
      },
      "geometry": {
        "type": "Point",
        "coordinates": [
          6.0886726,
          50.773622
        ]
      },
      "id": "node/181705717"
    },
    {
      "type": "Feature",
      "properties": {
        "@id": "node/279149584",
        "addr:city": "Aachen",
        "addr:country": "DE",
        "addr:housenumber": "4",
        "addr:postcode": "52064",
        "addr:street": "Anton-Kurze-Allee",
        "amenity": "cafe",
        "diet:vegetarian": "yes",
        "name": "Café Liège",
        "opening_hours": "Tu-Su,PH 09:30-18:30; Mo off",
        "website": "https://www.cafe-liege.de/",
        "wheelchair": "limited"
      },
      "geometry": {
        "type": "Point",
        "coordinates": [
          6.0758548,
          50.7620213
        ]
      },
      "id": "node/279149584"
    },
    {
      "type": "Feature",
      "properties": {
        "@id": "node/282828304",
        "amenity": "pub",
        "check_date": "2023-08-01",
        "indoor_seating": "yes",
        "name": "Gaffel-Kölsch am Hansemann",
        "opening_hours": "Mo-Sa 11:00-01:00",
        "outdoor_seating": "yes",
        "smoking": "yes",
        "wheelchair": "yes"
      },
      "geometry": {
        "type": "Point",
        "coordinates": [
          6.0936896,
          50.7784723
        ]
      },
      "id": "node/282828304"
    },
    {
      "type": "Feature",
      "properties": {
        "@id": "node/305625418",
        "addr:city": "Aachen",
        "addr:housenumber": "96",
        "addr:postcode": "52062",
        "addr:street": "Großkölnstraße",
        "amenity": "ice_cream",
        "check_date": "2023-05-08",
        "indoor_seating": "yes",
        "name": "Eiscafe Gelateria",
        "outdoor_seating": "no",
        "source": "survey",
        "wheelchair": "yes"
      },
      "geometry": {
        "type": "Point",
        "coordinates": [
          6.088024,
          50.7778504
        ]
      },
      "id": "node/305625418"
    },
    {
      "type": "Feature",
      "properties": {
        "@id": "node/317435877",
        "addr:city": "Aachen",
        "addr:country": "DE",
        "addr:housenumber": "89",
        "addr:postcode": "52072",
        "addr:street": "Hander Weg",
        "amenity": "school",
        "entrance": "main",
        "isced:level": "2;3",
        "name": "Heinrich-Heine-Gesamtschule",
        "operator": "Stadt Aachen",
        "website": "https://www.hhg-aachen.de/",
        "wikidata": "Q57419245",
        "wikipedia": "de:Heinrich-Heine-Gesamtschule"
      },
      "geometry": {
        "type": "Point",
        "coordinates": [
          6.0498504,
          50.8046289
        ]
      },
      "id": "node/317435877"
    },
    {
      "type": "Feature",
      "properties": {
        "@id": "node/317468851",
        "amenity": "cinema",
        "level": "-1",
        "name": "Apollo Kino",
        "note": "im Keller",
        "smoking": "separated",
        "website": "https://www.apollo-aachen.de/",
        "wheelchair": "no"
      },
      "geometry": {
        "type": "Point",
        "coordinates": [
          6.078955,
          50.7806829
        ]
      },
      "id": "node/317468851"
    },
    {
      "type": "Feature",
      "properties": {
        "@id": "node/317979608",
        "addr:city": "Aachen",
        "addr:country": "DE",
        "addr:housenumber": "109",
        "addr:postcode": "52074",
        "addr:street": "Alte Vaalser Straße",
        "amenity": "pub",
        "name": "Zoll-Stübchen",
        "opening_hours": "Mo,Th,Fr 17:00-24:00; Sa 14:00-24:00",
        "smoking": "yes",
        "wheelchair": "no"
      },
      "geometry": {
        "type": "Point",
        "coordinates": [
          6.0246147,
          50.7689919
        ]
      },
      "id": "node/317979608"
    },
    {
      "type": "Feature",
      "properties": {
        "@id": "node/337938603",
        "alt_name": "Zu Hause",
        "amenity": "pub",
        "drinking_water:refill": "yes",
        "drinking_water:refill:network": "Refill Deutschland",
        "indoor_seating": "yes",
        "name": "zuhause",
        "opening_hours": "Mo off; Su off \"außer Veranstaltungen\"; Tu-Th 18:00-01:00, Fr,Sa 18:00-03:00",
        "outdoor_seating": "yes",
        "sport": "9pin;table_soccer",
        "toilets:wheelchair": "limited",
        "website": "https://zuhause-aachen.de/",
        "wheelchair": "no",
        "wheelchair:description:de": "Es gibt 2 Stufen am Eingang, Personal hilft gerne. Toilettenkabinen ebenerdig, allerdings nicht speziell für Rollstühle angepasst. Kegelbahnen nur über Wendeltreppe erreichbar."
      },
      "geometry": {
        "type": "Point",
        "coordinates": [
          6.0877814,
          50.7810697
        ]
      },
      "id": "node/337938603"
    },
    {
      "type": "Feature",
      "properties": {
        "@id": "node/337948905",
        "amenity": "nightclub",
        "level": "-1",
        "name": "Apollo Bar",
        "note": "im Keller",
        "smoking": "isolated",
        "source": "estimated",
        "website": "https://www.apollo-aachen.de/",
        "wheelchair": "no",
        "wikidata": "Q33996220"
      },
      "geometry": {
        "type": "Point",
        "coordinates": [
          6.0789213,
          50.7806623
        ]
      },
      "id": "node/337948905"
    },
    {
      "type": "Feature",
      "properties": {
        "@id": "node/344613576",
        "addr:city": "Aachen",
        "addr:country": "DE",
        "addr:housenumber": "48",
        "addr:postcode": "52066",
        "addr:street": "Kurbrunnenstraße",
        "amenity": "dentist",
        "check_date:opening_hours": "2024-07-06",
        "healthcare": "dentist",
        "name": "Memisi",
        "opening_hours": "Mo-Fr 08:00-20:00",
        "wheelchair": "limited"
      },
      "geometry": {
        "type": "Point",
        "coordinates": [
          6.0954587,
          50.7687911
        ]
      },
      "id": "node/344613576"
    },
    {
      "type": "Feature",
      "properties": {
        "@id": "node/351229006",
        "addr:city": "Aachen",
        "addr:country": "DE",
        "addr:housenumber": "56",
        "addr:postcode": "52066",
        "addr:street": "Adenauerallee",
        "amenity": "doctors",
        "healthcare": "doctor",
        "name": "Breuer, Gabriele",
        "opening_hours": "Mo,Tu,Th 09:00-12:00, Tu,Th 17:00-19:00, We,Fr 07:00-11:00",
        "wheelchair": "limited"
      },
      "geometry": {
        "type": "Point",
        "coordinates": [
          6.1204816,
          50.7631053
        ]
      },
      "id": "node/351229006"
    },
    {
      "type": "Feature",
      "properties": {
        "@id": "node/364557454",
        "amenity": "cafe",
        "check_date": "2024-03-01",
        "internet_access": "wlan",
        "internet_access:fee": "no",
        "internet_access:operator": "Freifunk",
        "name": "Chico Mendes",
        "opening_hours": "Mo-Fr 09:00+; Sa-Su 18:00+",
        "smoking": "no",
        "toilets:wheelchair": "no",
        "website": "https://www.chico-mendes.de/",
        "wheelchair": "no"
      },
      "geometry": {
        "type": "Point",
        "coordinates": [
          6.0819152,
          50.7785147
        ]
      },
      "id": "node/364557454"
    },
    {
      "type": "Feature",
      "properties": {
        "@id": "node/366514301",
        "amenity": "biergarten",
        "name": "Brander Bahnhof",
        "opening_hours": "Mo-Sa 11:30-23:00; PH,Su 11:30-22:00"
      },
      "geometry": {
        "type": "Point",
        "coordinates": [
          6.158488,
          50.7527813
        ]
      },
      "id": "node/366514301"
    },
    {
      "type": "Feature",
      "properties": {
        "@id": "node/366877066",
        "addr:city": "Aachen",
        "addr:country": "DE",
        "addr:housenumber": "14",
        "addr:postcode": "52062",
        "addr:street": "Heinrichsallee",
        "amenity": "dentist",
        "healthcare": "dentist",
        "name": "Moschel",
        "website": "http://www.moschel-dent.de"
      },
      "geometry": {
        "type": "Point",
        "coordinates": [
          6.0962271,
          50.7754966
        ]
      },
      "id": "node/366877066"
    },
    {
      "type": "Feature",
      "properties": {
        "@id": "node/388108866",
        "addr:city": "Aachen",
        "addr:country": "DE",
        "addr:housenumber": "73a",
        "addr:postcode": "52064",
        "addr:street": "Jakobstraße",
        "amenity": "ice_cream",
        "check_date": "2024-03-03",
        "contact:facebook": "https://www.facebook.com/eiscafedelnegro",
        "cuisine": "ice_cream",
        "diet:vegan": "yes",
        "email": "info@eiscafedelnegro.de",
        "indoor_seating": "yes",
        "name": "Eiscafé Del Negro",
        "opening_hours": "Jan-Feb Mo-Sa 10:00-21:00; Su 12:00-21:00; Mar-Aug Mo-Sa 10:00-22:00; Su 12:00-22:00; Sep-Nov Mo-Sa 10:00-21:00; Su 12:00-21:00; Dec off",
        "outdoor_seating": "no",
        "phone": "+49 241 29724",
        "smoking": "no",
        "toilets:wheelchair": "no",
        "website": "http://www.eiscafedelnegro.de/",
        "wheelchair": "no"
      },
      "geometry": {
        "type": "Point",
        "coordinates": [
          6.0772893,
          50.7725355
        ]
      },
      "id": "node/388108866"
    },
    {
      "type": "Feature",
      "properties": {
        "@id": "node/388113316",
        "amenity": "theatre",
        "name": "Franz",
        "website": "http://www.franz-aachen.de/",
        "wheelchair": "limited"
      },
      "geometry": {
        "type": "Point",
        "coordinates": [
          6.0865688,
          50.7685039
        ]
      },
      "id": "node/388113316"
    },
    {
      "type": "Feature",
      "properties": {
        "@id": "node/388240538",
        "addr:city": "Aachen",
        "addr:country": "DE",
        "addr:housenumber": "2a",
        "addr:postcode": "52062",
        "addr:street": "Kapuzinergraben",
        "amenity": "ice_cream",
        "check_date": "2024-02-20",
        "name": "Eiscafé Al Teatro",
        "note": "Mit Rollstuhl kann man in das Geschäft. Auf die Toiletten absolut NICHT !!! möglich (steile Wendeltreppe).",
        "opening_hours": "10:00-20:00",
        "outdoor_seating": "yes",
        "phone": "+49 241 38677",
        "takeaway": "yes",
        "website": "http://www.eiscafe-alteatro-aachen.de/",
        "wheelchair": "limited"
      },
      "geometry": {
        "type": "Point",
        "coordinates": [
          6.0865296,
          50.7733415
        ]
      },
      "id": "node/388240538"
    },
    {
      "type": "Feature",
      "properties": {
        "@id": "node/413568222",
        "amenity": "pub",
        "name": "Kuckucksnest",
        "opening_hours": "Mo-Th 17:00-01:00, Fr 17:00-02:00, Sa 19:00-02:00, Su 19:00-01:00",
        "smoking": "separated",
        "website": "https://www.kuckucksnestaachen.de/",
        "wheelchair": "limited"
      },
      "geometry": {
        "type": "Point",
        "coordinates": [
          6.0737352,
          50.7729467
        ]
      },
      "id": "node/413568222"
    },
    {
      "type": "Feature",
      "properties": {
        "@id": "node/436657697",
        "check_date:opening_hours": "2024-08-07",
        "healthcare": "physiotherapist",
        "name": "Physio Vital",
        "opening_hours": "Mo-Fr 08:00-20:00",
        "website": "http://www.physiovital-koenig.de/"
      },
      "geometry": {
        "type": "Point",
        "coordinates": [
          6.0650945,
          50.7704919
        ]
      },
      "id": "node/436657697"
    },
    {
      "type": "Feature",
      "properties": {
        "@id": "node/445697599",
        "addr:city": "Aachen",
        "addr:housenumber": "9-11",
        "addr:postcode": "52080",
        "addr:street": "Haarbachtalstraße",
        "brand": "Edeka",
        "brand:wikidata": "Q701755",
        "brand:wikipedia": "de:Edeka",
        "name": "Edeka",
        "opening_hours": "Mo-Fr 08:00-19:00; Sa 08:00-16:00",
        "shop": "supermarket",
        "wheelchair": "limited"
      },
      "geometry": {
        "type": "Point",
        "coordinates": [
          6.1274252,
          50.7945694
        ]
      },
      "id": "node/445697599"
    },
    {
      "type": "Feature",
      "properties": {
        "@id": "node/460375279",
        "addr:city": "Aachen",
        "addr:housenumber": "125",
        "addr:postcode": "52066",
        "addr:street": "Bismarckstraße",
        "entrance": "yes",
        "name": "Groszek Supermarket",
        "shop": "supermarket",
        "wheelchair": "yes"
      },
      "geometry": {
        "type": "Point",
        "coordinates": [
          6.1074434,
          50.7691739
        ]
      },
      "id": "node/460375279"
    },
    {
      "type": "Feature",
      "properties": {
        "@id": "node/472970731",
        "brand": "NORMA",
        "brand:wikidata": "Q450180",
        "brand:wikipedia": "de:Norma (Handelskette)",
        "name": "NORMA",
        "opening_hours": "Mo-Sa 7:00-22:00",
        "shop": "supermarket",
        "wheelchair": "limited"
      },
      "geometry": {
        "type": "Point",
        "coordinates": [
          6.0972979,
          50.7789431
        ]
      },
      "id": "node/472970731"
    },
    {
      "type": "Feature",
      "properties": {
        "@id": "node/495560692",
        "amenity": "cafe",
        "name": "Bäckerei Mannebach",
        "opening_hours": "Mo-Fr 06:30-18:30; Sa 06:30-14:00; Su 08:00-12:00",
        "phone": "+49 241 78179",
        "shop": "bakery",
        "website": "https://www.baeckerei-mannebach.de/",
        "wheelchair": "no"
      },
      "geometry": {
        "type": "Point",
        "coordinates": [
          6.068646,
          50.7634976
        ]
      },
      "id": "node/495560692"
    },
    {
      "type": "Feature",
      "properties": {
        "@id": "node/530206315",
        "addr:city": "Aachen",
        "addr:country": "DE",
        "addr:housenumber": "40",
        "addr:postcode": "52074",
        "addr:street": "Lemierser Berg",
        "amenity": "pub",
        "contact:phone": "+49 241 14756",
        "name": "Zum Dorfkrug",
        "opening_hours": "Mo, We off; Tu, Th, Fr 16:00+; Sa 15:00+; Su 10:00+",
        "wheelchair": "limited"
      },
      "geometry": {
        "type": "Point",
        "coordinates": [
          5.9950992,
          50.7962662
        ]
      },
      "id": "node/530206315"
    },
    {
      "type": "Feature",
      "properties": {
        "@id": "node/553383959",
        "amenity": "pub",
        "name": "Zum Treffpunkt"
      },
      "geometry": {
        "type": "Point",
        "coordinates": [
          6.1254094,
          50.7707734
        ]
      },
      "id": "node/553383959"
    },
    {
      "type": "Feature",
      "properties": {
        "@id": "node/553384245",
        "addr:city": "Aachen",
        "addr:housenumber": "58A",
        "addr:postcode": "52068",
        "addr:street": "Zeppelinstraße",
        "amenity": "pub",
        "contact:facebook": "https://de-de.facebook.com/pages/category/Gastropub/ZeppelinEck-821965134563806/",
        "description": "Alt-Öcher Kneipe mit Sport-TV",
        "internet_access": "wlan",
        "name": "Zeppelin Eck",
        "note": "Es gibt keine deutsch-polnische Küche mehr.",
        "phone": "+49 241 5791958",
        "picture": "https://movieaachen.de/wp-content/uploads/2020/02/IMG_2406_zeppelineck_franchy.jpg",
        "smoking": "outside"
      },
      "geometry": {
        "type": "Point",
        "coordinates": [
          6.1252249,
          50.7703465
        ]
      },
      "id": "node/553384245"
    },
    {
      "type": "Feature",
      "properties": {
        "@id": "node/566396448",
        "addr:city": "Aachen",
        "addr:housenumber": "9-11",
        "addr:postcode": "52062",
        "addr:street": "Gasborn",
        "amenity": "theatre",
        "check_date": "2024-07-13",
        "email": "info@akut-theater99.de",
        "name": "Theater 99",
        "phone": "+49 241 9290959",
        "website": "https://www.akut-theater99.de/",
        "wheelchair": "no"
      },
      "geometry": {
        "type": "Point",
        "coordinates": [
          6.093641,
          50.7770523
        ]
      },
      "id": "node/566396448"
    },
    {
      "type": "Feature",
      "properties": {
        "@id": "node/567066142",
        "brand": "Netto Marken-Discount",
        "brand:wikidata": "Q879858",
        "brand:wikipedia": "de:Netto Marken-Discount",
        "name": "Netto Marken-Discount",
        "opening_hours": "Mo-Sa 07:00-21:00; Su,PH off",
        "shop": "supermarket",
        "website": "https://www.netto-online.de/filialen/Aachen/Peterstr-50/6896/",
        "wheelchair": "yes"
      },
      "geometry": {
        "type": "Point",
        "coordinates": [
          6.0909941,
          50.7765909
        ]
      },
      "id": "node/567066142"
    },
    {
      "type": "Feature",
      "properties": {
        "@id": "node/571525713",
        "addr:city": "Aachen",
        "addr:housenumber": "321a",
        "addr:postcode": "52072",
        "addr:street": "Horbacher Straße",
        "addr:suburb": "Horbach",
        "amenity": "dentist",
        "email": "info@praxis-haenseler.de",
        "fax": "+49 2407 80001",
        "healthcare": "dentist",
        "healthcare:speciality": "general",
        "name": "Dr. Julia Hänseler",
        "opening_hours": "Mo-Fr 09:00-12:00; Mo 15:00-19:00",
        "operator": "Dr. med. dent. Julia Hänseler",
        "phone": "+49 2407 80000",
        "website": "http://praxis-haenseler.de/#section1"
      },
      "geometry": {
        "type": "Point",
        "coordinates": [
          6.0443817,
          50.8331837
        ]
      },
      "id": "node/571525713"
    },
    {
      "type": "Feature",
      "properties": {
        "@id": "node/576564314",
        "addr:city": "Aachen",
        "addr:country": "DE",
        "addr:housenumber": "89",
        "addr:postcode": "52072",
        "addr:street": "Hander Weg",
        "amenity": "school",
        "entrance": "main",
        "isced:level": "2;3",
        "name": "Anne-Frank-Gymnasium",
        "operator": "Stadt Aachen",
        "website": "https://www.anne-frank-gymnasium.de/",
        "wikidata": "Q564731",
        "wikimedia_commons": "Category:Anne-Frank-Gymnasium Aachen",
        "wikipedia": "de:Anne-Frank-Gymnasium Aachen"
      },
      "geometry": {
        "type": "Point",
        "coordinates": [
          6.0514797,
          50.804875
        ]
      },
      "id": "node/576564314"
    },
    {
      "type": "Feature",
      "properties": {
        "@id": "node/598560660",
        "amenity": "cafe",
        "name": "Cafe \"Limburg\""
      },
      "geometry": {
        "type": "Point",
        "coordinates": [
          6.0654598,
          50.8010264
        ]
      },
      "id": "node/598560660"
    },
    {
      "type": "Feature",
      "properties": {
        "@id": "node/612421524",
        "addr:city": "Aachen",
        "addr:housenumber": "5",
        "addr:street": "Hackländerstraße",
        "amenity": "nightclub",
        "name": "Autonomes Zentrum Aachen",
        "opening_hours:signed": "no",
        "website": "https://az-aachen.de/",
        "wheelchair": "no"
      },
      "geometry": {
        "type": "Point",
        "coordinates": [
          6.0928604,
          50.7683778
        ]
      },
      "id": "node/612421524"
    },
    {
      "type": "Feature",
      "properties": {
        "@id": "node/622123285",
        "addr:city": "Aachen",
        "addr:housenumber": "39",
        "addr:postcode": "52062",
        "addr:street": "Stiftstraße",
        "check_date:opening_hours": "2023-10-26",
        "description": "Handel mit und der Vertrieb von Lebensmitteln, orientalischen Spezialitäten und Haushaltswaren.",
        "name": "Palmyra Supermarkt",
        "opening_hours": "Mo-Sa 09:00-20:00",
        "operator": "Abdullah Sankari und Mohamad Kosai Sankari",
        "phone": "+49 241 91995027",
        "shop": "supermarket"
      },
      "geometry": {
        "type": "Point",
        "coordinates": [
          6.0938792,
          50.7757249
        ]
      },
      "id": "node/622123285"
    },
    {
      "type": "Feature",
      "properties": {
        "@id": "node/637830176",
        "addr:city": "Aachen",
        "addr:housenumber": "89",
        "addr:postcode": "52078",
        "addr:street": "Trierer Straße",
        "check_date": "2024-02-14",
        "email": "info@logo-aachen.de",
        "healthcare": "speech_therapist",
        "name": "Praxis für Logopädie auf der Trierer Straße",
        "opening_hours": "Mo-Fr \"nach Vereinbarung\"; PH off",
        "operator": "Irit Gottschalk",
        "phone": "+49 241 90068090",
        "website": "https://www.logo-aachen.de",
        "wheelchair": "yes"
      },
      "geometry": {
        "type": "Point",
        "coordinates": [
          6.1233261,
          50.767916
        ]
      },
      "id": "node/637830176"
    },
    {
      "type": "Feature",
      "properties": {
        "@id": "node/650907125",
        "amenity": "doctors",
        "healthcare": "doctor",
        "name": "Zweigpraxis Aachen Eisenbahnweg des MVZ Annapark Alsdorf GbR",
        "opening_hours": "Mo-Fr 08:00-12:30,14:30-17:30"
      },
      "geometry": {
        "type": "Point",
        "coordinates": [
          6.119267,
          50.7703185
        ]
      },
      "id": "node/650907125"
    },
    {
      "type": "Feature",
      "properties": {
        "@id": "node/672979397",
        "addr:postcode": "52076",
        "amenity": "doctors",
        "healthcare": "doctor",
        "name": "Hausärztliche Partnerschaft",
        "opening_hours": "Mo-Fr 8:00-11:00;Mo,Tu,Th 16:00-17:00",
        "phone": "+492408938390",
        "website": "http://www.schleck18.de",
        "wheelchair": "yes"
      },
      "geometry": {
        "type": "Point",
        "coordinates": [
          6.1762388,
          50.7283537
        ]
      },
      "id": "node/672979397"
    },
    {
      "type": "Feature",
      "properties": {
        "@id": "node/673488334",
        "addr:city": "Aachen",
        "addr:housenumber": "60",
        "addr:postcode": "52074",
        "addr:street": "Kullenhofstraße",
        "amenity": "bar",
        "brewery": "yes",
        "description": "Das KänGuruh ist die Studentenbar des Studentenwohnheim Kullenhof und öffnet jeden Donnerstag ab 21 Uhr ihre Pforten. Meist gibt es kreative Mottos mit Specials. Immer kann man sich auf günstige Getränke, Musik, Kicker, Dart und Flipper verlassen.",
        "email": "kaeng@kaeng.de",
        "level": "-1",
        "name": "KänGuruh",
        "opening_hours": "Th 21:00-24:00",
        "operator": "Studentenwohnheim Kullenhof e.V.",
        "phone": "+49 241 8902 4444",
        "smoking": "outside",
        "start_date": "~1990",
        "website": "https://www.kullenhof.de/en/bar-2/",
        "wheelchair": "no"
      },
      "geometry": {
        "type": "Point",
        "coordinates": [
          6.0445969,
          50.7723117
        ]
      },
      "id": "node/673488334"
    },
    {
      "type": "Feature",
      "properties": {
        "@id": "node/674289493",
        "amenity": "cafe",
        "cuisine": "ice_cream",
        "diet:vegan": "no",
        "diet:vegetarian": "only",
        "indoor_seating": "yes",
        "name": "Peppone",
        "opening_hours": "Apr-Oct: Mo-Fr 11:00-22:30; Apr-Oct: Sa,Su 10:00-22:30;Nov-Mar: Mo-Fr 11:00-21:00; Nov-Mar: Sa,Su 10:00-21:00",
        "outdoor_seating": "yes",
        "wheelchair": "no",
        "wifi": "no"
      },
      "geometry": {
        "type": "Point",
        "coordinates": [
          6.0637028,
          50.7967768
        ]
      },
      "id": "node/674289493"
    },
    {
      "type": "Feature",
      "properties": {
        "@id": "node/703605056",
        "addr:city": "Aachen",
        "addr:country": "DE",
        "addr:housenumber": "164",
        "addr:postcode": "52076",
        "addr:street": "Schleidener Straße",
        "addr:suburb": "Walheim",
        "brand": "PENNY",
        "brand:wikidata": "Q284688",
        "brand:wikipedia": "en:Penny (supermarket)",
        "name": "PENNY",
        "opening_hours": "Mo-Sa 08:00-21:00",
        "shop": "supermarket",
        "toilets:wheelchair": "no",
        "wheelchair": "yes"
      },
      "geometry": {
        "type": "Point",
        "coordinates": [
          6.1808337,
          50.704576
        ]
      },
      "id": "node/703605056"
    },
    {
      "type": "Feature",
      "properties": {
        "@id": "node/724408263",
        "amenity": "biergarten",
        "name": "Bahnhofsvision",
        "toilets:wheelchair": "no",
        "wheelchair": "yes"
      },
      "geometry": {
        "type": "Point",
        "coordinates": [
          6.1775567,
          50.7295492
        ]
      },
      "id": "node/724408263"
    },
    {
      "type": "Feature",
      "properties": {
        "@id": "node/725381419",
        "addr:city": "Aachen",
        "addr:housenumber": "11",
        "addr:postcode": "52064",
        "addr:street": "Habsburgerallee",
        "brand": "PENNY",
        "brand:wikidata": "Q284688",
        "brand:wikipedia": "en:Penny (supermarket)",
        "check_date:opening_hours": "2024-02-17",
        "name": "PENNY",
        "opening_hours": "Mo-Sa 08:00-22:00; PH,Su off",
        "shop": "supermarket",
        "wheelchair": "yes"
      },
      "geometry": {
        "type": "Point",
        "coordinates": [
          6.0819873,
          50.7639508
        ]
      },
      "id": "node/725381419"
    },
    {
      "type": "Feature",
      "properties": {
        "@id": "node/732619555",
        "contact:phone": "+49 241 573568",
        "name": "Lindenblüte",
        "opening_hours": "Mo-Fr 09:00-18:30; Sa 08:00-13:00; Su,PH off",
        "organic": "only",
        "shop": "supermarket",
        "website": "https://www.naturkost-lindenbluete.de/"
      },
      "geometry": {
        "type": "Point",
        "coordinates": [
          6.131196,
          50.761007
        ]
      },
      "id": "node/732619555"
    },
    {
      "type": "Feature",
      "properties": {
        "@id": "node/732619604",
        "amenity": "dentist",
        "name": "Goldbach"
      },
      "geometry": {
        "type": "Point",
        "coordinates": [
          6.1312919,
          50.7610715
        ]
      },
      "id": "node/732619604"
    },
    {
      "type": "Feature",
      "properties": {
        "@id": "node/781866502",
        "addr:city": "Aachen",
        "addr:housenumber": "3",
        "addr:postcode": "52070",
        "addr:street": "Wenzelstraße",
        "name": "AKSA Supermarkt",
        "opening_hours": "Mo-Sa 08:00-20:00",
        "phone": "+49 241 95714600",
        "shop": "supermarket",
        "website": "https://aksa-supermarkt.com/"
      },
      "geometry": {
        "type": "Point",
        "coordinates": [
          6.099001,
          50.7766686
        ]
      },
      "id": "node/781866502"
    },
    {
      "type": "Feature",
      "properties": {
        "@id": "node/804178602",
        "amenity": "pub",
        "indoor_seating": "yes",
        "name": "Hansemann-Schänke",
        "opening_hours": "Mo-Su 19:00-01:00",
        "outdoor_seating": "no",
        "smoking": "dedicated"
      },
      "geometry": {
        "type": "Point",
        "coordinates": [
          6.0951193,
          50.7782178
        ]
      },
      "id": "node/804178602"
    },
    {
      "type": "Feature",
      "properties": {
        "@id": "node/820924815",
        "addr:city": "Aachen",
        "addr:housenumber": "139",
        "addr:postcode": "52068",
        "addr:street": "Elsassstraße",
        "brand": "EDEKA",
        "brand:wikidata": "Q701755",
        "brand:wikipedia": "de:Edeka",
        "check_date:opening_hours": "2023-03-07",
        "fax": "+49 241 99799835",
        "name": "EDEKA Schäfer",
        "opening_hours": "Mo-Sa 08:00-21:00; Su,PH off",
        "payment:cash": "yes",
        "payment:credit_cards": "yes",
        "payment:debit_cards": "yes",
        "payment:girocard": "yes",
        "payment:mastercard": "yes",
        "payment:visa": "yes",
        "phone": "+49 241 99799621",
        "shop": "supermarket",
        "website": "https://edekaschaefer.de/markt/markt-aachen/",
        "wheelchair": "yes"
      },
      "geometry": {
        "type": "Point",
        "coordinates": [
          6.1206302,
          50.7786267
        ]
      },
      "id": "node/820924815"
    },
    {
      "type": "Feature",
      "properties": {
        "@id": "node/835795643",
        "addr:city": "Aachen",
        "addr:housenumber": "10",
        "addr:postcode": "52076",
        "addr:street": "Dorfstraße",
        "amenity": "pub",
        "brewery": "various",
        "name": "Dorfstübchen",
        "opening_hours": "Mo 18:00-22:00; We 18:00-21:00; Fr 18:00-24:00; Su 11:00-13:00",
        "real_fire": "no",
        "smoking": "outside",
        "website": "https://www.schuetzenbruderschaft-hahn.de/index.htm?dorfstuebchen.htm",
        "wheelchair": "no"
      },
      "geometry": {
        "type": "Point",
        "coordinates": [
          6.1971581,
          50.7108427
        ]
      },
      "id": "node/835795643"
    },
    {
      "type": "Feature",
      "properties": {
        "@id": "node/853620303",
        "amenity": "pub",
        "indoor_seating": "yes",
        "name": "City Pub",
        "outdoor_seating": "no"
      },
      "geometry": {
        "type": "Point",
        "coordinates": [
          6.0985409,
          50.779235
        ]
      },
      "id": "node/853620303"
    },
    {
      "type": "Feature",
      "properties": {
        "@id": "node/854802440",
        "name": "Aria",
        "shop": "supermarket"
      },
      "geometry": {
        "type": "Point",
        "coordinates": [
          6.0970433,
          50.7785346
        ]
      },
      "id": "node/854802440"
    },
    {
      "type": "Feature",
      "properties": {
        "@id": "node/854802531",
        "addr:city": "Aachen",
        "addr:housenumber": "4",
        "addr:postcode": "52070",
        "addr:street": "Jülicher Straße",
        "amenity": "cafe",
        "diet:vegetarian": "yes",
        "indoor_seating": "yes",
        "name": "Meyra's Coffee and Snacks",
        "opening_hours": "Mo-Fr 06:00-15:30; Sa 08:00-15:30",
        "outdoor_seating": "no",
        "phone": "+49 163 2069524",
        "website": "https://meyras-coffee-and-snacks.eatbu.com/"
      },
      "geometry": {
        "type": "Point",
        "coordinates": [
          6.095471,
          50.778343
        ]
      },
      "id": "node/854802531"
    },
    {
      "type": "Feature",
      "properties": {
        "@id": "node/856619627",
        "addr:city": "Aachen",
        "addr:housenumber": "6",
        "addr:postcode": "52078",
        "addr:street": "Danziger Straße",
        "contact:facebook": "https://de-de.facebook.com/DepoAachenCity/",
        "name": "Depo",
        "opening_hours": "Mo-Sa 09:00-19:00; Su,PH off",
        "shop": "supermarket",
        "website": "https://www.depo24.de/",
        "wheelchair": "yes"
      },
      "geometry": {
        "type": "Point",
        "coordinates": [
          6.1436924,
          50.7544665
        ]
      },
      "id": "node/856619627"
    },
    {
      "type": "Feature",
      "properties": {
        "@id": "node/856619633",
        "amenity": "ice_cream",
        "name": "Eiscafe Venedig"
      },
      "geometry": {
        "type": "Point",
        "coordinates": [
          6.1436721,
          50.7548046
        ]
      },
      "id": "node/856619633"
    },
    {
      "type": "Feature",
      "properties": {
        "@id": "node/857466071",
        "addr:postcode": "52062",
        "amenity": "ice_cream",
        "indoor_seating": "yes",
        "internet_access": "wlan",
        "name": "Little Italy",
        "opening_hours": "Mo-Su 09:30-22:00",
        "outdoor_seating": "yes",
        "website": "https://little-italy-eiscafe-aachen.eatbu.com",
        "wheelchair": "limited"
      },
      "geometry": {
        "type": "Point",
        "coordinates": [
          6.0887195,
          50.777932
        ]
      },
      "id": "node/857466071"
    },
    {
      "type": "Feature",
      "properties": {
        "@id": "node/857491755",
        "addr:city": "Aachen",
        "addr:housenumber": "21",
        "addr:postcode": "52062",
        "addr:street": "Adalbertstraße",
        "brand": "Go Asia",
        "brand:wikidata": "Q102381911",
        "check_date": "2024-12-10",
        "name": "Go Asia",
        "note": "Der Verkaufsbereich ist ausschließlich auf der ersten Etage. Im Erdgeschoß ist lediglich der Eingang, der zu den Rolltreppen führt (und Fahrstuhl).",
        "opening_hours": "Mo-Sa 09:00-21:00",
        "operator": "Orient Master GmbH | https://goasia.net/de/content/12-impressum",
        "shop": "supermarket",
        "start_date": "2024-12-12",
        "wheelchair": "yes"
      },
      "geometry": {
        "type": "Point",
        "coordinates": [
          6.0891258,
          50.7750702
        ]
      },
      "id": "node/857491755"
    },
    {
      "type": "Feature",
      "properties": {
        "@id": "node/869167624",
        "amenity": "cafe",
        "check_date": "2024-05-27",
        "cuisine": "ice_cream",
        "diet:vegetarian": "yes",
        "indoor_seating": "no",
        "name": "Eiscafé Serafin",
        "opening_hours": "PH,Tu-Su 12:00-20:00; Mo off",
        "outdoor_seating": "yes",
        "smoking": "no",
        "toilets:wheelchair": "no",
        "website": "https://www.serafin-eiscafe.de/",
        "wheelchair": "yes"
      },
      "geometry": {
        "type": "Point",
        "coordinates": [
          6.0826538,
          50.7774387
        ]
      },
      "id": "node/869167624"
    },
    {
      "type": "Feature",
      "properties": {
        "@id": "node/929418139",
        "addr:city": "Aachen",
        "addr:housenumber": "2",
        "addr:postcode": "52062",
        "addr:street": "Suermondtplatz",
        "amenity": "dentist",
        "entrance": "yes",
        "name": "Zahnarztpraxis Dina Chatzipetros",
        "name:en": "Dentist Dina Chatzipetros",
        "opening_hours": "\"Nach Vereinbarung\"",
        "phone": "+49241 39944"
      },
      "geometry": {
        "type": "Point",
        "coordinates": [
          6.0915062,
          50.7736102
        ]
      },
      "id": "node/929418139"
    },
    {
      "type": "Feature",
      "properties": {
        "@id": "node/974090333",
        "addr:city": "Aachen",
        "addr:country": "DE",
        "addr:housenumber": "11",
        "addr:postcode": "52066",
        "addr:street": "Jahnplatz",
        "amenity": "cafe",
        "check_date:diet:vegetarian": "2024-09-05",
        "diet:vegan": "no",
        "diet:vegetarian": "yes",
        "name": "Konditorei Middelberg",
        "opening_hours": "Mo off; Tu-Fr 07:00-18:30; Sa 07:00-17:30; Su,PH 08:00-17:30",
        "phone": "+49 241 61112",
        "shop": "bakery",
        "website": "https://www.cafe-middelberg.de/",
        "wheelchair": "limited"
      },
      "geometry": {
        "type": "Point",
        "coordinates": [
          6.0871035,
          50.7499277
        ]
      },
      "id": "node/974090333"
    },
    {
      "type": "Feature",
      "properties": {
        "@id": "node/979171812",
        "addr:city": "Aachen",
        "addr:country": "DE",
        "addr:housenumber": "2",
        "addr:postcode": "52064",
        "addr:street": "Franzstraße",
        "brand": "Denns BioMarkt",
        "brand:wikidata": "Q48883773",
        "brand:wikipedia": "de:Dennree",
        "check_date:opening_hours": "2024-04-23",
        "name": "Denns BioMarkt",
        "opening_hours": "Mo-Sa 08:00-20:00; Su,PH off",
        "operator": "Dennree GmbH",
        "operator:wikidata": "Q1189641",
        "organic": "only",
        "phone": "+49 241 91285873",
        "shop": "supermarket",
        "website": "https://www.denns-biomarkt.de/",
        "wheelchair": "yes"
      },
      "geometry": {
        "type": "Point",
        "coordinates": [
          6.0837457,
          50.7719288
        ]
      },
      "id": "node/979171812"
    },
    {
      "type": "Feature",
      "properties": {
        "@id": "node/1025371719",
        "addr:city": "Aachen",
        "addr:country": "DE",
        "addr:housenumber": "8",
        "addr:postcode": "52062",
        "addr:street": "Seilgraben",
        "amenity": "cinema",
        "check_date": "2024-05-31",
        "email": "info@capitol-aachen.de",
        "name": "Capitol",
        "opening_hours": "\"usually open from 7 pm\"",
        "operator": "CineKarree GmbH & Co. KG",
        "screen": "1",
        "website": "https://www.capitol-aachen.de/",
        "wheelchair": "limited",
        "wikidata": "Q33996238"
      },
      "geometry": {
        "type": "Point",
        "coordinates": [
          6.0874912,
          50.7784158
        ]
      },
      "id": "node/1025371719"
    },
    {
      "type": "Feature",
      "properties": {
        "@id": "node/1037447409",
        "amenity": "pub",
        "check_date": "2024-04-25",
        "contact:phone": "+49 241 47584273",
        "contact:website": "http://www.meisenfrei-aachen.de",
        "internet_access": "wlan",
        "internet_access:operator": "freifunk",
        "name": "Meisenfrei",
        "opening_hours": "Mo-Fr 12:00-15:00,17:00+; Sa-Su 16:30+",
        "operator": "Thomas Jonas",
        "wheelchair": "no",
        "wifi": "no"
      },
      "geometry": {
        "type": "Point",
        "coordinates": [
          6.0815113,
          50.767586
        ]
      },
      "id": "node/1037447409"
    },
    {
      "type": "Feature",
      "properties": {
        "@id": "node/1049702755",
        "addr:city": "Aachen",
        "addr:housenumber": "17",
        "addr:postcode": "52064",
        "addr:street": "Mattschö-Moll-Weg",
        "amenity": "bar",
        "name": "Die Mühle",
        "opening_hours": "Th 21:00-24:00+",
        "smoking": "no",
        "toilets:wheelchair": "no",
        "website": "https://www.mmweg.rwth-aachen.de/ags/muehle/",
        "wheelchair": "limited",
        "wheelchair:description": "Kleine Kante (ca. 4cm) am Eingang vorhanden, offene herzliche Atmosphäre im Wohnheim. Da auch barrierefreie Wohnungen in der Anlage sind gibt es keine Barrieren im Kopf der Leute dort."
      },
      "geometry": {
        "type": "Point",
        "coordinates": [
          6.0745849,
          50.7630905
        ]
      },
      "id": "node/1049702755"
    },
    {
      "type": "Feature",
      "properties": {
        "@id": "node/1051156022",
        "amenity": "pub",
        "check_date:opening_hours": "2021-01-17",
        "entrance": "yes",
        "name": "KaWo Bar",
        "opening_hours": "Th 22:00-24:00",
        "website": "https://www.kawo1.rwth-aachen.de/~bar/",
        "wheelchair": "no"
      },
      "geometry": {
        "type": "Point",
        "coordinates": [
          6.0530964,
          50.7854897
        ]
      },
      "id": "node/1051156022"
    },
    {
      "type": "Feature",
      "properties": {
        "@id": "node/1079748669",
        "addr:city": "Aachen",
        "addr:housenumber": "4",
        "addr:postcode": "52072",
        "addr:street": "Schlossparkstraße",
        "brand": "EDEKA",
        "brand:wikidata": "Q701755",
        "brand:wikipedia": "de:Edeka",
        "check_date:opening_hours": "2025-01-24",
        "drink:club-mate": "yes",
        "name": "Edeka Geldermann",
        "opening_hours": "Mo-Sa 07:00-21:00",
        "operator": "Norbert Geldermann KG",
        "phone": "+49 241 931962",
        "shop": "supermarket",
        "website": "https://edeka-geldermann.de/",
        "wheelchair": "yes"
      },
      "geometry": {
        "type": "Point",
        "coordinates": [
          6.0639015,
          50.7972663
        ]
      },
      "id": "node/1079748669"
    },
    {
      "type": "Feature",
      "properties": {
        "@id": "node/1139240667",
        "amenity": "bar",
        "check_date:opening_hours": "2023-10-20",
        "contact:website": "http://deinhoteleuropa.de/",
        "internet_access": "wlan",
        "internet_access:operator": "freifunk",
        "name": "Hotel Europa",
        "opening_hours": "Fr,Sa 20:00-05:00+, We,Th 20:00-04:00+",
        "opening_hours:signed": "no",
        "operator": "Udo Mays",
        "toilets:wheelchair": "no",
        "wheelchair": "limited"
      },
      "geometry": {
        "type": "Point",
        "coordinates": [
          6.0811716,
          50.766534
        ]
      },
      "id": "node/1139240667"
    },
    {
      "type": "Feature",
      "properties": {
        "@id": "node/1155236250",
        "amenity": "pub",
        "indoor_seating": "yes",
        "name": "Burtscheider Quelle",
        "opening_hours": "We-Su 12:00-24:00",
        "opening_hours:kitchen": "We-Su 12:00-21:00",
        "outdoor_seating": "yes",
        "smoking": "outside",
        "toilets:wheelchair": "no",
        "wheelchair": "yes"
      },
      "geometry": {
        "type": "Point",
        "coordinates": [
          6.0924895,
          50.7619893
        ]
      },
      "id": "node/1155236250"
    },
    {
      "type": "Feature",
      "properties": {
        "@id": "node/1155236256",
        "addr:city": "Aachen",
        "addr:country": "DE",
        "addr:housenumber": "13-15",
        "addr:postcode": "52066",
        "addr:street": "Burtscheider Markt",
        "amenity": "ice_cream",
        "check_date:opening_hours": "2025-03-12",
        "name": "Eiscafé Dolomiti",
        "opening_hours:signed": "no",
        "toilets:wheelchair": "no",
        "wheelchair": "yes"
      },
      "geometry": {
        "type": "Point",
        "coordinates": [
          6.0923465,
          50.7629202
        ]
      },
      "id": "node/1155236256"
    },
    {
      "type": "Feature",
      "properties": {
        "@id": "node/1155236408",
        "addr:city": "Aachen",
        "addr:housenumber": "16-18",
        "addr:postcode": "52066",
        "addr:street": "Kapellenstraße",
        "brand": "EDEKA",
        "brand:wikidata": "Q701755",
        "brand:wikipedia": "de:Edeka",
        "check_date:opening_hours": "2024-06-06",
        "name": "EDEKA",
        "note": "Früher war hier Kaiser´s drinnen.",
        "opening_hours": "Mo-Sa 07:00-21:00",
        "phone": "+49 241 6088440",
        "shop": "supermarket",
        "website": "https://www.edeka.de/homepage.jsp",
        "wheelchair": "yes"
      },
      "geometry": {
        "type": "Point",
        "coordinates": [
          6.0926357,
          50.7613651
        ]
      },
      "id": "node/1155236408"
    },
    {
      "type": "Feature",
      "properties": {
        "@id": "node/1179647426",
        "amenity": "dentist",
        "healthcare": "dentist",
        "name": "Dr. Walter Boosfeld",
        "opening_hours": "Mo-Fr 09:00-11:00"
      },
      "geometry": {
        "type": "Point",
        "coordinates": [
          6.095675,
          50.7705991
        ]
      },
      "id": "node/1179647426"
    },
    {
      "type": "Feature",
      "properties": {
        "@id": "node/1193367257",
        "addr:city": "Aachen",
        "addr:housenumber": "571",
        "addr:postcode": "52074",
        "addr:street": "Schurzelter Straße",
        "amenity": "doctors",
        "email": "info@praxis-ries-henne.de",
        "healthcare": "doctor",
        "healthcare:speciality": "internal;general;allergology;acupuncture;naturopathy;gelbfieber-impfstelle",
        "name": "Praxis Dr. Henne & Dr. Ries",
        "note": "Telefonische Erreichbarkeit:\nMontag bis Freitag vormittags von 8:30 – 12:00 Uhr\nMontag, Dienstag und Donnerstag nachmittags von 15:00 – 18:00 Uhr\nPraxisöffnungszeiten siehe Webseite.",
        "phone": "+49 241 82623",
        "website": "www.praxis-ries-henne.de"
      },
      "geometry": {
        "type": "Point",
        "coordinates": [
          6.0400503,
          50.7702193
        ]
      },
      "id": "node/1193367257"
    },
    {
      "type": "Feature",
      "properties": {
        "@id": "node/1195595028",
        "amenity": "doctors",
        "check_date:opening_hours": "2023-10-19",
        "contact:phone": "+49 241 49345",
        "healthcare": "doctor",
        "name": "Gertrud Ginsbach",
        "opening_hours": "Mo-Th 14:00-17:00",
        "opening_hours:signed": "no"
      },
      "geometry": {
        "type": "Point",
        "coordinates": [
          6.0833344,
          50.7663047
        ]
      },
      "id": "node/1195595028"
    },
    {
      "type": "Feature",
      "properties": {
        "@id": "node/1197176253",
        "healthcare": "speech_therapist",
        "name": "Daniela Lynen",
        "opening_hours": "\"Termine nach telefonischer Vereinbarung.\""
      },
      "geometry": {
        "type": "Point",
        "coordinates": [
          6.0823312,
          50.7659306
        ]
      },
      "id": "node/1197176253"
    },
    {
      "type": "Feature",
      "properties": {
        "@id": "node/1203631876",
        "amenity": "pub",
        "indoor_seating": "yes",
        "name": "Café Redoute",
        "outdoor_seating": "no"
      },
      "geometry": {
        "type": "Point",
        "coordinates": [
          6.1265459,
          50.7958951
        ]
      },
      "id": "node/1203631876"
    },
    {
      "type": "Feature",
      "properties": {
        "@id": "node/1203631895",
        "amenity": "ice_cream",
        "indoor_seating": "yes",
        "name": "Pavan Eis",
        "outdoor_seating": "yes"
      },
      "geometry": {
        "type": "Point",
        "coordinates": [
          6.126199,
          50.7961093
        ]
      },
      "id": "node/1203631895"
    },
    {
      "type": "Feature",
      "properties": {
        "@id": "node/1203631957",
        "amenity": "ice_cream",
        "name": "Eiscafé Uno"
      },
      "geometry": {
        "type": "Point",
        "coordinates": [
          6.1273484,
          50.7956186
        ]
      },
      "id": "node/1203631957"
    },
    {
      "type": "Feature",
      "properties": {
        "@id": "node/1212377313",
        "brand": "Netto Marken-Discount",
        "brand:wikidata": "Q879858",
        "brand:wikipedia": "de:Netto Marken-Discount",
        "name": "Netto Marken-Discount",
        "opening_hours": "Mo-Sa 07:00-20:00; Su,PH off",
        "shop": "supermarket",
        "website": "https://www.netto-online.de/filialen/Aachen/Trierer-Str-1/6744/",
        "wheelchair": "yes"
      },
      "geometry": {
        "type": "Point",
        "coordinates": [
          6.1187777,
          50.7707879
        ]
      },
      "id": "node/1212377313"
    },
    {
      "type": "Feature",
      "properties": {
        "@id": "node/1213904519",
        "amenity": "pub",
        "name": "baykuş"
      },
      "geometry": {
        "type": "Point",
        "coordinates": [
          6.1084029,
          50.7706124
        ]
      },
      "id": "node/1213904519"
    },
    {
      "type": "Feature",
      "properties": {
        "@id": "node/1222029379",
        "amenity": "theatre",
        "capacity": "199",
        "check_date": "2024-04-29",
        "name": "the space - Ludwig Forum",
        "wheelchair": "yes"
      },
      "geometry": {
        "type": "Point",
        "coordinates": [
          6.1013879,
          50.7810877
        ]
      },
      "id": "node/1222029379"
    },
    {
      "type": "Feature",
      "properties": {
        "@id": "node/1223664916",
        "addr:housenumber": "134-136",
        "addr:postcode": "52066",
        "addr:street": "Adalbertsteinweg",
        "amenity": "bar",
        "check_date": "2023-05-12",
        "description": "Shisha, Cocktails, Lounge",
        "name": "La Mocha Deluxe",
        "smoking": "dedicated"
      },
      "geometry": {
        "type": "Point",
        "coordinates": [
          6.1082672,
          50.774084
        ]
      },
      "id": "node/1223664916"
    },
    {
      "type": "Feature",
      "properties": {
        "@id": "node/1223679129",
        "amenity": "pub",
        "entrance": "yes",
        "name": "Down Town",
        "wheelchair": "no"
      },
      "geometry": {
        "type": "Point",
        "coordinates": [
          6.1071309,
          50.7728059
        ]
      },
      "id": "node/1223679129"
    },
    {
      "type": "Feature",
      "properties": {
        "@id": "node/1227117244",
        "brand": "Netto City",
        "brand:wikidata": "Q879858",
        "brand:wikipedia": "de:Netto Marken-Discount",
        "check_date:opening_hours": "2025-03-12",
        "entrance": "yes",
        "name": "Netto City",
        "opening_hours": "Mo-Sa 07:00-22:00; Su,PH off",
        "shop": "supermarket",
        "website": "https://www.netto-online.de/filialen/Aachen/Oppenhoffallee-9/6841/",
        "wheelchair": "limited"
      },
      "geometry": {
        "type": "Point",
        "coordinates": [
          6.101405,
          50.7696466
        ]
      },
      "id": "node/1227117244"
    },
    {
      "type": "Feature",
      "properties": {
        "@id": "node/1228430696",
        "addr:city": "Aachen",
        "addr:housenumber": "41",
        "addr:postcode": "52070",
        "addr:street": "Wilhelmstraße",
        "amenity": "pub",
        "check_date": "2023-05-17",
        "name": "Die Kanzlei",
        "wheelchair": "limited"
      },
      "geometry": {
        "type": "Point",
        "coordinates": [
          6.0959811,
          50.7724375
        ]
      },
      "id": "node/1228430696"
    },
    {
      "type": "Feature",
      "properties": {
        "@id": "node/1231243996",
        "alt_name": "dumont's",
        "amenity": "pub",
        "indoor_seating": "yes",
        "name": "Dumont",
        "note": "Laut Webseite DUMONT, auf Facebook Dumont, an der Außenwand steht DUMONT's",
        "opening_hours": "Su-Th 18:00-03:00; Fr,Sa,PH - 1 day 18:00-05:00",
        "outdoor_seating": "yes",
        "wheelchair": "limited"
      },
      "geometry": {
        "type": "Point",
        "coordinates": [
          6.0994155,
          50.7693595
        ]
      },
      "id": "node/1231243996"
    },
    {
      "type": "Feature",
      "properties": {
        "@id": "node/1236469318",
        "amenity": "pub",
        "entrance": "yes",
        "name": "Akşamci"
      },
      "geometry": {
        "type": "Point",
        "coordinates": [
          6.1055687,
          50.7742879
        ]
      },
      "id": "node/1236469318"
    },
    {
      "type": "Feature",
      "properties": {
        "@id": "node/1242416024",
        "amenity": "pub",
        "entrance": "yes",
        "name": "Cafe Akdeniz",
        "smoking": "dedicated",
        "wheelchair": "yes"
      },
      "geometry": {
        "type": "Point",
        "coordinates": [
          6.1108904,
          50.7729831
        ]
      },
      "id": "node/1242416024"
    },
    {
      "type": "Feature",
      "properties": {
        "@id": "node/1242416070",
        "addr:housenumber": "232b",
        "addr:street": "Adalbertsteinweg",
        "amenity": "pub",
        "check_date": "2023-05-12",
        "entrance": "yes",
        "name": "Hexenhaus os'Oche",
        "opening_hours": "Mo-Fr 08:00-15:00; Sa 08:00-24:00"
      },
      "geometry": {
        "type": "Point",
        "coordinates": [
          6.1127152,
          50.7721773
        ]
      },
      "id": "node/1242416070"
    },
    {
      "type": "Feature",
      "properties": {
        "@id": "node/1242416167",
        "amenity": "pub",
        "entrance": "yes",
        "name": "Kulturzentrum Bisengo e.V.",
        "note": "ja, es gibt in der Tat zwei von der Sorte in unmittelbarer Nähe",
        "opening_hours": "\"Termine nach telefonischer Vereinbarung\"",
        "smoking": "no",
        "wheelchair": "no"
      },
      "geometry": {
        "type": "Point",
        "coordinates": [
          6.111257,
          50.7728223
        ]
      },
      "id": "node/1242416167"
    },
    {
      "type": "Feature",
      "properties": {
        "@id": "node/1242428904",
        "amenity": "ice_cream",
        "contact:facebook": "https://www.facebook.com/Eistreff",
        "contact:website": "https://www.eis-treff.de",
        "diet:vegan": "yes",
        "entrance": "yes",
        "name": "Oecher Eis-Treff",
        "opening_hours": "Mo-Su,PH 12:00-18:30",
        "wheelchair": "no"
      },
      "geometry": {
        "type": "Point",
        "coordinates": [
          6.1046391,
          50.7686273
        ]
      },
      "id": "node/1242428904"
    },
    {
      "type": "Feature",
      "properties": {
        "@id": "node/1250396374",
        "amenity": "pub",
        "entrance": "yes",
        "name": "Café Bistro Ćejvan",
        "opening_hours": "11:00+",
        "smoking": "yes"
      },
      "geometry": {
        "type": "Point",
        "coordinates": [
          6.1121747,
          50.7711529
        ]
      },
      "id": "node/1250396374"
    },
    {
      "type": "Feature",
      "properties": {
        "@id": "node/1251022226",
        "addr:housenumber": "278",
        "addr:street": "Adalbertsteinweg",
        "amenity": "pub",
        "check_date": "2023-05-12",
        "entrance": "yes",
        "name": "Zur kleinen Kneipe",
        "opening_hours": "Mo,We-Su 15:30-01:00",
        "operator": "Alexandra Laberi",
        "wheelchair": "no"
      },
      "geometry": {
        "type": "Point",
        "coordinates": [
          6.1157371,
          50.7708307
        ]
      },
      "id": "node/1251022226"
    },
    {
      "type": "Feature",
      "properties": {
        "@id": "node/1251022251",
        "amenity": "ice_cream",
        "entrance": "yes",
        "name": "Eiscafe Lourenco",
        "opening_hours": "10:00-22:00"
      },
      "geometry": {
        "type": "Point",
        "coordinates": [
          6.1136629,
          50.7717524
        ]
      },
      "id": "node/1251022251"
    },
    {
      "type": "Feature",
      "properties": {
        "@id": "node/1267235829",
        "amenity": "pub",
        "name": "Sturmfrei!",
        "opening_hours": "Su-Th 19:00-02:00, Fr,Sa 19:00-04:00; Mo off"
      },
      "geometry": {
        "type": "Point",
        "coordinates": [
          6.0936003,
          50.7762886
        ]
      },
      "id": "node/1267235829"
    },
    {
      "type": "Feature",
      "properties": {
        "@id": "node/1267235834",
        "amenity": "bar",
        "name": "Die WG",
        "opening_hours": "Mo-Th 19:00-01:00, Fr,Sa 19:00-03:00; Su off",
        "website": "http://www.diewg-aachen.de",
        "wheelchair": "limited"
      },
      "geometry": {
        "type": "Point",
        "coordinates": [
          6.093729,
          50.7762937
        ]
      },
      "id": "node/1267235834"
    },
    {
      "type": "Feature",
      "properties": {
        "@id": "node/1280730714",
        "amenity": "pub",
        "check_date:opening_hours": "2023-01-02",
        "entrance": "yes",
        "name": "Pink-Panther",
        "opening_hours": "Tu-Fr 17:00+; Sa-Su,PH 19:00+",
        "smoking": "yes"
      },
      "geometry": {
        "type": "Point",
        "coordinates": [
          6.0888038,
          50.7626734
        ]
      },
      "id": "node/1280730714"
    },
    {
      "type": "Feature",
      "properties": {
        "@id": "node/1281138860",
        "addr:city": "Aachen",
        "addr:housenumber": "29/31",
        "addr:postcode": "52066",
        "addr:street": "Dammstraße",
        "amenity": "cafe",
        "check_date": "2024-08-31",
        "diet:vegan": "yes",
        "diet:vegetarian": "yes",
        "indoor_seating": "yes",
        "name": "Café M",
        "opening_hours": "Tu-Su 09:30-20:00",
        "outdoor_seating": "yes",
        "payment:cards": "no",
        "payment:cash": "yes",
        "payment:credit_cards": "no",
        "payment:debit_cards": "no",
        "smoking": "outside",
        "website": "http://cafe-m-aachen.de/",
        "wheelchair": "no"
      },
      "geometry": {
        "type": "Point",
        "coordinates": [
          6.0943998,
          50.765001
        ]
      },
      "id": "node/1281138860"
    },
    {
      "type": "Feature",
      "properties": {
        "@id": "node/1300073305",
        "addr:postcode": "52066",
        "amenity": "pub",
        "check_date": "2024-02-12",
        "cuisine": "burger;pasta;pizza",
        "email": "sorglos-ac@gmx.de",
        "name": "Sorglos",
        "opening_hours": "Mo-We 12:00-00:00; Th 09:00-00:00; Fr-Sa 12:00-01:00; Su 12:00-00:00",
        "phone": "+49 241 67825",
        "smoking": "yes",
        "website": "https://sorglos-aachen.de/",
        "wheelchair": "no"
      },
      "geometry": {
        "type": "Point",
        "coordinates": [
          6.0928347,
          50.7607168
        ]
      },
      "id": "node/1300073305"
    },
    {
      "type": "Feature",
      "properties": {
        "@id": "node/1324217305",
        "addr:city": "Aachen",
        "addr:housenumber": "68",
        "addr:postcode": "52066",
        "addr:street": "Erzbergerallee",
        "air_conditioning": "no",
        "amenity": "cafe",
        "diet:halal": "no",
        "diet:kosher": "no",
        "diet:vegan": "no",
        "diet:vegetarian": "yes",
        "indoor_seating": "yes",
        "name": "Café Liège | Beverau",
        "opening_hours": "Mo-Fr 07:00-17:00; Sa-Su,PH 08:00-17:00",
        "outdoor_seating": "yes",
        "phone": "+49 241 4468400",
        "shop": "bakery",
        "smoking": "outside",
        "website": "https://cafe-liege.de/beverau/",
        "wheelchair": "no"
      },
      "geometry": {
        "type": "Point",
        "coordinates": [
          6.1112271,
          50.7611238
        ]
      },
      "id": "node/1324217305"
    },
    {
      "type": "Feature",
      "properties": {
        "@id": "node/1332195258",
        "addr:city": "Aachen",
        "addr:housenumber": "57",
        "addr:postcode": "52062",
        "addr:street": "Ludwigsallee",
        "amenity": "dentist",
        "check_date:opening_hours": "2023-06-17",
        "healthcare": "dentist",
        "name": "Nienke, Wehner",
        "opening_hours": "\"Termine nach Vereinbarung\"",
        "opening_hours:signed": "no",
        "phone": "+49 241 15 57 77",
        "website": "https://zahnarztinaachen.de/",
        "wheelchair": "no"
      },
      "geometry": {
        "type": "Point",
        "coordinates": [
          6.0822539,
          50.7829132
        ]
      },
      "id": "node/1332195258"
    },
    {
      "type": "Feature",
      "properties": {
        "@id": "node/1338858207",
        "addr:city": "Aachen",
        "addr:country": "DE",
        "addr:housenumber": "35-37",
        "addr:postcode": "52062",
        "addr:street": "Pontdriesch",
        "amenity": "pub",
        "contact:facebook": "https://www.facebook.com/profile.php?id=100054556954522",
        "name": "LikeLike",
        "opening_hours": "Tu-Sa 20:00-02:00",
        "wheelchair": "limited"
      },
      "geometry": {
        "type": "Point",
        "coordinates": [
          6.0808224,
          50.779932
        ]
      },
      "id": "node/1338858207"
    },
    {
      "type": "Feature",
      "properties": {
        "@id": "node/1386099279",
        "addr:city": "Aachen",
        "addr:country": "DE",
        "addr:housenumber": "19",
        "addr:postcode": "52074",
        "addr:street": "Pauwelsstraße",
        "amenity": "cafe",
        "check_date:opening_hours": "2024-04-23",
        "name": "nano",
        "opening_hours": "Mo-Fr 09:30-14:00; Sa,Su,PH off",
        "website": "https://nano-bistro.de/",
        "wheelchair": "no"
      },
      "geometry": {
        "type": "Point",
        "coordinates": [
          6.0481097,
          50.775807
        ]
      },
      "id": "node/1386099279"
    },
    {
      "type": "Feature",
      "properties": {
        "@id": "node/1418349027",
        "addr:city": "Aachen",
        "addr:country": "DE",
        "addr:housenumber": "1-4",
        "addr:postcode": "52062",
        "addr:street": "Ritter-Chorus-Straße",
        "amenity": "school",
        "check_date": "2024-08-08",
        "description": "Private Katholische Grundschule des Domkapitels",
        "isced:level": "1",
        "name": "Domsingschule",
        "operator": "Bistum Aachen",
        "website": "https://www.domsingschule-aachen.de/",
        "wikidata": "Q300717",
        "wikimedia_commons": "Category:Domsingschule Aachen",
        "wikipedia": "de:Aachener Domsingschule"
      },
      "geometry": {
        "type": "Point",
        "coordinates": [
          6.0830732,
          50.7753385
        ]
      },
      "id": "node/1418349027"
    },
    {
      "type": "Feature",
      "properties": {
        "@id": "node/1427932816",
        "amenity": "pub",
        "name": "Zum Wilddieb"
      },
      "geometry": {
        "type": "Point",
        "coordinates": [
          6.1326724,
          50.7359676
        ]
      },
      "id": "node/1427932816"
    },
    {
      "type": "Feature",
      "properties": {
        "@id": "node/1443507834",
        "amenity": "cafe",
        "check_date:opening_hours": "2023-08-06",
        "drink:club-mate": "served",
        "internet_access": "wlan",
        "internet_access:fee": "no",
        "internet_access:operator": "Freifunk",
        "name": "Café Kittel",
        "opening_hours": "Mo-Su,PH 10:00-02:00",
        "toilets:wheelchair": "no",
        "website": "http://www.cafekittel.de/",
        "wheelchair": "limited"
      },
      "geometry": {
        "type": "Point",
        "coordinates": [
          6.0822083,
          50.7778196
        ]
      },
      "id": "node/1443507834"
    },
    {
      "type": "Feature",
      "properties": {
        "@id": "node/1443716383",
        "amenity": "marketplace",
        "name": "Wochenmarkt",
        "opening_hours": "Sa 08:00-13:00"
      },
      "geometry": {
        "type": "Point",
        "coordinates": [
          6.1782818,
          50.7046891
        ]
      },
      "id": "node/1443716383"
    },
    {
      "type": "Feature",
      "properties": {
        "@id": "node/1448027456",
        "amenity": "biergarten"
      },
      "geometry": {
        "type": "Point",
        "coordinates": [
          6.1813073,
          50.7057438
        ]
      },
      "id": "node/1448027456"
    },
    {
      "type": "Feature",
      "properties": {
        "@id": "node/1455085246",
        "amenity": "pub",
        "name": "Zum Adalbert",
        "wheelchair": "no"
      },
      "geometry": {
        "type": "Point",
        "coordinates": [
          6.1128341,
          50.7724528
        ]
      },
      "id": "node/1455085246"
    },
    {
      "type": "Feature",
      "properties": {
        "@id": "node/1558151082",
        "addr:city": "Aachen",
        "addr:housenumber": "137",
        "addr:postcode": "52062",
        "addr:street": "Pontstraße",
        "amenity": "cafe",
        "check_date": "2024-03-18",
        "cuisine": "beef_bowl;cake;coffee_shop;pancake",
        "diet:vegetarian": "yes",
        "name": "Frankys Farm Cafe & Frühstück",
        "opening_hours": "Mo-Fr 10:00-20:00; Sa 10:00-21:00; Su 10:00-19:00",
        "website": "https://www.frankys-aachen.com",
        "wheelchair": "no"
      },
      "geometry": {
        "type": "Point",
        "coordinates": [
          6.0794975,
          50.7805485
        ]
      },
      "id": "node/1558151082"
    },
    {
      "type": "Feature",
      "properties": {
        "@id": "node/1558319211",
        "addr:city": "Aachen",
        "addr:housenumber": "2",
        "addr:postcode": "52064",
        "addr:street": "Franzstraße",
        "brand": "ALDI Süd",
        "brand:wikidata": "Q41171672",
        "brand:wikipedia": "en:Aldi",
        "check_date": "2024-03-26",
        "name": "Aldi Süd",
        "opening_hours": "Mo-Sa 08:00-21:00; Su,PH off",
        "payment:cash": "yes",
        "payment:debit_cards": "yes",
        "shop": "supermarket",
        "wheelchair": "yes"
      },
      "geometry": {
        "type": "Point",
        "coordinates": [
          6.0839823,
          50.7714088
        ]
      },
      "id": "node/1558319211"
    },
    {
      "type": "Feature",
      "properties": {
        "@id": "node/1567237024",
        "amenity": "cafe",
        "name": "Coffeelution",
        "opening_hours": "Mo-Fr 09:45-16:00; Feb,Mar,Aug,Sep Mo-Fr 11:30-16:30",
        "outdoor_seating": "no",
        "phone": "+49 241 16020760",
        "wheelchair": "no"
      },
      "geometry": {
        "type": "Point",
        "coordinates": [
          6.076552,
          50.7800371
        ]
      },
      "id": "node/1567237024"
    },
    {
      "type": "Feature",
      "properties": {
        "@id": "node/1579297380",
        "addr:housenumber": "275-277",
        "addr:street": "Adalbertsteinweg",
        "amenity": "pub",
        "check_date": "2023-05-11",
        "name": "Cafe Dost",
        "operator": "Tanja Sichwort",
        "outdoor_seating": "no"
      },
      "geometry": {
        "type": "Point",
        "coordinates": [
          6.1161042,
          50.7710189
        ]
      },
      "id": "node/1579297380"
    },
    {
      "type": "Feature",
      "properties": {
        "@id": "node/1584075108",
        "addr:city": "Aachen",
        "addr:housenumber": "35",
        "addr:postcode": "52068",
        "addr:street": "Eifelstraße",
        "check_date:opening_hours": "2024-03-16",
        "contact:facebook": "https://www.facebook.com/Taajcom-Supermarkt-Aachen-752558888170885/timeline?ref=page_internal",
        "name": "Taajcom",
        "opening_hours": "Mo-Th,Sa 08:00-19:00; Fr 08:00-12:30,13:30-19:00; Su,PH off",
        "phone": "+49 241 99795 668",
        "shop": "supermarket"
      },
      "geometry": {
        "type": "Point",
        "coordinates": [
          6.1108994,
          50.7741824
        ]
      },
      "id": "node/1584075108"
    },
    {
      "type": "Feature",
      "properties": {
        "@id": "node/1593493538",
        "addr:city": "Aachen",
        "addr:housenumber": "45-47",
        "addr:postcode": "52062",
        "addr:street": "Markt",
        "amenity": "cafe",
        "brand": "Cafe Extrablatt",
        "brand:wikidata": "Q1025505",
        "brand:wikipedia": "de:Cafe extrablatt",
        "check_date": "2023-05-08",
        "cuisine": "coffee_shop",
        "email": "aachen@cafe-extrablatt.de",
        "fax": "+49 241 4002448",
        "indoor_seating": "yes",
        "internet_access": "wlan",
        "name": "Cafe Extrablatt",
        "opening_hours": "Mo-Su 09:00-23:30+",
        "operator": "CE Gastro GmbH",
        "outdoor_seating": "yes",
        "phone": "+49 241 4002447",
        "smoking": "no",
        "takeaway": "yes",
        "toilets:wheelchair": "no",
        "website": "https://cafe-extrablatt.de/standorte/details/cafe-extrablatt-aachen",
        "wheelchair": "limited"
      },
      "geometry": {
        "type": "Point",
        "coordinates": [
          6.0837721,
          50.7768144
        ]
      },
      "id": "node/1593493538"
    },
    {
      "type": "Feature",
      "properties": {
        "@id": "node/1611122485",
        "amenity": "pub",
        "name": "Lounge Vegas Aachen",
        "smoking": "dedicated"
      },
      "geometry": {
        "type": "Point",
        "coordinates": [
          6.1029128,
          50.7746246
        ]
      },
      "id": "node/1611122485"
    },
    {
      "type": "Feature",
      "properties": {
        "@id": "node/1616834595",
        "addr:city": "Aachen",
        "addr:housenumber": "420",
        "addr:postcode": "52076",
        "addr:street": "Eupener Straße",
        "amenity": "cafe",
        "cuisine": "regional;cake",
        "name": "KuKuK CaféBAR",
        "opening_hours": "Fr,Sa 13:00-18:00, So 11:00-18:00, \"sowie an Veranstaltungen\"",
        "outdoor_seating": "yes",
        "smoking": "outside",
        "website": "https://www.kukukandergrenze.eu/die-kukuk-cafebar/",
        "wheelchair": "limited"
      },
      "geometry": {
        "type": "Point",
        "coordinates": [
          6.089716,
          50.7230584
        ]
      },
      "id": "node/1616834595"
    },
    {
      "type": "Feature",
      "properties": {
        "@id": "node/1632479156",
        "amenity": "marketplace",
        "name": "Elsassplatz",
        "opening_hours": "We 07:00-13:00"
      },
      "geometry": {
        "type": "Point",
        "coordinates": [
          6.1159001,
          50.7737485
        ]
      },
      "id": "node/1632479156"
    },
    {
      "type": "Feature",
      "properties": {
        "@id": "node/1638861420",
        "amenity": "pub",
        "indoor_seating": "yes",
        "name": "Bizim Kahve",
        "outdoor_seating": "yes"
      },
      "geometry": {
        "type": "Point",
        "coordinates": [
          6.1152881,
          50.7735288
        ]
      },
      "id": "node/1638861420"
    },
    {
      "type": "Feature",
      "properties": {
        "@id": "node/1638861423",
        "amenity": "pub",
        "name": "Cafè Musti"
      },
      "geometry": {
        "type": "Point",
        "coordinates": [
          6.1144064,
          50.7730169
        ]
      },
      "id": "node/1638861423"
    },
    {
      "type": "Feature",
      "properties": {
        "@id": "node/1655057349",
        "addr:city": "Aachen",
        "addr:housenumber": "40",
        "addr:postcode": "52080",
        "addr:street": "Hansmannstraße",
        "amenity": "ice_cream",
        "name": "Eiscafé Panorama",
        "opening_hours": "Mo-Sa 11:30-20:00; PH,Su 11:30-20:00",
        "smoking": "outside",
        "wheelchair": "no"
      },
      "geometry": {
        "type": "Point",
        "coordinates": [
          6.1553878,
          50.7833729
        ]
      },
      "id": "node/1655057349"
    },
    {
      "type": "Feature",
      "properties": {
        "@id": "node/1666932184",
        "addr:city": "Aachen",
        "addr:country": "DE",
        "addr:housenumber": "10",
        "addr:street": "Sanatoriumstraße",
        "amenity": "doctors",
        "healthcare": "doctor",
        "name": "Praxisklinik Franziskushospital"
      },
      "geometry": {
        "type": "Point",
        "coordinates": [
          6.0688475,
          50.7650338
        ]
      },
      "id": "node/1666932184"
    },
    {
      "type": "Feature",
      "properties": {
        "@id": "node/1674390551",
        "amenity": "pub",
        "name": "Kanka"
      },
      "geometry": {
        "type": "Point",
        "coordinates": [
          6.1159946,
          50.7740175
        ]
      },
      "id": "node/1674390551"
    },
    {
      "type": "Feature",
      "properties": {
        "@id": "node/1700707262",
        "amenity": "marketplace",
        "check_date:opening_hours": "2023-09-06",
        "name": "Wochenmarkt Kronenberg",
        "opening_hours": "We 07:00-13:00"
      },
      "geometry": {
        "type": "Point",
        "coordinates": [
          6.060256,
          50.7659266
        ]
      },
      "id": "node/1700707262"
    },
    {
      "type": "Feature",
      "properties": {
        "@id": "node/1708955048",
        "amenity": "marketplace",
        "check_date:opening_hours": "2024-02-12",
        "name": "Wochenmarkt Burtscheid",
        "opening_hours": "Fr 07:00-13:00",
        "wheelchair": "yes"
      },
      "geometry": {
        "type": "Point",
        "coordinates": [
          6.0932828,
          50.7605681
        ]
      },
      "id": "node/1708955048"
    },
    {
      "type": "Feature",
      "properties": {
        "@id": "node/1713331618",
        "amenity": "pub",
        "name": "Haltestelle",
        "smoking": "yes",
        "toilets:wheelchair": "yes",
        "wheelchair": "yes"
      },
      "geometry": {
        "type": "Point",
        "coordinates": [
          6.1068456,
          50.7742197
        ]
      },
      "id": "node/1713331618"
    },
    {
      "type": "Feature",
      "properties": {
        "@id": "node/1748056312",
        "amenity": "dentist",
        "health_facility:type": "office",
        "health_specialty:dentistry": "yes",
        "health_specialty:orthodontics": "yes",
        "healthcare": "dentist",
        "medical_system:western": "yes",
        "name": "Dr. med. dent. Jolanthe Offer",
        "note": "Kieferorthopädin",
        "office": "physician",
        "phone": "+49 241 20989"
      },
      "geometry": {
        "type": "Point",
        "coordinates": [
          6.0568373,
          50.7686331
        ]
      },
      "id": "node/1748056312"
    },
    {
      "type": "Feature",
      "properties": {
        "@id": "node/1785412679",
        "amenity": "marketplace",
        "check_date:opening_hours": "2024-08-27",
        "name": "Wochenmarkt Eilendorf",
        "opening_hours": "Th 07:00-13:00"
      },
      "geometry": {
        "type": "Point",
        "coordinates": [
          6.1547069,
          50.7798744
        ]
      },
      "id": "node/1785412679"
    },
    {
      "type": "Feature",
      "properties": {
        "@id": "node/1802179998",
        "amenity": "cafe",
        "name": "Caféhaus Luise",
        "opening_hours": "Mo-Su,PH 09:00-19:00",
        "website": "https://www.luisenhospital.de/luisenhospital/wissenswertes/cafehaus-luise.html"
      },
      "geometry": {
        "type": "Point",
        "coordinates": [
          6.0766321,
          50.7677324
        ]
      },
      "id": "node/1802179998"
    },
    {
      "type": "Feature",
      "properties": {
        "@id": "node/1845212823",
        "amenity": "ice_cream",
        "indoor_seating": "yes",
        "name": "Eis Cafe San Remo",
        "opening_hours": "Mo-Fr 11:30-18:00; Sa,Su 13:30-18:00",
        "outdoor_seating": "no",
        "wheelchair": "no"
      },
      "geometry": {
        "type": "Point",
        "coordinates": [
          6.0976789,
          50.7744151
        ]
      },
      "id": "node/1845212823"
    },
    {
      "type": "Feature",
      "properties": {
        "@id": "node/1906010309",
        "addr:city": "Aachen",
        "addr:housenumber": "533",
        "addr:postcode": "52072",
        "addr:street": "Roermonder Straße",
        "addr:suburb": "Richterich",
        "amenity": "ice_cream",
        "email": "info@udos-eis.de",
        "name": "Udos Eis",
        "operator": "Udo Petersohn",
        "outdoor_seating": "yes",
        "phone": "+49 241 81925",
        "website": "https://eiscaddy.de/Udo-s-Eis",
        "wheelchair": "yes"
      },
      "geometry": {
        "type": "Point",
        "coordinates": [
          6.0602113,
          50.8098022
        ]
      },
      "id": "node/1906010309"
    },
    {
      "type": "Feature",
      "properties": {
        "@id": "node/1956888949",
        "amenity": "pub",
        "check_date": "2024-03-08",
        "name": "Full House",
        "opening_hours": "Mo-Sa 10:00+; Su,PH 12:00-20:00",
        "smoking": "dedicated",
        "website": "http://www.fullhouse-aachen.de/"
      },
      "geometry": {
        "type": "Point",
        "coordinates": [
          6.0966057,
          50.7743951
        ]
      },
      "id": "node/1956888949"
    },
    {
      "type": "Feature",
      "properties": {
        "@id": "node/1956888977",
        "amenity": "doctors",
        "check_date": "2024-03-08",
        "healthcare": "doctor",
        "healthcare:speciality": "ophthalmology",
        "name": "Ambulantes OP-Zentrum | Augenheilkunde",
        "note": "https://oculaix.de/aerzte",
        "website": "https://oculaix.de/standort-ambulant/",
        "wheelchair": "limited"
      },
      "geometry": {
        "type": "Point",
        "coordinates": [
          6.0962883,
          50.7742437
        ]
      },
      "id": "node/1956888977"
    },
    {
      "type": "Feature",
      "properties": {
        "@id": "node/1990700938",
        "amenity": "doctors",
        "name": "Gemeinschaftspraxis Jager & Scheid",
        "website": "https://www.arztpraxis-jager-scheid.de/",
        "wheelchair": "yes"
      },
      "geometry": {
        "type": "Point",
        "coordinates": [
          6.1269448,
          50.7946934
        ]
      },
      "id": "node/1990700938"
    },
    {
      "type": "Feature",
      "properties": {
        "@id": "node/1997871028",
        "amenity": "pub",
        "name": "Bauernstube"
      },
      "geometry": {
        "type": "Point",
        "coordinates": [
          6.1298409,
          50.8001116
        ]
      },
      "id": "node/1997871028"
    },
    {
      "type": "Feature",
      "properties": {
        "@id": "node/1999370223",
        "addr:city": "Aachen",
        "addr:housenumber": "163",
        "addr:postcode": "52080",
        "addr:street": "Alt-Haarener Straße",
        "addr:suburb": "Haaren",
        "amenity": "pub",
        "check_date": "2025-03-04",
        "description": "Catering, Tagungen, Feiern ...",
        "email": "info@saengerheim-ac.de",
        "name": "Gaststätte Sängerheim",
        "opening_hours": "Mo-Fr 17:00+, Sa 10:00-13:00 \"Frühschoppen (ohne Speisen)\", 17:00+; Su 12:00-14:00 \"Mittagstisch\", 17:00+, PH 17:00+ \"nach Absprache Mittagstisch\"",
        "phone": "+49 241 163660",
        "website": "http://www.saengerheim-ac.de"
      },
      "geometry": {
        "type": "Point",
        "coordinates": [
          6.1254553,
          50.7972662
        ]
      },
      "id": "node/1999370223"
    },
    {
      "type": "Feature",
      "properties": {
        "@id": "node/2003044166",
        "addr:city": "Aachen",
        "addr:country": "DE",
        "addr:housenumber": "1-3",
        "addr:postcode": "52062",
        "addr:street": "Pontstraße",
        "amenity": "cafe",
        "internet_access": "wlan",
        "internet_access:fee": "no",
        "internet_access:operator": "Freifunk",
        "name": "Egmont",
        "opening_hours": "Mo-Sa 12:00-23:00",
        "website": "http://www.cafe-egmont.de/",
        "wheelchair": "no"
      },
      "geometry": {
        "type": "Point",
        "coordinates": [
          6.083258,
          50.7768708
        ]
      },
      "id": "node/2003044166"
    },
    {
      "type": "Feature",
      "properties": {
        "@id": "node/2091618655",
        "amenity": "bar",
        "name": "Triangel",
        "opening_hours": "Mo 21:00+",
        "website": "http://www.saw.rwth-aachen.de/triangel/"
      },
      "geometry": {
        "type": "Point",
        "coordinates": [
          6.0680141,
          50.774863
        ]
      },
      "id": "node/2091618655"
    },
    {
      "type": "Feature",
      "properties": {
        "@id": "node/2091638646",
        "amenity": "pub",
        "name": "Zur Erholung"
      },
      "geometry": {
        "type": "Point",
        "coordinates": [
          6.1545464,
          50.7962713
        ]
      },
      "id": "node/2091638646"
    },
    {
      "type": "Feature",
      "properties": {
        "@id": "node/2147017602",
        "addr:city": "Aachen",
        "addr:housenumber": "22",
        "addr:postcode": "52064",
        "addr:street": "Löhergraben",
        "amenity": "theatre",
        "check_date": "2025-03-02",
        "image": "https://upload.wikimedia.org/wikipedia/commons/f/f8/%C3%96cher_Sch%C3%A4ngchen.jpg",
        "name": "Öcher Schängche",
        "website": "https://www.oecher-schaengche.de/",
        "wheelchair": "limited",
        "wikidata": "Q293894",
        "wikipedia": "de:Öcher Schängche"
      },
      "geometry": {
        "type": "Point",
        "coordinates": [
          6.0793286,
          50.7728531
        ]
      },
      "id": "node/2147017602"
    },
    {
      "type": "Feature",
      "properties": {
        "@id": "node/2160026054",
        "addr:city": "Aachen",
        "addr:country": "DE",
        "addr:housenumber": "8",
        "addr:postcode": "52064",
        "addr:street": "Weberstraße",
        "amenity": "doctors",
        "healthcare": "doctor",
        "name": "MVZ W8 Onkologie Aachen",
        "note": "Der Bereich der niedergelassenen Ärzte sind #8, der Rest 10",
        "opening_hours": "\"Nach Vereinbarung\""
      },
      "geometry": {
        "type": "Point",
        "coordinates": [
          6.0772897,
          50.767481
        ]
      },
      "id": "node/2160026054"
    },
    {
      "type": "Feature",
      "properties": {
        "@id": "node/2184456562",
        "addr:city": "Aachen",
        "addr:country": "DE",
        "addr:housenumber": "24,26",
        "addr:postcode": "52062",
        "addr:street": "Alexianergraben",
        "amenity": "clinic",
        "email": "d.triphaus@alexianer.de",
        "healthcare": "occupational_therapist",
        "name": "Alexianer Wohn- und Beschäftigungsverbund",
        "operator": "Alexianer Aachen GmbH",
        "phone": "+49 241 47701-15207",
        "website": "https://www.alexianer-aachen.de/fileadmin/user_upload/Aachen/Wohnverbund/Broschuere_Taetig_sein.pdf"
      },
      "geometry": {
        "type": "Point",
        "coordinates": [
          6.0826774,
          50.7723522
        ]
      },
      "id": "node/2184456562"
    },
    {
      "type": "Feature",
      "properties": {
        "@id": "node/2184456565",
        "addr:city": "Aachen",
        "addr:country": "DE",
        "addr:housenumber": "28,32",
        "addr:postcode": "52062",
        "addr:street": "Alexianergraben",
        "amenity": "clinic",
        "healthcare": "physiotherapist",
        "name": "Aktiv + Fit Gesundheitszentrum",
        "opening_hours": "\"on appointment\"",
        "operator": "Eveline Triebelnig",
        "phone": "+49 241 24415",
        "website": "http://www.physiozentrum-aachen.de/"
      },
      "geometry": {
        "type": "Point",
        "coordinates": [
          6.0823995,
          50.7723784
        ]
      },
      "id": "node/2184456565"
    },
    {
      "type": "Feature",
      "properties": {
        "@id": "node/2186283334",
        "addr:city": "Aachen",
        "addr:country": "DE",
        "addr:housenumber": "2",
        "addr:postcode": "52076",
        "addr:street": "Hochhausring",
        "addr:suburb": "Walheim",
        "amenity": "cafe",
        "contact:email": "handwerk@aachenerprinten.com",
        "contact:fax": "+49 2408 8624",
        "contact:phone": "+49 2408 8655",
        "contact:website": "http://www.aachenerprinten.com/",
        "indoor_seating": "yes",
        "name": "Café Müller",
        "operator": "Carina Bachmann",
        "outdoor_seating": "yes",
        "toilets:wheelchair": "no",
        "wheelchair": "limited"
      },
      "geometry": {
        "type": "Point",
        "coordinates": [
          6.1803756,
          50.7082291
        ]
      },
      "id": "node/2186283334"
    },
    {
      "type": "Feature",
      "properties": {
        "@id": "node/2199629308",
        "addr:city": "Aachen",
        "addr:housenumber": "10",
        "addr:postcode": "52072",
        "addr:street": "Rathausstraße",
        "amenity": "dentist",
        "check_date": "2025-01-24",
        "check_date:opening_hours": "2025-01-24",
        "healthcare": "dentist",
        "healthcare:speciality": "dentist",
        "name": "Dr. Jansen",
        "opening_hours": "Mo-Fr 08:00-13:00, Mo,Tu 14:00-18:00, Th 14:00-18:00",
        "website": "http://www.za-laurensberg.de/",
        "wheelchair": "limited"
      },
      "geometry": {
        "type": "Point",
        "coordinates": [
          6.0614697,
          50.7977717
        ]
      },
      "id": "node/2199629308"
    },
    {
      "type": "Feature",
      "properties": {
        "@id": "node/2199629311",
        "amenity": "dentist",
        "check_date:opening_hours": "2025-01-29",
        "name": "Armand Otto",
        "opening_hours": "Mo-Fr 08:00-12:00, Mo,Tu,Th,Fr 14:30-18:00",
        "website": "https://www.zahnarzt-otto-aachen.de/"
      },
      "geometry": {
        "type": "Point",
        "coordinates": [
          6.0655481,
          50.7951602
        ]
      },
      "id": "node/2199629311"
    },
    {
      "type": "Feature",
      "properties": {
        "@id": "node/2199629313",
        "amenity": "doctors",
        "check_date": "2025-01-27",
        "check_date:opening_hours": "2025-01-27",
        "healthcare": "doctor",
        "name": "Dr. Reuland",
        "opening_hours": "Mo-Fr 08:00-11:00, Mo,Tu,Th 17:00-18:00",
        "wheelchair": "no"
      },
      "geometry": {
        "type": "Point",
        "coordinates": [
          6.0632055,
          50.7967015
        ]
      },
      "id": "node/2199629313"
    },
    {
      "type": "Feature",
      "properties": {
        "@id": "node/2199629314",
        "amenity": "doctors",
        "healthcare": "doctor",
        "name": "Dr. Schwarze",
        "opening_hours": "Mo-Fr 08:00-12:00, Mo,Tu,Th 16:00-18:00",
        "website": "http://www.praxis-laurensberg.de/"
      },
      "geometry": {
        "type": "Point",
        "coordinates": [
          6.0660325,
          50.7948344
        ]
      },
      "id": "node/2199629314"
    },
    {
      "type": "Feature",
      "properties": {
        "@id": "node/2208966573",
        "addr:city": "Aachen",
        "addr:housenumber": "6",
        "addr:postcode": "52076",
        "addr:street": "Prämienstraße",
        "amenity": "cafe",
        "check_date": "2023-09-17",
        "cuisine": "ice_cream;italian",
        "name": "io",
        "opening_hours": "12:00-20:00",
        "outdoor_seating": "yes",
        "toilets:wheelchair": "no",
        "wheelchair": "limited"
      },
      "geometry": {
        "type": "Point",
        "coordinates": [
          6.1815456,
          50.7061248
        ]
      },
      "id": "node/2208966573"
    },
    {
      "type": "Feature",
      "properties": {
        "@id": "node/2213510993",
        "amenity": "bar",
        "name": "Bar Museo",
        "opening_hours": "Mo off; Tu,Th,Fr 12:00-18:00; We 12:00-20:00, Sa,Su 11:00-18:00",
        "website": "http://www.barmuseo.de/",
        "wheelchair": "yes",
        "wheelchair:description": "Der Zugang zur Toilette ist eventuell mit Tischen verstellt. Die Kellnerin hat den aber freigeräumt."
      },
      "geometry": {
        "type": "Point",
        "coordinates": [
          6.0956549,
          50.7733263
        ]
      },
      "id": "node/2213510993"
    },
    {
      "type": "Feature",
      "properties": {
        "@id": "node/2216283426",
        "amenity": "dentist",
        "healthcare": "dentist",
        "name": "Lethen-König & Schröder",
        "opening_hours": "Mo 08:30-12:30, 13:30-19:00, Tu 08:30-12:30, 16:00-20:00, We 08:30-14:00, Th 08:30-12:30, 13:30-18:00, Fr 08:30-13:00",
        "phone": "+49 241 13388",
        "website": "http://www.praxis-lethen-koenig.de/",
        "wheelchair": "no"
      },
      "geometry": {
        "type": "Point",
        "coordinates": [
          6.0616333,
          50.8133098
        ]
      },
      "id": "node/2216283426"
    },
    {
      "type": "Feature",
      "properties": {
        "@id": "node/2219990494",
        "brand": "Netto City",
        "brand:wikidata": "Q879858",
        "brand:wikipedia": "de:Netto Marken-Discount",
        "check_date": "2024-08-28",
        "check_date:opening_hours": "2024-08-28",
        "contact:website": "https://www.netto-online.de/filialen/Aachen/Harscampstr-69-71/6894/",
        "name": "Netto City",
        "opening_hours": "Mo-Sa 07:00-21:00; Su,PH off",
        "shop": "supermarket",
        "wheelchair": "no"
      },
      "geometry": {
        "type": "Point",
        "coordinates": [
          6.0930096,
          50.771295
        ]
      },
      "id": "node/2219990494"
    },
    {
      "type": "Feature",
      "properties": {
        "@id": "node/2264585840",
        "amenity": "cafe",
        "name": "Cafe Marmara"
      },
      "geometry": {
        "type": "Point",
        "coordinates": [
          6.0940783,
          50.7777162
        ]
      },
      "id": "node/2264585840"
    },
    {
      "type": "Feature",
      "properties": {
        "@id": "node/2264585849",
        "amenity": "pub",
        "name": "inshiwo deluxe",
        "smoking": "dedicated"
      },
      "geometry": {
        "type": "Point",
        "coordinates": [
          6.09418,
          50.7776243
        ]
      },
      "id": "node/2264585849"
    },
    {
      "type": "Feature",
      "properties": {
        "@id": "node/2268505582",
        "addr:city": "Aachen",
        "addr:housenumber": "127",
        "addr:postcode": "52062",
        "addr:street": "Alexanderstraße",
        "amenity": "pub",
        "contact:facebook": "https://de-de.facebook.com/Braustube.Koelnthor/",
        "contact:phone": "+49 241 536303",
        "indoor_seating": "yes",
        "name": "Braustube Kölnthor",
        "opening_hours": "We,Th,Su,Mo 15:00-23:00+; Fr,Sa 12:00-23:00+",
        "outdoor_seating": "yes"
      },
      "geometry": {
        "type": "Point",
        "coordinates": [
          6.093505,
          50.7784453
        ]
      },
      "id": "node/2268505582"
    },
    {
      "type": "Feature",
      "properties": {
        "@id": "node/2268505585",
        "addr:city": "Aachen",
        "addr:housenumber": "115",
        "addr:postcode": "52062",
        "addr:street": "Alexanderstraße",
        "amenity": "pub",
        "name": "Bistro Aroma"
      },
      "geometry": {
        "type": "Point",
        "coordinates": [
          6.093026,
          50.7784411
        ]
      },
      "id": "node/2268505585"
    },
    {
      "type": "Feature",
      "properties": {
        "@id": "node/2276191361",
        "amenity": "pub",
        "indoor_seating": "yes",
        "name": "Promenadeneck",
        "outdoor_seating": "yes"
      },
      "geometry": {
        "type": "Point",
        "coordinates": [
          6.0938538,
          50.7764405
        ]
      },
      "id": "node/2276191361"
    },
    {
      "type": "Feature",
      "properties": {
        "@id": "node/2309798380",
        "addr:housenumber": "11a",
        "addr:street": "Schlossparkstraße",
        "amenity": "doctors",
        "healthcare": "doctor",
        "name": "Dagmar Lehmann",
        "opening_hours": "Mo-Fr 09:00-12:00; Tu, Th 16:30-18:00",
        "wheelchair": "no"
      },
      "geometry": {
        "type": "Point",
        "coordinates": [
          6.0647538,
          50.7982515
        ]
      },
      "id": "node/2309798380"
    },
    {
      "type": "Feature",
      "properties": {
        "@id": "node/2332282956",
        "amenity": "pub",
        "name": "Land Tirol"
      },
      "geometry": {
        "type": "Point",
        "coordinates": [
          6.1381693,
          50.7608428
        ]
      },
      "id": "node/2332282956"
    },
    {
      "type": "Feature",
      "properties": {
        "@id": "node/2377392590",
        "amenity": "pub",
        "name": "Chrystall Pub",
        "smoking": "yes",
        "wheelchair": "no"
      },
      "geometry": {
        "type": "Point",
        "coordinates": [
          6.1005143,
          50.774368
        ]
      },
      "id": "node/2377392590"
    },
    {
      "type": "Feature",
      "properties": {
        "@id": "node/2387925717",
        "amenity": "pub",
        "name": "Bei Addi"
      },
      "geometry": {
        "type": "Point",
        "coordinates": [
          6.164057,
          50.7469817
        ]
      },
      "id": "node/2387925717"
    },
    {
      "type": "Feature",
      "properties": {
        "@id": "node/2418310292",
        "amenity": "ice_cream",
        "email": "info@zammatteoeis.de",
        "name": "Zammatteo Eis",
        "opening_hours": "Mo-Su 12:00-21:00",
        "phone": "+49 241 9551493",
        "website": "https://zammatteoeis.de",
        "wheelchair": "no"
      },
      "geometry": {
        "type": "Point",
        "coordinates": [
          6.1656281,
          50.7487168
        ]
      },
      "id": "node/2418310292"
    },
    {
      "type": "Feature",
      "properties": {
        "@id": "node/2428614252",
        "amenity": "cafe",
        "name": "Bistro-Restaurant TC Aachen-Brand",
        "opening_hours": "Tu-Su,PH 11:00-23:00; Mo off",
        "wheelchair": "limited"
      },
      "geometry": {
        "type": "Point",
        "coordinates": [
          6.1515284,
          50.7518492
        ]
      },
      "id": "node/2428614252"
    },
    {
      "type": "Feature",
      "properties": {
        "@id": "node/2443560657",
        "addr:city": "Aachen",
        "addr:country": "DE",
        "addr:housenumber": "5",
        "addr:postcode": "52078",
        "addr:street": "Marktplatz",
        "amenity": "cafe",
        "diet:vegetarian": "yes",
        "name": "Café Liège",
        "opening_hours": "Mo-Su 10:00-18:30; Tu,Sa 09:00-18:30",
        "phone": "+49 241 56 44 55",
        "website": "https://www.cafe-liege.de/index.php?folder=filialen&page=brand",
        "wheelchair": "no"
      },
      "geometry": {
        "type": "Point",
        "coordinates": [
          6.1645101,
          50.7488227
        ]
      },
      "id": "node/2443560657"
    },
    {
      "type": "Feature",
      "properties": {
        "@id": "node/2443560665",
        "amenity": "music_school",
        "name": "Musikschule Brand",
        "website": "https://www.musikschule-brand.de/"
      },
      "geometry": {
        "type": "Point",
        "coordinates": [
          6.1659595,
          50.7484513
        ]
      },
      "id": "node/2443560665"
    },
    {
      "type": "Feature",
      "properties": {
        "@id": "node/2444629216",
        "addr:city": "Aachen",
        "addr:country": "DE",
        "addr:housenumber": "121",
        "addr:postcode": "52076",
        "addr:street": "Aachener Straße",
        "addr:suburb": "Oberforstbach",
        "amenity": "doctors",
        "email": "info@steffen-praxis.de",
        "healthcare": "doctor",
        "healthcare:speciality": "general",
        "level": "0",
        "name": "Ursula Steffen",
        "opening_hours": "Mo-Fr 08:00-11:30, Mo 16:00-20:00, Tu 14:00-16:00, Th 16:00-18:00; Sa,Su,PH off",
        "phone": "+49 24 08 18 44",
        "toilets:wheelchair": "no",
        "website": "http://www.steffen-praxis.de/",
        "wheelchair": "yes"
      },
      "geometry": {
        "type": "Point",
        "coordinates": [
          6.1462501,
          50.7245369
        ]
      },
      "id": "node/2444629216"
    },
    {
      "type": "Feature",
      "properties": {
        "@id": "node/2474371811",
        "amenity": "cafe",
        "name": "Brander Bistro"
      },
      "geometry": {
        "type": "Point",
        "coordinates": [
          6.1650305,
          50.7496248
        ]
      },
      "id": "node/2474371811"
    },
    {
      "type": "Feature",
      "properties": {
        "@id": "node/2474372156",
        "amenity": "theatre",
        "name": "Theater Brand"
      },
      "geometry": {
        "type": "Point",
        "coordinates": [
          6.1810993,
          50.7550074
        ]
      },
      "id": "node/2474372156"
    },
    {
      "type": "Feature",
      "properties": {
        "@id": "node/2481820367",
        "addr:city": "Aachen",
        "addr:country": "DE",
        "addr:housenumber": "141",
        "addr:postcode": "52076",
        "addr:street": "Schleidener Straße",
        "addr:suburb": "Walheim",
        "amenity": "doctors",
        "fax": "+49 2408 8573",
        "healthcare": "doctor",
        "healthcare:speciality": "general; naturopathy",
        "name": "Dagmar Kratzenberg, Dr. med. A. Mithra Schmitz, Ärztinnen für Allgemeinmedizin",
        "opening_hours": "Mo-Fr 08:00-12:00; Mo,Th 16:00-18:00; PH off",
        "operator": "Dagmar Kratzenberg",
        "phone": "+49 2408 80085",
        "short_name": "Praxis Kratzenberg Allgemeinmedizin"
      },
      "geometry": {
        "type": "Point",
        "coordinates": [
          6.1826346,
          50.7070222
        ]
      },
      "id": "node/2481820367"
    },
    {
      "type": "Feature",
      "properties": {
        "@id": "node/2499300215",
        "addr:city": "Aachen",
        "addr:housenumber": "43",
        "addr:postcode": "52066",
        "addr:street": "Viehhofstraße",
        "amenity": "doctors",
        "healthcare": "doctor",
        "name": "MVZ RNR GmbH",
        "website": "http://www.rnr-net.de/standorte/aachen"
      },
      "geometry": {
        "type": "Point",
        "coordinates": [
          6.0959826,
          50.7622921
        ]
      },
      "id": "node/2499300215"
    },
    {
      "type": "Feature",
      "properties": {
        "@id": "node/2505279819",
        "addr:city": "Aachen",
        "addr:housenumber": "4",
        "addr:postcode": "52076",
        "addr:street": "Korneliusmarkt",
        "amenity": "cafe",
        "name": "Café Paris",
        "opening_hours": "Mo-Su 09:00-18:00",
        "outdoor_seating": "yes",
        "phone": "+49 2408 9579645"
      },
      "geometry": {
        "type": "Point",
        "coordinates": [
          6.1816925,
          50.7282154
        ]
      },
      "id": "node/2505279819"
    },
    {
      "type": "Feature",
      "properties": {
        "@id": "node/2506501964",
        "addr:city": "Aachen",
        "addr:country": "DE",
        "addr:housenumber": "7",
        "addr:postcode": "52076",
        "addr:street": "Steinkaulplatz",
        "addr:suburb": "Kornelimünster",
        "amenity": "ice_cream",
        "name": "Il Gelato"
      },
      "geometry": {
        "type": "Point",
        "coordinates": [
          6.1790104,
          50.7292433
        ]
      },
      "id": "node/2506501964"
    },
    {
      "type": "Feature",
      "properties": {
        "@id": "node/2596797430",
        "addr:city": "Aachen",
        "addr:housenumber": "18",
        "addr:postcode": "52066",
        "addr:street": "Christian-Quix-Straße",
        "amenity": "doctors",
        "check_date:opening_hours": "2024-09-28",
        "healthcare": "doctor",
        "name": "Praxis Frankenberg - Dr. med. Joachim Dupont",
        "opening_hours": "Mo-Fr 09:00-12:00,16:00-18:00, Tu 09:00-12:00, We 09:00-12:00, Th 09:00-12:00,16:00-18:00, Fr 09:00-12:00",
        "source": "http://www.hausarzt-dupont-aachen.de/index.html",
        "website": "http://www.hausarzt-dupont-aachen.de/"
      },
      "geometry": {
        "type": "Point",
        "coordinates": [
          6.1097561,
          50.7656644
        ]
      },
      "id": "node/2596797430"
    },
    {
      "type": "Feature",
      "properties": {
        "@id": "node/2653014045",
        "amenity": "cafe",
        "description": "Der Kiosk Klosterstube befindet sich im Alexianer Krankenhaus Aachen. Hier treffen sich Patientinnen und Patienten, Angehörige, Mitarbeiterinnen und Mitarbeiter sowie externe Gäste, um sich mit Getränken, kleinen Snacks oder Hygieneartikeln zu versorgen.",
        "name": "Kiosk Alexianer Klosterstube",
        "website": "https://www.alexianer-aachen.de/leistungen/menschen-mit-behinderung/tagesstruktur/so-koennen-sie-die-angebote-wahrnehmen/die-angebote-im-detail/kiosk-klosterstube"
      },
      "geometry": {
        "type": "Point",
        "coordinates": [
          6.0816348,
          50.7718933
        ]
      },
      "id": "node/2653014045"
    },
    {
      "type": "Feature",
      "properties": {
        "@id": "node/2663144729",
        "addr:city": "Aachen",
        "addr:housenumber": "17",
        "addr:postcode": "52062",
        "addr:street": "Theaterplatz",
        "amenity": "doctors",
        "healthcare": "doctor",
        "name": "Dr. med. Christoph Höfken",
        "phone": "+49 241 21525",
        "wheelchair": "yes"
      },
      "geometry": {
        "type": "Point",
        "coordinates": [
          6.0883264,
          50.772425
        ]
      },
      "id": "node/2663144729"
    },
    {
      "type": "Feature",
      "properties": {
        "@id": "node/2663145568",
        "addr:city": "Aachen",
        "addr:housenumber": "9-11",
        "addr:postcode": "52062",
        "addr:street": "Theaterplatz",
        "amenity": "doctors",
        "healthcare": "doctor",
        "name": "Kirsten Axmacher Allgemeinmedizin",
        "opening_hours": "Mo-Fr 08:00-23:30, Mo,Th 16:00-17:30",
        "phone": "+49 241 28287",
        "website": "https://www.praxis-axmacher.de/kontakt/"
      },
      "geometry": {
        "type": "Point",
        "coordinates": [
          6.0877162,
          50.7727673
        ]
      },
      "id": "node/2663145568"
    },
    {
      "type": "Feature",
      "properties": {
        "@id": "node/2667732806",
        "addr:city": "Aachen",
        "addr:housenumber": "9",
        "addr:postcode": "52070",
        "addr:street": "Augustastraße",
        "amenity": "doctors",
        "check_date:opening_hours": "2025-02-01",
        "contact:fax": "+49 241 509 973",
        "contact:phone": "+49 241 504 527",
        "healthcare": "doctor",
        "healthcare:speciality": "general;travel;internal",
        "level": "0",
        "name": "Mehtap Hanenberg, Allgemeinmedizinerin",
        "opening_hours": "Mo-Fr 08:30-12:30, Mo,Th 15:00-17:00; Sa,Su,PH off",
        "operator": "Fr. Dr. Mehtap Hanenberg",
        "website": "http://www.hausarztpraxis-hanenberg.de/",
        "wheelchair": "yes"
      },
      "geometry": {
        "type": "Point",
        "coordinates": [
          6.0970853,
          50.772884
        ]
      },
      "id": "node/2667732806"
    },
    {
      "type": "Feature",
      "properties": {
        "@id": "node/2674580225",
        "addr:city": "Aachen",
        "addr:country": "DE",
        "addr:housenumber": "36",
        "addr:postcode": "52062",
        "addr:street": "Kapuzinergraben",
        "amenity": "pub",
        "check_date": "2024-06-04",
        "name": "Poststübchen",
        "opening_hours": "Mo-Th 15:30-24:00, Fr 15:30+, Sa 14:00+",
        "phone": "+49 241 94316044",
        "toilets:wheelchair": "no",
        "wheelchair": "limited"
      },
      "geometry": {
        "type": "Point",
        "coordinates": [
          6.085213,
          50.7722684
        ]
      },
      "id": "node/2674580225"
    },
    {
      "type": "Feature",
      "properties": {
        "@id": "node/2675399897",
        "addr:city": "Aachen",
        "addr:housenumber": "1-3",
        "addr:postcode": "52066",
        "addr:street": "Kapellenstraße",
        "amenity": "ice_cream",
        "name": "Lammerskötter",
        "opening_hours": "Mo-Su,PH 12:00-18:30",
        "wheelchair": "yes"
      },
      "geometry": {
        "type": "Point",
        "coordinates": [
          6.0924156,
          50.7620748
        ]
      },
      "id": "node/2675399897"
    },
    {
      "type": "Feature",
      "properties": {
        "@id": "node/2678362661",
        "addr:city": "Aachen",
        "addr:housenumber": "24",
        "addr:postcode": "52062",
        "addr:street": "Marienbongard",
        "amenity": "cafe",
        "contact:instagram": "cafestopover.aachen",
        "cuisine": "coffee_shop",
        "name": "Café Stopover",
        "opening_hours": "Mo-Fr 08:00-18:30; Sa 09:00-18:00; Su 10:00-18:00",
        "payment:cash": "no",
        "payment:credit_cards": "yes",
        "payment:debit_cards": "yes"
      },
      "geometry": {
        "type": "Point",
        "coordinates": [
          6.0786301,
          50.7802003
        ]
      },
      "id": "node/2678362661"
    },
    {
      "type": "Feature",
      "properties": {
        "@id": "node/2721934644",
        "addr:postcode": "52070",
        "brand": "HIT",
        "brand:wikidata": "Q1548713",
        "brand:wikipedia": "de:HIT Handelsgruppe",
        "check_date": "2024-11-02",
        "contact:phone": "+49 241 5590540",
        "contact:website": "https://www.hit.de/aachen-tivoli.html",
        "drink:club-mate": "yes",
        "name": "HIT",
        "opening_hours": "Mo-Sa 07:00-22:00; Su 00:00-24:00",
        "operator": "HIT Handelsgruppe GmbH & Co. KG",
        "outdoor_seating": "no",
        "shop": "supermarket",
        "toilets:wheelchair": "yes",
        "wheelchair": "yes"
      },
      "geometry": {
        "type": "Point",
        "coordinates": [
          6.0954779,
          50.7903274
        ]
      },
      "id": "node/2721934644"
    },
    {
      "type": "Feature",
      "properties": {
        "@id": "node/2845972104",
        "addr:city": "Aachen",
        "addr:housenumber": "1",
        "addr:postcode": "52062",
        "addr:street": "Templergraben",
        "amenity": "pub",
        "contact:instagram": "honigtopf.ac",
        "description": "Kneipe mit Stullen und Brötchen, kleiner Imbiss, Barbetrieb, diverse Bier vom Fass (auch aus Belgien), offener Innenhof mit Bestuhlung,",
        "name": "Honigtopf im Bärenhof",
        "note": "Zur Zeit keine weiteren Informationen oder Daten verfügbar.",
        "opening_hours": "Sa 15:00-01:00; Su 15:00-00:00; Fr 16:00-01:00; Mo-Tu, Th 16:00-00:00",
        "phone": "+4924117307935",
        "smoking": "outside"
      },
      "geometry": {
        "type": "Point",
        "coordinates": [
          6.0754905,
          50.7755537
        ]
      },
      "id": "node/2845972104"
    },
    {
      "type": "Feature",
      "properties": {
        "@id": "node/2891669425",
        "addr:city": "Aachen",
        "addr:postcode": "52062",
        "addr:street": "Sandkaulstraße",
        "healthcare": "podiatrist",
        "healthcare:speciality": "podiatry",
        "name": "NK",
        "note": "Medizinische Fußpflege",
        "phone": "+49 178-69 03 164"
      },
      "geometry": {
        "type": "Point",
        "coordinates": [
          6.0882283,
          50.7794458
        ]
      },
      "id": "node/2891669425"
    },
    {
      "type": "Feature",
      "properties": {
        "@id": "node/2962648068",
        "addr:city": "Aachen",
        "addr:housenumber": "326",
        "addr:postcode": "52072",
        "addr:street": "Roermonder Straße",
        "amenity": "clinic",
        "healthcare": "clinic",
        "name": "Ärztehaus Laurensberg"
      },
      "geometry": {
        "type": "Point",
        "coordinates": [
          6.0637473,
          50.7966652
        ]
      },
      "id": "node/2962648068"
    },
    {
      "type": "Feature",
      "properties": {
        "@id": "node/2968155276",
        "amenity": "doctors",
        "healthcare": "doctor",
        "healthcare:speciality": "paediatrics",
        "name": "Facharzt P. Schartmann Kinder- und Jugendmedizin"
      },
      "geometry": {
        "type": "Point",
        "coordinates": [
          6.1816023,
          50.7058467
        ]
      },
      "id": "node/2968155276"
    },
    {
      "type": "Feature",
      "properties": {
        "@id": "node/2981171841",
        "addr:city": "Aachen",
        "addr:housenumber": "1",
        "addr:postcode": "52062",
        "addr:street": "Katschhof",
        "amenity": "cafe",
        "check_date": "2023-05-17",
        "diet:vegetarian": "yes",
        "name": "Karls",
        "opening_hours": "Tu-Su,PH 10:00-18:00",
        "website": "https://karls-aachen.de/",
        "wheelchair": "limited"
      },
      "geometry": {
        "type": "Point",
        "coordinates": [
          6.0834128,
          50.7756329
        ]
      },
      "id": "node/2981171841"
    },
    {
      "type": "Feature",
      "properties": {
        "@id": "node/3165580661",
        "addr:city": "Aachen",
        "addr:housenumber": "19",
        "addr:postcode": "52062",
        "addr:street": "Kapuzinergraben",
        "amenity": "doctors",
        "description": "Das Zentrum für Neurologie und seelische Gesundheit im Kapuzinerkarree ist ein Zusammenschluss von Fachärzten für Neurologie und Fachärzten für Psychiatrie und Psychotherapie.",
        "email": "info@zns-kapuzinerkarree.de",
        "healthcare": "doctor",
        "healthcare:speciality": "neurology;psychiatry;psychology",
        "name": "Zentrum für Neurologie und Seelische Gesundheit",
        "opening_hours": "Mo,Th 08:00-17:00, Tu 08:00-19:00, We 08:00-13:00, Fr 08:00-14:00",
        "phone": "+49 241 55 70 27 0",
        "website": "https://www.zns-kapuzinerkarree.de/",
        "wheelchair": "yes"
      },
      "geometry": {
        "type": "Point",
        "coordinates": [
          6.0858355,
          50.7721327
        ]
      },
      "id": "node/3165580661"
    },
    {
      "type": "Feature",
      "properties": {
        "@id": "node/3165594861",
        "addr:city": "Aachen",
        "addr:housenumber": "14",
        "addr:postcode": "52062",
        "addr:street": "Alter Posthof",
        "amenity": "doctors",
        "description": "Vielfach spezialisiertes Ärzteteam http://radiologie-aachen.de/aerzte-team/#aerzte-intro",
        "healthcare": "doctor",
        "healthcare:speciality": "radiology",
        "name": "Radiologie im Kapuzinerkarree",
        "phone": "+49 241 5595590",
        "website": "https://radiologie-aachen.de/",
        "wheelchair": "yes"
      },
      "geometry": {
        "type": "Point",
        "coordinates": [
          6.0866908,
          50.771962
        ]
      },
      "id": "node/3165594861"
    },
    {
      "type": "Feature",
      "properties": {
        "@id": "node/3197800212",
        "access": "yes",
        "alt_name": "Sparkassenforum",
        "building": "university",
        "contact:website": "https://www.rwth-aachen.de/cms/root/Studium/Im-Studium/Praktisch-im-Alltag/~brok/Lernraeume/?search=SuperC",
        "description": "Lernraum im SuperC mit 268 Arbeitsplätzen. Zugang über die Außentreppe vor dem SuperC. Behindertengerechter Zugang über das Foyer im SuperC.",
        "layer": "-1",
        "level": "-1",
        "name": "Sparkassen Forum",
        "note": "Schreibweise laut Webseite mit Deppen Leer Zeichen.",
        "opening_hours": "Mo-Fr 09:00-22:00",
        "room": "classroom",
        "wheelchair": "yes",
        "wheelchair:description": "Behindertengerechter Zugang über das Foyer im SuperC."
      },
      "geometry": {
        "type": "Point",
        "coordinates": [
          6.0787257,
          50.7781025
        ]
      },
      "id": "node/3197800212"
    },
    {
      "type": "Feature",
      "properties": {
        "@id": "node/3200845766",
        "addr:city": "Aachen",
        "addr:housenumber": "9",
        "addr:postcode": "52062",
        "addr:street": "Blondelstraße",
        "amenity": "nightclub",
        "contact:facebook": "https://www.facebook.com/NoxAachen",
        "name": "Club Nox",
        "operator": "2N8 Events UG",
        "phone": "+49 241 26304",
        "website": "https://nox.ac/"
      },
      "geometry": {
        "type": "Point",
        "coordinates": [
          6.0905644,
          50.7762093
        ]
      },
      "id": "node/3200845766"
    },
    {
      "type": "Feature",
      "properties": {
        "@id": "node/3202835923",
        "addr:city": "Aachen",
        "addr:housenumber": "214",
        "addr:postcode": "52080",
        "addr:street": "Von-Coels-Straße",
        "amenity": "ice_cream",
        "email": "info@eiscafe-annabella.de",
        "fax": "+49 241 94323 394",
        "level": "0",
        "name": "Eiscafé Annabella",
        "opening_hours": "Mar Mo-Su 14:00-19:00; Apr-Sep Mo-Su 12:00-20:00; Jan-Feb,Oct Mo-Su 14:00-19:00",
        "outdoor_seating": "yes",
        "phone": "+49 241 94323 393",
        "takeaway": "yes",
        "toilets:wheelchair": "yes",
        "website": "https://www.eiscafe-annabella.de/",
        "wheelchair": "yes"
      },
      "geometry": {
        "type": "Point",
        "coordinates": [
          6.1614072,
          50.7788583
        ]
      },
      "id": "node/3202835923"
    },
    {
      "type": "Feature",
      "properties": {
        "@id": "node/3211089436",
        "addr:city": "Aachen",
        "addr:housenumber": "1",
        "addr:street": "Rennbahn",
        "air_conditioning": "no",
        "amenity": "bar",
        "check_date": "2023-05-17",
        "internet_access": "wlan",
        "name": "Grotesque Absinth-Bar",
        "opening_hours": "17:00+; Tu off",
        "phone": "+49 241 47586835",
        "smoking": "outside",
        "wheelchair": "limited"
      },
      "geometry": {
        "type": "Point",
        "coordinates": [
          6.0821758,
          50.7746263
        ]
      },
      "id": "node/3211089436"
    },
    {
      "type": "Feature",
      "properties": {
        "@id": "node/3241894898",
        "amenity": "cafe",
        "name": "Cafè Miteinander"
      },
      "geometry": {
        "type": "Point",
        "coordinates": [
          6.1455527,
          50.7532288
        ]
      },
      "id": "node/3241894898"
    },
    {
      "type": "Feature",
      "properties": {
        "@id": "node/3241894899",
        "amenity": "doctors",
        "healthcare": "doctor",
        "name": "Praxis J.-S. Heise-Chang"
      },
      "geometry": {
        "type": "Point",
        "coordinates": [
          6.1435355,
          50.7546177
        ]
      },
      "id": "node/3241894899"
    },
    {
      "type": "Feature",
      "properties": {
        "@id": "node/3241894900",
        "amenity": "doctors",
        "healthcare": "physiotherapist",
        "name": "Praxis für Physiotherapie - Am Driescher Hof - Helmut Schütte",
        "wheelchair": "yes"
      },
      "geometry": {
        "type": "Point",
        "coordinates": [
          6.1432794,
          50.7544275
        ]
      },
      "id": "node/3241894900"
    },
    {
      "type": "Feature",
      "properties": {
        "@id": "node/3241894902",
        "amenity": "dentist",
        "healthcare": "dentist",
        "name": "Zahnärztliche Gemeinschaftspraxis Dr. Deifuß & Dr. Schädlich"
      },
      "geometry": {
        "type": "Point",
        "coordinates": [
          6.1428817,
          50.7540017
        ]
      },
      "id": "node/3241894902"
    },
    {
      "type": "Feature",
      "properties": {
        "@id": "node/3242450897",
        "amenity": "doctors",
        "healthcare": "doctor",
        "name": "Dr. med. Galina von Rothenburg"
      },
      "geometry": {
        "type": "Point",
        "coordinates": [
          6.1436581,
          50.7542086
        ]
      },
      "id": "node/3242450897"
    },
    {
      "type": "Feature",
      "properties": {
        "@id": "node/3242450900",
        "amenity": "doctors",
        "healthcare": "doctor",
        "healthcare:speciality": "anaesthetics",
        "name": "Praxis Steffen Kalmbach Facharzt für Anästhesiologie"
      },
      "geometry": {
        "type": "Point",
        "coordinates": [
          6.1434671,
          50.7545703
        ]
      },
      "id": "node/3242450900"
    },
    {
      "type": "Feature",
      "properties": {
        "@id": "node/3301284287",
        "addr:city": "Aachen",
        "addr:housenumber": "92",
        "addr:postcode": "52070",
        "addr:street": "Adalbertsteinweg",
        "amenity": "cafe",
        "cuisine": "regional",
        "level": "0",
        "name": "Cafeteria & Bistro | Leib-Gericht im Atrium",
        "opening_hours": "Mo-Fr 06:30-16:00",
        "phone": "+49 241 / 94 25 13 014",
        "smoking": "no",
        "website": "https://leib-gericht.de/imatrium.html"
      },
      "geometry": {
        "type": "Point",
        "coordinates": [
          6.1044095,
          50.7736682
        ]
      },
      "id": "node/3301284287"
    },
    {
      "type": "Feature",
      "properties": {
        "@id": "node/3355763932",
        "addr:city": "Aachen",
        "addr:country": "DE",
        "addr:housenumber": "16",
        "addr:postcode": "52078",
        "addr:street": "Hochstraße",
        "amenity": "cafe",
        "name": "Cafe Mobilé",
        "smoking": "no",
        "website": "https://www.mobile-brand.de/"
      },
      "geometry": {
        "type": "Point",
        "coordinates": [
          6.1647473,
          50.7474425
        ]
      },
      "id": "node/3355763932"
    },
    {
      "type": "Feature",
      "properties": {
        "@id": "node/3359964837",
        "addr:housenumber": "33",
        "addr:street": "Bahnhofstraße",
        "amenity": "pub",
        "indoor_seating": "yes",
        "name": "Bistro 33",
        "opening_hours": "Mo-Th 09:30-23:00; PH,Su 10:00-21:00; Fr,Sa 10:00-23:30",
        "outdoor_seating": "yes",
        "smoking": "outside",
        "wheelchair": "no"
      },
      "geometry": {
        "type": "Point",
        "coordinates": [
          6.0908867,
          50.7690739
        ]
      },
      "id": "node/3359964837"
    },
    {
      "type": "Feature",
      "properties": {
        "@id": "node/3366038266",
        "addr:housenumber": "15",
        "addr:street": "Kockerellstraße",
        "amenity": "bar",
        "check_date": "2024-03-26",
        "name": "Dry Bar",
        "opening_hours": "Tu-Th 18:30-01:00, Fr,Sa 18:30-03:00; Su,Mo off",
        "website": "https://dry-supperbar.de/"
      },
      "geometry": {
        "type": "Point",
        "coordinates": [
          6.0813531,
          50.7763759
        ]
      },
      "id": "node/3366038266"
    },
    {
      "type": "Feature",
      "properties": {
        "@id": "node/3413034401",
        "addr:housenumber": "10",
        "addr:street": "Wirichsbongardstraße",
        "amenity": "nightclub",
        "name": "Nightlife",
        "smoking": "separated",
        "wheelchair": "no"
      },
      "geometry": {
        "type": "Point",
        "coordinates": [
          6.0875757,
          50.7733491
        ]
      },
      "id": "node/3413034401"
    },
    {
      "type": "Feature",
      "properties": {
        "@id": "node/3478580035",
        "addr:city": "Aachen",
        "addr:housenumber": "117",
        "addr:postcode": "52070",
        "addr:street": "Friedrichstraße",
        "amenity": "cafe",
        "cuisine": "burger",
        "delivery": "no",
        "description": "Veganes Café, Kneipe, Bistro, Snackbar, Musikcafé,",
        "diet:vegan": "only",
        "diet:vegetarian": "yes",
        "email": "info@road-food.mobi",
        "internet_access": "wlan",
        "internet_access:fee": "no",
        "level": "0",
        "name": "Lolaparoli",
        "note": "Nach Diskussion wurde der Typ von \"Fast Food\" nach \"Cafe\" geändert, da dies in der Selbstbeschreibung auf der Webseite zuerst genannt wird. Das Lokal ist schwer in eine Schublade zu stecken. Siehe Beschreibung!",
        "opening_hours": "Su 17:00-24:00, We,Th 17:00-01:00, Fr,Sa 17:00-02:00",
        "phone": "+49 241 56520754",
        "takeaway": "yes",
        "website": "https://www.road-food.mobi/wordpress/212-2/",
        "wheelchair": "limited"
      },
      "geometry": {
        "type": "Point",
        "coordinates": [
          6.0992515,
          50.7699816
        ]
      },
      "id": "node/3478580035"
    },
    {
      "type": "Feature",
      "properties": {
        "@id": "node/3533909088",
        "addr:city": "Aachen",
        "addr:housenumber": "46",
        "addr:postcode": "52062",
        "addr:street": "Promenadenstraße",
        "amenity": "pub",
        "name": "Kiez Kini"
      },
      "geometry": {
        "type": "Point",
        "coordinates": [
          6.094213,
          50.7763238
        ]
      },
      "id": "node/3533909088"
    },
    {
      "type": "Feature",
      "properties": {
        "@id": "node/3554731309",
        "addr:city": "Aachen",
        "addr:country": "DE",
        "addr:housenumber": "17-19",
        "addr:postcode": "52062",
        "addr:street": "Holzgraben",
        "amenity": "dentist",
        "email": "praxis.aachen@doktor-z.net",
        "fax": "+4924155918152",
        "healthcare": "dentist",
        "name": "Dr. Z Zahnmedizinisches Zentrum Aachen",
        "opening_hours": "Mo-Tu,Th 09:00-17:00; We 11:00-19:00; Fr 08:00-14:00; PH off",
        "phone": "+4924155918151",
        "website": "http://www.aachen.doktor-z.net",
        "wheelchair": "yes"
      },
      "geometry": {
        "type": "Point",
        "coordinates": [
          6.0878204,
          50.7756511
        ]
      },
      "id": "node/3554731309"
    },
    {
      "type": "Feature",
      "properties": {
        "@id": "node/3576711922",
        "amenity": "pub",
        "check_date": "2024-02-20",
        "indoor_seating": "yes",
        "name": "Stehgraa",
        "opening_hours": "Tu-Sa 12:00-22:00",
        "outdoor_seating": "yes",
        "toilets:wheelchair": "no",
        "wheelchair": "no"
      },
      "geometry": {
        "type": "Point",
        "coordinates": [
          6.0864625,
          50.7732999
        ]
      },
      "id": "node/3576711922"
    },
    {
      "type": "Feature",
      "properties": {
        "@id": "node/3588291829",
        "addr:city": "Aachen",
        "addr:housenumber": "17",
        "addr:postcode": "52062",
        "addr:street": "Theaterplatz",
        "amenity": "doctors",
        "healthcare": "doctor",
        "healthcare:speciality": "ophthalmology",
        "level": "1",
        "name": "Zentrum für Augenheilkunde",
        "phone": "+49 241 16020550",
        "website": "https://www.zahk.de/",
        "wheelchair": "yes"
      },
      "geometry": {
        "type": "Point",
        "coordinates": [
          6.0881826,
          50.7723569
        ]
      },
      "id": "node/3588291829"
    },
    {
      "type": "Feature",
      "properties": {
        "@id": "node/3613398420",
        "amenity": "pub",
        "name": "Bistro Adler"
      },
      "geometry": {
        "type": "Point",
        "coordinates": [
          6.0885977,
          50.77302
        ]
      },
      "id": "node/3613398420"
    },
    {
      "type": "Feature",
      "properties": {
        "@id": "node/3616127664",
        "addr:city": "Aachen",
        "addr:housenumber": "10",
        "addr:postcode": "52072",
        "addr:street": "Rathausstraße",
        "amenity": "doctors",
        "contact:website": "https://www.kinderarztpraxis-laurensberg.de",
        "healthcare": "doctor",
        "healthcare:speciality": "paediatrics",
        "name": "Kinderarztpraxis Laurensberg",
        "opening_hours": "Mo-Fr 08:30-13:00, Mo,Tu,Th 14:30-17:30",
        "wheelchair": "yes"
      },
      "geometry": {
        "type": "Point",
        "coordinates": [
          6.0614408,
          50.7978829
        ]
      },
      "id": "node/3616127664"
    },
    {
      "type": "Feature",
      "properties": {
        "@id": "node/3626872183",
        "addr:city": "Aachen",
        "addr:housenumber": "35-39",
        "addr:postcode": "52062",
        "addr:street": "Theaterstraße",
        "amenity": "doctors",
        "description": "Fachärzte: Dr. med. Norbert Gerich, Dr. med. Martin Klutmann, Dr. med. Bruno Rösch",
        "email": "info@kardiologie-aachen.de",
        "healthcare": "doctor",
        "healthcare:speciality": "cardiology",
        "name": "Praxis für Kardiologie",
        "opening_hours": "\"by appointment\"",
        "phone": "+49 241 40005640",
        "website": "http://www.kardiologie-aachen.de/"
      },
      "geometry": {
        "type": "Point",
        "coordinates": [
          6.0915764,
          50.7710528
        ]
      },
      "id": "node/3626872183"
    },
    {
      "type": "Feature",
      "properties": {
        "@id": "node/3686804591",
        "amenity": "doctors",
        "healthcare": "doctor",
        "healthcare:speciality": "ophthalmology",
        "name": "Augenarzt Dr. Schmitz",
        "website": "https://www.augenarzt-schmitz.de"
      },
      "geometry": {
        "type": "Point",
        "coordinates": [
          6.0960394,
          50.7726115
        ]
      },
      "id": "node/3686804591"
    },
    {
      "type": "Feature",
      "properties": {
        "@id": "node/3686999163",
        "addr:city": "Aachen",
        "addr:housenumber": "51",
        "addr:postcode": "52062",
        "addr:street": "Harscampstraße",
        "amenity": "doctors",
        "healthcare": "doctor",
        "healthcare:speciality": "dermatology",
        "name": "Hautärztin Dr. med. Britta Heindl",
        "opening_hours": "Mo,Tu,Th 08:00-13:00,15:00-18:00; We,Fr 08:00-13:00",
        "phone": "+49 241 37064",
        "website": "https://www.dermatologie-im-zentrum.de",
        "wheelchair": "no"
      },
      "geometry": {
        "type": "Point",
        "coordinates": [
          6.0922013,
          50.7723209
        ]
      },
      "id": "node/3686999163"
    },
    {
      "type": "Feature",
      "properties": {
        "@id": "node/3718369877",
        "addr:city": "Aachen",
        "addr:housenumber": "55",
        "addr:postcode": "52062",
        "addr:street": "Alexanderstraße",
        "amenity": "cafe",
        "check_date:opening_hours": "2024-08-27",
        "cuisine": "coffee_shop",
        "diet:lactose_free": "yes",
        "diet:vegan": "yes",
        "diet:vegetarian": "yes",
        "indoor_seating": "yes",
        "internet_access": "wlan",
        "name": "Katzencafé Milou",
        "opening_hours": "We-Su 11:00-19:00",
        "outdoor_seating": "yes",
        "phone": "+49 241 99033650",
        "smoking": "outside",
        "theme": "cat",
        "website": "http://katzencafe-aachen.de",
        "wheelchair": "yes"
      },
      "geometry": {
        "type": "Point",
        "coordinates": [
          6.0906003,
          50.778642
        ]
      },
      "id": "node/3718369877"
    },
    {
      "type": "Feature",
      "properties": {
        "@id": "node/3735308454",
        "addr:city": "Aachen",
        "addr:country": "DE",
        "addr:housenumber": "10",
        "addr:postcode": "52066",
        "addr:street": "Schlossstraße",
        "amenity": "doctors",
        "email": "info@urologie-buecken.de",
        "fax": "+49 241 99 79 74 49",
        "healthcare": "doctor",
        "name": "Bücken",
        "opening_hours": "Mo-Fr 08:00-13:00, Mo,Tu,Th 08:00-17:00",
        "phone": "+49 241 99 77 30 90",
        "website": "http://www.urologie-buecken.de/",
        "wheelchair": "no"
      },
      "geometry": {
        "type": "Point",
        "coordinates": [
          6.1008021,
          50.7691301
        ]
      },
      "id": "node/3735308454"
    },
    {
      "type": "Feature",
      "properties": {
        "@id": "node/3739935372",
        "addr:city": "Aachen",
        "addr:housenumber": "5",
        "addr:postcode": "52072",
        "addr:street": "Rathausplatz",
        "addr:suburb": "Richterich",
        "amenity": "cafe",
        "email": "richterich@pausenbrot.de",
        "name": "Café Pausenbrot",
        "phone": "+49 241 955 16 800",
        "website": "https://www.pausenbrot.de/pausenbrot-richterich.html",
        "wheelchair": "limited"
      },
      "geometry": {
        "type": "Point",
        "coordinates": [
          6.0611274,
          50.811534
        ]
      },
      "id": "node/3739935372"
    },
    {
      "type": "Feature",
      "properties": {
        "@id": "node/3741106365",
        "amenity": "doctors",
        "healthcare": "doctor",
        "name": "Psychotherapie am Alleenring - Praxisgemeinschaft für Verhaltenstherapie",
        "opening_hours": "\"Termine nach telefonischer Vereinbarung\"",
        "phone": "+49 241 46860035",
        "website": "https://www.psychotherapie-alleenring.de/"
      },
      "geometry": {
        "type": "Point",
        "coordinates": [
          6.0832575,
          50.7803385
        ]
      },
      "id": "node/3741106365"
    },
    {
      "type": "Feature",
      "properties": {
        "@id": "node/3819464849",
        "addr:housenumber": "23",
        "addr:street": "Lothringerstraße",
        "amenity": "nightclub",
        "check_date": "2023-05-10",
        "name": "Raststätte",
        "website": "http://www.raststaette.org",
        "wheelchair": "limited"
      },
      "geometry": {
        "type": "Point",
        "coordinates": [
          6.0939241,
          50.7714725
        ]
      },
      "id": "node/3819464849"
    },
    {
      "type": "Feature",
      "properties": {
        "@id": "node/3819469585",
        "amenity": "dentist",
        "check_date": "2023-05-10",
        "healthcare": "dentist",
        "name": "Zahnarztpraxis Belladent",
        "opening_hours": "Mo-Tu 09:00-13:00,14:00-18:00; We,Fr 09:00-13:00; Th 09:00-13:00,14:00-19:00",
        "operator": "Dr. Wolfgang Hahn",
        "phone": "+49 241 37618"
      },
      "geometry": {
        "type": "Point",
        "coordinates": [
          6.0930708,
          50.7716337
        ]
      },
      "id": "node/3819469585"
    },
    {
      "type": "Feature",
      "properties": {
        "@id": "node/3830527797",
        "addr:city": "Aachen",
        "addr:country": "DE",
        "addr:housenumber": "5-6",
        "addr:postcode": "52062",
        "addr:street": "Friedrich-Wilhelm-Platz",
        "air_conditioning": "yes",
        "amenity": "bar",
        "indoor_seating": "yes",
        "level": "0",
        "name": "Champa Elysées",
        "opening_hours": "Mo-Sa 11:00-20:00; PH,Su off",
        "outdoor_seating": "no",
        "phone": "+49 241 401 9001",
        "smoking": "no",
        "website": "https://www.elisengalerie.de/geschaefte/detail/Champa-Elysees-8A/",
        "wheelchair": "yes"
      },
      "geometry": {
        "type": "Point",
        "coordinates": [
          6.088537,
          50.7738263
        ]
      },
      "id": "node/3830527797"
    },
    {
      "type": "Feature",
      "properties": {
        "@id": "node/3838566624",
        "alt_name": "Doctores Kaul",
        "amenity": "dentist",
        "email": "rezeption@doctores-kaul.de",
        "healthcare": "dentist",
        "name": "Dr. Kaul",
        "opening_hours": "Mo-Th 08:15-19:30; Fr 08:15-18:00; PH off",
        "phone": "+49 2408 80204",
        "toilets:wheelchair": "no",
        "website": "https://www.doctores-kaul.de/",
        "wheelchair": "limited"
      },
      "geometry": {
        "type": "Point",
        "coordinates": [
          6.1830141,
          50.708644
        ]
      },
      "id": "node/3838566624"
    },
    {
      "type": "Feature",
      "properties": {
        "@id": "node/3844300967",
        "addr:city": "Aachen",
        "addr:country": "DE",
        "addr:housenumber": "3",
        "addr:postcode": "52062",
        "addr:street": "Katschhof",
        "amenity": "doctors",
        "check_date:opening_hours": "2024-08-08",
        "entrance": "yes",
        "healthcare": "centre",
        "name": "Ärztezentrum Katschhof 3",
        "opening_hours:signed": "no",
        "website": "http://www.katschhof3.de"
      },
      "geometry": {
        "type": "Point",
        "coordinates": [
          6.0840758,
          50.7750567
        ]
      },
      "id": "node/3844300967"
    },
    {
      "type": "Feature",
      "properties": {
        "@id": "node/3875105263",
        "amenity": "pub",
        "name": "King's Pub"
      },
      "geometry": {
        "type": "Point",
        "coordinates": [
          6.0884488,
          50.7788505
        ]
      },
      "id": "node/3875105263"
    },
    {
      "type": "Feature",
      "properties": {
        "@id": "node/3882399062",
        "amenity": "dentist",
        "healthcare": "dentist",
        "name": "Dr Funk",
        "wheelchair": "yes"
      },
      "geometry": {
        "type": "Point",
        "coordinates": [
          6.1553579,
          50.7515649
        ]
      },
      "id": "node/3882399062"
    },
    {
      "type": "Feature",
      "properties": {
        "@id": "node/3888633857",
        "description": "Psychologische Psychotherapeutin in Aachen",
        "healthcare": "psychotherapist",
        "healthcare:speciality": "depth",
        "name": "Diplom-Psychologin Anja Haas",
        "note": "https://www.arzt-auskunft.de/arzt/psychologische-psychotherapeutin/aachen/anja-haas-3017471",
        "opening_hours": "\"Termine nach Vereinbarung\"",
        "operator": "AVT GmbH Köln",
        "phone": "+492411603344",
        "wheelchair": "no"
      },
      "geometry": {
        "type": "Point",
        "coordinates": [
          6.0933079,
          50.7722349
        ]
      },
      "id": "node/3888633857"
    },
    {
      "type": "Feature",
      "properties": {
        "@id": "node/3900470956",
        "addr:city": "Aachen",
        "addr:housenumber": "5",
        "addr:postcode": "52064",
        "addr:street": "Goethestraße",
        "amenity": "doctors",
        "healthcare": "doctor",
        "name": "Dr. Rainer Denzel",
        "opening_hours": "Mo-Fr 08:00-12:00, Tu,Th 14:00-16:30",
        "phone": "+49 241 48383",
        "website": "http://www.natgyn.de/praxisdaten",
        "wheelchair": "no"
      },
      "geometry": {
        "type": "Point",
        "coordinates": [
          6.0797982,
          50.7638396
        ]
      },
      "id": "node/3900470956"
    },
    {
      "type": "Feature",
      "properties": {
        "@id": "node/3983018991",
        "amenity": "cafe",
        "name": "Reitercafé"
      },
      "geometry": {
        "type": "Point",
        "coordinates": [
          6.0375674,
          50.7596337
        ]
      },
      "id": "node/3983018991"
    },
    {
      "type": "Feature",
      "properties": {
        "@id": "node/4054799333",
        "addr:city": "Aachen",
        "addr:housenumber": "46",
        "addr:postcode": "52066",
        "addr:street": "Oppenhoffallee",
        "amenity": "bar",
        "indoor_seating": "yes",
        "name": "HOBO",
        "opening_hours": "Tu-Sa 17:00-23:30",
        "operator": "HOBO – Reinartz & Mertes GbR",
        "outdoor_seating": "yes",
        "phone": "+49 241 56008098",
        "website": "https://hobo-aachen.de/",
        "wheelchair": "no"
      },
      "geometry": {
        "type": "Point",
        "coordinates": [
          6.1047395,
          50.769759
        ]
      },
      "id": "node/4054799333"
    },
    {
      "type": "Feature",
      "properties": {
        "@id": "node/4108573925",
        "addr:city": "Aachen",
        "addr:country": "DE",
        "addr:housenumber": "16",
        "addr:postcode": "52062",
        "addr:street": "Elisabethstraße",
        "amenity": "cinema",
        "email": "info@filmstudio-aachen.de",
        "name": "Filmstudio an der RWTH Aachen e.V.",
        "opening_hours": "Mo 10:00-11:00; Th 15:00-16:00; Tu,We,Fr,Sa,Su,PH off",
        "operator": "Filmstudio an der RWTH Aachen e.V.",
        "phone": "+49 241 8095468",
        "toilets:wheelchair": "no",
        "website": "https://www.filmstudio.rwth-aachen.de/",
        "wheelchair": "no"
      },
      "geometry": {
        "type": "Point",
        "coordinates": [
          6.0849425,
          50.7731156
        ]
      },
      "id": "node/4108573925"
    },
    {
      "type": "Feature",
      "properties": {
        "@id": "node/4115987511",
        "healthcare": "physiotherapist",
        "name": "Peter Wenning",
        "phone": "+49 241 5590495"
      },
      "geometry": {
        "type": "Point",
        "coordinates": [
          6.1584532,
          50.7798381
        ]
      },
      "id": "node/4115987511"
    },
    {
      "type": "Feature",
      "properties": {
        "@id": "node/4132233189",
        "addr:city": "Aachen",
        "addr:country": "DE",
        "addr:housenumber": "21",
        "addr:postcode": "52066",
        "addr:street": "Burtscheider Markt",
        "amenity": "cafe",
        "indoor_seating": "yes",
        "name": "LENI'S",
        "opening_hours": "Mo-Su 09:00-18:00",
        "outdoor_seating": "yes",
        "phone": "+49 241 99020999",
        "smoking": "outside",
        "website": "https://www.lenisladen.de/",
        "wheelchair": "yes"
      },
      "geometry": {
        "type": "Point",
        "coordinates": [
          6.0922099,
          50.7626357
        ]
      },
      "id": "node/4132233189"
    },
    {
      "type": "Feature",
      "properties": {
        "@id": "node/4136872908",
        "addr:city": "Aachen",
        "addr:housenumber": "64",
        "addr:postcode": "52066",
        "addr:street": "Erzbergerallee",
        "amenity": "doctors",
        "check_date:opening_hours": "2023-04-25",
        "description": "Dr. Martin Nellessen | Dr. med. Jochen Kühn | Dr. med. Elke Adhami",
        "healthcare": "doctor",
        "name": "Gemeinschaftspraxis Beverau",
        "opening_hours": "Mo-Fr 07:30-12:00, Mo,Tu,Th 16:00-18:00",
        "phone": "+49 241 66926",
        "website": "https://www.praxis-beverau.de/",
        "wheelchair": "no"
      },
      "geometry": {
        "type": "Point",
        "coordinates": [
          6.1111353,
          50.7614449
        ]
      },
      "id": "node/4136872908"
    },
    {
      "type": "Feature",
      "properties": {
        "@id": "node/4139100069",
        "addr:city": "Aachen",
        "addr:housenumber": "22",
        "addr:postcode": "52074",
        "addr:street": "Neuenhofer Weg",
        "amenity": "clinic",
        "healthcare": "clinic",
        "healthcare:speciality": "psychiatry;child_psychiatry",
        "name": "Institutsambulanz - Klinik für Kinder- und Jugendpsychiatrie",
        "operator": "Uniklinik RWTH Aachen"
      },
      "geometry": {
        "type": "Point",
        "coordinates": [
          6.0437396,
          50.7726794
        ]
      },
      "id": "node/4139100069"
    },
    {
      "type": "Feature",
      "properties": {
        "@id": "node/4140314476",
        "addr:city": "Aachen",
        "addr:housenumber": "2",
        "addr:postcode": "52062",
        "addr:street": "Theaterplatz",
        "amenity": "doctors",
        "description": "Hautarzt",
        "email": "info@dermatologie-am-theater.de",
        "fax": "+49 241 70192109",
        "healthcare": "doctor",
        "healthcare:speciality": "dermatology",
        "name": "Dermatologie am Theater",
        "opening_hours": "Mo-We,Fr 08:00-13:00, Th 08:00-13:30, Mo 15:00-19:00, Tu 14:30-16:00, Th 15:00-19:00, Fr 15:30-18:30",
        "operator": "Christine Wigand und Dr. med. Rebecca Löhrer",
        "phone": "+49 241 70192107",
        "website": "https://dermatologie-am-theater.de/Startseite/",
        "wheelchair": "limited"
      },
      "geometry": {
        "type": "Point",
        "coordinates": [
          6.0861871,
          50.7724541
        ]
      },
      "id": "node/4140314476"
    },
    {
      "type": "Feature",
      "properties": {
        "@id": "node/4179587974",
        "addr:city": "Aachen",
        "addr:housenumber": "45",
        "addr:postcode": "52064",
        "addr:street": "Südstraße",
        "amenity": "cafe",
        "contact:facebook": "https://www.facebook.com/Leylas-1374354159542141/timeline?ref=page_internal",
        "contact:website": "http://www.leyla-s.de",
        "cuisine": "tunisian",
        "diet:vegan": "yes",
        "diet:vegetarian": "yes",
        "name": "Leyla´s | Café & Kultur",
        "opening_hours": "We 18:00-22:00; Fr 18:00-23:00",
        "smoking": "no"
      },
      "geometry": {
        "type": "Point",
        "coordinates": [
          6.0815183,
          50.7667291
        ]
      },
      "id": "node/4179587974"
    },
    {
      "type": "Feature",
      "properties": {
        "@id": "node/4182162138",
        "addr:city": "Aachen",
        "addr:housenumber": "260",
        "addr:postcode": "52078",
        "addr:street": "Trierer Straße",
        "amenity": "cafe",
        "internet_access": "wlan",
        "name": "Café Brücke",
        "smoking": "no"
      },
      "geometry": {
        "type": "Point",
        "coordinates": [
          6.1317732,
          50.7637339
        ]
      },
      "id": "node/4182162138"
    },
    {
      "type": "Feature",
      "properties": {
        "@id": "node/4223308989",
        "amenity": "bar",
        "name": "Elephant Bar"
      },
      "geometry": {
        "type": "Point",
        "coordinates": [
          6.0910218,
          50.7812736
        ]
      },
      "id": "node/4223308989"
    },
    {
      "type": "Feature",
      "properties": {
        "@id": "node/4290935912",
        "addr:city": "Aachen",
        "addr:housenumber": "36-40",
        "addr:postcode": "52066",
        "addr:street": "Kapellenstraße",
        "brand": "Alnatura",
        "brand:wikidata": "Q876811",
        "brand:wikipedia": "en:Alnatura",
        "check_date:opening_hours": "2025-03-05",
        "name": "Alnatura Super Natur Markt",
        "opening_hours": "Mo-Sa 08:00-20:00",
        "organic": "only",
        "shop": "supermarket",
        "short_name": "Alnatura",
        "wheelchair": "yes"
      },
      "geometry": {
        "type": "Point",
        "coordinates": [
          6.0929509,
          50.7604229
        ]
      },
      "id": "node/4290935912"
    },
    {
      "type": "Feature",
      "properties": {
        "@id": "node/4352730510",
        "addr:housenumber": "42",
        "addr:street": "Annastraße",
        "amenity": "doctors",
        "healthcare": "doctor",
        "healthcare:speciality": "orthopaedics",
        "name": "Orthopädie & Unfallchirurgie Dr. med. Jens Krug, Meike Hutzenlaub",
        "opening_hours": "Mo-Fr 08:00-12:00, Mo,Tu,Th 14:00-16:30",
        "phone": "+4924135501",
        "website": "https://www.orthopaedie-krug.de"
      },
      "geometry": {
        "type": "Point",
        "coordinates": [
          6.080683,
          50.773261
        ]
      },
      "id": "node/4352730510"
    },
    {
      "type": "Feature",
      "properties": {
        "@id": "node/4369295792",
        "addr:city": "Aachen",
        "addr:country": "DE",
        "addr:housenumber": "102",
        "addr:postcode": "52066",
        "addr:street": "Bismarckstraße",
        "amenity": "ice_cream",
        "diet:vegan": "yes",
        "name": "Gelato e Cioccolato",
        "opening_hours": "PH,Mo-Su 12:00-18:00+"
      },
      "geometry": {
        "type": "Point",
        "coordinates": [
          6.107364,
          50.7689619
        ]
      },
      "id": "node/4369295792"
    },
    {
      "type": "Feature",
      "properties": {
        "@id": "node/4402119192",
        "addr:city": "Aachen",
        "addr:country": "DE",
        "addr:housenumber": "331",
        "addr:postcode": "52078",
        "addr:street": "Trierer Straße",
        "amenity": "doctors",
        "healthcare": "doctor",
        "healthcare:speciality": "internal",
        "name": "Dr. Nassri",
        "phone": "+49 241 523288"
      },
      "geometry": {
        "type": "Point",
        "coordinates": [
          6.1381509,
          50.761237
        ]
      },
      "id": "node/4402119192"
    },
    {
      "type": "Feature",
      "properties": {
        "@id": "node/4419933211",
        "addr:city": "Aachen",
        "addr:country": "DE",
        "addr:housenumber": "100",
        "addr:postcode": "52062",
        "addr:street": "Adalbertstraße",
        "brand": "REWE",
        "brand:wikidata": "Q16968817",
        "brand:wikipedia": "de:Rewe",
        "check_date:opening_hours": "2023-08-19",
        "contact:phone": "+49 241 90053298",
        "contact:website": "https://www.rewe.de/marktseite/rewe-markt-aachen-kaiserplatz",
        "level": "-1",
        "name": "REWE",
        "opening_hours": "Mo-Sa 08:00-20:30; Su,PH off",
        "operator": "REWE Markt GmbH",
        "payment:bancomat": "yes",
        "payment:cash": "yes",
        "payment:girocard": "yes",
        "payment:maestro": "yes",
        "payment:mastercard": "yes",
        "payment:visa": "yes",
        "shop": "supermarket",
        "wheelchair": "yes"
      },
      "geometry": {
        "type": "Point",
        "coordinates": [
          6.0941819,
          50.7747443
        ]
      },
      "id": "node/4419933211"
    },
    {
      "type": "Feature",
      "properties": {
        "@id": "node/4433080397",
        "addr:city": "Aachen",
        "addr:housenumber": "18",
        "addr:postcode": "52078",
        "addr:street": "Marktstraße",
        "amenity": "doctors",
        "healthcare": "doctor",
        "healthcare:speciality": "gynaecology",
        "name": "Dr. Conrads"
      },
      "geometry": {
        "type": "Point",
        "coordinates": [
          6.1619075,
          50.7485471
        ]
      },
      "id": "node/4433080397"
    },
    {
      "type": "Feature",
      "properties": {
        "@id": "node/4434963790",
        "addr:city": "Aachen",
        "addr:country": "DE",
        "addr:housenumber": "176-178",
        "addr:postcode": "52078",
        "addr:street": "Trierer Straße",
        "amenity": "doctors",
        "healthcare": "doctor",
        "healthcare:speciality": "cardiology",
        "name": "Kardiointern",
        "opening_hours": "Mo,Tu,Th 08:00-17:00; We,Fr 08:00-12:00",
        "operator": "Dr. med. Britta Elkenhans",
        "website": "https://kardiointern.de/"
      },
      "geometry": {
        "type": "Point",
        "coordinates": [
          6.1270466,
          50.7658355
        ]
      },
      "id": "node/4434963790"
    },
    {
      "type": "Feature",
      "properties": {
        "@id": "node/4435004989",
        "addr:city": "Aachen",
        "addr:housenumber": "10",
        "addr:postcode": "52078",
        "addr:street": "Karl-Kuck-Straße",
        "amenity": "doctors",
        "healthcare": "doctor",
        "healthcare:speciality": "ophthalmology",
        "name": "Augenzentrum Aachen-Brand",
        "opening_hours": "Mo-Fr 08:00-12:00; Mo-Th 14:00-17:00",
        "phone": "+49 241 524047",
        "website": "http://www.augenzentrumbrand.de/"
      },
      "geometry": {
        "type": "Point",
        "coordinates": [
          6.1590578,
          50.7524745
        ]
      },
      "id": "node/4435004989"
    },
    {
      "type": "Feature",
      "properties": {
        "@id": "node/4436586211",
        "addr:city": "Aachen",
        "addr:housenumber": "59",
        "addr:postcode": "52066",
        "addr:street": "Höfchensweg",
        "amenity": "dentist",
        "name": "Dr. Marc Gustav",
        "note": "Alle Kassen und Privat.",
        "opening_hours": "Mo-Th 08:00-13:00,14:00-17:00; Fr 08:00-14:00",
        "phone": "+49 (0)241.603303",
        "website": "https://www.dr-gustav.de/index.php?rub_id=1"
      },
      "geometry": {
        "type": "Point",
        "coordinates": [
          6.0810219,
          50.7499867
        ]
      },
      "id": "node/4436586211"
    },
    {
      "type": "Feature",
      "properties": {
        "@id": "node/4464826254",
        "amenity": "biergarten",
        "horse": "yes",
        "note": "Biergarten mit Anbindebalken"
      },
      "geometry": {
        "type": "Point",
        "coordinates": [
          6.185354,
          50.7999593
        ]
      },
      "id": "node/4464826254"
    },
    {
      "type": "Feature",
      "properties": {
        "@id": "node/4471879600",
        "addr:city": "Aachen",
        "addr:housenumber": "38",
        "addr:postcode": "52064",
        "addr:street": "Boxgraben",
        "amenity": "doctors",
        "check_date:opening_hours": "2023-05-17",
        "healthcare": "doctor",
        "healthcare:speciality": "gynaecology",
        "name": "Frauenarztpraxis Dr. Eva Wagner",
        "opening_hours": "Mo 08:00-13:00,17:00-20:00; Tu 08:00-12:00,15:00-18:00; We 07:00-14:00; Th 08:00-12:00,16:00-19:00; Fr 08:00-14:00",
        "source": "survey",
        "wheelchair": "limited",
        "wheelchair:description": "Haustüre öffnet nicht automatisch. Aufzugtüre in Paterre extrem schwergängig. Aufzug sehr eng sollte rückwärts eingefahren werden."
      },
      "geometry": {
        "type": "Point",
        "coordinates": [
          6.0836408,
          50.7687649
        ]
      },
      "id": "node/4471879600"
    },
    {
      "type": "Feature",
      "properties": {
        "@id": "node/4502211019",
        "addr:city": "Aachen",
        "addr:housenumber": "43",
        "addr:postcode": "52066",
        "addr:street": "Krugenofen",
        "amenity": "doctors",
        "check_date:opening_hours": "2024-03-10",
        "healthcare": "doctor",
        "name": "Galina Kurz",
        "opening_hours": "Mo,Th 08:30-12:30,16:00-18:00; Tu,We,Fr 08:30-12:30; Sa,Su,PH off",
        "phone": "+49 241 62682",
        "website": "http://www.galina-kurz.de/",
        "wheelchair": "no"
      },
      "geometry": {
        "type": "Point",
        "coordinates": [
          6.0880608,
          50.7629487
        ]
      },
      "id": "node/4502211019"
    },
    {
      "type": "Feature",
      "properties": {
        "@id": "node/4506513557",
        "addr:city": "Aachen",
        "addr:housenumber": "172",
        "addr:postcode": "52078",
        "addr:street": "Trierer Straße",
        "amenity": "doctors",
        "email": "info@praxis-kamitz.de",
        "fax": "+49 241 575677",
        "healthcare": "doctor",
        "healthcare:speciality": "paediatrics;pediatric_rheumatology;pediatrics",
        "name": "Kinder- und Jugendarztpraxis Kamitz",
        "opening_hours": "Mo-Fr 08:30-12:00, Mo,Tu,Th 15:00-17:30; Sa,Su,PH off",
        "operator": "Dr. med. Dirk Kamitz",
        "phone": "+49 241 59317",
        "website": "https://kinderarzt-kamitz.de",
        "wheelchair": "yes"
      },
      "geometry": {
        "type": "Point",
        "coordinates": [
          6.126331,
          50.765966
        ]
      },
      "id": "node/4506513557"
    },
    {
      "type": "Feature",
      "properties": {
        "@id": "node/4524664408",
        "addr:city": "Aachen",
        "addr:housenumber": "119",
        "addr:postcode": "52080",
        "addr:street": "Severinstraße",
        "amenity": "dentist",
        "email": "info@zaehne-ok.de",
        "fax": "+49 241 9513353",
        "healthcare": "dentist",
        "name": "Zahnarztpraxis Katherine Wetzel",
        "opening_hours": "Mo-Th 08:00-12:00,14:00-18:00; We,Fr 08:00-12:00",
        "phone": "+49 241 550810",
        "website": "http://zaehne-ok.de/",
        "wheelchair": "yes"
      },
      "geometry": {
        "type": "Point",
        "coordinates": [
          6.1542945,
          50.7811789
        ]
      },
      "id": "node/4524664408"
    },
    {
      "type": "Feature",
      "properties": {
        "@id": "node/4538491033",
        "addr:city": "Aachen",
        "addr:housenumber": "2a",
        "addr:postcode": "52066",
        "addr:street": "Viehhofstraße",
        "addr:suburb": "Burtscheid",
        "amenity": "doctors",
        "check_date": "2024-02-02",
        "description": "Diagnostik und Therapie aller Erkrankungen der klassischen Dermatologie und Allergologie.",
        "email": "info@aquis-derma.de",
        "healthcare": "doctor",
        "healthcare:speciality": "dermatology",
        "name": "Julia Hepp",
        "opening_hours": "Mo-Fr 08:30-12:00, Mo,Tu 14:00-16:00, We 15:00-18:00",
        "phone": "+49241 66327",
        "website": "https://www.aquis-derma.de/"
      },
      "geometry": {
        "type": "Point",
        "coordinates": [
          6.0936547,
          50.7609829
        ]
      },
      "id": "node/4538491033"
    },
    {
      "type": "Feature",
      "properties": {
        "@id": "node/4556154584",
        "addr:city": "Aachen",
        "addr:housenumber": "34",
        "addr:postcode": "52070",
        "addr:street": "Adalbertsteinweg",
        "brand": "Penny",
        "brand:wikidata": "Q284688",
        "brand:wikipedia": "en:Penny (supermarket)",
        "name": "PENNY",
        "opening_hours": "Mo-Sa 08:00-22:00",
        "shop": "supermarket",
        "website": "https://www.penny.de/startseite/",
        "wheelchair": "yes"
      },
      "geometry": {
        "type": "Point",
        "coordinates": [
          6.0996271,
          50.7743096
        ]
      },
      "id": "node/4556154584"
    },
    {
      "type": "Feature",
      "properties": {
        "@id": "node/4562907023",
        "addr:city": "Aachen",
        "addr:housenumber": "178",
        "addr:postcode": "52062",
        "addr:street": "Pontstraße",
        "amenity": "bar",
        "check_date": "2023-05-09",
        "description": "Shisha - Nightlife - Events",
        "name": "LAVA Lounge",
        "opening_hours": "Su-Th 15:00-02:00, Fr,Sa 15:00-05:00",
        "operator": "Zana Ali",
        "outdoor_seating": "yes",
        "phone": "+49 241 99776557",
        "smoking": "no",
        "website": "https://www.lava-lounge.de/",
        "wheelchair": "yes"
      },
      "geometry": {
        "type": "Point",
        "coordinates": [
          6.0789243,
          50.7811736
        ]
      },
      "id": "node/4562907023"
    },
    {
      "type": "Feature",
      "properties": {
        "@id": "node/4567042026",
        "amenity": "doctors",
        "healthcare": "doctor",
        "healthcare:speciality": "general",
        "name": "Hausarztpraxis Dr. Karsten Oppermann",
        "opening_hours": "Mo-Fr 08:00-11:30; Tu,Th 08:00-11:30,16:00-18:30"
      },
      "geometry": {
        "type": "Point",
        "coordinates": [
          6.1582359,
          50.7792721
        ]
      },
      "id": "node/4567042026"
    },
    {
      "type": "Feature",
      "properties": {
        "@id": "node/4588835030",
        "addr:city": "Aachen",
        "addr:country": "DE",
        "addr:housenumber": "333",
        "addr:postcode": "52078",
        "addr:street": "Trierer Straße",
        "amenity": "doctors",
        "healthcare": "doctor",
        "healthcare:speciality": "general",
        "name": "Dr. Kerstin Tharau",
        "opening_hours": "Mo, Tu, Th 08:00-12:00, 16:00-18:00; We, Fr 08:00-11:30",
        "phone": "+49 241 562015",
        "website": "https://www.praxis-tharau.de/"
      },
      "geometry": {
        "type": "Point",
        "coordinates": [
          6.138287,
          50.7611804
        ]
      },
      "id": "node/4588835030"
    },
    {
      "type": "Feature",
      "properties": {
        "@id": "node/4588835041",
        "addr:city": "Aachen",
        "addr:country": "DE",
        "addr:housenumber": "325",
        "addr:postcode": "52078",
        "addr:street": "Trierer Straße",
        "amenity": "ice_cream",
        "name": "Eiscafé Bellenzier"
      },
      "geometry": {
        "type": "Point",
        "coordinates": [
          6.13778,
          50.7614005
        ]
      },
      "id": "node/4588835041"
    },
    {
      "type": "Feature",
      "properties": {
        "@id": "node/4659049066",
        "addr:city": "Aachen",
        "addr:country": "DE",
        "addr:housenumber": "29-31",
        "addr:postcode": "52062",
        "addr:street": "Markt",
        "brand": "REWE",
        "brand:wikidata": "Q16968817",
        "brand:wikipedia": "de:Rewe",
        "check_date:opening_hours": "2025-02-11",
        "contact:phone": "+49 241 4091083",
        "contact:website": "https://www.rewe.de/marktseite/aachen/1763237/rewe-markt-markt-29-31/",
        "name": "REWE City",
        "opening_hours": "Mo-Sa 07:00-22:00; Su,PH off",
        "operator": "REWE Markt GmbH",
        "shop": "supermarket",
        "wheelchair": "yes"
      },
      "geometry": {
        "type": "Point",
        "coordinates": [
          6.0830939,
          50.7764433
        ]
      },
      "id": "node/4659049066"
    },
    {
      "type": "Feature",
      "properties": {
        "@id": "node/4677926193",
        "addr:city": "Aachen",
        "addr:housenumber": "30",
        "addr:postcode": "52064",
        "addr:street": "Löhergraben",
        "amenity": "doctors",
        "check_date:opening_hours": "2024-04-13",
        "email": "webmaster@bertram-helg.de",
        "healthcare": "doctor",
        "healthcare:speciality": "ophthalmology",
        "name": "Bertram & Helg | Augenarztpraxis",
        "opening_hours": "Mo-Fr 08:00-12:00",
        "phone": "+49 241 20236",
        "website": "https://www.bertram-helg.de/"
      },
      "geometry": {
        "type": "Point",
        "coordinates": [
          6.0780269,
          50.7727817
        ]
      },
      "id": "node/4677926193"
    },
    {
      "type": "Feature",
      "properties": {
        "@id": "node/4747399473",
        "addr:city": "Aachen",
        "addr:country": "DE",
        "addr:housenumber": "13",
        "addr:postcode": "52062",
        "addr:street": "Büchel",
        "amenity": "cafe",
        "name": "Mehlwölkchen",
        "opening_hours": "Mo-Su 09:30-19:00",
        "website": "https://www.mehlwoelkchen.com/",
        "wheelchair": "limited"
      },
      "geometry": {
        "type": "Point",
        "coordinates": [
          6.0852633,
          50.7763977
        ]
      },
      "id": "node/4747399473"
    },
    {
      "type": "Feature",
      "properties": {
        "@id": "node/4766708828",
        "amenity": "bar",
        "indoor_seating": "yes",
        "name": "Lotus Lounge",
        "name:de": "Lotus Lounge",
        "outdoor_seating": "no"
      },
      "geometry": {
        "type": "Point",
        "coordinates": [
          6.099047,
          50.7746895
        ]
      },
      "id": "node/4766708828"
    },
    {
      "type": "Feature",
      "properties": {
        "@id": "node/4868211130",
        "addr:city": "Aachen",
        "addr:housenumber": "25",
        "addr:postcode": "52064",
        "addr:street": "Kasernenstraße",
        "amenity": "doctors",
        "description": "Ambulante und operative Diagnostik und Therapie bei unerfüllten Kinderwunsch und Hormonstörungen.",
        "email": "kinderwunsch-aachen@t-online.de",
        "healthcare": "doctor",
        "healthcare:speciality": "fertility",
        "name": "Kinderwunschzentrum Aachen",
        "opening_hours": "Mo-Fr 08:30-13:00, Mo,Tu,Th 15:00-17:00",
        "phone": "+49241 99774140",
        "website": "https://www.kinderwunsch-aachen.de/index.html"
      },
      "geometry": {
        "type": "Point",
        "coordinates": [
          6.0834567,
          50.7693938
        ]
      },
      "id": "node/4868211130"
    },
    {
      "type": "Feature",
      "properties": {
        "@id": "node/4907848958",
        "addr:city": "Aachen",
        "addr:housenumber": "6",
        "addr:postcode": "52062",
        "addr:street": "Buchkremerstraße",
        "amenity": "cafe",
        "contact:facebook": "leniliebtkaffee",
        "contact:phone": "+49 241 57600195",
        "contact:website": "http://leniliebtkaffee.de",
        "cuisine": "cake;coffee_shop;tea",
        "description": "Leni liebt Kaffee ist eine Mikroroesterei in Aachen. Bei uns kann man taeglich den Weg der gruenen Rohbohne, über den Roester bis hin in die Tasse verfolgen.",
        "diet:vegetarian": "yes",
        "indoor_seating": "yes",
        "name": "Leni liebt Kaffee",
        "opening_hours": "Mo-Fr 08:00+; PH,Sa,Su 09:00+",
        "opening_hours:kitchen": "Mo-Th 08:00-21:00; Fr 08:00-22:00; Sa 09:00-22:00; Su 09:00-21:00",
        "outdoor_seating": "yes",
        "payment:cash": "yes",
        "payment:credit_cards": "no",
        "payment:girocard": "yes",
        "smoking": "outside",
        "toilets:wheelchair": "yes",
        "wheelchair": "limited"
      },
      "geometry": {
        "type": "Point",
        "coordinates": [
          6.0859814,
          50.7751605
        ]
      },
      "id": "node/4907848958"
    },
    {
      "type": "Feature",
      "properties": {
        "@id": "node/4952002221",
        "addr:city": "Aachen",
        "addr:housenumber": "15",
        "addr:postcode": "52062",
        "addr:street": "Sandkaulstraße",
        "amenity": "cafe",
        "cuisine": "quiche;breakfast;cake",
        "diet:vegan": "yes",
        "diet:vegetarian": "yes",
        "email": "alex@juli-cafe.de",
        "internet_access": "wlan",
        "internet_access:fee": "no",
        "name": "Café Juli",
        "opening_hours": "Jun-Aug: Mo,Tu off; Jun-Aug: We-Sa 09:30-15:00; Jun-Aug: Su 09:30-14:00",
        "organic": "only",
        "outdoor_seating": "yes",
        "phone": "+49 241 99033193",
        "smoking": "no",
        "website": "https://www.cafe-juli-aachen.de/"
      },
      "geometry": {
        "type": "Point",
        "coordinates": [
          6.088358,
          50.7790114
        ]
      },
      "id": "node/4952002221"
    },
    {
      "type": "Feature",
      "properties": {
        "@id": "node/4953284921",
        "amenity": "cafe",
        "brand": "WonderWaffel",
        "brand:wikidata": "Q105051786",
        "brand:wikipedia": "nl:WonderWaffel",
        "check_date": "2024-03-26",
        "cuisine": "waffle",
        "diet:vegetarian": "yes",
        "internet_access": "wlan",
        "name": "WonderWaffel",
        "opening_hours": "Mo-Su 12:00-21:00",
        "takeaway": "yes",
        "website": "https://www.wonderwaffel.de/",
        "wheelchair": "limited"
      },
      "geometry": {
        "type": "Point",
        "coordinates": [
          6.0864114,
          50.7724704
        ]
      },
      "id": "node/4953284921"
    },
    {
      "type": "Feature",
      "properties": {
        "@id": "node/5007121021",
        "addr:city": "Aachen",
        "addr:housenumber": "6",
        "addr:postcode": "52074",
        "addr:street": "Hainbuchenstraße",
        "amenity": "bar",
        "name": "The Screaming Squirrel - Die FAHO Bar",
        "opening_hours": "We 21:00-24:00",
        "operator": "FAHO",
        "smoking": "outside",
        "wheelchair": "yes"
      },
      "geometry": {
        "type": "Point",
        "coordinates": [
          6.067053,
          50.7781679
        ]
      },
      "id": "node/5007121021"
    },
    {
      "type": "Feature",
      "properties": {
        "@id": "node/5067354059",
        "addr:city": "Aachen",
        "addr:housenumber": "1",
        "addr:postcode": "52064",
        "addr:street": "Am Lavenstein",
        "amenity": "dentist",
        "healthcare": "dentist",
        "name": "Andreas Vinkeloe",
        "opening_hours": "\"Termine nach Vereinbarung\"",
        "phone": "+49 241 21911"
      },
      "geometry": {
        "type": "Point",
        "coordinates": [
          6.0752376,
          50.7689197
        ]
      },
      "id": "node/5067354059"
    },
    {
      "type": "Feature",
      "properties": {
        "@id": "node/5068111709",
        "addr:city": "Aachen",
        "addr:housenumber": "39-43",
        "addr:postcode": "52062",
        "addr:street": "Stiftstraße",
        "amenity": "cafe",
        "check_date": "2024-01-13",
        "indoor_seating": "yes",
        "name": "Das Loft Cafe",
        "opening_hours": "Mo-Sa 09:00-17:00",
        "outdoor_seating": "no",
        "phone": "+49 241 56002981",
        "website": "https://das-loft-cafe.metro.bar/"
      },
      "geometry": {
        "type": "Point",
        "coordinates": [
          6.0942922,
          50.7756727
        ]
      },
      "id": "node/5068111709"
    },
    {
      "type": "Feature",
      "properties": {
        "@id": "node/5110492500",
        "addr:city": "Aachen",
        "addr:housenumber": "19",
        "addr:postcode": "52064",
        "addr:street": "Alexianergraben",
        "amenity": "doctors",
        "description": "Dr. med. Hartmut Becher | Arzt für Innere Medizin und Nieren-/Hochdruckkrankheiten und Dr. med. Christiane Rosenberg Ärztin für Allgemeinmedizin, Notfallmedizin.",
        "fax": "+49241 21202",
        "healthcare": "doctor",
        "healthcare:speciality": "internal;psychiatry;general;Pulmologie;Nephrologie",
        "level": "0",
        "name": "Gemeinschaftspraxis Dr. Hartmut Becher",
        "note": "Dr. med. Bernhard Grundmann Arzt für Innere Medizin, Diabetologe DDG hat nur noch 2 mal die Woche Sprechstunde. - http://www.praxis-dr-becher.ac/praxisspektrum.html",
        "opening_hours": "Mo-Fr 09:00-12:00, Mo 15:00-17:00, Th 16:00-18:00",
        "operator": "Dr. Hartmut Becher",
        "phone": "+49 241 21202",
        "website": "http://www.praxis-dr-becher.ac/",
        "wheelchair": "limited"
      },
      "geometry": {
        "type": "Point",
        "coordinates": [
          6.0832504,
          50.7720001
        ]
      },
      "id": "node/5110492500"
    },
    {
      "type": "Feature",
      "properties": {
        "@id": "node/5130421032",
        "amenity": "bar",
        "check_date:opening_hours": "2021-08-22",
        "contact:facebook": "https://www.facebook.com/thewingmanbeerandbooze",
        "name": "The Wingman",
        "opening_hours": "Tu-Sa 18:30+",
        "outdoor_seating": "no",
        "wheelchair": "yes"
      },
      "geometry": {
        "type": "Point",
        "coordinates": [
          6.0808178,
          50.7764077
        ]
      },
      "id": "node/5130421032"
    },
    {
      "type": "Feature",
      "properties": {
        "@id": "node/5178865720",
        "amenity": "health_centre",
        "healthcare": "physiotherapist",
        "leisure": "fitness_centre",
        "name": "Gesundheitszentrum Walheim"
      },
      "geometry": {
        "type": "Point",
        "coordinates": [
          6.1808864,
          50.7059141
        ]
      },
      "id": "node/5178865720"
    },
    {
      "type": "Feature",
      "properties": {
        "@id": "node/5181744521",
        "addr:city": "Aachen",
        "addr:housenumber": "5-6",
        "addr:postcode": "52062",
        "addr:street": "Friedrich-Wilhelm-Platz",
        "amenity": "doctors",
        "healthcare": "doctor",
        "healthcare:speciality": "pulmonology",
        "level": "3",
        "name": "Dr. med. D.B. Knie",
        "phone": "+49 241 502007",
        "toilets:wheelchair": "no",
        "wheelchair": "yes"
      },
      "geometry": {
        "type": "Point",
        "coordinates": [
          6.0879973,
          50.7740192
        ]
      },
      "id": "node/5181744521"
    },
    {
      "type": "Feature",
      "properties": {
        "@id": "node/5181746373",
        "addr:city": "Aachen",
        "addr:housenumber": "29",
        "addr:postcode": "52070",
        "addr:street": "Zollernstraße",
        "amenity": "doctors",
        "check_date:opening_hours": "2024-04-12",
        "healthcare": "doctor",
        "name": "Dr. med. Ingo Wellens",
        "opening_hours": "Mo,Tu,Th 08:00-12:00,16:00-18:00, We 08:00-12:00, Fr 08:00-13:45",
        "opening_hours:signed": "no",
        "phone": "+49 241 502006",
        "toilets:wheelchair": "no",
        "wheelchair": "no"
      },
      "geometry": {
        "type": "Point",
        "coordinates": [
          6.0986235,
          50.7692361
        ]
      },
      "id": "node/5181746373"
    },
    {
      "type": "Feature",
      "properties": {
        "@id": "node/5181747053",
        "addr:city": "Aachen",
        "addr:housenumber": "57",
        "addr:postcode": "52070",
        "addr:street": "Wilhelmstraße",
        "amenity": "doctors",
        "healthcare": "doctor",
        "name": "Dr. med. Thomas Unger",
        "phone": "+49 241 29919",
        "toilets:wheelchair": "no",
        "website": "https://unger-arztpraxis.de/",
        "wheelchair": "no"
      },
      "geometry": {
        "type": "Point",
        "coordinates": [
          6.0959235,
          50.7717592
        ]
      },
      "id": "node/5181747053"
    },
    {
      "type": "Feature",
      "properties": {
        "@id": "node/5188151821",
        "amenity": "doctors",
        "healthcare": "doctor",
        "healthcare:speciality": "urology",
        "name": "Dr. Braune",
        "wheelchair": "yes"
      },
      "geometry": {
        "type": "Point",
        "coordinates": [
          6.0959355,
          50.7624356
        ]
      },
      "id": "node/5188151821"
    },
    {
      "type": "Feature",
      "properties": {
        "@id": "node/5198925719",
        "addr:city": "Aachen",
        "addr:housenumber": "16",
        "addr:postcode": "52072",
        "addr:street": "Schlossparkstraße",
        "amenity": "dentist",
        "check_date": "2023-05-16",
        "email": "info@dr-rafai.de",
        "fax": "+49 241 171464",
        "healthcare": "dentist",
        "healthcare:speciality": "dentist",
        "name": "Dr. Rafai",
        "opening_hours": "\"nach Vereinbarung\"",
        "phone": "+49 241 171474",
        "website": "https://www.dr-rafai.de"
      },
      "geometry": {
        "type": "Point",
        "coordinates": [
          6.0650156,
          50.797881
        ]
      },
      "id": "node/5198925719"
    },
    {
      "type": "Feature",
      "properties": {
        "@id": "node/5224423750",
        "access": "customers",
        "addr:city": "Aachen",
        "addr:housenumber": "11",
        "addr:postcode": "52072",
        "addr:street": "Claßenstraße",
        "amenity": "cafe",
        "check_date": "2023-05-09",
        "cuisine": "breakfast;coffee_shop;donut",
        "diet:vegan": "yes",
        "diet:vegetarian": "yes",
        "image": "http://www.studierendenwerk-aachen.de/files/content/Bildergalerien%20Einrichtungen/Leistungsbereich%20Gastronomie/Mensen%20und%20Cafeterien/ESStw/ESStw%20-%20Karte.jpg",
        "indoor": "yes",
        "indoor_seating": "yes",
        "name": "Cafeteria ESStw",
        "opening_hours": "Mo-Fr 07:30-16:30",
        "outdoor_seating": "yes",
        "phone": "+49 241 8093155",
        "smoking": "no",
        "website": "http://www.studierendenwerk-aachen.de/de/aktuelles/beitrag/willkommen-im-esstw.html",
        "wheelchair": "yes"
      },
      "geometry": {
        "type": "Point",
        "coordinates": [
          6.0740212,
          50.7797669
        ]
      },
      "id": "node/5224423750"
    },
    {
      "type": "Feature",
      "properties": {
        "@id": "node/5237524998",
        "addr:city": "Aachen",
        "addr:housenumber": "96",
        "addr:postcode": "52064",
        "addr:street": "Jakobstraße",
        "amenity": "cafe",
        "check_date": "2024-08-12",
        "contact:instagram": "kaffee.erhard",
        "cuisine": "cake;coffee_shop",
        "description": "Ein Café mit irgendwas mit Musik dabei. Aktualisierung! Es ist eine Kaffeerösterei mit Ausschank und Kuchen.",
        "diet:vegetarian": "yes",
        "email": "info@kaffee-erhard.de",
        "internet_access": "wlan",
        "name": "Kaffee Erhard",
        "opening_hours": "Mo-Fr 10:00-18:00; Sa 10:00-16:00",
        "outdoor_seating": "yes",
        "phone": "+49 241 57108900",
        "website": "https://kaffee-erhard.de"
      },
      "geometry": {
        "type": "Point",
        "coordinates": [
          6.0778171,
          50.7735251
        ]
      },
      "id": "node/5237524998"
    },
    {
      "type": "Feature",
      "properties": {
        "@id": "node/5243475132",
        "addr:city": "Aachen",
        "addr:housenumber": "4",
        "addr:postcode": "52062",
        "addr:street": "Elisabethstraße",
        "amenity": "doctors",
        "email": "info@osteopathie-ziller.de",
        "healthcare": "doctor",
        "healthcare:speciality": "osteopathy",
        "name": "Heilpraxis für Osteopathie Kirstin Ziller",
        "phone": "+4924191799710"
      },
      "geometry": {
        "type": "Point",
        "coordinates": [
          6.0858657,
          50.7735266
        ]
      },
      "id": "node/5243475132"
    },
    {
      "type": "Feature",
      "properties": {
        "@id": "node/5272219131",
        "amenity": "bar",
        "check_date:opening_hours": "2024-04-21",
        "name": "K2-Bar",
        "opening_hours": "Tu 22:00+",
        "website": "https://www.kawo2.rwth-aachen.de/k2bar/",
        "wheelchair": "no"
      },
      "geometry": {
        "type": "Point",
        "coordinates": [
          6.0525865,
          50.7836159
        ]
      },
      "id": "node/5272219131"
    },
    {
      "type": "Feature",
      "properties": {
        "@id": "node/5277407548",
        "addr:city": "Aachen",
        "addr:housenumber": "155",
        "addr:postcode": "52074",
        "addr:street": "Lütticher Straße",
        "email": "kontakt@physio-21.de",
        "fax": "+49 241 95498529",
        "healthcare": "physiotherapist",
        "healthcare:speciality": "body;physiotherapy",
        "level": "0",
        "name": "Physio21 | Beisel&Decker",
        "note": "Leichte Rollstühle über vier Stufen nur mit Hilfe einer weiteren Person möglich.",
        "opening_hours": "\"by appointment\"",
        "operator": "Beisel & Decker",
        "phone": "+49 241 95498530",
        "website": "https://www.physio-21.de/",
        "wheelchair": "no"
      },
      "geometry": {
        "type": "Point",
        "coordinates": [
          6.0669687,
          50.7614334
        ]
      },
      "id": "node/5277407548"
    },
    {
      "type": "Feature",
      "properties": {
        "@id": "node/5280408475",
        "addr:city": "Aachen",
        "addr:housenumber": "62",
        "addr:postcode": "52062",
        "addr:street": "Pontstraße",
        "amenity": "bar",
        "check_date:opening_hours": "2024-09-23",
        "name": "El Leon",
        "opening_hours:signed": "no",
        "wheelchair": "no"
      },
      "geometry": {
        "type": "Point",
        "coordinates": [
          6.0823055,
          50.7782286
        ]
      },
      "id": "node/5280408475"
    },
    {
      "type": "Feature",
      "properties": {
        "@id": "node/5324042841",
        "amenity": "bar",
        "name": "Katrins"
      },
      "geometry": {
        "type": "Point",
        "coordinates": [
          6.0833738,
          50.776784
        ]
      },
      "id": "node/5324042841"
    },
    {
      "type": "Feature",
      "properties": {
        "@id": "node/5339491456",
        "amenity": "marketplace",
        "check_date:opening_hours": "2023-08-07",
        "name": "Wochenmarkt Münsterplatz",
        "opening_hours": "Sa 09:00-14:00; Su-Fr off",
        "operator": "Stadt Aachen",
        "organic": "only",
        "wheelchair": "yes"
      },
      "geometry": {
        "type": "Point",
        "coordinates": [
          6.0842875,
          50.7744897
        ]
      },
      "id": "node/5339491456"
    },
    {
      "type": "Feature",
      "properties": {
        "@id": "node/5398668935",
        "addr:city": "Aachen",
        "addr:housenumber": "5",
        "addr:postcode": "52062",
        "addr:street": "Theaterplatz",
        "amenity": "cafe",
        "cuisine": "coffee_shop",
        "name": "Nela's Coffee & Kitchen",
        "opening_hours": "Mo-Fr 09:00-18:00; Sa 10:00-19:00; Su off",
        "smoking": "no"
      },
      "geometry": {
        "type": "Point",
        "coordinates": [
          6.0873513,
          50.7728334
        ]
      },
      "id": "node/5398668935"
    },
    {
      "type": "Feature",
      "properties": {
        "@id": "node/5406167325",
        "addr:city": "Aachen",
        "addr:housenumber": "21",
        "addr:postcode": "52066",
        "addr:street": "Heißbergstraße",
        "addr:suburb": "Burtscheid",
        "amenity": "doctors",
        "check_date": "2024-02-20",
        "contact:fax": "+49241 445 0052",
        "contact:phone": "+49241 66765",
        "contact:website": "http://www.praxis-lohmeyer.de/",
        "healthcare": "doctor",
        "healthcare:speciality": "general",
        "name": "Dr. med. Kathrien Lohmeyer",
        "opening_hours": "Mo-Fr 08:00-12:00, Mo 16:00-18:00, Tu,Th 15:00-17:00",
        "wheelchair": "yes"
      },
      "geometry": {
        "type": "Point",
        "coordinates": [
          6.0940272,
          50.7591423
        ]
      },
      "id": "node/5406167325"
    },
    {
      "type": "Feature",
      "properties": {
        "@id": "node/5406249150",
        "addr:city": "Aachen",
        "addr:housenumber": "3",
        "addr:postcode": "52066",
        "addr:street": "Eupener Straße",
        "amenity": "doctors",
        "contact:fax": "+49241 23772",
        "contact:phone": "+49241 33104",
        "contact:website": "https://www.kleinbisgross.de/",
        "healthcare": "doctor",
        "healthcare:speciality": "paediatrics",
        "name": "Gemeinschaftspraxis Klein bis Gross",
        "opening_hours": "Mo-Fr 08:30-12:00, Mo,Tu,Th 14:00-17:00",
        "operator": "Brigitte Kulgemeyer und Dr. med. Patrick Kwiatkowski"
      },
      "geometry": {
        "type": "Point",
        "coordinates": [
          6.0869969,
          50.761448
        ]
      },
      "id": "node/5406249150"
    },
    {
      "type": "Feature",
      "properties": {
        "@id": "node/5406255012",
        "addr:city": "Aachen",
        "addr:housenumber": "30",
        "addr:postcode": "52066",
        "addr:street": "Malmedyer Straße",
        "addr:suburb": "Burtscheid",
        "amenity": "doctors",
        "contact:email": "info@kinderarzt-forster.de",
        "contact:fax": "+49241 6088755",
        "contact:phone": "+49241 66232",
        "contact:website": "http://www.kinderarzt-forster.de",
        "healthcare": "doctor",
        "healthcare:speciality": "paediatrics;homeopathy",
        "name": "Kinderarztpraxis Dr. med. Ulrike Forster",
        "opening_hours": "Mo-Fr 07:45-12:00, Mo,Tu,Th 15:00-17:00, Th 17:00-18:00"
      },
      "geometry": {
        "type": "Point",
        "coordinates": [
          6.0916641,
          50.758221
        ]
      },
      "id": "node/5406255012"
    },
    {
      "type": "Feature",
      "properties": {
        "@id": "node/5424023525",
        "addr:city": "Aachen",
        "addr:housenumber": "43",
        "addr:postcode": "52066",
        "addr:street": "Viehhofstraße",
        "addr:suburb": "Burtscheid",
        "amenity": "doctors",
        "healthcare": "doctor",
        "healthcare:speciality": "allergology;otolaryngology",
        "name": "Gemeinschaftspraxis für Hals-, Nasen-, Ohrenheilkunde, Allergologie und Naturheilverfahren",
        "opening_hours": "Mo-Fr 08:30-12:30, Mo,Tu,Th,Fr 15:00-17:30",
        "phone": "+49241 50 59 55",
        "website": "https://www.hno-praxis-aachen.de/",
        "wheelchair": "yes"
      },
      "geometry": {
        "type": "Point",
        "coordinates": [
          6.0959798,
          50.7623719
        ]
      },
      "id": "node/5424023525"
    },
    {
      "type": "Feature",
      "properties": {
        "@id": "node/5424044476",
        "addr:city": "Aachen",
        "addr:housenumber": "1-3",
        "addr:postcode": "52078",
        "addr:street": "Auf der Ell",
        "addr:suburb": "Brand",
        "amenity": "doctors",
        "healthcare": "doctor",
        "healthcare:speciality": "otolaryngology",
        "name": "HNO Praxis Aachen Brand",
        "opening_hours": "Mo-Fr 08:00-12:00, Mo 13:00-16:00, Tu,Th 15:00-18:00",
        "phone": "+49241 525555",
        "website": "https://www.hno-aachen-brand.de/",
        "wheelchair": "yes"
      },
      "geometry": {
        "type": "Point",
        "coordinates": [
          6.1639926,
          50.7504374
        ]
      },
      "id": "node/5424044476"
    },
    {
      "type": "Feature",
      "properties": {
        "@id": "node/5433309035",
        "addr:city": "Aachen",
        "addr:housenumber": "54-56",
        "addr:postcode": "52062",
        "addr:street": "Theaterstraße",
        "amenity": "doctors",
        "contact:email": "praxis@dr-kotlarek.de",
        "contact:fax": "+49 241 403530",
        "contact:phone": "+49 241 21059",
        "contact:website": "http://dr-kotlarek.de",
        "healthcare": "doctor",
        "healthcare:speciality": "urology",
        "name": "G.M. Kotlarek | Urologe",
        "opening_hours": "Mo-Fr 08:00-12:00, Mo,Tu,Th 16:00-18:00",
        "operator": "Dr. med. Georg Michael Kotlarek"
      },
      "geometry": {
        "type": "Point",
        "coordinates": [
          6.0912908,
          50.7707227
        ]
      },
      "id": "node/5433309035"
    },
    {
      "type": "Feature",
      "properties": {
        "@id": "node/5440925932",
        "amenity": "cafe",
        "name": "Renate´s Kaffeestübchen",
        "operator": "Renate und Team",
        "payment:cash": "yes"
      },
      "geometry": {
        "type": "Point",
        "coordinates": [
          6.0900617,
          50.7770384
        ]
      },
      "id": "node/5440925932"
    },
    {
      "type": "Feature",
      "properties": {
        "@id": "node/5459898766",
        "addr:city": "Aachen",
        "addr:housenumber": "56-58",
        "addr:postcode": "52064",
        "addr:street": "Südstraße",
        "amenity": "music_school",
        "check_date:opening_hours": "2023-10-20",
        "email": "sascha@katterbach-music.de",
        "image": "http://www.katterbach-music.de/wordpress/wp-content/uploads/2018/01/Musikschule-Sascha-Katterbach-Bild-480x360.jpg",
        "name": "Musikschule | Sascha Katterbach",
        "opening_hours:signed": "no",
        "operator": "Sascha Katterbach",
        "phone": "+49 241 1602674",
        "website": "https://www.katterbach-music.de/"
      },
      "geometry": {
        "type": "Point",
        "coordinates": [
          6.0812007,
          50.7663796
        ]
      },
      "id": "node/5459898766"
    },
    {
      "type": "Feature",
      "properties": {
        "@id": "node/5536605932",
        "amenity": "cafe",
        "indoor_seating": "no",
        "name": "Cinnamood",
        "outdoor_seating": "no",
        "takeaway": "only"
      },
      "geometry": {
        "type": "Point",
        "coordinates": [
          6.0907352,
          50.7751435
        ]
      },
      "id": "node/5536605932"
    },
    {
      "type": "Feature",
      "properties": {
        "@id": "node/5541031165",
        "addr:city": "Aachen",
        "addr:housenumber": "109",
        "addr:postcode": "52062",
        "addr:street": "Alexanderstraße",
        "amenity": "bar",
        "check_date:opening_hours": "2024-07-10",
        "name": "La Cata - Café Bar Event",
        "opening_hours:signed": "no"
      },
      "geometry": {
        "type": "Point",
        "coordinates": [
          6.0928395,
          50.7784846
        ]
      },
      "id": "node/5541031165"
    },
    {
      "type": "Feature",
      "properties": {
        "@id": "node/5593002676",
        "addr:city": "Aachen",
        "addr:housenumber": "22",
        "addr:postcode": "52064",
        "addr:street": "Löhergraben",
        "amenity": "theatre",
        "check_date": "2025-03-02",
        "description": "Die Theaterschule Aachen für Schauspiel • Regie • Musical ist eine staatlich anerkannte Berufsfachschule für Theater und Film. Sie hat ihren Sitz in den Räumen der Barockfabrik, eines Kulturhauses in städtischer Trägerschaft der Stadt Aachen.",
        "email": "post@theaterschule-aachen.de",
        "fax": "+49 241 4099970",
        "name": "THEATERSCHULE AACHEN E.V.",
        "phone": "+49 241 4450645",
        "website": "http://www.theaterschule-aachen.de/index.html",
        "wikidata": "Q38967452",
        "wikipedia": "de:Theaterschule Aachen"
      },
      "geometry": {
        "type": "Point",
        "coordinates": [
          6.079227,
          50.772903
        ]
      },
      "id": "node/5593002676"
    },
    {
      "type": "Feature",
      "properties": {
        "@id": "node/5594540568",
        "amenity": "pub",
        "billiards": "7",
        "check_date": "2024-04-20",
        "name": "Billard Café Lichthof",
        "opening_hours": "Mo-Fr 00:00-02:00,14:00-24:00; Sa,Su 00:00-03:00,14:00-24:00",
        "smoking": "no",
        "sport": "billiards",
        "website": "https://www.billardcafelichthof.de/",
        "wheelchair": "limited"
      },
      "geometry": {
        "type": "Point",
        "coordinates": [
          6.0774673,
          50.774862
        ]
      },
      "id": "node/5594540568"
    },
    {
      "type": "Feature",
      "properties": {
        "@id": "node/5594786817",
        "addr:city": "Aachen",
        "addr:housenumber": "15",
        "addr:postcode": "52062",
        "addr:street": "Dahmengraben",
        "check_date:opening_hours": "2022-04-02",
        "email": "aachen@sonnentor-shop.de",
        "image": "https://www.sonnentor.com/var/sonnentor/storage/images/geschaefte/sonnentor-geschaefte/sonnentor-aachen/soto-aachen/sho-aachen-003/4736786-1-ger-AT/sho-aachen-003.jpg",
        "name": "SONNENTOR",
        "opening_hours": "Mo-Fr 10:00-18:30; Sa 10:00-17:00",
        "operator": "SONNENTOR Kräuterhandelsgesellschaft mbH",
        "organic": "only",
        "phone": "+49 (0)241 57600391",
        "shop": "supermarket",
        "website": "https://www.sonnentor.com/de-at/geschaefte/sonnentor-geschaefte/sonnentor-aachen"
      },
      "geometry": {
        "type": "Point",
        "coordinates": [
          6.0882176,
          50.7763152
        ]
      },
      "id": "node/5594786817"
    },
    {
      "type": "Feature",
      "properties": {
        "@id": "node/5611425794",
        "addr:city": "Aachen",
        "addr:housenumber": "43",
        "addr:postcode": "52066",
        "addr:street": "Viehhofstraße",
        "amenity": "doctors",
        "healthcare": "doctor",
        "healthcare:speciality": "internal;general",
        "name": "Diabetologische Schwerpunktpraxis F. Meißner / Dr. D. Wolter",
        "opening_hours": "Mo 08:00-16:00; Tu,Th 08:00-17:00; We,Fr 08:00-13:00; Sa,Su,PH off",
        "operator": "F. Meißner / Dr. D. Wolter",
        "website": "https://www.diabetes-meissner.de/"
      },
      "geometry": {
        "type": "Point",
        "coordinates": [
          6.0959344,
          50.7622003
        ]
      },
      "id": "node/5611425794"
    },
    {
      "type": "Feature",
      "properties": {
        "@id": "node/5627210421",
        "addr:city": "Aachen",
        "addr:housenumber": "26",
        "addr:postcode": "52078",
        "addr:street": "Marktplatz",
        "email": "bio.viktoria@via-aachen.de",
        "name": "Bio am Markt",
        "opening_hours": "Mo-Fr 07:30-18:30; Sa 08:00-14:00; We,Su,PH off",
        "operator": "Via Aachen",
        "organic": "only",
        "phone": "+49 241 520333",
        "shop": "supermarket",
        "website": "https://www.via-aachen.de/de/bioammarkt",
        "wheelchair": "no"
      },
      "geometry": {
        "type": "Point",
        "coordinates": [
          6.1628426,
          50.7487823
        ]
      },
      "id": "node/5627210421"
    },
    {
      "type": "Feature",
      "properties": {
        "@id": "node/5652267962",
        "addr:city": "Aachen",
        "addr:country": "DE",
        "addr:housenumber": "121",
        "addr:postcode": "52072",
        "addr:street": "Rütscher Straße",
        "amenity": "bar",
        "indoor_seating": "yes",
        "name": "Club im Eimer",
        "opening_hours": "Th 21:00+",
        "outdoor_seating": "no",
        "payment:credit_cards": "no",
        "payment:debit_cards": "no",
        "wheelchair": "no"
      },
      "geometry": {
        "type": "Point",
        "coordinates": [
          6.0717246,
          50.7874343
        ]
      },
      "id": "node/5652267962"
    },
    {
      "type": "Feature",
      "properties": {
        "@id": "node/5652267963",
        "addr:city": "Aachen",
        "addr:country": "DE",
        "addr:housenumber": "155",
        "addr:postcode": "52072",
        "addr:street": "Rütscher Straße",
        "amenity": "bar",
        "name": "Club Motorbar",
        "opening_hours": "We 21:00+",
        "website": "https://www.motorbar.de",
        "wheelchair": "no"
      },
      "geometry": {
        "type": "Point",
        "coordinates": [
          6.0708622,
          50.7882288
        ]
      },
      "id": "node/5652267963"
    },
    {
      "type": "Feature",
      "properties": {
        "@id": "node/5652294013",
        "addr:city": "Aachen",
        "addr:housenumber": "73",
        "addr:postcode": "52074",
        "addr:street": "Ahornstraße",
        "amenity": "pub",
        "name": "Cafe 18",
        "opening_hours": "Tu 21:00+",
        "wheelchair": "no"
      },
      "geometry": {
        "type": "Point",
        "coordinates": [
          6.0574281,
          50.7791271
        ]
      },
      "id": "node/5652294013"
    },
    {
      "type": "Feature",
      "properties": {
        "@id": "node/5656837799",
        "addr:city": "Aachen",
        "addr:housenumber": "5",
        "addr:postcode": "52064",
        "addr:street": "Bärenstraße",
        "amenity": "bar",
        "brewery": "yes",
        "check_date:opening_hours": "2023-06-19",
        "level": "-1",
        "name": "Bärenhöhle",
        "opening_hours": "Tu 21:00+",
        "website": "https://hoehle.baer.rwth-aachen.de/"
      },
      "geometry": {
        "type": "Point",
        "coordinates": [
          6.0739856,
          50.7760765
        ]
      },
      "id": "node/5656837799"
    },
    {
      "type": "Feature",
      "properties": {
        "@id": "node/5669285580",
        "addr:housenumber": "272",
        "addr:street": "Vaalser Straße",
        "amenity": "doctors",
        "healthcare": "doctor",
        "healthcare:speciality": "general",
        "name": "Dr. med. Dieter Pistorius",
        "opening_hours": "Mo 09:00-12:00,16:00-18:00; Tu 09:00-13:00; We 09:00-12:30; Th 09:00-12:00,15:00-17:00; Fr 09:00-12:00; Sa,Su,PH off",
        "phone": "+49 241 84078",
        "website": "http://www.dr-pistorius.de"
      },
      "geometry": {
        "type": "Point",
        "coordinates": [
          6.0552777,
          50.7691044
        ]
      },
      "id": "node/5669285580"
    },
    {
      "type": "Feature",
      "properties": {
        "@id": "node/5703282278",
        "addr:city": "Aachen",
        "addr:housenumber": "24",
        "addr:postcode": "52064",
        "addr:street": "Kamper Straße",
        "amenity": "doctors",
        "check_date:opening_hours": "2024-02-17",
        "email": "info@praxis-dr-pfeiffer.de",
        "fax": "+49 241 72075",
        "healthcare": "doctor",
        "healthcare:speciality": "general",
        "level": "3",
        "name": "Dr. med. Laura Pfeiffer",
        "opening_hours": "Mo,Th 08:00-12:00,16:00-18:00; Tu,We,Fr 08:00-12:00; Sa,Su,PH off",
        "operator": "Dr. med. Laura Pfeiffer",
        "phone": "+49 241 72073",
        "website": "https://www.praxis-dr-pfeiffer.de",
        "wheelchair": "yes"
      },
      "geometry": {
        "type": "Point",
        "coordinates": [
          6.0825279,
          50.7637345
        ]
      },
      "id": "node/5703282278"
    },
    {
      "type": "Feature",
      "properties": {
        "@id": "node/5716701143",
        "addr:city": "Aachen",
        "addr:housenumber": "222",
        "addr:postcode": "52066",
        "addr:street": "Adalbertsteinweg",
        "amenity": "doctors",
        "check_date": "2023-05-12",
        "check_date:opening_hours": "2022-12-01",
        "healthcare": "doctor",
        "healthcare:speciality": "general",
        "name": "Hausarztpraxis Kötzle",
        "opening_hours": "Mo-Th 08:00-12:00, Fr 08:00-14:00, Mo,Th 16:00-18:00, Tu 15:00-18:00; PH off",
        "opening_hours:url": "http://www.hausarztpraxis-koetzle.de/"
      },
      "geometry": {
        "type": "Point",
        "coordinates": [
          6.1117929,
          50.772548
        ]
      },
      "id": "node/5716701143"
    },
    {
      "type": "Feature",
      "properties": {
        "@id": "node/5744614685",
        "addr:city": "Aachen",
        "addr:housenumber": "56",
        "addr:postcode": "52068",
        "addr:street": "Elsassstraße",
        "amenity": "doctors",
        "healthcare": "doctor",
        "healthcare:speciality": "general",
        "name": "M . Hakimi",
        "opening_hours": "Mo,We,Fr 08:00-12:00; Tu,Th 08:00-12:00,15:30-17:30 || \"nach Vereinbarung\"; Sa,Su,PH off"
      },
      "geometry": {
        "type": "Point",
        "coordinates": [
          6.1171006,
          50.774022
        ]
      },
      "id": "node/5744614685"
    },
    {
      "type": "Feature",
      "properties": {
        "@id": "node/5753944044",
        "addr:city": "Aachen",
        "addr:country": "DE",
        "addr:housenumber": "13",
        "addr:postcode": "52062",
        "addr:street": "Münsterplatz",
        "amenity": "cafe",
        "breakfast": "yes",
        "check_date": "2023-05-14",
        "check_date:opening_hours": "2024-04-12",
        "diet:gluten_free": "only",
        "diet:lactose_free": "yes",
        "diet:vegan": "yes",
        "name": "Isabella Glutenfreie Patisserie",
        "opening_hours": "Mo-Sa 09:30-18:00; Su 10:00-18:00",
        "outdoor_seating": "yes",
        "shop": "pastry",
        "website": "https://www.isabella-patisserie.de/"
      },
      "geometry": {
        "type": "Point",
        "coordinates": [
          6.0839028,
          50.7742073
        ]
      },
      "id": "node/5753944044"
    },
    {
      "type": "Feature",
      "properties": {
        "@id": "node/5784844616",
        "amenity": "marketplace",
        "check_date:opening_hours": "2024-05-03",
        "name": "Wochenmarkt Rothe Erde",
        "opening_hours": "We 07:00-13:00"
      },
      "geometry": {
        "type": "Point",
        "coordinates": [
          6.1162552,
          50.7705003
        ]
      },
      "id": "node/5784844616"
    },
    {
      "type": "Feature",
      "properties": {
        "@id": "node/5800537853",
        "addr:city": "Aachen",
        "addr:housenumber": "25",
        "addr:postcode": "52062",
        "addr:street": "Mariahilfstraße",
        "amenity": "dentist",
        "check_date": "2023-08-01",
        "email": "dres.heinen@t-online.de",
        "fax": "+49 241 88747816",
        "healthcare": "dentist",
        "name": "Zahnärzte Heinen",
        "opening_hours": "Mo-Th 08:00-19:00; Fr 08:00-17:00 || \"nach Vereinbarung\"",
        "phone": "+49 241 8874780",
        "website": "https://www.zahnaerzte-heinen.de/"
      },
      "geometry": {
        "type": "Point",
        "coordinates": [
          6.0913743,
          50.7794519
        ]
      },
      "id": "node/5800537853"
    },
    {
      "type": "Feature",
      "properties": {
        "@id": "node/5807585326",
        "addr:city": "Aachen",
        "addr:housenumber": "78",
        "addr:postcode": "52066",
        "addr:street": "Kapellenstraße",
        "amenity": "music_school",
        "check_date:opening_hours": "2024-02-20",
        "description": "Gesangsunterricht, Atemtechnik, Rhythmik",
        "name": "Monika Schmitz - Professionelle Gesangslehrerin",
        "opening_hours:signed": "no",
        "phone": "+49 241 70 159 435",
        "website": "https://www.gesang-und-stimme-aachen.de/"
      },
      "geometry": {
        "type": "Point",
        "coordinates": [
          6.0942842,
          50.75919
        ]
      },
      "id": "node/5807585326"
    },
    {
      "type": "Feature",
      "properties": {
        "@id": "node/5817383325",
        "addr:city": "Aachen",
        "addr:housenumber": "114",
        "addr:postcode": "52070",
        "addr:street": "Adalbertsteinweg",
        "amenity": "doctors",
        "check_date": "2023-05-12",
        "description": "Leistungsspektrum: https://www.chirurgie-helten.de/leistungen/",
        "email": "info@praxis-helten-nilges.de",
        "fax": "+49 241 9430689",
        "healthcare": "doctor",
        "healthcare:speciality": "general_surgery;proctology",
        "name": "Praxis Dr. E. Helten",
        "opening_hours": "Mo 08:00-13:00,14:00-19:00; Tu-Fr 08:00-13:00,14:00-16:00; Sa-Su,PH off",
        "operator": "Dr. med. Elke Helten | Fachärztin für Chirurgie",
        "phone": "+49 241 508025",
        "start_date": "2018-07-01",
        "website": "https://www.chirurgie-helten.de"
      },
      "geometry": {
        "type": "Point",
        "coordinates": [
          6.1063997,
          50.7742661
        ]
      },
      "id": "node/5817383325"
    },
    {
      "type": "Feature",
      "properties": {
        "@id": "node/5837269938",
        "addr:city": "Aachen",
        "addr:housenumber": "99",
        "addr:postcode": "52064",
        "addr:street": "Boxgraben",
        "amenity": "doctors",
        "description": "Wenn ein Patient die Notdienstpraxis nicht aufsuchen kann, der fachärztliche Notdienst für Kinder-, Augen- und Hals-Nasen-Ohrenärzte benötigt wird oder die Notdienstpraxis bereits geschlossen hat, ist die 116 117 telefonisch erreichbar.",
        "fax": "+49 241 4142334",
        "healthcare": "doctor",
        "healthcare:speciality": "general",
        "name": "Zentrale Notdienstpraxis Aachen",
        "opening_hours": "Mo,Tu,Th 19:00-22:00; We,Fr 14:00-22:00; Sa,Su,PH 10:00-22:00",
        "operator": "Kassenärztliche Vereinigung Nordrhein",
        "phone": "+49 241 4140",
        "website": "https://www.luisenhospital.de/luisenhospital-aachen/ambulante-versorgung/kv-notdienstpraxis"
      },
      "geometry": {
        "type": "Point",
        "coordinates": [
          6.0763704,
          50.7673731
        ]
      },
      "id": "node/5837269938"
    },
    {
      "type": "Feature",
      "properties": {
        "@id": "node/5837278417",
        "addr:city": "Aachen",
        "addr:housenumber": "30",
        "addr:postcode": "52074",
        "addr:street": "Pauwelsstraße",
        "amenity": "doctors",
        "description": "nach 21 Uhr Versorgung durch Augenklinik",
        "healthcare": "doctor",
        "healthcare:speciality": "ophthalmology",
        "name": "Augenärztliche Notdienstpraxis (NDP) im Universitätsklinikum Aachen",
        "opening_hours": "Mo 19:00-21:00, Tu 19:00-21:00, We 16:00-21:00, Th 19:00-21:00, Fr 16:00-21:00, Sa 9:00-13:00,16:00-21:00, Su 9:00-13:00,16:00-21:00",
        "operator": "Kassenärztliche Vereinigung Nordrhein",
        "phone": "+49 241 8088552",
        "website": "https://www.ukaachen.de/kliniken-institute/klinik-fuer-augenheilkunde.html"
      },
      "geometry": {
        "type": "Point",
        "coordinates": [
          6.0437869,
          50.7766429
        ]
      },
      "id": "node/5837278417"
    },
    {
      "type": "Feature",
      "properties": {
        "@id": "node/5919994032",
        "addr:city": "Aachen",
        "addr:housenumber": "22-24",
        "addr:postcode": "52062",
        "addr:street": "Heinrichsallee",
        "amenity": "doctors",
        "email": "info@neurologie-heinrichsallee.de",
        "healthcare": "doctor",
        "healthcare:speciality": "neurology;psychiatry",
        "name": "Dres. K, Lamberty & U. Pinkawa | Neurologie",
        "operator": "Dr. Kathrin Lamberty Fachärztin für Neurologie ||| Dr. Ulrike Pinkawa Fachärztin für Neurologie Ärztliche Psychotherapeutin",
        "phone": "+49 241 509028",
        "website": "https://www.neurologie-heinrichsallee.de/"
      },
      "geometry": {
        "type": "Point",
        "coordinates": [
          6.096087,
          50.7758093
        ]
      },
      "id": "node/5919994032"
    },
    {
      "type": "Feature",
      "properties": {
        "@id": "node/5983195655",
        "addr:city": "Aachen",
        "addr:country": "DE",
        "addr:housenumber": "159",
        "addr:postcode": "52076",
        "addr:street": "Schleidener Straße",
        "addr:suburb": "Walheim",
        "brand": "REWE",
        "brand:wikidata": "Q16968817",
        "brand:wikipedia": "de:Rewe",
        "name": "REWE",
        "opening_hours": "Mo-Sa 08:00-22:00",
        "operator": "Nepomuck",
        "shop": "supermarket",
        "toilets:wheelchair": "no",
        "wheelchair": "yes"
      },
      "geometry": {
        "type": "Point",
        "coordinates": [
          6.1821619,
          50.7051695
        ]
      },
      "id": "node/5983195655"
    },
    {
      "type": "Feature",
      "properties": {
        "@id": "node/6007711785",
        "addr:city": "Aachen",
        "addr:country": "DE",
        "addr:housenumber": "293",
        "addr:postcode": "52076",
        "addr:street": "Eupener Straße",
        "email": "eupener@medaix.de",
        "healthcare": "physiotherapist",
        "level": "1",
        "name": "MedAix",
        "note": "nur Physiotherapie, kein Fitness-Studio wie die anderen MedAix-Standorte",
        "phone": "+49 241 4450703",
        "website": "https://www.medaix.de/standorte/aachen-eupener-strasse"
      },
      "geometry": {
        "type": "Point",
        "coordinates": [
          6.0867063,
          50.7420224
        ]
      },
      "id": "node/6007711785"
    },
    {
      "type": "Feature",
      "properties": {
        "@id": "node/6015796689",
        "addr:city": "Aachen",
        "addr:country": "DE",
        "addr:housenumber": "13",
        "addr:postcode": "52062",
        "addr:street": "Kockerellstraße",
        "amenity": "bar",
        "check_date": "2024-03-26",
        "name": "Vertical - Die Weinbar",
        "opening_hours": "Mo-Th 17:00-24:00; Fr 17:00-01:00, Sa 11:00-01:00; Su off",
        "website": "https://www.dieweinbar.de/"
      },
      "geometry": {
        "type": "Point",
        "coordinates": [
          6.0814308,
          50.7763206
        ]
      },
      "id": "node/6015796689"
    },
    {
      "type": "Feature",
      "properties": {
        "@id": "node/6032118486",
        "addr:city": "Aachen",
        "addr:housenumber": "9",
        "addr:postcode": "52062",
        "addr:street": "Blondelstraße",
        "amenity": "doctors",
        "healthcare": "doctor",
        "healthcare:speciality": "general;internal;clinic;laboratory;infektiologie",
        "name": "PZB.de - Praxenzentrum Blondelstraße",
        "operator": "Praxis Dr. Knechten, INSTO GmbH"
      },
      "geometry": {
        "type": "Point",
        "coordinates": [
          6.0905714,
          50.7761819
        ]
      },
      "id": "node/6032118486"
    },
    {
      "type": "Feature",
      "properties": {
        "@id": "node/6032621989",
        "addr:city": "Aachen",
        "addr:housenumber": "1",
        "addr:postcode": "52062",
        "addr:street": "Theaterplatz",
        "amenity": "cafe",
        "check_date": "2024-07-04",
        "internet_access": "yes",
        "internet_access:fee": "no",
        "name": "Café",
        "note": "Unklare Öffnungszeiten und unklares Angebot.",
        "wheelchair": "no"
      },
      "geometry": {
        "type": "Point",
        "coordinates": [
          6.0869562,
          50.7726816
        ]
      },
      "id": "node/6032621989"
    },
    {
      "type": "Feature",
      "properties": {
        "@id": "node/6063876611",
        "addr:city": "Aachen",
        "addr:housenumber": "112",
        "addr:postcode": "52070",
        "addr:street": "Adalbertsteinweg",
        "amenity": "doctors",
        "check_date": "2023-05-12",
        "description": "Leistungsspektrum: http://gastroenterologie-ac.de/gastroenterologische-leistungen/",
        "fax": "+49 241 504343",
        "healthcare": "doctor",
        "healthcare:speciality": "gastroenterology",
        "name": "MVZ Aachen Mitte",
        "opening_hours": "Mo,We 08:30-13:00,13:30-17:30; Tu,Th-Fr 08:30-13:00",
        "operator": "Dr. med. Gottfried Niedeggen & Dr. med. Jan Robert Müller",
        "phone": "+49 241 509001",
        "website": "https://gastroenterologie-ac.de/"
      },
      "geometry": {
        "type": "Point",
        "coordinates": [
          6.1062231,
          50.7742667
        ]
      },
      "id": "node/6063876611"
    },
    {
      "type": "Feature",
      "properties": {
        "@id": "node/6086557912",
        "amenity": "cafe",
        "check_date:opening_hours": "2024-02-27",
        "indoor_seating": "yes",
        "name": "Haus Eulenspiegel",
        "opening_hours": "Mo-Sa 09:30-18:00; PH,Su off",
        "outdoor_seating": "no",
        "phone": "+49 241 23897",
        "shop": "tea",
        "smoking": "no",
        "website": "https://www.haus-eulenspiegel.de/",
        "wheelchair": "no"
      },
      "geometry": {
        "type": "Point",
        "coordinates": [
          6.0843223,
          50.7761798
        ]
      },
      "id": "node/6086557912"
    },
    {
      "type": "Feature",
      "properties": {
        "@id": "node/6367501357",
        "healthcare": "psychotherapist",
        "name": "Haghnazarian, Talin"
      },
      "geometry": {
        "type": "Point",
        "coordinates": [
          6.1090203,
          50.7703181
        ]
      },
      "id": "node/6367501357"
    },
    {
      "type": "Feature",
      "properties": {
        "@id": "node/6432376471",
        "addr:city": "Aachen",
        "addr:housenumber": "23",
        "addr:postcode": "52064",
        "addr:street": "Karlsgraben",
        "amenity": "doctors",
        "fax": "+49 241 40 19 851",
        "healthcare": "doctor",
        "healthcare:speciality": "neurology;psychiatry",
        "name": "Thomas Steppeler & Dr. med. Andreas Theilig",
        "opening_hours": "Tu,Th 15:00-17:00; Sa,Su,PH off, Mo-Fr 09:00-12:00",
        "phone": "+49 241 40 19 850",
        "website": "https://www.npp-aachen.de/",
        "wheelchair": "no"
      },
      "geometry": {
        "type": "Point",
        "coordinates": [
          6.0763015,
          50.7731722
        ]
      },
      "id": "node/6432376471"
    },
    {
      "type": "Feature",
      "properties": {
        "@id": "node/6445288993",
        "addr:city": "Aachen",
        "addr:housenumber": "141",
        "addr:postcode": "52062",
        "addr:street": "Pontstraße",
        "amenity": "bar",
        "contact:facebook": "tangenteaachen",
        "contact:website": "http://www.dietangente.de/",
        "cuisine": "coffee_shop",
        "name": "Tangente Trendbar",
        "opening_hours": "Tu-Th 18:00, Fr,Sa 17:00-02:00, Su 12:00-22:00",
        "outdoor_seating": "yes",
        "phone": "+4924195781555",
        "wheelchair": "no"
      },
      "geometry": {
        "type": "Point",
        "coordinates": [
          6.0793565,
          50.7805865
        ]
      },
      "id": "node/6445288993"
    },
    {
      "type": "Feature",
      "properties": {
        "@id": "node/6480516862",
        "addr:city": "Aachen",
        "addr:housenumber": "72",
        "addr:postcode": "52064",
        "addr:street": "Boxgraben",
        "amenity": "ice_cream",
        "contact:email": "info@leanaundluise.de",
        "contact:facebook": "https://www.facebook.com/leanaundluise",
        "contact:phone": "+49 1717 868339",
        "contact:website": "http://leanaundluise.de",
        "image": "https://scontent-amt2-1.xx.fbcdn.net/v/t1.0-9/57604355_10219596845215810_8697398517741649920_n.jpg?_nc_ht=scontent-amt2-1.xx&oh=28b00dabe2b64c6806eff13009951702&oe=5D86BE97",
        "indoor_seating": "yes",
        "name": "Leana und Luise",
        "opening_hours": "Mo-Fr 11:00-21:00; Sa,Su 09:00-21:00",
        "outdoor_seating": "yes",
        "payment:cash": "yes",
        "payment:debit_cards": "yes",
        "takeaway": "yes",
        "wheelchair": "limited"
      },
      "geometry": {
        "type": "Point",
        "coordinates": [
          6.0811392,
          50.7688368
        ]
      },
      "id": "node/6480516862"
    },
    {
      "type": "Feature",
      "properties": {
        "@id": "node/6535152642",
        "addr:city": "Aachen",
        "addr:housenumber": "51",
        "addr:postcode": "52064",
        "addr:street": "Boxgraben",
        "amenity": "bar",
        "check_date:opening_hours": "2022-01-10",
        "contact:facebook": "https://www.facebook.com/schluessellochrockkneipe",
        "name": "Schlüsselloch",
        "opening_hours": "Tu-Sa 20:00+",
        "operator": "Herbert Senden",
        "outdoor_seating": "no"
      },
      "geometry": {
        "type": "Point",
        "coordinates": [
          6.0810749,
          50.7686014
        ]
      },
      "id": "node/6535152642"
    },
    {
      "type": "Feature",
      "properties": {
        "@id": "node/6654969649",
        "addr:city": "Aachen",
        "addr:housenumber": "6",
        "addr:street": "Fischmarkt",
        "air_conditioning": "no",
        "amenity": "cafe",
        "diet:vegan": "yes",
        "diet:vegetarian": "yes",
        "name": "Café Didier",
        "opening_hours": "Mo-Su,PH 08:30-22:00",
        "smoking": "outside",
        "website": "https://cafedidier.com/",
        "wheelchair": "limited"
      },
      "geometry": {
        "type": "Point",
        "coordinates": [
          6.0824459,
          50.7745483
        ]
      },
      "id": "node/6654969649"
    },
    {
      "type": "Feature",
      "properties": {
        "@id": "node/6657833952",
        "addr:city": "Aachen",
        "addr:housenumber": "42",
        "addr:postcode": "52062",
        "addr:street": "Annastraße",
        "amenity": "dentist",
        "check_date": "2025-03-02",
        "check_date:opening_hours": "2025-03-02",
        "email": "info@zahnarzt-bosman.de",
        "fax": "+49 241 403004",
        "healthcare": "dentist",
        "level": "0",
        "name": "Zahnarztpraxis Bosman",
        "opening_hours": "Mo,Tu 08:00-12:00,14:00-18:00; We 08:00-15:00; Th 08:00-12:00,14:00-19:00; Fr 08:00-14:00; PH off",
        "operator": "Dr. med. dent. David Bosman",
        "phone": "+49 241 403003",
        "source": "local knowledge",
        "website": "https://www.zahnarzt-bosman.de",
        "wheelchair": "no"
      },
      "geometry": {
        "type": "Point",
        "coordinates": [
          6.0808038,
          50.7733518
        ]
      },
      "id": "node/6657833952"
    },
    {
      "type": "Feature",
      "properties": {
        "@id": "node/6661782591",
        "addr:city": "Aachen",
        "addr:country": "DE",
        "addr:housenumber": "10-12",
        "addr:postcode": "52062",
        "addr:street": "Pontdriesch",
        "brand": "REWE",
        "brand:wikidata": "Q16968817",
        "brand:wikipedia": "en:REWE",
        "check_date:opening_hours": "2024-08-10",
        "contact:phone": "+49 241 1684258",
        "contact:website": "https://www.rewe.de/marktseite/rewe-city-markt-aachen-pontdriesch-10-12",
        "drink:club-mate": "yes",
        "name": "REWE City",
        "opening_hours": "Mo-Sa 07:00-22:00",
        "operator": "REWE Markt GmbH",
        "phone": "+49 241 1684258",
        "shop": "supermarket",
        "website": "https://www.rewe.de/marktseite/rewe-city-markt-aachen-pontdriesch-10-12",
        "wheelchair": "yes"
      },
      "geometry": {
        "type": "Point",
        "coordinates": [
          6.0814949,
          50.7800685
        ]
      },
      "id": "node/6661782591"
    },
    {
      "type": "Feature",
      "properties": {
        "@id": "node/6697541220",
        "addr:city": "Aachen",
        "addr:country": "DE",
        "addr:housenumber": "74",
        "addr:postcode": "52066",
        "addr:street": "Oppenhoffallee",
        "amenity": "doctors",
        "check_date:opening_hours": "2023-04-04",
        "healthcare": "alternative",
        "name": "Heilpraktiker Decker, Praxis \"Point of Balance\"",
        "opening_hours:signed": "no",
        "phone": "+49 241 9979193",
        "website": "https://www.point-of-balance.de/",
        "wheelchair": "no"
      },
      "geometry": {
        "type": "Point",
        "coordinates": [
          6.1070326,
          50.7700706
        ]
      },
      "id": "node/6697541220"
    },
    {
      "type": "Feature",
      "properties": {
        "@id": "node/6703678194",
        "addr:city": "Aachen",
        "addr:country": "DE",
        "addr:housenumber": "4",
        "addr:postcode": "52064",
        "addr:street": "Bahnhofplatz",
        "amenity": "cafe",
        "check_date": "2023-05-14",
        "contact:facebook": "https://www.facebook.com/Sweets-Empire-112123987284808",
        "diet:vegetarian": "yes",
        "indoor_seating": "yes",
        "name": "Sweets Empire",
        "opening_hours": "Mo-Su 11:00-21:00",
        "outdoor_seating": "yes",
        "phone": "+49 1575 2046471",
        "smoking": "outside"
      },
      "geometry": {
        "type": "Point",
        "coordinates": [
          6.0898947,
          50.7688443
        ]
      },
      "id": "node/6703678194"
    },
    {
      "type": "Feature",
      "properties": {
        "@id": "node/6770659163",
        "amenity": "doctors",
        "healthcare": "doctor",
        "healthcare:speciality": "acupuncture",
        "name": "Privatarzt Psychotherapie Ulrich Becker",
        "operator": "Privatarzt Psychotherapie Ulrich Becker"
      },
      "geometry": {
        "type": "Point",
        "coordinates": [
          6.1809989,
          50.7074853
        ]
      },
      "id": "node/6770659163"
    },
    {
      "type": "Feature",
      "properties": {
        "@id": "node/6772262639",
        "addr:city": "Aachen",
        "addr:country": "DE",
        "addr:housenumber": "95",
        "addr:postcode": "52072",
        "addr:street": "Hander Weg",
        "amenity": "school",
        "isced:level": "1",
        "name": "dreieins-Grundschule",
        "operator": "dreieins Innovative Pädagogik",
        "website": "https://www.dreieins.org/aachen/",
        "wheelchair": "yes"
      },
      "geometry": {
        "type": "Point",
        "coordinates": [
          6.0532626,
          50.8038854
        ]
      },
      "id": "node/6772262639"
    },
    {
      "type": "Feature",
      "properties": {
        "@id": "node/6772262641",
        "addr:city": "Aachen",
        "addr:country": "DE",
        "addr:housenumber": "95",
        "addr:postcode": "52072",
        "addr:street": "Hander Weg",
        "amenity": "school",
        "description": "Förderschwerpunkt Hören und Kommunikation",
        "isced:level": "1;2",
        "name": "David-Hirsch-Schule",
        "operator": "Landschaftsverband Rheinland",
        "school": "deaf",
        "website": "https://dhs.lvr.de/",
        "wheelchair": "yes"
      },
      "geometry": {
        "type": "Point",
        "coordinates": [
          6.0531841,
          50.8043767
        ]
      },
      "id": "node/6772262641"
    },
    {
      "type": "Feature",
      "properties": {
        "@id": "node/6788850498",
        "amenity": "doctors",
        "healthcare": "doctor",
        "healthcare:speciality": "general;internal",
        "level": "0",
        "name": "Gemeinschaftspraxis Dr. Kloft/Dr. Neuss",
        "opening_hours": "Mo-Tu,Th 08:00-12:00,16:00-18:00; We 07:30-12:00; Fr 08:00-13:00",
        "wheelchair": "no"
      },
      "geometry": {
        "type": "Point",
        "coordinates": [
          6.1249972,
          50.7942201
        ]
      },
      "id": "node/6788850498"
    },
    {
      "type": "Feature",
      "properties": {
        "@id": "node/6832552984",
        "amenity": "cafe",
        "brand": "Starbucks",
        "brand:wikidata": "Q37158",
        "brand:wikipedia": "en:Starbucks",
        "check_date": "2024-07-31",
        "cuisine": "coffee_shop",
        "diet:vegetarian": "yes",
        "indoor_seating": "yes",
        "level": "0",
        "name": "Starbucks",
        "official_name": "Starbucks Coffee",
        "opening_hours": "Mo-Sa 09:00-20:30",
        "outdoor_seating": "yes",
        "smoking": "outside",
        "takeaway": "yes",
        "wheelchair": "yes"
      },
      "geometry": {
        "type": "Point",
        "coordinates": [
          6.0923429,
          50.7752353
        ]
      },
      "id": "node/6832552984"
    },
    {
      "type": "Feature",
      "properties": {
        "@id": "node/6843751907",
        "access:covid19": "yes",
        "addr:city": "Aachen",
        "addr:housenumber": "8",
        "addr:postcode": "52062",
        "addr:street": "Pontstraße",
        "amenity": "ice_cream",
        "cuisine": "frozen_yogurt",
        "delivery:covid19": "no",
        "diet:vegan": "no",
        "name": "Devido",
        "opening_hours": "12:00-22:00",
        "opening_hours:covid19": "Mo-Su,PH 12:00-22:00",
        "outdoor_seating": "no",
        "takeaway": "only",
        "takeaway:covid19": "yes",
        "website": "https://devido.de/",
        "wheelchair": "limited"
      },
      "geometry": {
        "type": "Point",
        "coordinates": [
          6.0833852,
          50.7769567
        ]
      },
      "id": "node/6843751907"
    },
    {
      "type": "Feature",
      "properties": {
        "@id": "node/6895215126",
        "addr:city": "Aachen",
        "addr:housenumber": "7",
        "addr:postcode": "52062",
        "addr:street": "Komphausbadstraße",
        "amenity": "doctors",
        "email": "info@grebe-hemmerich.de",
        "healthcare": "doctor",
        "name": "MVZ Aachen Innere Medizin und Rheumatologie",
        "opening_hours": "Mo-Fr 08:00-12:00, Mo,Tu,Th 15:00-18:00",
        "phone": "+49 241 33411",
        "website": "http://www.grebe-hemmerich.de/"
      },
      "geometry": {
        "type": "Point",
        "coordinates": [
          6.0888148,
          50.777712
        ]
      },
      "id": "node/6895215126"
    },
    {
      "type": "Feature",
      "properties": {
        "@id": "node/6960715390",
        "addr:city": "Aachen",
        "addr:housenumber": "2",
        "addr:postcode": "52066",
        "addr:street": "Oppenhoffallee",
        "amenity": "cafe",
        "diet:vegan": "yes",
        "diet:vegetarian": "yes",
        "email": "hello@fuchsnaturalfood.de",
        "name": "Café Fuchs",
        "opening_hours": "PH,Mo-Su 09:30-17:00",
        "toilets:wheelchair": "yes",
        "website": "https://www.fuchsnaturalfood.de/pages/cafe",
        "wheelchair": "yes"
      },
      "geometry": {
        "type": "Point",
        "coordinates": [
          6.1010256,
          50.7692756
        ]
      },
      "id": "node/6960715390"
    },
    {
      "type": "Feature",
      "properties": {
        "@id": "node/7006731556",
        "addr:city": "Aachen",
        "addr:housenumber": "57",
        "addr:postcode": "52062",
        "addr:street": "Theaterstraße",
        "email": "info@tekoonam.de",
        "healthcare": "physiotherapist",
        "healthcare:speciality": "physiotherapy;physiotherapie",
        "name": "tekoonam Physiotherapie GmbH",
        "website": "http://www.tekoonam.de/"
      },
      "geometry": {
        "type": "Point",
        "coordinates": [
          6.0927177,
          50.7705623
        ]
      },
      "id": "node/7006731556"
    },
    {
      "type": "Feature",
      "properties": {
        "@id": "node/7015519600",
        "amenity": "dentist",
        "healthcare": "dentist",
        "healthcare:speciality": "dentist",
        "name": "Thomas Pasternak & Anna Pasternak",
        "opening_hours": "Mo 08:30-12:00,15:00-18:00; Tu,Th 08:30-13:00,15:00-18:00; We,Fr 08:30-12:00; Sa,Su,PH off",
        "phone": "+49 241 521525"
      },
      "geometry": {
        "type": "Point",
        "coordinates": [
          6.1622068,
          50.7486937
        ]
      },
      "id": "node/7015519600"
    },
    {
      "type": "Feature",
      "properties": {
        "@id": "node/7035885025",
        "addr:city": "Aachen",
        "addr:housenumber": "504",
        "addr:postcode": "52074",
        "addr:street": "Lütticher Straße",
        "check_date": "2025-03-13",
        "contact:instagram": "https://instagram.com/biosupermarkt_vital",
        "diet:halal": "yes",
        "diet:lactose_free": "yes",
        "diet:vegan": "yes",
        "diet:vegetarian": "yes",
        "name": "Biomarkt Vital",
        "opening_hours": "Mo-Sa 08:00-20:00",
        "operator": "Biomarkt Vital GmbH",
        "organic": "only",
        "picture": "https://up.picr.de/49360505dn.jpg",
        "shop": "supermarket"
      },
      "geometry": {
        "type": "Point",
        "coordinates": [
          6.050814,
          50.739928
        ]
      },
      "id": "node/7035885025"
    },
    {
      "type": "Feature",
      "properties": {
        "@id": "node/7104291313",
        "addr:city": "Aachen",
        "addr:housenumber": "44",
        "addr:postcode": "52064",
        "addr:street": "Wallstraße",
        "healthcare": "dentist",
        "healthcare:speciality": "dentist",
        "name": "Praxis Larissa Ziegler Zahnärztin",
        "name:de": "Praxis Larissa Ziegler Zahnärztin",
        "name:ru": "Дантист Лариса Циглер",
        "phone": "+49 241 49589"
      },
      "geometry": {
        "type": "Point",
        "coordinates": [
          6.089574,
          50.7700114
        ]
      },
      "id": "node/7104291313"
    },
    {
      "type": "Feature",
      "properties": {
        "@id": "node/7115490801",
        "amenity": "doctors",
        "fax": "+49 241 96109601",
        "healthcare": "doctor",
        "healthcare:speciality": "ophthalmology",
        "name": "Augen Zentrum Dreiländereck",
        "operator": "Dr. med. Stephan Kohnen",
        "phone": "+49 241 96109600",
        "website": "https://www.augen-acd.de"
      },
      "geometry": {
        "type": "Point",
        "coordinates": [
          6.0706494,
          50.7511947
        ]
      },
      "id": "node/7115490801"
    },
    {
      "type": "Feature",
      "properties": {
        "@id": "node/7115498118",
        "amenity": "dentist",
        "email": "info@praxis-eichler.de",
        "healthcare": "dentist",
        "name": "Dr. Sven Eichler",
        "opening_hours": "Mo-Tu 08:00-17:00; We 08:00-15:00; Th 08:00-17:00; Fr 08:00-14:00",
        "phone": "+49 241 706061",
        "website": "https://www.praxis-eichler.de/"
      },
      "geometry": {
        "type": "Point",
        "coordinates": [
          6.0673741,
          50.7546302
        ]
      },
      "id": "node/7115498118"
    },
    {
      "type": "Feature",
      "properties": {
        "@id": "node/7118045247",
        "amenity": "dentist",
        "healthcare": "dentist",
        "name": "Dr. med. dent. Oliver Harst",
        "opening_hours": "Mo 08:00-13:00; Tu 08:00-12:30,14:30-18:00; We 08:00-13:00; Th 08:00-12:30,14:00-17:00; Fr 08:00-13:00",
        "phone": "+49 241 2 88 55",
        "website": "https://www.dr-harst.de/"
      },
      "geometry": {
        "type": "Point",
        "coordinates": [
          6.0831902,
          50.7499372
        ]
      },
      "id": "node/7118045247"
    },
    {
      "type": "Feature",
      "properties": {
        "@id": "node/7120194746",
        "amenity": "doctors",
        "fax": "+49 241 158906",
        "healthcare": "doctor",
        "healthcare:speciality": "internal",
        "name": "Dres. med. Levasseur",
        "opening_hours": "Mo 08:00-13:00, 15:00-18:00; Tu 08:00-16:00; We 08:00-13:00; Th 08:00-13:00, 15:00-18:00; Fr 08:00-13:00",
        "phone": "+49 241 15088",
        "website": "https://praxis-levasseur.de/"
      },
      "geometry": {
        "type": "Point",
        "coordinates": [
          6.063892,
          50.7595673
        ]
      },
      "id": "node/7120194746"
    },
    {
      "type": "Feature",
      "properties": {
        "@id": "node/7169065788",
        "addr:city": "Aachen",
        "addr:country": "DE",
        "addr:housenumber": "81",
        "addr:postcode": "52062",
        "addr:street": "Harscampstraße",
        "amenity": "doctors",
        "healthcare": "doctor",
        "healthcare:speciality": "orthopaedics",
        "name": "Dr. Med. Michael Neuß",
        "opening_hours": "Mo 08:00-13:00,15:00-17:00; Tu 08:00-12:30,16:00-19:00; We,Fr 08:00-13:00; Th 07:00-10:00,11:00-15:00; Sa,Su,PH off",
        "phone": "+49 241 44800",
        "website": "https://www.docneuss.de/"
      },
      "geometry": {
        "type": "Point",
        "coordinates": [
          6.0924604,
          50.7708067
        ]
      },
      "id": "node/7169065788"
    },
    {
      "type": "Feature",
      "properties": {
        "@id": "node/7209084613",
        "addr:city": "Aachen",
        "addr:housenumber": "57",
        "addr:postcode": "52062",
        "addr:street": "Templergraben",
        "amenity": "cafe",
        "check_date:opening_hours": "2024-08-25",
        "description": "Kaffee und Snacks wie im \"Leni liebt Kaffee\". Weitere Details einstweilen nicht bekannt.",
        "indoor_seating": "no",
        "name": "Café & Bistro Katapult",
        "opening_hours": "Mo-Fr 08:00-20:00",
        "opening_hours:signed": "no",
        "outdoor_seating": "yes",
        "wheelchair": "yes"
      },
      "geometry": {
        "type": "Point",
        "coordinates": [
          6.0786276,
          50.7783551
        ]
      },
      "id": "node/7209084613"
    },
    {
      "type": "Feature",
      "properties": {
        "@id": "node/7221269052",
        "addr:city": "Aachen",
        "addr:housenumber": "218",
        "addr:postcode": "52074",
        "addr:street": "Lütticher Straße",
        "amenity": "doctors",
        "description": "https://frauenaerztinnen.ac/leistungsuebersicht/",
        "email": "praxis@frauenaerztinnen.ac",
        "fax": "+49 241 70 62 12",
        "healthcare": "doctor",
        "healthcare:speciality": "gynaecology",
        "name": "Frauenärztinnen R. Blum & K. Pöhler",
        "note": "Andrea Hahnen fungiert als Hebamme in dieser Praxis.",
        "operator": "Regina Blum und Katharina Pöhler",
        "phone": "+49 241 7 10 08",
        "website": "https://frauenaerztinnen.ac"
      },
      "geometry": {
        "type": "Point",
        "coordinates": [
          6.0637913,
          50.7594734
        ]
      },
      "id": "node/7221269052"
    },
    {
      "type": "Feature",
      "properties": {
        "@id": "node/7242803405",
        "amenity": "doctors",
        "healthcare": "doctor",
        "healthcare:speciality": "ophthalmology",
        "name": "Dr. med. Kottek"
      },
      "geometry": {
        "type": "Point",
        "coordinates": [
          6.0625346,
          50.7982566
        ]
      },
      "id": "node/7242803405"
    },
    {
      "type": "Feature",
      "properties": {
        "@id": "node/7293310216",
        "addr:city": "Aachen",
        "addr:housenumber": "95",
        "addr:postcode": "52064",
        "addr:street": "Boxgraben",
        "amenity": "doctors",
        "contact:fax": "+49 241 2337-8",
        "contact:phone": "+49 241 2337-6",
        "contact:website": "https://www.frank-orthopädie.de",
        "description": "Offene Sprechstunde Montag – Freitag: 09:00 – 10:00 Uhr",
        "healthcare": "doctor",
        "healthcare:speciality": "orthopaedics;physiotherapist",
        "name": "Frank Orthopädische Praxis",
        "opening_hours": "Mo-Fr 08:30-12:30, Mo,Tu,Th 14:30-17:00; Sa,Su,PH off",
        "operator": "Marcelo Frank"
      },
      "geometry": {
        "type": "Point",
        "coordinates": [
          6.0772309,
          50.7682638
        ]
      },
      "id": "node/7293310216"
    },
    {
      "type": "Feature",
      "properties": {
        "@id": "node/7515297590",
        "amenity": "ice_cream",
        "description": "Mobiler Eiswagen. Aktuell 1,60 € die Kugel.",
        "name": "Eismännchen",
        "note": "Verkauf April bis September. Winterpause Oktober bis März. https://aachennews.org/2022/09/29/das-eismannchen-dann-mal-weg-kommt-im-april-aber-wieder/",
        "opening_hours": "Oct-Mar off; Apr-Sep: Mo-Su,PH 12:30-20:00"
      },
      "geometry": {
        "type": "Point",
        "coordinates": [
          6.0985298,
          50.7516823
        ]
      },
      "id": "node/7515297590"
    },
    {
      "type": "Feature",
      "properties": {
        "@id": "node/7597452811",
        "addr:city": "Aachen",
        "addr:housenumber": "55",
        "addr:postcode": "52064",
        "addr:street": "Schillerstraße",
        "amenity": "ice_cream",
        "diet:vegan": "yes",
        "indoor_seating": "yes",
        "name": "Eiscafé Goethe",
        "note": "Zur Zeit keine weiteren Daten bekannt.",
        "opening_hours": "Mo-Fr 13:00-20:00; Sa, Su 12:00-20:00",
        "outdoor_seating": "no",
        "wheelchair": "limited"
      },
      "geometry": {
        "type": "Point",
        "coordinates": [
          6.0787156,
          50.7631676
        ]
      },
      "id": "node/7597452811"
    },
    {
      "type": "Feature",
      "properties": {
        "@id": "node/7606145811",
        "amenity": "doctors",
        "contact:phone": "+49 241 504831",
        "healthcare": "doctor",
        "healthcare:speciality": "ophthalmology",
        "name": "Praxis Barbara Maiburg",
        "opening_hours": "Mo-Fr 08:30-12:00, Mo 14:30-17:00, Tu 16:30-19:00, Th 15:30-18:00; Sa,Su,PH off",
        "operator": "Dr. med. Barbara Maiburg"
      },
      "geometry": {
        "type": "Point",
        "coordinates": [
          6.0956099,
          50.7698206
        ]
      },
      "id": "node/7606145811"
    },
    {
      "type": "Feature",
      "properties": {
        "@id": "node/7608490562",
        "addr:city": "Aachen",
        "addr:housenumber": "45",
        "addr:postcode": "52078",
        "addr:street": "Trierer Straße",
        "amenity": "doctors",
        "email": "info@kinderaerztin-langner.de",
        "fax": "+49 241 57 54 02",
        "healthcare": "doctor",
        "healthcare:speciality": "paediatrics",
        "name": "Dr. med. Cornelia Langner",
        "note": "Öffnungszeiten bedingt durch Corona telefonisch anfragen. - https://www.kinderaerztin-langner.de/covid-19 -",
        "opening_hours": "Mo, Tu, Th 8:30-12:00, 14:00-17:00; We, Fr 8:30-12:30",
        "phone": "+49 241 57 51 50",
        "website": "https://www.kinderaerztin-langner.de/"
      },
      "geometry": {
        "type": "Point",
        "coordinates": [
          6.1205741,
          50.7690508
        ]
      },
      "id": "node/7608490562"
    },
    {
      "type": "Feature",
      "properties": {
        "@id": "node/7617102842",
        "amenity": "cafe",
        "name": "Lammerskötter im Hof",
        "old_name": "Café zum Mohren",
        "opening_hours": "Mo-Su 10:00-20:00",
        "outdoor_seating": "yes",
        "phone": "+49 241 35200",
        "website": "https://lammerskoetter.de/",
        "wheelchair": "no"
      },
      "geometry": {
        "type": "Point",
        "coordinates": [
          6.0849851,
          50.7755756
        ]
      },
      "id": "node/7617102842"
    },
    {
      "type": "Feature",
      "properties": {
        "@id": "node/7672738167",
        "addr:city": "Aachen",
        "addr:housenumber": "76",
        "addr:postcode": "52074",
        "addr:street": "Reimser Straße",
        "amenity": "cafe",
        "check_date": "2023-10-11",
        "contact:email": "cafepreuswald@gmail.com",
        "cuisine": "coffee_shop;cake",
        "name": "unser Café | Preuswald",
        "opening_hours": "Mo-Fr 09:00-16:00",
        "operator": "AWO",
        "operator:type": "private_non_profit",
        "outdoor_seating": "yes"
      },
      "geometry": {
        "type": "Point",
        "coordinates": [
          6.0466939,
          50.740223
        ]
      },
      "id": "node/7672738167"
    },
    {
      "type": "Feature",
      "properties": {
        "@id": "node/7684790504",
        "addr:city": "Aachen",
        "addr:country": "DE",
        "addr:housenumber": "214",
        "addr:postcode": "52080",
        "addr:street": "Von-Coels-Straße",
        "healthcare": "podiatrist",
        "name": "Podologische Praxis Eilendorf",
        "opening_hours": "Mo-Th 08:00-17:00; Fr 08:00-12:00; Sa,Su,PH off",
        "operator": "Alexandra Diendorf-Schmitt",
        "phone": "+49 241 95294294",
        "website": "https://www.podologie-aacheneilendorf.de/"
      },
      "geometry": {
        "type": "Point",
        "coordinates": [
          6.1615547,
          50.7787636
        ]
      },
      "id": "node/7684790504"
    },
    {
      "type": "Feature",
      "properties": {
        "@id": "node/7684790506",
        "addr:city": "Aachen",
        "addr:country": "DE",
        "addr:housenumber": "214",
        "addr:postcode": "52080",
        "addr:street": "Von-Coels-Straße",
        "healthcare": "occupational_therapist",
        "name": "LeLa Praxis für Ergotherapie",
        "opening_hours": "\"Termine nach Vereinbarung\"",
        "operator": "Miriam Leventic & Kristin Laschke GbR",
        "phone": "+49 241 43566755",
        "website": "https://www.ergotherapie-lela.de/"
      },
      "geometry": {
        "type": "Point",
        "coordinates": [
          6.1615281,
          50.7788018
        ]
      },
      "id": "node/7684790506"
    },
    {
      "type": "Feature",
      "properties": {
        "@id": "node/7684790507",
        "addr:city": "Aachen",
        "addr:country": "DE",
        "addr:housenumber": "222",
        "addr:postcode": "52080",
        "addr:street": "Von-Coels-Straße",
        "check_date:opening_hours": "2022-08-02",
        "healthcare": "speech_therapist",
        "name": "Logopädicum Aachen",
        "opening_hours:signed": "no",
        "operator": "Isabelle Schemmer",
        "phone": "+49 241 55906960",
        "website": "https://www.logopaedicum-aachen.de/"
      },
      "geometry": {
        "type": "Point",
        "coordinates": [
          6.1620814,
          50.7792426
        ]
      },
      "id": "node/7684790507"
    },
    {
      "type": "Feature",
      "properties": {
        "@id": "node/7707527272",
        "addr:city": "Aachen",
        "addr:housenumber": "317",
        "addr:postcode": "52072",
        "addr:street": "Roermonder Straße",
        "addr:suburb": "Laurensberg",
        "amenity": "cafe",
        "diet:vegan": "yes",
        "diet:vegetarian": "yes",
        "indoor_seating": "yes",
        "name": "goldjunge",
        "opening_hours": "Mo-Fr 09:30-15:30; Sa,Su,PH 09:30-18:30",
        "outdoor_seating": "yes",
        "phone": "+49 241 92135576",
        "website": "https://goldjunge-aachen.business.site/"
      },
      "geometry": {
        "type": "Point",
        "coordinates": [
          6.0634118,
          50.7965258
        ]
      },
      "id": "node/7707527272"
    },
    {
      "type": "Feature",
      "properties": {
        "@id": "node/7718923977",
        "amenity": "music_school",
        "contact:email": "post@schlagzeugschule-aachen.de",
        "contact:phone": "+49 241 9976885",
        "contact:website": "https://schlagzeugschule-aachen.de",
        "name": "Schlagzeugschule Aachen",
        "note": "Laut Webseite befindet sich die Musikschule an der Zeppelinstraße 5. Diese Adresse gibt es aber nicht. Die Musikschule befindet sich im Bunker, der keine Hausnummer hat.",
        "operator": "Björn Just"
      },
      "geometry": {
        "type": "Point",
        "coordinates": [
          6.1225721,
          50.7689717
        ]
      },
      "id": "node/7718923977"
    },
    {
      "type": "Feature",
      "properties": {
        "@id": "node/7731793170",
        "addr:city": "Aachen",
        "addr:country": "DE",
        "addr:housenumber": "18",
        "addr:postcode": "52064",
        "addr:street": "Bahnhofstraße",
        "name": "Zhang Asia Supermarket",
        "opening_hours": "Mo-Sa 10:00-19:00; Su,PH off",
        "phone": "+49 241 51596518",
        "shop": "supermarket"
      },
      "geometry": {
        "type": "Point",
        "coordinates": [
          6.0911296,
          50.7696771
        ]
      },
      "id": "node/7731793170"
    },
    {
      "type": "Feature",
      "properties": {
        "@id": "node/7746106158",
        "addr:city": "Aachen",
        "addr:housenumber": "17",
        "addr:postcode": "52062",
        "addr:street": "Synagogenplatz",
        "amenity": "cafe",
        "indoor_seating": "yes",
        "name": "Bistro Maras",
        "opening_hours": "Mo-Sa 10:00-21:00; Su 10:00-18:00",
        "outdoor_seating": "yes"
      },
      "geometry": {
        "type": "Point",
        "coordinates": [
          6.0921967,
          50.7763852
        ]
      },
      "id": "node/7746106158"
    },
    {
      "type": "Feature",
      "properties": {
        "@id": "node/7823939768",
        "amenity": "doctors",
        "healthcare": "psychotherapist",
        "healthcare:speciality": "neurology;physiotherapy",
        "operator": "Dr. med. Dorothee Bülte und Christiane Schlangen"
      },
      "geometry": {
        "type": "Point",
        "coordinates": [
          6.1664287,
          50.7487717
        ]
      },
      "id": "node/7823939768"
    },
    {
      "type": "Feature",
      "properties": {
        "@id": "node/7859751013",
        "addr:city": "Aachen",
        "addr:housenumber": "11",
        "addr:postcode": "52062",
        "addr:street": "Büchel",
        "amenity": "bar",
        "check_date": "2024-02-20",
        "cocktails": "yes",
        "contact:email": "theginlibrary@web.de",
        "contact:phone": "+49 160 94454665",
        "description": "Cocktail-Bar",
        "name": "The Gin Library",
        "opening_hours": "Mo-Th 18:00-01:00; Fr-Sa 18:00-02:00; Su off",
        "wheelchair": "limited"
      },
      "geometry": {
        "type": "Point",
        "coordinates": [
          6.0850877,
          50.7764843
        ]
      },
      "id": "node/7859751013"
    },
    {
      "type": "Feature",
      "properties": {
        "@id": "node/8014295170",
        "addr:city": "Aachen",
        "addr:housenumber": "32",
        "addr:postcode": "52062",
        "addr:street": "Blondelstraße",
        "amenity": "ice_cream",
        "check_date": "2023-05-17",
        "description": "Sonntags geschlossen. Es gibt auch kleine Speisen. Noch keine Webseite.",
        "indoor_seating": "yes",
        "name": "PORTOFINO",
        "opening_hours": "Mo-Sa 09:00-20:00",
        "outdoor_seating": "yes",
        "phone": "+49 241 91997796",
        "smoking": "outside"
      },
      "geometry": {
        "type": "Point",
        "coordinates": [
          6.0915259,
          50.775671
        ]
      },
      "id": "node/8014295170"
    },
    {
      "type": "Feature",
      "properties": {
        "@id": "node/8170213087",
        "addr:city": "Aachen",
        "addr:housenumber": "16",
        "addr:postcode": "52078",
        "addr:street": "Josefsallee",
        "amenity": "doctors",
        "check_date": "2023-10-01",
        "healthcare": "doctor",
        "healthcare:speciality": "general",
        "name": "Hausarztpraxis Brand",
        "opening_hours": "Mo-Fr 08:00-12:00; Mo,Th 15:00-17:30; PH,Sa,Su off",
        "operator": "Dr. med. Angelika Hotz, Jennifer Otto"
      },
      "geometry": {
        "type": "Point",
        "coordinates": [
          6.1679695,
          50.7496538
        ]
      },
      "id": "node/8170213087"
    },
    {
      "type": "Feature",
      "properties": {
        "@id": "node/8171473392",
        "addr:city": "Aachen",
        "addr:housenumber": "45",
        "addr:postcode": "52074",
        "addr:street": "Gemmenicher Weg",
        "amenity": "cafe",
        "cuisine": "sandwich;coffee_shop",
        "description": "Das Restaurant mit dem Mittagstisch für die Öffentlichkeit hat sich nicht halten können. Das Café ist zu den genannten Zeiten geöffnet. Es gibt Kuchen und kleine Speisen.",
        "internet_access": "yes",
        "internet_access:fee": "no",
        "internet_access:ssid": "Freifunk Aachen",
        "name": "Mariahaus Café & Bistro",
        "note": "Fotografieren ist auf dem gesamten Gelände wegen des Persönlichkeitschutzes der Klienten verboten.",
        "opening_hours": "Mo-Fr 09:00-15:00",
        "outdoor_seating": "yes",
        "phone": "+49 241 47701 16056",
        "smoking": "outside",
        "website": "https://www.alexianer-aachen.de/leistungen/besondere-angebote/bio-bauernhof-maria-haus/"
      },
      "geometry": {
        "type": "Point",
        "coordinates": [
          6.0482957,
          50.7654004
        ]
      },
      "id": "node/8171473392"
    },
    {
      "type": "Feature",
      "properties": {
        "@id": "node/8232432114",
        "addr:city": "Aachen",
        "addr:housenumber": "4",
        "addr:postcode": "52062",
        "addr:street": "Rommelsgasse",
        "check_date:opening_hours": "2024-08-08",
        "healthcare": "physiotherapist",
        "healthcare:speciality": "physiotherapy;osteopathy;massage_therapy",
        "name": "Physiopraxis Buchenthal & Junker",
        "opening_hours:signed": "no",
        "operator": "Thomas Junker und Marion Buchenthal",
        "phone": "+49 241 47 58 69 43",
        "website": "http://www.aachen-alles-im-lot.de/start"
      },
      "geometry": {
        "type": "Point",
        "coordinates": [
          6.0849652,
          50.7758189
        ]
      },
      "id": "node/8232432114"
    },
    {
      "type": "Feature",
      "properties": {
        "@id": "node/8290435917",
        "addr:city": "Aachen",
        "addr:country": "DE",
        "addr:housenumber": "22",
        "addr:postcode": "52062",
        "addr:street": "Rochusstraße",
        "amenity": "dentist",
        "check_date:opening_hours": "2024-09-04",
        "healthcare": "dentist",
        "name": "Dr. med. dent. Sven Hertzog",
        "opening_hours:signed": "no",
        "phone": "+49 241 474100",
        "website": "https://www.zahnarzt.ac/"
      },
      "geometry": {
        "type": "Point",
        "coordinates": [
          6.086682,
          50.7797693
        ]
      },
      "id": "node/8290435917"
    },
    {
      "type": "Feature",
      "properties": {
        "@id": "node/8323979868",
        "addr:city": "Aachen",
        "addr:country": "DE",
        "addr:housenumber": "21",
        "addr:postcode": "52066",
        "addr:street": "Kapellenstraße",
        "amenity": "ice_cream",
        "check_date": "2024-04-30",
        "diet:vegan": "yes",
        "indoor_seating": "yes",
        "name": "Eis Cafe Da Pian",
        "opening_hours": "PH,We-Mo 12:00-21:00",
        "outdoor_seating": "yes"
      },
      "geometry": {
        "type": "Point",
        "coordinates": [
          6.0929977,
          50.7614017
        ]
      },
      "id": "node/8323979868"
    },
    {
      "type": "Feature",
      "properties": {
        "@id": "node/8323979869",
        "addr:city": "Aachen",
        "addr:country": "DE",
        "addr:housenumber": "13",
        "addr:postcode": "52066",
        "addr:street": "Kapellenstraße",
        "check_date": "2024-04-30",
        "name": "Reformhaus Heift",
        "opening_hours": "Mo-Th 09:00-18:30; Fr 08:00-18:30; Sa 08:00-14:00; Su,PH off",
        "organic": "only",
        "shop": "supermarket",
        "website": "https://www.vita-nova.de/standorte/filialen/vita-nova-reformhaus-heift/aachen-2/",
        "wheelchair": "yes"
      },
      "geometry": {
        "type": "Point",
        "coordinates": [
          6.0928166,
          50.7616111
        ]
      },
      "id": "node/8323979869"
    },
    {
      "type": "Feature",
      "properties": {
        "@id": "node/8323979873",
        "addr:city": "Aachen",
        "addr:country": "DE",
        "addr:housenumber": "5",
        "addr:postcode": "52066",
        "addr:street": "Kapellenstraße",
        "healthcare": "optometrist",
        "name": "hören & sehen Schwickard",
        "opening_hours": "Mo-Fr 09:00-18:30; Sa 09:00-14:00",
        "shop": "optician",
        "website": "https://brille-akustik-schwickard.de/",
        "wheelchair": "no"
      },
      "geometry": {
        "type": "Point",
        "coordinates": [
          6.0925749,
          50.7619013
        ]
      },
      "id": "node/8323979873"
    },
    {
      "type": "Feature",
      "properties": {
        "@id": "node/8323979874",
        "addr:city": "Aachen",
        "addr:country": "DE",
        "addr:housenumber": "2",
        "addr:postcode": "52066",
        "addr:street": "Kapellenstraße",
        "amenity": "cafe",
        "diet:vegan": "yes",
        "diet:vegetarian": "yes",
        "indoor_seating": "yes",
        "name": "Café&Bistro Lammerskötter",
        "opening_hours": "Mo-Fr 08:00-18:30, Sa 08:00-18:00, Su 09:00-18:00",
        "outdoor_seating": "yes",
        "smoking": "outside",
        "website": "https://www.lammerskoetter.de/",
        "wheelchair": "limited"
      },
      "geometry": {
        "type": "Point",
        "coordinates": [
          6.0921498,
          50.7618963
        ]
      },
      "id": "node/8323979874"
    },
    {
      "type": "Feature",
      "properties": {
        "@id": "node/8324051702",
        "addr:city": "Aachen",
        "addr:country": "DE",
        "addr:housenumber": "35",
        "addr:postcode": "52064",
        "addr:street": "Löhergraben",
        "amenity": "doctors",
        "check_date": "2024-03-03",
        "healthcare": "doctor",
        "name": "Dr. Jens Eissfeldt",
        "opening_hours": "Mo-Fr 08:00-12:00, Mo,Tu,Th 15:00-17:00",
        "wheelchair": "limited"
      },
      "geometry": {
        "type": "Point",
        "coordinates": [
          6.0773643,
          50.7725397
        ]
      },
      "id": "node/8324051702"
    },
    {
      "type": "Feature",
      "properties": {
        "@id": "node/8337957762",
        "addr:city": "Aachen",
        "addr:housenumber": "10",
        "addr:postcode": "52064",
        "addr:street": "Lütticher Straße",
        "amenity": "doctors",
        "description": "Facharzt für Allgemeinmedizin",
        "health_facility:type": "office",
        "healthcare": "doctor",
        "name": "Johannes Hüpgens Allgemeinmedizin",
        "phone": "+49 241 77468"
      },
      "geometry": {
        "type": "Point",
        "coordinates": [
          6.0733659,
          50.7688414
        ]
      },
      "id": "node/8337957762"
    },
    {
      "type": "Feature",
      "properties": {
        "@id": "node/8364882886",
        "addr:city": "Aachen",
        "addr:housenumber": "30",
        "addr:postcode": "52074",
        "addr:street": "Pauwelsstraße",
        "amenity": "doctors",
        "description": "https://www.ukaachen.de/kliniken-institute/klinik-fuer-plastische-chirurgie-hand-und-verbrennungschirurgie/sektion-plexuschirurgie/behandlungsschwerpunkte/",
        "email": "aerdwey@ukaachen.de",
        "fax": "+49 241 80 33 89702",
        "healthcare": "doctor",
        "healthcare:speciality": "surgery;plastic_surgery",
        "level": "5",
        "name": "Klinik für Plastische Chirurgie, Hand- und Verbrennungschirurgie",
        "note": "Sekretariat | Astrid Erdwey Tel.: 0241 80-89702 Fax: 0241 80-33 89702 Etage 5, Flur 2, Raum 2",
        "operator": "Dr. Jörg Bahm",
        "phone": "+49 241 80 89702",
        "website": "https://www.ukaachen.de/kliniken-institute/klinik-fuer-plastische-chirurgie-hand-und-verbrennungschirurgie/sektion-plexuschirurgie/team/",
        "wheelchair": "yes"
      },
      "geometry": {
        "type": "Point",
        "coordinates": [
          6.0429804,
          50.7768777
        ]
      },
      "id": "node/8364882886"
    },
    {
      "type": "Feature",
      "properties": {
        "@id": "node/8431270639",
        "addr:city": "Aachen",
        "addr:housenumber": "46",
        "addr:postcode": "52068",
        "addr:street": "Stolberger Straße",
        "opening_hours": "Mo-Fr 06:00-22:00; Sa 07:00-22:00; Su 08:00-22:00",
        "operator": "Fred Pfennings GmbH & Co. KG",
        "payment:american_express": "yes",
        "payment:cards": "yes",
        "payment:cash": "yes",
        "payment:credit_cards": "yes",
        "payment:girocard": "yes",
        "payment:maestro": "yes",
        "payment:mastercard": "yes",
        "payment:visa": "yes",
        "phone": "+49 241 501108",
        "shop": "supermarket",
        "website": "https://www.pfennings.net/"
      },
      "geometry": {
        "type": "Point",
        "coordinates": [
          6.111924,
          50.7756534
        ]
      },
      "id": "node/8431270639"
    },
    {
      "type": "Feature",
      "properties": {
        "@id": "node/8536872724",
        "addr:city": "Aachen",
        "addr:country": "DE",
        "addr:housenumber": "31",
        "addr:postcode": "52066",
        "addr:street": "Malmedyer Straße",
        "check_date:opening_hours": "2024-07-22",
        "healthcare": "physiotherapist",
        "medical_system:western": "yes",
        "name": "Praxis für Krankengymnastik Heribert Elfgen",
        "opening_hours": "Mo-Th 08:00-13:00,14:00-19:00; Fr 08:00-14:00",
        "phone": "+49 241 603626",
        "website": "https://www.praxis-elfgen.de/",
        "wheelchair": "yes"
      },
      "geometry": {
        "type": "Point",
        "coordinates": [
          6.0920021,
          50.7583092
        ]
      },
      "id": "node/8536872724"
    },
    {
      "type": "Feature",
      "properties": {
        "@id": "node/8578863920",
        "addr:city": "Aachen",
        "addr:country": "DE",
        "addr:housenumber": "27",
        "addr:postcode": "52064",
        "addr:street": "Karlsgraben",
        "brand": "Netto Marken-Discount",
        "brand:wikidata": "Q879858",
        "brand:wikipedia": "de:Netto Marken-Discount",
        "check_date:opening_hours": "2024-09-04",
        "name": "Netto Marken-Discount",
        "opening_hours": "Mo-Sa 07:00-24:00; Su,PH off",
        "ref": "6757",
        "shop": "supermarket",
        "website": "https://www.netto-online.de/filialen/Aachen/Karlsgraben-27/6757/",
        "wheelchair": "yes"
      },
      "geometry": {
        "type": "Point",
        "coordinates": [
          6.0761271,
          50.7734022
        ]
      },
      "id": "node/8578863920"
    },
    {
      "type": "Feature",
      "properties": {
        "@id": "node/8607460424",
        "addr:city": "Aachen",
        "addr:country": "DE",
        "addr:housenumber": "22",
        "addr:postcode": "52062",
        "addr:street": "Schmiedstraße",
        "amenity": "cafe",
        "name": "Café Mundus",
        "opening_hours": "Mo-Sa 10:00-18:00; Su 10:00-16:00"
      },
      "geometry": {
        "type": "Point",
        "coordinates": [
          6.0830998,
          50.774404
        ]
      },
      "id": "node/8607460424"
    },
    {
      "type": "Feature",
      "properties": {
        "@id": "node/8626509707",
        "addr:city": "Aachen",
        "addr:housenumber": "28",
        "addr:postcode": "52062",
        "addr:street": "Marienbongard",
        "amenity": "dentist",
        "check_date": "2024-08-01",
        "healthcare": "dentist",
        "name": "Dentapont",
        "website": "http://www.dentapont.de/kontaktformular.html"
      },
      "geometry": {
        "type": "Point",
        "coordinates": [
          6.0783098,
          50.7800669
        ]
      },
      "id": "node/8626509707"
    },
    {
      "type": "Feature",
      "properties": {
        "@id": "node/8626509708",
        "addr:city": "Aachen",
        "addr:housenumber": "28",
        "addr:postcode": "52062",
        "addr:street": "Marienbongard",
        "amenity": "doctors",
        "email": "praxis-am-ponttor@mail.de",
        "healthcare": "doctor",
        "name": "Praxis am Ponttor",
        "opening_hours": "Mo-Fr 08:00-12:00, Mo,Tu,Th 16:00-18:00",
        "phone": "+49 241 23040",
        "website": "https://www.praxis-am-ponttor.de/"
      },
      "geometry": {
        "type": "Point",
        "coordinates": [
          6.078421,
          50.78008
        ]
      },
      "id": "node/8626509708"
    },
    {
      "type": "Feature",
      "properties": {
        "@id": "node/8634538029",
        "addr:city": "Aachen",
        "addr:housenumber": "8a",
        "addr:postcode": "52068",
        "addr:street": "Köhlstraße",
        "amenity": "bar",
        "brewery": "Bitburger;Leffe_Brune",
        "min_age": "18",
        "name": "Gaststätte Vereinsheim Zeppelinstraße",
        "outdoor_seating": "yes"
      },
      "geometry": {
        "type": "Point",
        "coordinates": [
          6.1255533,
          50.7690289
        ]
      },
      "id": "node/8634538029"
    },
    {
      "type": "Feature",
      "properties": {
        "@id": "node/8689873292",
        "amenity": "marketplace",
        "name": "Wochenmarkt Brand",
        "opening_hours": "Tu,Sa 7:00-13:00",
        "organic": "yes"
      },
      "geometry": {
        "type": "Point",
        "coordinates": [
          6.1639036,
          50.7486361
        ]
      },
      "id": "node/8689873292"
    },
    {
      "type": "Feature",
      "properties": {
        "@id": "node/8746437585",
        "addr:city": "Aachen",
        "addr:housenumber": "14",
        "addr:postcode": "52062",
        "addr:street": "Bergdriesch",
        "amenity": "ice_cream",
        "contact:email": "yoselbar25@hotmail.com",
        "contact:phone": "+49 157 55232001",
        "name": "Eiscafé Alkuin",
        "opening_hours": "Mo-Su,PH 11:00-20:00",
        "payment:cash": "only"
      },
      "geometry": {
        "type": "Point",
        "coordinates": [
          6.0844889,
          50.7795064
        ]
      },
      "id": "node/8746437585"
    },
    {
      "type": "Feature",
      "properties": {
        "@id": "node/8838915827",
        "amenity": "dentist",
        "healthcare": "dentist",
        "name": "Stefan Schmitz",
        "phone": "+49 2408 9576109"
      },
      "geometry": {
        "type": "Point",
        "coordinates": [
          6.1753334,
          50.7073663
        ]
      },
      "id": "node/8838915827"
    },
    {
      "type": "Feature",
      "properties": {
        "@id": "node/8838915828",
        "amenity": "pub",
        "name": "Alt Walheim"
      },
      "geometry": {
        "type": "Point",
        "coordinates": [
          6.1758547,
          50.7085585
        ]
      },
      "id": "node/8838915828"
    },
    {
      "type": "Feature",
      "properties": {
        "@id": "node/8909606384",
        "addr:city": "Aachen",
        "addr:housenumber": "1",
        "addr:postcode": "52076",
        "addr:street": "Pascalstraße",
        "addr:suburb": "Oberforstbach",
        "amenity": "doctors",
        "check_date": "2024-02-12",
        "fax": "+49 2408 71341611",
        "healthcare": "doctor",
        "healthcare:speciality": "general",
        "name": "Dr. Suchodoll",
        "opening_hours": "Mo 10:00-17:00; Tu,Th,Fr 08:00-17:00; We 08:00-20:00",
        "phone": "+49 2408 7134160",
        "website": "https://www.arbeitsmedizin-aachen.de/"
      },
      "geometry": {
        "type": "Point",
        "coordinates": [
          6.1388554,
          50.7116391
        ]
      },
      "id": "node/8909606384"
    },
    {
      "type": "Feature",
      "properties": {
        "@id": "node/8913471535",
        "addr:city": "Aachen",
        "addr:country": "DE",
        "addr:housenumber": "12",
        "addr:postcode": "52062",
        "addr:street": "Richardstraße",
        "amenity": "cafe",
        "cuisine": "coffee_shop",
        "description": "Diverse Cafés, Getränke und Süßigkeiten etc.",
        "name": "DEL SOL | Café",
        "note": "Nur aus dem Fenster Café und Getränke Verkauf. Sitzgelegenheit nur gegenüber im Bereich der gesamten Grünanlage \"HirschGrün\". Kein Web-Auftritt - kein Telefon. Öffnungszeiten flottierend :-).",
        "opening_hours": "Mo,Tu 15:00-19:00; We-Su 11:00-19:00",
        "outdoor_seating": "no"
      },
      "geometry": {
        "type": "Point",
        "coordinates": [
          6.0937131,
          50.7722017
        ]
      },
      "id": "node/8913471535"
    },
    {
      "type": "Feature",
      "properties": {
        "@id": "node/8914105614",
        "alt_name": "Café Ferbers am Elisenbrunnen",
        "amenity": "cafe",
        "check_date:opening_hours": "2023-10-26",
        "contact:instagram": "https://www.instagram.com/ferbers_elisengarten/?hl=de",
        "diet:vegan": "yes",
        "diet:vegetarian": "yes",
        "name": "Café Ferbers am Elisengarten",
        "opening_hours": "PH,Mo-Su 09:00-20:00",
        "outdoor_seating": "yes"
      },
      "geometry": {
        "type": "Point",
        "coordinates": [
          6.0867019,
          50.7737607
        ]
      },
      "id": "node/8914105614"
    },
    {
      "type": "Feature",
      "properties": {
        "@id": "node/8918846268",
        "addr:city": "Aachen",
        "addr:housenumber": "48",
        "addr:postcode": "52062",
        "addr:street": "Kleinmarschierstraße",
        "amenity": "cafe",
        "check_date": "2023-05-14",
        "contact:facebook": "https://www.facebook.com/baristinhoac/",
        "contact:phone": "+49 241 99034065",
        "contact:website": "https://baristinho.de/",
        "cuisine": "coffee_shop",
        "description": "Es gibt wohl auch Kuchen und leichte Gerichte.",
        "diet:vegan": "yes",
        "diet:vegetarian": "yes",
        "level": "0",
        "name": "Baristinho Café",
        "opening_hours": "Mo-Fr 08:30-18:00; Sa,Su 09:00-18:00",
        "smoking": "no",
        "wheelchair": "yes"
      },
      "geometry": {
        "type": "Point",
        "coordinates": [
          6.0842015,
          50.772987
        ]
      },
      "id": "node/8918846268"
    },
    {
      "type": "Feature",
      "properties": {
        "@id": "node/9023002355",
        "addr:city": "Aachen",
        "addr:housenumber": "6",
        "addr:postcode": "52076",
        "addr:street": "Pascalstraße",
        "addr:suburb": "Oberforstbach",
        "check_date:opening_hours": "2023-03-16",
        "email": "info@regina-jauch.de",
        "healthcare": "psychotherapist",
        "healthcare:speciality": "supervisorin",
        "name": "Regina Jauch",
        "opening_hours:signed": "no",
        "phone": "+49 176 20504735",
        "website": "http://www.regina-jauch.de/"
      },
      "geometry": {
        "type": "Point",
        "coordinates": [
          6.1396347,
          50.7112924
        ]
      },
      "id": "node/9023002355"
    },
    {
      "type": "Feature",
      "properties": {
        "@id": "node/9023175332",
        "addr:city": "Aachen",
        "addr:housenumber": "60",
        "addr:postcode": "52076",
        "addr:street": "Nerscheider Weg",
        "addr:suburb": "Oberforstbach",
        "amenity": "dentist",
        "email": "praxis@dr-dolezel.de",
        "healthcare": "dentist",
        "name": "al Dente",
        "opening_hours": "Mo-Fr 08:00-12:00; Mo, Th 13:00-16:00; Tu 14:00-17:00",
        "operator": "Dr. Doležel",
        "phone": "+49 2408 709590",
        "website": "https://www.dr-dolezel.de/"
      },
      "geometry": {
        "type": "Point",
        "coordinates": [
          6.1415891,
          50.7162617
        ]
      },
      "id": "node/9023175332"
    },
    {
      "type": "Feature",
      "properties": {
        "@id": "node/9031878794",
        "addr:city": "Aachen",
        "addr:country": "DE",
        "addr:housenumber": "107",
        "addr:postcode": "52064",
        "addr:street": "Franzstraße",
        "healthcare": "occupational_therapist",
        "name": "Ergotherapie Valder",
        "website": "https://ergo-ac.de/"
      },
      "geometry": {
        "type": "Point",
        "coordinates": [
          6.086806,
          50.7688448
        ]
      },
      "id": "node/9031878794"
    },
    {
      "type": "Feature",
      "properties": {
        "@id": "node/9041047297",
        "addr:city": "Aachen",
        "addr:housenumber": "1a",
        "addr:postcode": "52066",
        "addr:street": "Eupener Straße",
        "amenity": "doctors",
        "check_date": "2024-02-03",
        "email": "praxissteffens@web.de",
        "fax": "+49 241 6083586",
        "healthcare": "doctor",
        "healthcare:speciality": "internal;general",
        "name": "Dr. med. Angelika Steffens",
        "opening_hours": "Mo-Fr 08:30-12:30; Mo 16:00-18:00; Th 16:00-18:00",
        "phone": "+49 241 6083583",
        "website": "https://www.internisten-im-netz.de/aerzte/aachen/steffens/startseite.html"
      },
      "geometry": {
        "type": "Point",
        "coordinates": [
          6.0870415,
          50.7616892
        ]
      },
      "id": "node/9041047297"
    },
    {
      "type": "Feature",
      "properties": {
        "@id": "node/9069938321",
        "addr:city": "Aachen",
        "addr:country": "DE",
        "addr:housenumber": "23",
        "addr:postcode": "52078",
        "addr:street": "Heussstraße",
        "amenity": "doctors",
        "healthcare": "doctor",
        "healthcare:speciality": "general;chiropractic",
        "name": "Praxisgemeinschaft Brander Feld - Privatpraxis Farwek",
        "website": "https://www.praxis-farwerk.de/"
      },
      "geometry": {
        "type": "Point",
        "coordinates": [
          6.1565441,
          50.7513737
        ]
      },
      "id": "node/9069938321"
    },
    {
      "type": "Feature",
      "properties": {
        "@id": "node/9095222234",
        "addr:city": "Aachen",
        "addr:housenumber": "6",
        "addr:postcode": "52064",
        "addr:street": "Jakobsplatz",
        "description": "In unserer Praxis legen wir großen Wert auf eine individuelle Unterstützung, die zu Ihrem Anliegen passt. Unser Angebot umfasst daher neben Psychotherapie (nach HeilprG) auch Hypnose, Coaching, Traumatherapie, Paarberatung sowie psychologische Beratung fü",
        "email": "info@psychologische-praxis-aachen.de",
        "healthcare": "psychotherapist",
        "healthcare:speciality": "psychotherapy;psychology;psychotherapist;hypnosis",
        "image": "https://www.psychologische-praxis-aachen.de/images/logo_klein.png",
        "level": "0",
        "name": "Psychologische Praxis Aachen",
        "operator": "Kamila Ecker",
        "phone": "+49 241 56529474",
        "website": "https://www.psychologische-praxis-aachen.de"
      },
      "geometry": {
        "type": "Point",
        "coordinates": [
          6.0756078,
          50.7699801
        ]
      },
      "id": "node/9095222234"
    },
    {
      "type": "Feature",
      "properties": {
        "@id": "node/9100429015",
        "amenity": "doctors",
        "healthcare": "doctor",
        "healthcare:speciality": "orthopaedics",
        "name": "Heinz Mangels / Dr Felix Graf Stenbock-Fermor",
        "opening_hours": "Mo-Fr 08:00-12:00, Mo,Tu,Th 14:00-16:00",
        "phone": "+49 241 507099",
        "website": "https://www.orthopraxisac.de/"
      },
      "geometry": {
        "type": "Point",
        "coordinates": [
          6.0958028,
          50.7739562
        ]
      },
      "id": "node/9100429015"
    },
    {
      "type": "Feature",
      "properties": {
        "@id": "node/9174361465",
        "addr:city": "Aachen",
        "addr:housenumber": "92",
        "addr:postcode": "52078",
        "addr:street": "Kolpingstraße",
        "amenity": "doctors",
        "healthcare": "doctor",
        "healthcare:speciality": "dermatology",
        "name": "Dermatologie Aachen Brand",
        "opening_hours": "\"nach Vereinbarung\"",
        "phone": "+49 241 564044",
        "website": "https://www.dermatologie-ac.de"
      },
      "geometry": {
        "type": "Point",
        "coordinates": [
          6.1707127,
          50.7508059
        ]
      },
      "id": "node/9174361465"
    },
    {
      "type": "Feature",
      "properties": {
        "@id": "node/9232839608",
        "addr:city": "Aachen",
        "addr:country": "DE",
        "addr:housenumber": "23",
        "addr:postcode": "52064",
        "addr:street": "Mozartstraße",
        "amenity": "doctors",
        "healthcare": "doctor",
        "healthcare:speciality": "general;internal",
        "name": "Dr. Rodriguez",
        "opening_hours": "Mo-Th 08:00-12:00, Fr 08:00-13:00, Mo 16:00-18:00, Tu 14:00-16:00, Th 16:00-19:00",
        "operator": "Dr. med. Felipe Rodríguez",
        "phone": "+49 241 30075",
        "website": "https://www.dr-rodriguez.de/"
      },
      "geometry": {
        "type": "Point",
        "coordinates": [
          6.0822021,
          50.7659873
        ]
      },
      "id": "node/9232839608"
    },
    {
      "type": "Feature",
      "properties": {
        "@id": "node/9320207052",
        "addr:city": "Aachen",
        "addr:housenumber": "17",
        "addr:postcode": "52080",
        "addr:street": "Steinstraße",
        "amenity": "dentist",
        "healthcare": "dentist",
        "healthcare:speciality": "endodontics;implantology;paediatric_dentistry;periodontics",
        "name": "Zahnarztpraxis Jana Schopen",
        "opening_hours": "Mo,Tu,Th 08:30-12:30, 14:30-18:00; We,Fr 08:30-12:30; Sa,Su,PH off",
        "operator": "Zahnarztpraxis Jana Schopen",
        "payment:cash": "yes",
        "payment:girocard": "yes",
        "phone": "+49 241 552284",
        "website": "https://zahnarztpraxis-schopen.de/",
        "wheelchair": "limited"
      },
      "geometry": {
        "type": "Point",
        "coordinates": [
          6.1572836,
          50.7781764
        ]
      },
      "id": "node/9320207052"
    },
    {
      "type": "Feature",
      "properties": {
        "@id": "node/9356486413",
        "addr:city": "Aachen",
        "addr:housenumber": "8a",
        "addr:postcode": "52062",
        "addr:street": "Pontdriesch",
        "check_date:opening_hours": "2024-08-10",
        "name": "Asia Express Markt",
        "note": "UPS Access Point",
        "opening_hours": "Mo-Sa 10:00-22:00",
        "opening_hours:signed": "no",
        "shop": "supermarket",
        "website": "https://www.instagram.com/asiaexpressmarkt/",
        "wheelchair": "no"
      },
      "geometry": {
        "type": "Point",
        "coordinates": [
          6.0819896,
          50.7799442
        ]
      },
      "id": "node/9356486413"
    },
    {
      "type": "Feature",
      "properties": {
        "@id": "node/9417682054",
        "addr:city": "Aachen",
        "addr:country": "DE",
        "addr:housenumber": "122-126",
        "addr:postcode": "52062",
        "addr:street": "Pontstraße",
        "amenity": "pub",
        "foot": "yes",
        "indoor_seating": "yes",
        "name": "essBar",
        "opening_hours": "Mo-Th 10:30-01:00, Fr,Sa 10:30-03:00, Su 11:00-01:00",
        "opening_hours:note": "Warme Küche ab 11:30 Uhr",
        "outdoor_seating": "yes",
        "smoking": "separated",
        "toilets:wheelchair": "no",
        "wheelchair": "limited"
      },
      "geometry": {
        "type": "Point",
        "coordinates": [
          6.0805498,
          50.7796271
        ]
      },
      "id": "node/9417682054"
    },
    {
      "type": "Feature",
      "properties": {
        "@id": "node/9418323539",
        "addr:housenumber": "1",
        "addr:street": "Wirichsbongardstraße",
        "amenity": "doctors",
        "check_date:opening_hours": "2024-08-13",
        "healthcare": "doctor",
        "healthcare:speciality": "otolaryngology",
        "name": "HNO-Gemeinschaftspraxis",
        "opening_hours": "Mo-Th 08:00-19:00; Fr 08:00-17:00",
        "phone": "+49 241 20712",
        "website": "https://www.hno-gemeinsam.de",
        "wheelchair": "no"
      },
      "geometry": {
        "type": "Point",
        "coordinates": [
          6.0872783,
          50.7735998
        ]
      },
      "id": "node/9418323539"
    },
    {
      "type": "Feature",
      "properties": {
        "@id": "node/9429601114",
        "addr:city": "Aachen",
        "addr:housenumber": "9-11",
        "addr:postcode": "52062",
        "addr:street": "Theaterplatz",
        "amenity": "doctors",
        "email": "info@uro-praxis-aachen.de",
        "healthcare": "doctor",
        "healthcare:speciality": "urology",
        "level": "1",
        "name": "Urologie am Theater",
        "opening_hours": "Mo, We 08:30-15:00; Tu, Th 08:30-13:00, 13:30-15:00",
        "operator": "Dr. med. Michael Hamm",
        "phone": "+49 241 4759 1357",
        "website": "https://www.uro-praxis-aachen.de/"
      },
      "geometry": {
        "type": "Point",
        "coordinates": [
          6.0878155,
          50.7728704
        ]
      },
      "id": "node/9429601114"
    },
    {
      "type": "Feature",
      "properties": {
        "@id": "node/9532265287",
        "addr:city": "Aachen",
        "addr:housenumber": "36",
        "addr:postcode": "52066",
        "addr:street": "Bismarckstraße",
        "amenity": "music_school",
        "check_date": "2024-11-03",
        "musical_instrument": "piano",
        "name:signed": "no",
        "opening_hours": "\"by appointment\"",
        "operator": "Stegmaier / Lochter",
        "operator:type": "private",
        "phone": "+49 241 513033"
      },
      "geometry": {
        "type": "Point",
        "coordinates": [
          6.1013623,
          50.7681298
        ]
      },
      "id": "node/9532265287"
    },
    {
      "type": "Feature",
      "properties": {
        "@id": "node/9532265288",
        "addr:city": "Aachen",
        "addr:housenumber": "36",
        "addr:postcode": "52066",
        "addr:street": "Oppenhoffallee",
        "amenity": "music_school",
        "musical_instrument": "piano",
        "name:signed": "no",
        "opening_hours": "\"by appointment\"",
        "operator": "Schumann",
        "operator:type": "private",
        "phone": "+49 241 407066"
      },
      "geometry": {
        "type": "Point",
        "coordinates": [
          6.1041544,
          50.7696973
        ]
      },
      "id": "node/9532265288"
    },
    {
      "type": "Feature",
      "properties": {
        "@id": "node/9532265289",
        "addr:city": "Aachen",
        "addr:housenumber": "18",
        "addr:postcode": "52064",
        "addr:street": "Leydelstraße",
        "amenity": "music_school",
        "musical_instrument": "piano",
        "opening_hours": "\"by appointment\"",
        "operator": "Siidra",
        "operator:type": "private",
        "phone": "+49 241 47588151"
      },
      "geometry": {
        "type": "Point",
        "coordinates": [
          6.0895205,
          50.7695336
        ]
      },
      "id": "node/9532265289"
    },
    {
      "type": "Feature",
      "properties": {
        "@id": "node/9631952300",
        "addr:city": "Aachen",
        "addr:country": "DE",
        "addr:housenumber": "95",
        "addr:postcode": "52064",
        "addr:street": "Mauerstraße",
        "amenity": "dentist",
        "check_date:opening_hours": "2025-01-26",
        "email": "info@zahnarztpraxis-saei.de",
        "healthcare": "dentist",
        "name": "Zahnarztpraxis Saei",
        "opening_hours": "Mo-Fr 08:00-12:00, Mo,Tu,Th 14:00-18:00",
        "phone": "+49 241 - 256 99",
        "website": "https://www.zahnarztpraxis-saei.de/"
      },
      "geometry": {
        "type": "Point",
        "coordinates": [
          6.0739563,
          50.7713493
        ]
      },
      "id": "node/9631952300"
    },
    {
      "type": "Feature",
      "properties": {
        "@id": "node/9654243211",
        "addr:city": "Aachen",
        "addr:country": "DE",
        "addr:housenumber": "23",
        "addr:postcode": "52064",
        "addr:street": "Karlsgraben",
        "amenity": "doctors",
        "check_date": "2024-04-20",
        "healthcare": "doctor",
        "healthcare:speciality": "dermatology;allergology",
        "name": "Gemeinschaftspraxis Dermatologie Allergologie",
        "opening_hours": "\"nach Vereinbarung\"",
        "operator": "Dr. Susanne Jacobs, Dagmar Wissgens",
        "phone": "+49 241 28860",
        "website": "https://www.praxis-jacobs-wissgens.de/"
      },
      "geometry": {
        "type": "Point",
        "coordinates": [
          6.0762173,
          50.7731348
        ]
      },
      "id": "node/9654243211"
    },
    {
      "type": "Feature",
      "properties": {
        "@id": "node/9656464701",
        "addr:city": "Aachen",
        "addr:country": "DE",
        "addr:housenumber": "17",
        "addr:postcode": "52080",
        "addr:street": "Karlstraße",
        "amenity": "doctors",
        "email": "info@hausarzt-fischer.de",
        "healthcare": "doctor",
        "name": "Hausarzpraxis Fischer",
        "opening_hours": "Mo,Th 08:00-12:00,15:00-17:30; Tu 08:00-12:00,15:00-17:00; We,Fr 08:00-12:00",
        "website": "https://www.hausarzt-fischer.de/",
        "wheelchair": "no"
      },
      "geometry": {
        "type": "Point",
        "coordinates": [
          6.1473394,
          50.7787243
        ]
      },
      "id": "node/9656464701"
    },
    {
      "type": "Feature",
      "properties": {
        "@id": "node/9670450662",
        "addr:city": "Aachen",
        "addr:housenumber": "16",
        "addr:postcode": "52062",
        "addr:street": "Saarstraße",
        "amenity": "doctors",
        "healthcare": "doctor",
        "name": "Lothar Bohnenkamp Allgemeinmedizin",
        "opening_hours": "Mo-Su 08:30-12:00,16:00-18:00"
      },
      "geometry": {
        "type": "Point",
        "coordinates": [
          6.0798548,
          50.7819052
        ]
      },
      "id": "node/9670450662"
    },
    {
      "type": "Feature",
      "properties": {
        "@id": "node/9688289620",
        "addr:city": "Aachen",
        "addr:housenumber": "139",
        "addr:postcode": "52072",
        "addr:street": "Roermonder Straße",
        "healthcare": "physiotherapist",
        "name": "Breuer Physio",
        "phone": "+49 241 87 11 10",
        "website": "https://breuer-physio.com/"
      },
      "geometry": {
        "type": "Point",
        "coordinates": [
          6.0693762,
          50.7871751
        ]
      },
      "id": "node/9688289620"
    },
    {
      "type": "Feature",
      "properties": {
        "@id": "node/9689554645",
        "addr:city": "Aachen",
        "addr:housenumber": "21",
        "addr:postcode": "52064",
        "addr:street": "Leydelstraße",
        "amenity": "dentist",
        "healthcare": "dentist",
        "name": "Aixdent",
        "phone": "+49 241 342 90",
        "website": "https://aixdent.com/"
      },
      "geometry": {
        "type": "Point",
        "coordinates": [
          6.0890844,
          50.7695657
        ]
      },
      "id": "node/9689554645"
    },
    {
      "type": "Feature",
      "properties": {
        "@id": "node/9692192807",
        "addr:city": "Aachen",
        "addr:country": "DE",
        "addr:housenumber": "142",
        "addr:postcode": "52074",
        "addr:street": "Vaalser Straße",
        "amenity": "dentist",
        "email": "zahnaerzte@amwestpark.de",
        "healthcare": "dentist",
        "name": "Zahnärzte am Westpark",
        "opening_hours": "Mo 08:00-17:30; Tu,Th 08:00-19:00; We 08:00-16:30; Fr 08:00-13:30 || \"nach Vereinbarung\"",
        "phone": "+49 241 85599",
        "website": "https://amwestpark.de/"
      },
      "geometry": {
        "type": "Point",
        "coordinates": [
          6.0658108,
          50.7706455
        ]
      },
      "id": "node/9692192807"
    },
    {
      "type": "Feature",
      "properties": {
        "@id": "node/9693175943",
        "addr:city": "Aachen",
        "addr:housenumber": "18 - 20",
        "addr:postcode": "52070",
        "addr:street": "Adalbertsteinweg",
        "amenity": "dentist",
        "healthcare": "dentist",
        "healthcare:speciality": "general",
        "name": "Meriame El Gourari",
        "note": "Zahnärztin, Ästhetische Zahnmedizin, Endodontologie, Kinderzahnheilkunde, Ganzheitliche Zahnheilkunde & Kiefergelenksbehandlung ...",
        "operator": "Dr. med. dent. Meriame El Gourari",
        "phone": "+49 241 90055260"
      },
      "geometry": {
        "type": "Point",
        "coordinates": [
          6.0989079,
          50.7744063
        ]
      },
      "id": "node/9693175943"
    },
    {
      "type": "Feature",
      "properties": {
        "@id": "node/9702427333",
        "addr:city": "Aachen",
        "addr:housenumber": "25",
        "addr:postcode": "52064",
        "addr:street": "Goethestraße",
        "healthcare": "physiotherapist",
        "name": "Physiotherapie Praxis Joris Bruseker",
        "phone": "+49 241-706260",
        "website": "https://www.physiotherapie-bruseker.com/"
      },
      "geometry": {
        "type": "Point",
        "coordinates": [
          6.0790312,
          50.7630083
        ]
      },
      "id": "node/9702427333"
    },
    {
      "type": "Feature",
      "properties": {
        "@id": "node/9703830073",
        "amenity": "marketplace",
        "check_date": "2025-02-16",
        "name": "Wochenmarkt Elisenbrunnen",
        "opening_hours": "Tu,Th 07:00-14:00; Mo,We,Fr-Su,PH off",
        "operator": "Stadt Aachen",
        "wheelchair": "yes"
      },
      "geometry": {
        "type": "Point",
        "coordinates": [
          6.0869448,
          50.7739188
        ]
      },
      "id": "node/9703830073"
    },
    {
      "type": "Feature",
      "properties": {
        "@id": "node/9704929630",
        "addr:city": "Aachen",
        "addr:housenumber": "22-28",
        "addr:postcode": "52062",
        "addr:street": "Großkölnstraße",
        "amenity": "dentist",
        "email": "praxis@aixsmile.de",
        "healthcare": "dentist",
        "level": "3",
        "name": "AIXSMILE",
        "opening_hours": "\"by appointment\"",
        "phone": "+49 241 31202",
        "website": "https://aixsmile.de/"
      },
      "geometry": {
        "type": "Point",
        "coordinates": [
          6.0849458,
          50.7769629
        ]
      },
      "id": "node/9704929630"
    },
    {
      "type": "Feature",
      "properties": {
        "@id": "node/9704929631",
        "addr:city": "Aachen",
        "addr:housenumber": "22-28",
        "addr:postcode": "52062",
        "addr:street": "Großkölnstraße",
        "amenity": "doctors",
        "email": "info@aachen-dermatologie.de",
        "healthcare": "doctor",
        "healthcare:speciality": "dermatology;allergology",
        "level": "2",
        "name": "Dr. med. Anita Harst",
        "opening_hours": "Mo-Fr 08:00-12:00",
        "operator": "Praxis für Dermatologie und Allergologie Dr. Anita Harst",
        "phone": "+49 241 9 29 14 00",
        "website": "https://www.hautaerztin-dr-harst.de/"
      },
      "geometry": {
        "type": "Point",
        "coordinates": [
          6.0850719,
          50.7769985
        ]
      },
      "id": "node/9704929631"
    },
    {
      "type": "Feature",
      "properties": {
        "@id": "node/9709635289",
        "addr:city": "Aachen",
        "addr:housenumber": "5-9",
        "addr:postcode": "52062",
        "addr:street": "Wirichsbongardstraße",
        "amenity": "dentist",
        "healthcare": "dentist",
        "name": "Zahnarzt Savar Keshtkari",
        "opening_hours": "Mo-Th 08:00-13:00, Fr 08:00-14:30, Mo,Tu,Th 13:45-18:00; PH,Sa,Su off",
        "phone": "+49 241 38 747",
        "website": "https://www.zahnarzt-aachen-keshtkari.de/",
        "wheelchair": "no"
      },
      "geometry": {
        "type": "Point",
        "coordinates": [
          6.0875699,
          50.7735103
        ]
      },
      "id": "node/9709635289"
    },
    {
      "type": "Feature",
      "properties": {
        "@id": "node/9709673792",
        "addr:city": "Aachen",
        "addr:housenumber": "1-3",
        "addr:postcode": "52064",
        "addr:street": "Aureliusstraße",
        "healthcare": "physiotherapist",
        "name": "Physiotherapie Lürken",
        "phone": "+49 241 22 1 30",
        "website": "http://physio-luerken.de/"
      },
      "geometry": {
        "type": "Point",
        "coordinates": [
          6.0892942,
          50.7713663
        ]
      },
      "id": "node/9709673792"
    },
    {
      "type": "Feature",
      "properties": {
        "@id": "node/9709675440",
        "addr:city": "Aachen",
        "addr:housenumber": "9-11",
        "addr:postcode": "52062",
        "addr:street": "Theaterplatz",
        "amenity": "dentist",
        "email": "info@dr-busche-implantate.de",
        "healthcare": "dentist",
        "name": "Georg Busche Zahnarzt",
        "phone": "+49 241 20999",
        "website": "https://www.dr-busche-implantate.de"
      },
      "geometry": {
        "type": "Point",
        "coordinates": [
          6.0877544,
          50.7728114
        ]
      },
      "id": "node/9709675440"
    },
    {
      "type": "Feature",
      "properties": {
        "@id": "node/9709675441",
        "addr:city": "Aachen",
        "addr:housenumber": "9-11",
        "addr:postcode": "52062",
        "addr:street": "Theaterplatz",
        "amenity": "doctors",
        "healthcare": "doctor",
        "healthcare:speciality": "internal",
        "level": "1",
        "name": "Thomas Unger Innere Medizin",
        "phone": "+49 241 29919",
        "website": "https://unger-arztpraxis.de/"
      },
      "geometry": {
        "type": "Point",
        "coordinates": [
          6.0879894,
          50.7728396
        ]
      },
      "id": "node/9709675441"
    },
    {
      "type": "Feature",
      "properties": {
        "@id": "node/9709675442",
        "addr:city": "Aachen",
        "addr:housenumber": "9-11",
        "addr:postcode": "52062",
        "addr:street": "Theaterplatz",
        "amenity": "doctors",
        "email": "info@praxis-bubenzer.de",
        "healthcare": "doctor",
        "healthcare:speciality": "gastroenterology",
        "name": "Til Bubenzer Gastroenterologie",
        "phone": "+49 241 28287",
        "website": "https://www.praxis-bubenzer.de/"
      },
      "geometry": {
        "type": "Point",
        "coordinates": [
          6.0879056,
          50.7727854
        ]
      },
      "id": "node/9709675442"
    },
    {
      "type": "Feature",
      "properties": {
        "@id": "node/9714246003",
        "addr:city": "Aachen",
        "addr:housenumber": "5",
        "addr:postcode": "52062",
        "addr:street": "Pontstraße",
        "amenity": "cafe",
        "check_date:opening_hours": "2024-03-05",
        "diet:vegetarian": "yes",
        "indoor_seating": "yes",
        "name": "Pausenbrot",
        "opening_hours": "We-Su 10:00-18:00",
        "outdoor_seating": "yes",
        "phone": "+49 241 53 10 29 02",
        "smoking": "outside",
        "website": "https://pausenbrot.de/standort-pontstrasse/"
      },
      "geometry": {
        "type": "Point",
        "coordinates": [
          6.083123,
          50.776988
        ]
      },
      "id": "node/9714246003"
    },
    {
      "type": "Feature",
      "properties": {
        "@id": "node/9714246004",
        "addr:city": "Aachen",
        "addr:housenumber": "2",
        "addr:postcode": "52062",
        "addr:street": "Pontstraße",
        "amenity": "cafe",
        "check_date": "2024-11-27",
        "name": "Zaytouna",
        "wheelchair": "no"
      },
      "geometry": {
        "type": "Point",
        "coordinates": [
          6.0835294,
          50.7768595
        ]
      },
      "id": "node/9714246004"
    },
    {
      "type": "Feature",
      "properties": {
        "@id": "node/9714453653",
        "addr:city": "Aachen",
        "addr:housenumber": "19",
        "addr:postcode": "52062",
        "addr:street": "Kapuzinergraben",
        "amenity": "cafe",
        "check_date": "2024-03-26",
        "name": "Espresso Perfetto",
        "opening_hours": "Mo-Th 09:30-18:00; Fr-Sa 9:30-22:00",
        "phone": "+49 241 475 990 22",
        "website": "https://espressoperfetto.de/aachen/"
      },
      "geometry": {
        "type": "Point",
        "coordinates": [
          6.0857525,
          50.7721454
        ]
      },
      "id": "node/9714453653"
    },
    {
      "type": "Feature",
      "properties": {
        "@id": "node/9718495793",
        "addr:city": "Aachen",
        "addr:housenumber": "1a",
        "addr:postcode": "52062",
        "addr:street": "Borngasse",
        "healthcare": "physiotherapist",
        "name": "Physiotherapie Schwartz",
        "opening_hours": "\"by appointment\"",
        "phone": "+49 241 40 63 43",
        "website": "https://www.physio-schwartz.de/"
      },
      "geometry": {
        "type": "Point",
        "coordinates": [
          6.0906951,
          50.7732964
        ]
      },
      "id": "node/9718495793"
    },
    {
      "type": "Feature",
      "properties": {
        "@id": "node/9718501991",
        "addr:city": "Aachen",
        "addr:housenumber": "110",
        "addr:postcode": "52062",
        "addr:street": "Pontstraße",
        "amenity": "bar",
        "name": "Greedy & Thirsty",
        "opening_hours": "Mo-Su 12:00-23:00",
        "phone": "+49 241 435 80 452",
        "wheelchair": "no"
      },
      "geometry": {
        "type": "Point",
        "coordinates": [
          6.0806682,
          50.7793943
        ]
      },
      "id": "node/9718501991"
    },
    {
      "type": "Feature",
      "properties": {
        "@id": "node/9731139599",
        "addr:city": "Aachen",
        "addr:housenumber": "76",
        "addr:postcode": "52062",
        "addr:street": "Peterstraße",
        "amenity": "nightclub",
        "name": "Barbarossa"
      },
      "geometry": {
        "type": "Point",
        "coordinates": [
          6.0938267,
          50.7779344
        ]
      },
      "id": "node/9731139599"
    },
    {
      "type": "Feature",
      "properties": {
        "@id": "node/9739350096",
        "addr:city": "Aachen",
        "addr:housenumber": "8",
        "addr:postcode": "52068",
        "addr:street": "Elsassplatz",
        "amenity": "dentist",
        "email": "praxis@za-elsassplatz.de",
        "healthcare": "dentist",
        "name": "Zahnärztin Nigar Musayeva",
        "opening_hours": "Mo 08:00-13:00,14:30-18:00; Tu 08:00-13:00,14:30-19:00; We 08:00-13:00; Th 08:00-13:00,14:30-18:00; Fr 08:00-13:00",
        "phone": "+49 241 500 100",
        "website": "https://www.zahnarzt-aachen-elsassplatz.de/"
      },
      "geometry": {
        "type": "Point",
        "coordinates": [
          6.1159716,
          50.7733932
        ]
      },
      "id": "node/9739350096"
    },
    {
      "type": "Feature",
      "properties": {
        "@id": "node/9762594033",
        "addr:city": "Aachen",
        "addr:housenumber": "13-15",
        "addr:postcode": "52062",
        "addr:street": "Holzgraben",
        "amenity": "doctors",
        "email": "info@praxis-kapan.de",
        "healthcare": "doctor",
        "name": "Semih Kapan",
        "opening_hours": "Mo-Fr 08:00-12:00, Mo,Tu,Th 15:00-18:00; PH,Sa,Su off",
        "phone": "+49 241 39 717",
        "website": "http://www.praxis-kapan.de/kontakt/"
      },
      "geometry": {
        "type": "Point",
        "coordinates": [
          6.0876974,
          50.7755777
        ]
      },
      "id": "node/9762594033"
    },
    {
      "type": "Feature",
      "properties": {
        "@id": "node/9765077412",
        "addr:city": "Aachen",
        "addr:housenumber": "34",
        "addr:postcode": "52062",
        "addr:street": "Templergraben",
        "amenity": "doctors",
        "check_date:opening_hours": "2024-11-15",
        "healthcare": "doctor",
        "healthcare:speciality": "general",
        "name": "Almut Görgels",
        "opening_hours": "Mo-Fr 08:30-12:00, Mo,Th 16:00-18:00"
      },
      "geometry": {
        "type": "Point",
        "coordinates": [
          6.0770584,
          50.7766266
        ]
      },
      "id": "node/9765077412"
    },
    {
      "type": "Feature",
      "properties": {
        "@id": "node/9765555773",
        "addr:city": "Aachen",
        "addr:housenumber": "3",
        "addr:postcode": "52062",
        "addr:street": "Katschhof",
        "amenity": "clinic",
        "check_date:opening_hours": "2024-08-08",
        "email": "domhofklinik-aachen@t-online.de",
        "healthcare": "clinic",
        "healthcare:speciality": "plastic_surgery",
        "name": "Domhof-Klinik",
        "opening_hours:signed": "no",
        "phone": "+49 241 479 920",
        "website": "https://www.domhofklinik.de/"
      },
      "geometry": {
        "type": "Point",
        "coordinates": [
          6.0841679,
          50.7750439
        ]
      },
      "id": "node/9765555773"
    },
    {
      "type": "Feature",
      "properties": {
        "@id": "node/9765555774",
        "addr:city": "Aachen",
        "addr:housenumber": "3",
        "addr:postcode": "52062",
        "addr:street": "Katschhof",
        "amenity": "clinic",
        "check_date:opening_hours": "2024-08-08",
        "healthcare": "clinic",
        "name": "Direct Clinics Aachen",
        "opening_hours:signed": "no",
        "website": "https://www.directclinics.de/standorte/prescan-clinics-aachen"
      },
      "geometry": {
        "type": "Point",
        "coordinates": [
          6.0841267,
          50.775096
        ]
      },
      "id": "node/9765555774"
    },
    {
      "type": "Feature",
      "properties": {
        "@id": "node/9773449596",
        "addr:city": "Aachen",
        "addr:housenumber": "17",
        "addr:postcode": "52062",
        "addr:street": "Theaterplatz",
        "amenity": "dentist",
        "email": "info@dent-ac.de",
        "healthcare": "dentist",
        "healthcare:speciality": "dentist",
        "name": "zahnärztlichen Praxisgemeinschaft",
        "phone": "+49 241 22600",
        "website": "https://www.dent-ac.de"
      },
      "geometry": {
        "type": "Point",
        "coordinates": [
          6.0882724,
          50.7724905
        ]
      },
      "id": "node/9773449596"
    },
    {
      "type": "Feature",
      "properties": {
        "@id": "node/9773449597",
        "addr:city": "Aachen",
        "addr:housenumber": "17",
        "addr:postcode": "52062",
        "addr:street": "Theaterplatz",
        "amenity": "doctors",
        "healthcare": "doctor",
        "healthcare:speciality": "cardiology",
        "name": "Praxis für Kardiologie und Angiologie",
        "phone": "+49 241 345 27",
        "website": "https://www.angiologie-kardiologie.eu"
      },
      "geometry": {
        "type": "Point",
        "coordinates": [
          6.0882026,
          50.7724074
        ]
      },
      "id": "node/9773449597"
    },
    {
      "type": "Feature",
      "properties": {
        "@id": "node/9773450902",
        "addr:city": "Aachen",
        "addr:housenumber": "17",
        "addr:postcode": "52062",
        "addr:street": "Theaterplatz",
        "amenity": "clinic",
        "email": "info@orthopaedicum-aachen.de",
        "healthcare": "clinic",
        "healthcare:speciality": "orthopaedics;physiotherapy",
        "name": "Orthopaedicum Aachen",
        "phone": "+49 241 407934",
        "website": "https://www.orthopaedicum-aachen.de"
      },
      "geometry": {
        "type": "Point",
        "coordinates": [
          6.0882482,
          50.7724346
        ]
      },
      "id": "node/9773450902"
    },
    {
      "type": "Feature",
      "properties": {
        "@id": "node/9776656380",
        "addr:city": "Aachen",
        "addr:housenumber": "25",
        "addr:postcode": "52070",
        "addr:street": "Herzogstraße",
        "email": "info@physio-minkenberg.de",
        "healthcare": "physiotherapist",
        "name": "Physio Minkenberg",
        "phone": "+49 241 99 77 47 00",
        "website": "https://www.physio-minkenberg.de/"
      },
      "geometry": {
        "type": "Point",
        "coordinates": [
          6.097301,
          50.7697607
        ]
      },
      "id": "node/9776656380"
    },
    {
      "type": "Feature",
      "properties": {
        "@id": "node/9776710501",
        "addr:city": "Aachen",
        "addr:housenumber": "28",
        "addr:postcode": "52066",
        "addr:street": "Eupener Straße",
        "amenity": "clinic",
        "healthcare": "clinic",
        "healthcare:speciality": "ophthalmology",
        "name": "Ambulantes Augen-OP-Zentrum Bodenhof",
        "phone": "+49 241 45 09 15 53",
        "website": "https://www.augenklinik-ac.de/praxen/ambulantes-op-zentrum-bodenhof-aachen"
      },
      "geometry": {
        "type": "Point",
        "coordinates": [
          6.0855677,
          50.7599199
        ]
      },
      "id": "node/9776710501"
    },
    {
      "type": "Feature",
      "properties": {
        "@id": "node/9776710502",
        "addr:city": "Aachen",
        "addr:housenumber": "30",
        "addr:postcode": "52066",
        "addr:street": "Eupener Straße",
        "amenity": "dentist",
        "email": "info@kfo-ac.de",
        "healthcare": "dentist",
        "healthcare:speciality": "orthodontics",
        "name": "Kieferorthopädie",
        "operator": "Kerstin Arlt",
        "phone": "+49 241 509041",
        "website": "https://www.kfo-aachen.de/"
      },
      "geometry": {
        "type": "Point",
        "coordinates": [
          6.0855166,
          50.759736
        ]
      },
      "id": "node/9776710502"
    },
    {
      "type": "Feature",
      "properties": {
        "@id": "node/9776935049",
        "addr:city": "Aachen",
        "addr:housenumber": "24c",
        "addr:postcode": "52062",
        "addr:street": "Marienbongard",
        "amenity": "ice_cream",
        "name": "Amando Dattelbombe Yogurt"
      },
      "geometry": {
        "type": "Point",
        "coordinates": [
          6.0788272,
          50.7801488
        ]
      },
      "id": "node/9776935049"
    },
    {
      "type": "Feature",
      "properties": {
        "@id": "node/9828403042",
        "amenity": "cafe",
        "name": "Büdchen",
        "opening_hours": "Mo,We,Th 08:00-16:00"
      },
      "geometry": {
        "type": "Point",
        "coordinates": [
          6.1160597,
          50.7703702
        ]
      },
      "id": "node/9828403042"
    },
    {
      "type": "Feature",
      "properties": {
        "@id": "node/9839515537",
        "addr:city": "Aachen",
        "addr:housenumber": "16",
        "addr:postcode": "52062",
        "addr:street": "Alexianergraben",
        "amenity": "dentist",
        "check_date:opening_hours": "2023-10-03",
        "healthcare": "dentist",
        "healthcare:speciality": "implantology",
        "name": "Implantologiezentrum Aachen",
        "opening_hours:signed": "no",
        "phone": "+49 241 35 814",
        "website": "https://www.zahnimplantate-aachen.de/"
      },
      "geometry": {
        "type": "Point",
        "coordinates": [
          6.0833302,
          50.7723289
        ]
      },
      "id": "node/9839515537"
    },
    {
      "type": "Feature",
      "properties": {
        "@id": "node/9846233222",
        "addr:city": "Aachen",
        "addr:housenumber": "176",
        "addr:postcode": "52066",
        "addr:street": "Bismarckstraße",
        "amenity": "doctors",
        "healthcare": "doctor",
        "name": "Dr. med. Natalia Rohn",
        "opening_hours": "Mo-Fr 09:00-12:00, Mo,Tu 15:00-18:00, Th 16:00-18:00",
        "phone": "+49 241 16020571",
        "website": "https://dr-med-natalia-rohn.edan.io/"
      },
      "geometry": {
        "type": "Point",
        "coordinates": [
          6.1118097,
          50.7707148
        ]
      },
      "id": "node/9846233222"
    },
    {
      "type": "Feature",
      "properties": {
        "@id": "node/9846258268",
        "addr:city": "Aachen",
        "addr:housenumber": "1-5",
        "addr:postcode": "52070",
        "addr:street": "Herzogstraße",
        "amenity": "dentist",
        "email": "info@zahnarztpraxis-ok.de",
        "healthcare": "dentist",
        "name": "Zahnärztin Dilara Ok",
        "opening_hours": "\"nach Vereinbarung\"",
        "phone": "+49 241 54 11 77",
        "website": "https://zahnarztpraxis-ok.de/"
      },
      "geometry": {
        "type": "Point",
        "coordinates": [
          6.0964044,
          50.7690921
        ]
      },
      "id": "node/9846258268"
    },
    {
      "type": "Feature",
      "properties": {
        "@id": "node/9846845926",
        "addr:city": "Aachen",
        "addr:housenumber": "27",
        "addr:postcode": "52062",
        "addr:street": "Bergdriesch",
        "amenity": "dentist",
        "email": "willkommen@smilenow.de",
        "healthcare": "dentist",
        "healthcare:speciality": "orthodontics",
        "name": "SmileNow Kieferorthopädie",
        "opening_hours": "Mo,Th 08:30-12:15,13:15-18:00; Tu,We 09:15-12:15,13:15-18:45",
        "phone": "+49 241 99 77 29 60",
        "website": "https://www.smilenow.de/"
      },
      "geometry": {
        "type": "Point",
        "coordinates": [
          6.0830845,
          50.7795327
        ]
      },
      "id": "node/9846845926"
    },
    {
      "type": "Feature",
      "properties": {
        "@id": "node/9862251512",
        "amenity": "dentist",
        "check_date": "2024-02-13",
        "email": "info@klenkeszahn.de",
        "healthcare": "dentist",
        "name": "Zahnärzte am Klenkes",
        "phone": "+49 241 48411",
        "website": "https://www.zahnarztpraxis-klenkes.de/"
      },
      "geometry": {
        "type": "Point",
        "coordinates": [
          6.0871266,
          50.7750161
        ]
      },
      "id": "node/9862251512"
    },
    {
      "type": "Feature",
      "properties": {
        "@id": "node/9866118615",
        "addr:city": "Aachen",
        "addr:country": "DE",
        "addr:housenumber": "8a",
        "addr:street": "Karmeliterstraße",
        "amenity": "doctors",
        "check_date": "2024-03-03",
        "email": "info@augencentrum-aachen.de",
        "healthcare": "doctor",
        "healthcare:speciality": "ophthalmology",
        "name": "Augenzentrum AC",
        "opening_hours": "Mo,Tu,Th 08:00-13:00,14:00-17:00; We,Fr 08:00-13:00",
        "phone": "+49 241 4007880",
        "website": "https://www.augencentrum-aachen.de/"
      },
      "geometry": {
        "type": "Point",
        "coordinates": [
          6.084333,
          50.7693232
        ]
      },
      "id": "node/9866118615"
    },
    {
      "type": "Feature",
      "properties": {
        "@id": "node/9866225842",
        "healthcare": "physiotherapist",
        "name": "Physiotherapie Praxis Isabella Clever",
        "opening_hours": "Mo-Fr 09:00-13:00, Mo,Tu,Th 14:00-19:00, Fr 14:00-18:00",
        "organisation": "Isaabeller Clever",
        "phone": "+49 241 99770400",
        "url": "https://px.de/Physiotherapie/52062%20Aachen/Isabella%20Klever/88578/"
      },
      "geometry": {
        "type": "Point",
        "coordinates": [
          6.0827927,
          50.7705897
        ]
      },
      "id": "node/9866225842"
    },
    {
      "type": "Feature",
      "properties": {
        "@id": "node/9868442066",
        "addr:city": "Aachen",
        "addr:housenumber": "9",
        "addr:postcode": "52070",
        "addr:street": "Rehmplatz",
        "healthcare": "physiotherapist",
        "name": "Physiotherapiepraxis Huppertz und Peters",
        "opening_hours": "\"Termine nach Vereinbarung\"",
        "phone": "+49 241 502160",
        "website": "https://www.hp-physio-aachen.de/",
        "wheelchair": "no"
      },
      "geometry": {
        "type": "Point",
        "coordinates": [
          6.097925,
          50.777462
        ]
      },
      "id": "node/9868442066"
    },
    {
      "type": "Feature",
      "properties": {
        "@id": "node/9869542088",
        "addr:city": "Aachen",
        "addr:housenumber": "41",
        "addr:postcode": "52062",
        "addr:street": "Gasborn",
        "email": "info@physio-fels-mumm.de",
        "healthcare": "physiotherapist",
        "name": "Krankengymnastik Physiotherapie Praxis",
        "opening_hours": "\"by appointment\"",
        "operator": "Annette Fels und Robert Mumm",
        "phone": "+49 241 40 21 77",
        "website": "http://physio-fels-mumm.de/"
      },
      "geometry": {
        "type": "Point",
        "coordinates": [
          6.0946351,
          50.7757349
        ]
      },
      "id": "node/9869542088"
    },
    {
      "type": "Feature",
      "properties": {
        "@id": "node/9869585773",
        "addr:city": "Aachen",
        "addr:housenumber": "14",
        "addr:postcode": "52062",
        "addr:street": "Schumacherstraße",
        "amenity": "dentist",
        "email": "info@praxiszentrum-aachen.de",
        "healthcare": "dentist",
        "name": "Zahnärztliches Praxiszentrum für Implantologie, Parodontologie und Prothetik",
        "opening_hours": "Mo-Th 08:00-20:00; Fr 08:00-16:00",
        "phone": "+49 241 51 888 500",
        "website": "https://www.praxiszentrum-aachen.de/"
      },
      "geometry": {
        "type": "Point",
        "coordinates": [
          6.0918126,
          50.7773303
        ]
      },
      "id": "node/9869585773"
    },
    {
      "type": "Feature",
      "properties": {
        "@id": "node/9869804236",
        "addr:city": "Aachen",
        "addr:country": "DE",
        "addr:housenumber": "29-31",
        "addr:postcode": "52070",
        "addr:street": "Zollernstraße",
        "amenity": "doctors",
        "email": "kontakt@arztpraxis-steinhausen.de",
        "healthcare": "doctor",
        "name": "Allgemeinärztin Violetta Steinhausen",
        "opening_hours": "Mo-Fr 08:00-12:00, Mo,Th 15:00-18:00",
        "phone": "+49 241 502 006",
        "website": "https://www.arztpraxis-steinhausen.de/"
      },
      "geometry": {
        "type": "Point",
        "coordinates": [
          6.0985124,
          50.7693025
        ]
      },
      "id": "node/9869804236"
    },
    {
      "type": "Feature",
      "properties": {
        "@id": "node/9892248644",
        "addr:city": "Aachen",
        "addr:country": "DE",
        "addr:housenumber": "14",
        "addr:postcode": "52062",
        "addr:street": "Mefferdatisstraße",
        "amenity": "cafe",
        "internet_access": "wlan",
        "internet_access:fee": "no",
        "internet_access:ssid": "freifunk",
        "name": "Meffé",
        "operator": "Hi, wir sind die Meffis e.V.",
        "operator:type": "ngo",
        "website": "https://www.meffis.org"
      },
      "geometry": {
        "type": "Point",
        "coordinates": [
          6.0878269,
          50.7767123
        ]
      },
      "id": "node/9892248644"
    },
    {
      "type": "Feature",
      "properties": {
        "@id": "node/9892248645",
        "addr:city": "Aachen",
        "addr:country": "DE",
        "addr:housenumber": "16-18",
        "addr:postcode": "52062",
        "addr:street": "Mefferdatisstraße",
        "amenity": "theatre",
        "internet_access": "wlan",
        "internet_access:fee": "no",
        "internet_access:ssid": "freifunk",
        "name": "meffi.s",
        "office": "association",
        "operator": "Hi, wir sind die Meffis e.V.",
        "operator:type": "ngo",
        "short_name": "meffis",
        "website": "https://www.meffis.org"
      },
      "geometry": {
        "type": "Point",
        "coordinates": [
          6.0877918,
          50.7767645
        ]
      },
      "id": "node/9892248645"
    },
    {
      "type": "Feature",
      "properties": {
        "@id": "node/9897433737",
        "addr:city": "Aachen",
        "addr:housenumber": "18-22",
        "addr:postcode": "52062",
        "addr:street": "Kapuzinergraben",
        "amenity": "doctors",
        "email": "info@hausaerzte-am-theater.de",
        "healthcare": "doctor",
        "name": "Hausärzte am Theater",
        "phone": "+49 241 49641",
        "website": "https://www.hausaerzte-am-theater.de/"
      },
      "geometry": {
        "type": "Point",
        "coordinates": [
          6.0856368,
          50.7727472
        ]
      },
      "id": "node/9897433737"
    },
    {
      "type": "Feature",
      "properties": {
        "@id": "node/9897433738",
        "addr:city": "Aachen",
        "addr:housenumber": "18-22",
        "addr:postcode": "52062",
        "addr:street": "Kapuzinergraben",
        "amenity": "dentist",
        "email": "info@kfo-borgmann.de",
        "healthcare": "dentist",
        "healthcare:speciality": "orthodontics",
        "name": "Kieferorthopädie Kathy Borgmann",
        "phone": "+49 241 284 35",
        "website": "https://kfo-borgmann.de/"
      },
      "geometry": {
        "type": "Point",
        "coordinates": [
          6.0857548,
          50.772849
        ]
      },
      "id": "node/9897433738"
    },
    {
      "type": "Feature",
      "properties": {
        "@id": "node/9907484796",
        "addr:city": "Aachen",
        "addr:housenumber": "122-124",
        "addr:postcode": "52066",
        "addr:street": "Adalbertsteinweg",
        "amenity": "dentist",
        "check_date": "2023-05-12",
        "email": "info@iodent-ac.de",
        "healthcare": "dentist",
        "name": "Zahnarzt Andrei Silviu Ionita",
        "phone": "+49 241 57900739",
        "website": "https://www.iodent-ac.de"
      },
      "geometry": {
        "type": "Point",
        "coordinates": [
          6.1070627,
          50.7741844
        ]
      },
      "id": "node/9907484796"
    },
    {
      "type": "Feature",
      "properties": {
        "@id": "node/9909352392",
        "addr:city": "Aachen",
        "addr:housenumber": "39",
        "addr:postcode": "52068",
        "addr:street": "Elsassstraße",
        "amenity": "doctors",
        "check_date:opening_hours": "2023-10-29",
        "healthcare": "doctor",
        "name": "Dr. med. Mouafak Kweider",
        "opening_hours": "Mo,Tu,Th 09:00-12:30,15:00-17:30; We,Fr 09:00-12:00"
      },
      "geometry": {
        "type": "Point",
        "coordinates": [
          6.1146945,
          50.7732162
        ]
      },
      "id": "node/9909352392"
    },
    {
      "type": "Feature",
      "properties": {
        "@id": "node/9927637724",
        "addr:city": "Aachen",
        "addr:country": "DE",
        "addr:housenumber": "5-9",
        "addr:postcode": "52064",
        "addr:street": "Mörgensstraße",
        "amenity": "clinic",
        "description": "Das Alexianer Krankenhaus Aachen bietet Patientinnen und Patienten bei vielen Erkrankungen auch die Möglichkeit einer ambulanten Behandlung in der Psychiatrischen Institutsambulanz (PIA).",
        "healthcare": "clinic",
        "healthcare:speciality": "psychiatry",
        "name": "Psychiatrische Institutsambulanz",
        "opening_hours": "Mo,We,Th 08:30-12:30,13:30-16:00; Tu 09:00-12:30,13:30-16:00; Fr 08:30-12:30,13:30-14:30; Sa,Su,PH off",
        "operator": "Alexianer Aachen GmbH",
        "phone": "+49 241 4770115200",
        "short_name": "PIA",
        "website": "https://www.alexianer-zentrum-fuer-seelische-gesundheit.de/leistungen/ambulante-behandlung/psychiatrische-institutsambulanz-aachen"
      },
      "geometry": {
        "type": "Point",
        "coordinates": [
          6.0813417,
          50.771343
        ]
      },
      "id": "node/9927637724"
    },
    {
      "type": "Feature",
      "properties": {
        "@id": "node/9954765151",
        "addr:city": "Aachen",
        "addr:housenumber": "43",
        "addr:postcode": "52062",
        "addr:street": "Harscampstraße",
        "amenity": "dentist",
        "healthcare": "dentist",
        "name": "Zahnarztpraxis Kamaran Amin",
        "opening_hours": "\"nach Vereinbarung\"",
        "phone": "+49 241 35304"
      },
      "geometry": {
        "type": "Point",
        "coordinates": [
          6.0919342,
          50.7727124
        ]
      },
      "id": "node/9954765151"
    },
    {
      "type": "Feature",
      "properties": {
        "@id": "node/9956676589",
        "amenity": "ice_cream",
        "indoor_seating": "yes",
        "name": "Eiscafe Elisenbrunnen",
        "outdoor_seating": "yes"
      },
      "geometry": {
        "type": "Point",
        "coordinates": [
          6.0912509,
          50.7751211
        ]
      },
      "id": "node/9956676589"
    },
    {
      "type": "Feature",
      "properties": {
        "@id": "node/9970786338",
        "addr:city": "Aachen",
        "addr:housenumber": "2",
        "addr:postcode": "52072",
        "addr:street": "Parkstraße",
        "amenity": "ice_cream",
        "description": "Eis und Kuchen im Park am Schloß Schönau.",
        "name": "Eiscafé Schön",
        "note": "Öffnungszeiten sicherheitshalber bitte der Webseite entnehmen (Startseite ganz unten).",
        "outdoor_seating": "yes",
        "payment:cash": "yes",
        "payment:credit_cards": "yes",
        "payment:girocard": "yes",
        "phone": "+49 241 96 07 27 92",
        "source": "survey;osm notes",
        "toilets:wheelchair": "no",
        "website": "http://schoeninaachen.de",
        "wheelchair": "limited"
      },
      "geometry": {
        "type": "Point",
        "coordinates": [
          6.0616635,
          50.8110193
        ]
      },
      "id": "node/9970786338"
    },
    {
      "type": "Feature",
      "properties": {
        "@id": "node/10058455012",
        "addr:city": "Aachen",
        "addr:housenumber": "137",
        "addr:postcode": "52066",
        "addr:street": "Bismarckstraße",
        "brand": "REWE",
        "brand:wikidata": "Q16968817",
        "name": "REWE Stenten",
        "opening_hours": "Mo-Sa 07:00-22:00",
        "operator": "Max Stenten GmbH",
        "shop": "supermarket",
        "start_date": "2022-09-29"
      },
      "geometry": {
        "type": "Point",
        "coordinates": [
          6.1088372,
          50.7694142
        ]
      },
      "id": "node/10058455012"
    },
    {
      "type": "Feature",
      "properties": {
        "@id": "node/10080635055",
        "addr:city": "Aachen",
        "addr:housenumber": "66",
        "addr:postcode": "52072",
        "addr:street": "Lousbergstraße",
        "amenity": "cafe",
        "check_date:opening_hours": "2024-05-19",
        "cuisine": "coffee_shop",
        "name": "Dagiabatta Ristoro",
        "opening_hours": "Tu - Su 10:00+",
        "opening_hours:signed": "no",
        "outdoor_seating": "yes",
        "phone": "+49 (0)156 78161268",
        "smoking": "outside",
        "website": "https://www.daristoro.de/index.html"
      },
      "geometry": {
        "type": "Point",
        "coordinates": [
          6.0763863,
          50.7844818
        ]
      },
      "id": "node/10080635055"
    },
    {
      "type": "Feature",
      "properties": {
        "@id": "node/10089516914",
        "addr:city": "Aachen",
        "addr:housenumber": "55",
        "addr:postcode": "52074",
        "addr:street": "Ahornstraße",
        "building": "university",
        "building:levels": "4",
        "name": "Erweiterungsbau Informatik E2",
        "ref:building": "2356",
        "roof:shape": "flat",
        "short_name": "E2"
      },
      "geometry": {
        "type": "Point",
        "coordinates": [
          6.0605083,
          50.7781997
        ]
      },
      "id": "node/10089516914"
    },
    {
      "type": "Feature",
      "properties": {
        "@id": "node/10089516915",
        "addr:city": "Aachen",
        "addr:housenumber": "55",
        "addr:postcode": "52074",
        "addr:street": "Ahornstraße",
        "building": "university",
        "building:levels": "4",
        "name": "Erweiterungsbau Informatik E1",
        "ref:building": "2353",
        "roof:shape": "flat",
        "short_name": "E1"
      },
      "geometry": {
        "type": "Point",
        "coordinates": [
          6.0600171,
          50.778636
        ]
      },
      "id": "node/10089516915"
    },
    {
      "type": "Feature",
      "properties": {
        "@id": "node/10089516916",
        "addr:city": "Aachen",
        "addr:housenumber": "55",
        "addr:postcode": "52074",
        "addr:street": "Ahornstraße",
        "building": "university",
        "building:levels": "4",
        "name": "Hauptbau Informatik H",
        "ref:building": "2350-2356",
        "roof:shape": "flat",
        "short_name": "H"
      },
      "geometry": {
        "type": "Point",
        "coordinates": [
          6.0588972,
          50.7792779
        ]
      },
      "id": "node/10089516916"
    },
    {
      "type": "Feature",
      "properties": {
        "@id": "node/10098410822",
        "addr:city": "Aachen",
        "addr:housenumber": "141",
        "addr:street": "Schleidener Straße",
        "amenity": "doctors",
        "contact:phone": "+49 176 34615645",
        "healthcare": "psychotherapist",
        "name": "Friederike Stäbler Psychotherapie"
      },
      "geometry": {
        "type": "Point",
        "coordinates": [
          6.1826159,
          50.7069793
        ]
      },
      "id": "node/10098410822"
    },
    {
      "type": "Feature",
      "properties": {
        "@id": "node/10105987764",
        "addr:city": "Aachen",
        "addr:housenumber": "22",
        "addr:postcode": "52070",
        "addr:street": "Oligsbendengasse",
        "amenity": "doctors",
        "healthcare": "doctor",
        "healthcare:speciality": "general;psychiatry",
        "name": "Allgemeinmedizin Dr. Dagmar Möller",
        "operator": "Dr. med. Dagmar Möller"
      },
      "geometry": {
        "type": "Point",
        "coordinates": [
          6.0976303,
          50.7736121
        ]
      },
      "id": "node/10105987764"
    },
    {
      "type": "Feature",
      "properties": {
        "@id": "node/10130716840",
        "addr:city": "Aachen",
        "addr:country": "DE",
        "addr:housenumber": "26",
        "addr:postcode": "52062",
        "addr:street": "Marienbongard",
        "brand": "Netto Marken-Discount",
        "brand:wikidata": "Q879858",
        "brand:wikipedia": "de:Netto Marken-Discount",
        "check_date:opening_hours": "2024-10-24",
        "name": "Netto Marken-Discount",
        "opening_hours": "Mo-Sa 07:00-22:00",
        "payment:cash": "yes",
        "payment:contactless": "yes",
        "payment:credit_cards": "yes",
        "payment:debit_cards": "yes",
        "shop": "supermarket",
        "website": "https://www.netto-online.de/filialen/Aachen/Marienbongard-28/6843/",
        "wheelchair": "yes"
      },
      "geometry": {
        "type": "Point",
        "coordinates": [
          6.0784688,
          50.7801881
        ]
      },
      "id": "node/10130716840"
    },
    {
      "type": "Feature",
      "properties": {
        "@id": "node/10130716846",
        "addr:city": "Aachen",
        "addr:country": "DE",
        "addr:housenumber": "121",
        "addr:postcode": "52062",
        "addr:street": "Pontstraße",
        "amenity": "pub",
        "check_date:opening_hours": "2024-08-10",
        "indoor_seating": "yes",
        "internet_access": "wlan",
        "internet_access:fee": "no",
        "internet_access:operator": "Freifunk",
        "name": "Kaktus",
        "opening_hours": "Apr-Oct: Mo-Su 11:00-24:00+, Nov-Mar: Mo-Su 18:00-24:00+",
        "opening_hours:signed": "no",
        "outdoor_seating": "yes",
        "smoking": "no",
        "website": "http://kaktusaachen.de/",
        "wheelchair": "no"
      },
      "geometry": {
        "type": "Point",
        "coordinates": [
          6.0801615,
          50.7801523
        ]
      },
      "id": "node/10130716846"
    },
    {
      "type": "Feature",
      "properties": {
        "@id": "node/10130716849",
        "addr:city": "Aachen",
        "addr:housenumber": "151",
        "addr:postcode": "52062",
        "addr:street": "Pontstraße",
        "amenity": "pub",
        "name": "Papillon",
        "opening_hours": "Mo-Sa 12:00-24:00, Su,PH 15:00-24:00",
        "payment:cards": "no",
        "payment:cash": "only",
        "phone": "+49 241 5686726",
        "website": "http://cafepapillon-ac.de/",
        "wheelchair": "no"
      },
      "geometry": {
        "type": "Point",
        "coordinates": [
          6.0788599,
          50.7806556
        ]
      },
      "id": "node/10130716849"
    },
    {
      "type": "Feature",
      "properties": {
        "@id": "node/10130716850",
        "alt_name": "Barock",
        "amenity": "pub",
        "name": "Cafe Madrid",
        "opening_hours": "Mo-We 00:00-01:00,10:00-24:00;Th,Su 00:00-05:00,10:00-24:00;Fr 00:00-02:00,10:00-24:00;Sa 00:00-05:00,09:00-24:00",
        "smoking": "isolated",
        "website": "https://www.cafe-madrid.com/",
        "wheelchair": "no"
      },
      "geometry": {
        "type": "Point",
        "coordinates": [
          6.0790021,
          50.7807809
        ]
      },
      "id": "node/10130716850"
    },
    {
      "type": "Feature",
      "properties": {
        "@id": "node/10130716855",
        "addr:city": "Aachen",
        "addr:housenumber": "141-149",
        "addr:postcode": "52062",
        "addr:street": "Pontstraße",
        "amenity": "pub",
        "name": "Molkerei",
        "opening_hours": "Su-Th 10:00-01:00; Fr-Sa 10:00-03:00",
        "outdoor_seating": "yes",
        "payment:cash": "yes",
        "phone": "+49 241 48982",
        "website": "https://molkereicafe.de/"
      },
      "geometry": {
        "type": "Point",
        "coordinates": [
          6.0790732,
          50.7803982
        ]
      },
      "id": "node/10130716855"
    },
    {
      "type": "Feature",
      "properties": {
        "@id": "node/10168652021",
        "amenity": "bar",
        "name": "Hotmannspief",
        "opening_hours": "Mo-Th 12:00-21:00; Fr-Sa 12:00-23:00; Su off",
        "phone": "+49 241 407410",
        "website": "https://hotmannspief-bar.business.site/"
      },
      "geometry": {
        "type": "Point",
        "coordinates": [
          6.0886898,
          50.7780067
        ]
      },
      "id": "node/10168652021"
    },
    {
      "type": "Feature",
      "properties": {
        "@id": "node/10181197991",
        "amenity": "bar",
        "check_date": "2024-03-05",
        "name": "Masuto",
        "opening_hours": "Mo-Th,Su 12:00-23:00; Fr-Sa 12:00-01:00",
        "outdoor_seating": "yes",
        "website": "http://masuto-hof12.de/"
      },
      "geometry": {
        "type": "Point",
        "coordinates": [
          6.0847587,
          50.7753869
        ]
      },
      "id": "node/10181197991"
    },
    {
      "type": "Feature",
      "properties": {
        "@id": "node/10232765079",
        "addr:city": "Aachen",
        "addr:country": "DE",
        "addr:housenumber": "194",
        "addr:postcode": "52078",
        "addr:street": "Neuenhofstraße",
        "amenity": "doctors",
        "healthcare": "doctor",
        "healthcare:speciality": "orthopaedics",
        "name": "Ortho-Centrum Aachen",
        "opening_hours": "Mo-Fr 08:00-12:00, Mo,Tu,Th 13:00-16:00",
        "phone": "+49 241 90053020",
        "website": "https://www.ortho-centrum.de/"
      },
      "geometry": {
        "type": "Point",
        "coordinates": [
          6.154651,
          50.7608688
        ]
      },
      "id": "node/10232765079"
    },
    {
      "type": "Feature",
      "properties": {
        "@id": "node/10242197431",
        "addr:city": "Aachen",
        "addr:housenumber": "18",
        "addr:postcode": "52076",
        "addr:street": "St. Gangolfsberg",
        "amenity": "dentist",
        "email": "info@zahnaerzte-kornelimuenster.de",
        "healthcare": "dentist",
        "name": "Zahnarztpraxis Aufermann Gibbens",
        "opening_hours": "\"nach Vereinbarung\"",
        "operator": "Caroline Aufermann,  Steffi Gibbens",
        "phone": "+49 2408 3391",
        "website": "http://www.zahnaerzte-kornelimuenster.de/Home"
      },
      "geometry": {
        "type": "Point",
        "coordinates": [
          6.179566,
          50.7269385
        ]
      },
      "id": "node/10242197431"
    },
    {
      "type": "Feature",
      "properties": {
        "@id": "node/10259455138",
        "amenity": "cafe",
        "contact:website": "https://bistro-gretchen.de/",
        "name": "Gretchen"
      },
      "geometry": {
        "type": "Point",
        "coordinates": [
          6.0462637,
          50.7829938
        ]
      },
      "id": "node/10259455138"
    },
    {
      "type": "Feature",
      "properties": {
        "@id": "node/10259455142",
        "amenity": "cafe",
        "contact:website": "https://petermachtpause.de/about_us",
        "name": "Petermachtpause",
        "opening_hours": "Mo-Fr 07:30-14:00; Sa,Su,PH off",
        "operator": "Petermachtpause",
        "takeaway": "yes"
      },
      "geometry": {
        "type": "Point",
        "coordinates": [
          6.0477208,
          50.7849631
        ]
      },
      "id": "node/10259455142"
    },
    {
      "type": "Feature",
      "properties": {
        "@id": "node/10595904542",
        "addr:city": "Aachen",
        "addr:housenumber": "8",
        "addr:postcode": "52070",
        "addr:street": "Wilhelmstraße",
        "amenity": "doctors",
        "description": "Fachärzte für Augenheilkunde: Prof. Dr. med. Ralf Kuckelkorn ||| Prof. Dr. med. Philipp Müther ||| Matthias Brab ||| Dr. med. Carolin Lörken|||",
        "email": "info@oculaix.de",
        "healthcare": "doctor",
        "healthcare:speciality": "ophthalmology",
        "name": "MVZ OculAix Augenheilkunde",
        "opening_hours": "Mo-Fr 08:00-12:00, Mo,Tu,Th 15:00-17:00",
        "phone": "+49 241 30181",
        "website": "https://oculaix.de",
        "wheelchair": "limited"
      },
      "geometry": {
        "type": "Point",
        "coordinates": [
          6.0955869,
          50.7740058
        ]
      },
      "id": "node/10595904542"
    },
    {
      "type": "Feature",
      "properties": {
        "@id": "node/10600565924",
        "addr:housenumber": "3",
        "addr:street": "Thomashofstraße",
        "amenity": "doctors",
        "contact:fax": "+49-241-152372",
        "contact:phone": "+49-241-155055",
        "healthcare": "doctor",
        "healthcare:speciality": "general",
        "name": "Dr. med. Werner Dohmen",
        "opening_hours": "Mo-Fr 08:00-12:00, Mo,Tu,Th 15:30-18:00; Sa,Su,PH off"
      },
      "geometry": {
        "type": "Point",
        "coordinates": [
          6.1001246,
          50.7802447
        ]
      },
      "id": "node/10600565924"
    },
    {
      "type": "Feature",
      "properties": {
        "@id": "node/10601108438",
        "amenity": "doctors",
        "contact:email": "info@praxis-arabi.de",
        "contact:fax": "+49 241 159672",
        "contact:phone": "+49 241 157929",
        "contact:website": "https://praxis-arabi.de",
        "healthcare": "doctor",
        "healthcare:speciality": "general",
        "name": "Dr. med. Fadja Arabi Al-Khanne",
        "opening_hours": "Mo,We-Fr 08:00-12:00, Mo,Th 15:00-17:00; Sa,Su,PH off, Tu 08:00-12:00 open \"nach telefonischer Absprache\""
      },
      "geometry": {
        "type": "Point",
        "coordinates": [
          6.096318,
          50.7794522
        ]
      },
      "id": "node/10601108438"
    },
    {
      "type": "Feature",
      "properties": {
        "@id": "node/10619158845",
        "addr:city": "Aachen",
        "addr:country": "DE",
        "addr:housenumber": "47",
        "addr:postcode": "52066",
        "addr:street": "Bismarckstraße",
        "amenity": "bar",
        "name": "Die Bar Cantona",
        "opening_hours": "Tu-Th 18:00-01:00, Fr,Sa 18:00-03:00; Su,Mo off",
        "phone": "+49 157 74343229",
        "website": "http://www.diebarcantona.de/",
        "wheelchair": "no"
      },
      "geometry": {
        "type": "Point",
        "coordinates": [
          6.1013709,
          50.7683128
        ]
      },
      "id": "node/10619158845"
    },
    {
      "type": "Feature",
      "properties": {
        "@id": "node/10688211713",
        "addr:city": "Aachen",
        "addr:country": "DE",
        "addr:housenumber": "23",
        "addr:postcode": "52080",
        "addr:street": "Brühlstraße",
        "amenity": "ice_cream",
        "indoor_seating": "yes",
        "mapillary": "292289039057852",
        "name": "Gelateria Verona",
        "opening_hours": "Tu-Fr 12:00-19:30; PH,Sa,Su 14:00-19:30",
        "payment:coins": "yes",
        "payment:credit_cards": "no",
        "payment:debit_cards": "no",
        "payment:electronic_purses": "no",
        "payment:notes": "yes",
        "takeaway": "yes",
        "wheelchair": "yes"
      },
      "geometry": {
        "type": "Point",
        "coordinates": [
          6.149682,
          50.779312
        ]
      },
      "id": "node/10688211713"
    },
    {
      "type": "Feature",
      "properties": {
        "@id": "node/10692937233",
        "amenity": "cafe",
        "cuisine": "coffee_shop;sandwich;regional;cake;german;beer;wine;pancake",
        "indoor_seating": "yes",
        "level": "0",
        "name": "J. A. Mayer Bistro",
        "opening_hours": "Mo-Sa 09:30-19:00",
        "outdoor_seating": "yes",
        "smoking": "outside",
        "website": "https://www.mayersche-aachen.de/gastronomie"
      },
      "geometry": {
        "type": "Point",
        "coordinates": [
          6.0863658,
          50.775106
        ]
      },
      "id": "node/10692937233"
    },
    {
      "type": "Feature",
      "properties": {
        "@id": "node/10692937235",
        "amenity": "cafe",
        "cuisine": "coffee_shop;juice;donut",
        "diet:vegetarian": "yes",
        "indoor_seating": "yes",
        "level": "2",
        "name": "KaffeeFleck",
        "opening_hours": "Mo-Fr 11:00-17:00",
        "outdoor_seating": "no",
        "smoking": "no",
        "website": "https://www.mayersche-aachen.de/gastronomie"
      },
      "geometry": {
        "type": "Point",
        "coordinates": [
          6.0863876,
          50.7752986
        ]
      },
      "id": "node/10692937235"
    },
    {
      "type": "Feature",
      "properties": {
        "@id": "node/10692937236",
        "amenity": "cafe",
        "bar": "yes",
        "cuisine": "coffee_shop;regional;cocktails;wein;american;international",
        "diet:vegetarian": "only",
        "indoor_seating": "yes",
        "level": "3",
        "name": "Loft & Garden Cafe",
        "note": "auch vegetarisch und vegan",
        "opening_hours": "Mo-Sa 09:30-19:00",
        "outdoor_seating": "yes",
        "smoking": "outside",
        "website": "https://www.mayersche-aachen.de/gastronomie"
      },
      "geometry": {
        "type": "Point",
        "coordinates": [
          6.0866246,
          50.7752546
        ]
      },
      "id": "node/10692937236"
    },
    {
      "type": "Feature",
      "properties": {
        "@id": "node/10693766109",
        "amenity": "cafe",
        "cuisine": "donut;juice;coffee_shop",
        "indoor_seating": "yes",
        "level": "1",
        "name": "Kinderwelt",
        "opening_hours": "Mo-Fr 10:00-17:00",
        "outdoor_seating": "no",
        "smoking": "no",
        "website": "https://www.mayersche-aachen.de/gastronomie"
      },
      "geometry": {
        "type": "Point",
        "coordinates": [
          6.086521,
          50.7751424
        ]
      },
      "id": "node/10693766109"
    },
    {
      "type": "Feature",
      "properties": {
        "@id": "node/10715547660",
        "addr:city": "Aachen",
        "addr:country": "DE",
        "addr:housenumber": "17",
        "addr:postcode": "52066",
        "addr:street": "Burtscheider Markt",
        "amenity": "doctors",
        "check_date": "2025-03-12",
        "check_date:opening_hours": "2025-03-12",
        "healthcare": "doctor",
        "healthcare:speciality": "general",
        "name": "Praxis Helene Wolter",
        "opening_hours": "Mo-Fr 08:30-12:30, Tu,Th 16:00-18:00"
      },
      "geometry": {
        "type": "Point",
        "coordinates": [
          6.0922577,
          50.7628061
        ]
      },
      "id": "node/10715547660"
    },
    {
      "type": "Feature",
      "properties": {
        "@id": "node/10744078318",
        "addr:city": "Aachen",
        "addr:postcode": "52066",
        "addr:street": "Eupener Straße",
        "amenity": "doctors",
        "check_date": "2023-08-05",
        "email": "info@augenzentrum-euregio.de",
        "fax": "48 241 9430176",
        "healthcare": "doctor",
        "healthcare:speciality": "ophthalmology",
        "level": "0",
        "name": "Augenzentrum Euregio",
        "opening_hours": "Mo-Fr 08:00-13:00; Mo,Tu,Th 14:00-18:00; We 14:00-19:00",
        "operator": "Herr Dr. med. Arash Amjadi",
        "phone": "+48 241 32130",
        "website": "https://www.augenzentrum-euregio.de/"
      },
      "geometry": {
        "type": "Point",
        "coordinates": [
          6.0865122,
          50.7617501
        ]
      },
      "id": "node/10744078318"
    },
    {
      "type": "Feature",
      "properties": {
        "@id": "node/10744078320",
        "addr:city": "Aachen",
        "addr:postcode": "52066",
        "addr:street": "Eupener Straße",
        "email": "info@physio-schiller.de",
        "healthcare": "physiotherapist",
        "name": "Physiotherapie Karin Schiller-Moll & Team",
        "operator": "Karin Schiller-Moll",
        "phone": "+49 241 46816133",
        "website": "https://physio-schiller-moll.de/"
      },
      "geometry": {
        "type": "Point",
        "coordinates": [
          6.0863855,
          50.7615493
        ]
      },
      "id": "node/10744078320"
    },
    {
      "type": "Feature",
      "properties": {
        "@id": "node/10744129570",
        "addr:city": "Aachen",
        "addr:housenumber": "17",
        "addr:postcode": "52066",
        "addr:street": "Malmedyer Straße",
        "amenity": "pub",
        "amenity_1": "restaurant",
        "check_date": "2024-06-09",
        "email": "info@kapellchen-aachen.de",
        "indoor_seating": "yes",
        "level": "0",
        "name": "Kapellchen",
        "opening_hours": "We,Th 18:30+; Sa 19:00+",
        "operator": "H. J. Stelter",
        "outdoor_seating": "no",
        "phone": "+49 241 6 28 00",
        "smoking": "outside",
        "website": "http://www.kapellchen-aachen.de/"
      },
      "geometry": {
        "type": "Point",
        "coordinates": [
          6.0928891,
          50.7596646
        ]
      },
      "id": "node/10744129570"
    },
    {
      "type": "Feature",
      "properties": {
        "@id": "node/10765767908",
        "amenity": "doctors",
        "healthcare": "doctor",
        "healthcare:speciality": "neurosurgery",
        "name": "Praxis für Neurochirurgie Dr. med. Elmar Patz",
        "operator": "Dr. med. Elmar Patz",
        "website": "http://dr-patz.de"
      },
      "geometry": {
        "type": "Point",
        "coordinates": [
          6.0773296,
          50.7682774
        ]
      },
      "id": "node/10765767908"
    },
    {
      "type": "Feature",
      "properties": {
        "@id": "node/10797387915",
        "addr:city": "Aachen",
        "addr:country": "DE",
        "addr:housenumber": "19",
        "addr:postcode": "52066",
        "addr:street": "Altdorfstraße",
        "amenity": "pub",
        "name": "Im Backhaus",
        "opening_hours": "Mo,We-Sa 10:00-24:00; Su 11:00-24:00"
      },
      "geometry": {
        "type": "Point",
        "coordinates": [
          6.0912738,
          50.7614349
        ]
      },
      "id": "node/10797387915"
    },
    {
      "type": "Feature",
      "properties": {
        "@id": "node/10840192566",
        "addr:city": "Aachen",
        "addr:country": "DE",
        "addr:housenumber": "3-5",
        "addr:postcode": "52064",
        "addr:street": "Reumontstraße",
        "amenity": "cafe",
        "name": "Caritas Café Plattform",
        "note": "https://www.openstreetmap.org/note/3948418#map=19/50.76636/6.08673&layers=N",
        "opening_hours": "Mo-Sa 07:30-22:00; Su 15:00-22:00 \"Cafébetrieb\"",
        "operator": "Caritasverband für die Regionen Aachen-Stadt und Aachen-Land e.V.",
        "website": "https://caritas-aachen.de/angebote/wohnen-existenz/cafe-plattform/"
      },
      "geometry": {
        "type": "Point",
        "coordinates": [
          6.0863586,
          50.7664679
        ]
      },
      "id": "node/10840192566"
    },
    {
      "type": "Feature",
      "properties": {
        "@id": "node/10864014378",
        "addr:city": "Aachen",
        "addr:housenumber": "15",
        "addr:postcode": "52066",
        "addr:street": "St. Vither Straße",
        "amenity": "doctors",
        "email": "info@gynpraxis-aachen.de",
        "healthcare": "doctor",
        "healthcare:speciality": "gynaecology",
        "name": "Rittberger & Dr. med. Cruz-Galonska",
        "opening_hours": "Mo-Fr 08:30-13:00; Mo 15:00-17:00; Tu,Th 15:00-19:00",
        "phone": "+49 241 608 101",
        "website": "https://www.gynpraxis-aachen.de/"
      },
      "geometry": {
        "type": "Point",
        "coordinates": [
          6.0906719,
          50.7515123
        ]
      },
      "id": "node/10864014378"
    },
    {
      "type": "Feature",
      "properties": {
        "@id": "node/10871066093",
        "addr:city": "Aachen",
        "addr:housenumber": "6",
        "addr:postcode": "52066",
        "addr:street": "St. Vither Straße",
        "healthcare": "physiotherapist",
        "healthcare:speciality": "physiotherapy;reflexology",
        "name": "Domosana",
        "phone": "+49 241 55941758"
      },
      "geometry": {
        "type": "Point",
        "coordinates": [
          6.0906213,
          50.7521674
        ]
      },
      "id": "node/10871066093"
    },
    {
      "type": "Feature",
      "properties": {
        "@id": "node/10883590299",
        "addr:floor": "3",
        "addr:housenumber": "31",
        "addr:street": "Borngasse",
        "check_date": "2023-05-10",
        "email": "info@ergotherapie-mueller-klussmann.de",
        "healthcare": "occupational_therapist",
        "name": "Praxis für Ergotherapie Almut Müller-Klusmann",
        "phone": "+49 241 99797350",
        "website": "https://www.ergotherapie-mueller-klussmann.de"
      },
      "geometry": {
        "type": "Point",
        "coordinates": [
          6.0870912,
          50.7703049
        ]
      },
      "id": "node/10883590299"
    },
    {
      "type": "Feature",
      "properties": {
        "@id": "node/10883590301",
        "addr:floor": "1",
        "addr:housenumber": "31",
        "addr:street": "Borngasse",
        "amenity": "dentist",
        "check_date": "2023-05-10",
        "healthcare": "dentist",
        "name": "Zahnarzt Christian Kunze",
        "phone": "+49 241 34934",
        "website": "https://www.zahnarzt-ch-kunze-aachen.de"
      },
      "geometry": {
        "type": "Point",
        "coordinates": [
          6.0870204,
          50.7703409
        ]
      },
      "id": "node/10883590301"
    },
    {
      "type": "Feature",
      "properties": {
        "@id": "node/10883604408",
        "addr:floor": "3",
        "addr:housenumber": "17",
        "addr:street": "Theaterstraße",
        "amenity": "doctors",
        "check_date": "2023-05-10",
        "healthcare": "doctor",
        "healthcare:speciality": "gynaecology;urology",
        "name": "Praxen T17"
      },
      "geometry": {
        "type": "Point",
        "coordinates": [
          6.0898355,
          50.7717562
        ]
      },
      "id": "node/10883604408"
    },
    {
      "type": "Feature",
      "properties": {
        "@id": "node/10883604409",
        "amenity": "doctors",
        "check_date": "2023-05-10",
        "healthcare": "doctor",
        "healthcare:speciality": "plastic_surgery",
        "name": "Dr. Thomas Freudig"
      },
      "geometry": {
        "type": "Point",
        "coordinates": [
          6.0897405,
          50.7717477
        ]
      },
      "id": "node/10883604409"
    },
    {
      "type": "Feature",
      "properties": {
        "@id": "node/10883604411",
        "addr:housenumber": "19",
        "addr:street": "Theaterstraße",
        "amenity": "dancing_school",
        "check_date": "2025-01-02",
        "dance:style": "ballet;jazz;modern;contemporary;hiphop;flamenco;tap;breakdance",
        "name": "Ballettschule Brigitte Erdweg",
        "operator": "Maria Saacke",
        "website": "https://www.ballettschule-brigitte-erdweg.de/",
        "wheelchair": "limited"
      },
      "geometry": {
        "type": "Point",
        "coordinates": [
          6.0899743,
          50.7716145
        ]
      },
      "id": "node/10883604411"
    },
    {
      "type": "Feature",
      "properties": {
        "@id": "node/10883604415",
        "addr:housenumber": "21",
        "addr:street": "Schützenstraße",
        "check_date": "2023-05-10",
        "healthcare": "psychotherapist",
        "name": "Psychodynamische Psychotherapie",
        "opening_hours": "\"by appointment\"",
        "wheelchair": "no"
      },
      "geometry": {
        "type": "Point",
        "coordinates": [
          6.090978,
          50.7715456
        ]
      },
      "id": "node/10883604415"
    },
    {
      "type": "Feature",
      "properties": {
        "@id": "node/10883997812",
        "addr:housenumber": "31",
        "addr:street": "Lothringerstraße",
        "amenity": "music_school",
        "check_date": "2023-05-10",
        "email": "musikschule.von.herzen@gmail.com",
        "name": "Musikschule Von Herzen",
        "operator": "Enis Hotaj",
        "phone": "+49 178 3078245",
        "website": "https://www.musikschule-von-herzen.de"
      },
      "geometry": {
        "type": "Point",
        "coordinates": [
          6.0943047,
          50.7713771
        ]
      },
      "id": "node/10883997812"
    },
    {
      "type": "Feature",
      "properties": {
        "@id": "node/10883997818",
        "addr:housenumber": "50-52",
        "addr:street": "Wilhelmstraße",
        "amenity": "doctors",
        "check_date": "2023-05-10",
        "description": "Fachärztin für Hals-Nasen-Ohren-Heilkunde",
        "healthcare": "doctor",
        "name": "Dr. med. Simone Weigt",
        "opening_hours": "Mo,We,Fr 08:30-12:00; Tu,Th 08:30-12:00,14:30-17:00",
        "website": "https://www.hnoweigt.de"
      },
      "geometry": {
        "type": "Point",
        "coordinates": [
          6.0953593,
          50.7717498
        ]
      },
      "id": "node/10883997818"
    },
    {
      "type": "Feature",
      "properties": {
        "@id": "node/10883997820",
        "addr:housenumber": "48",
        "addr:street": "Wilhelmstraße",
        "amenity": "doctors",
        "check_date": "2023-05-10",
        "healthcare": "doctor",
        "healthcare:speciality": "general;vaccination",
        "name": "Prof. Dr. med. Nicole Kuth",
        "opening_hours": "Mo 08:30-18:00; Tu-We,Fr 08:30-11:30; Th 08:30-11:30,16:00-19:00",
        "phone": "+49 241 36400",
        "website": "https://www.kuth-hausarzt.de"
      },
      "geometry": {
        "type": "Point",
        "coordinates": [
          6.0953762,
          50.7718459
        ]
      },
      "id": "node/10883997820"
    },
    {
      "type": "Feature",
      "properties": {
        "@id": "node/10883997823",
        "addr:housenumber": "19",
        "addr:street": "Lothringerstraße",
        "check_date": "2023-05-10",
        "description": "Fachärztin für Psychiatrie (nur privat), Psychotherapie (alle Kassen)",
        "healthcare": "psychotherapist",
        "operator": "Gerlinde Hensgens",
        "phone": "+49 241 4004741",
        "wheelchair": "no"
      },
      "geometry": {
        "type": "Point",
        "coordinates": [
          6.0937235,
          50.7715116
        ]
      },
      "id": "node/10883997823"
    },
    {
      "type": "Feature",
      "properties": {
        "@id": "node/10883997825",
        "addr:floor": "2",
        "amenity": "doctors",
        "check_date": "2023-05-10",
        "healthcare": "doctor",
        "healthcare:speciality": "general;internal;cardiology;naturopathy",
        "name": "Hausarztpraxis Spinner & Grasmück"
      },
      "geometry": {
        "type": "Point",
        "coordinates": [
          6.0954838,
          50.7723677
        ]
      },
      "id": "node/10883997825"
    },
    {
      "type": "Feature",
      "properties": {
        "@id": "node/10883997828",
        "addr:housenumber": "34",
        "addr:street": "Wilhelmstraße",
        "amenity": "music_school",
        "check_date": "2025-02-02",
        "check_date:opening_hours": "2025-02-02",
        "name": "Aiko Klavierstudio",
        "opening_hours:signed": "no",
        "phone": "+49 241 4090090",
        "source": "survey"
      },
      "geometry": {
        "type": "Point",
        "coordinates": [
          6.0955039,
          50.7725764
        ]
      },
      "id": "node/10883997828"
    },
    {
      "type": "Feature",
      "properties": {
        "@id": "node/10883997829",
        "addr:housenumber": "33",
        "addr:street": "Lothringerstraße",
        "check_date": "2023-05-10",
        "healthcare": "physiotherapist",
        "operator": "Dieter Kampmeier",
        "phone": "+49 241 4014343"
      },
      "geometry": {
        "type": "Point",
        "coordinates": [
          6.094369,
          50.7713673
        ]
      },
      "id": "node/10883997829"
    },
    {
      "type": "Feature",
      "properties": {
        "@id": "node/10883997830",
        "addr:housenumber": "11",
        "addr:street": "Gottfriedstraße",
        "check_date": "2023-05-10",
        "email": "kontakt@kjp-bayer.de",
        "healthcare": "psychotherapist",
        "healthcare:speciality": "child_psychiatry",
        "name": "Christian Bayer",
        "phone": "+49 241 41232092"
      },
      "geometry": {
        "type": "Point",
        "coordinates": [
          6.0934199,
          50.7726633
        ]
      },
      "id": "node/10883997830"
    },
    {
      "type": "Feature",
      "properties": {
        "@id": "node/10883997842",
        "addr:housenumber": "46",
        "addr:street": "Wilhelmstraße",
        "amenity": "doctors",
        "check_date": "2023-05-10",
        "email": "info@orthopraxis-kargbo.de",
        "healthcare": "doctor",
        "healthcare:speciality": "orthopaedics",
        "name": "Orthopraxis Kargbo",
        "opening_hours": "Mo-Tu,Th 08:30-12:30,13:30-17:00; We,Fr 08:30-12:30",
        "operator": "Dr. med. Arthur Kargbo",
        "phone": "+49 241 32732",
        "website": "https://www.orthopraxis-kargbo.de"
      },
      "geometry": {
        "type": "Point",
        "coordinates": [
          6.0954825,
          50.7719604
        ]
      },
      "id": "node/10883997842"
    },
    {
      "type": "Feature",
      "properties": {
        "@id": "node/10889788636",
        "addr:housenumber": "32",
        "addr:street": "Goerdelerstraße",
        "amenity": "pub",
        "check_date": "2023-05-12",
        "name": "Bafralım"
      },
      "geometry": {
        "type": "Point",
        "coordinates": [
          6.1145486,
          50.7710796
        ]
      },
      "id": "node/10889788636"
    },
    {
      "type": "Feature",
      "properties": {
        "@id": "node/10891376030",
        "addr:housenumber": "230",
        "addr:street": "Adalbertsteinweg",
        "amenity": "cafe",
        "check_date": "2023-05-12",
        "name": "Agora"
      },
      "geometry": {
        "type": "Point",
        "coordinates": [
          6.1121962,
          50.7723591
        ]
      },
      "id": "node/10891376030"
    },
    {
      "type": "Feature",
      "properties": {
        "@id": "node/10891376032",
        "addr:housenumber": "226",
        "addr:street": "Adalbertsteinweg",
        "check_date": "2023-05-12",
        "shop": "supermarket"
      },
      "geometry": {
        "type": "Point",
        "coordinates": [
          6.1119993,
          50.7724503
        ]
      },
      "id": "node/10891376032"
    },
    {
      "type": "Feature",
      "properties": {
        "@id": "node/10891376038",
        "addr:housenumber": "122-124",
        "addr:street": "Adalbertsteinweg",
        "amenity": "doctors",
        "check_date": "2023-05-12",
        "healthcare": "doctor",
        "healthcare:speciality": "general;acupuncture",
        "name": "M.O. Mihailescu-Stoica",
        "opening_hours": "Mo-Tu 08:00-12:30,15:30-18:00; We 08:00-12:30; Th 08:00-12:30,16:00-19:00; Fr 08:00-13:00; Sa 10:00-11:30; Su off",
        "phone": "+49 241 9976371"
      },
      "geometry": {
        "type": "Point",
        "coordinates": [
          6.1070072,
          50.7741866
        ]
      },
      "id": "node/10891376038"
    },
    {
      "type": "Feature",
      "properties": {
        "@id": "node/10891448619",
        "addr:housenumber": "15",
        "addr:street": "Roonstraße",
        "check_date": "2023-05-12",
        "healthcare": "psychotherapist"
      },
      "geometry": {
        "type": "Point",
        "coordinates": [
          6.103207,
          50.7707377
        ]
      },
      "id": "node/10891448619"
    },
    {
      "type": "Feature",
      "properties": {
        "@id": "node/10891448621",
        "addr:city": "Aachen",
        "addr:housenumber": "58",
        "addr:postcode": "52062",
        "addr:street": "Theaterstraße",
        "amenity": "dentist",
        "check_date": "2023-07-20",
        "healthcare": "dentist",
        "name": "Ellen Wenning",
        "opening_hours": "Mo 08:00-12:00,14:00-17:00; Tu 14:00-19:00; We,Fr 08:00-12:00; Th 08:00-12:00,14:00-18:00",
        "phone": "+49 241 5151451"
      },
      "geometry": {
        "type": "Point",
        "coordinates": [
          6.0914925,
          50.7706943
        ]
      },
      "id": "node/10891448621"
    },
    {
      "type": "Feature",
      "properties": {
        "@id": "node/10891448622",
        "addr:housenumber": "41",
        "addr:street": "Oppenhoffallee",
        "check_date": "2023-05-12",
        "healthcare": "psychotherapist",
        "name": "Psychotherapeutische Praxisgemeinschaft",
        "opening_hours": "\"Termine nach Vereinbarung\"",
        "operator": "M.Sc.-Psych. Vafa Marvani-Yirmibesoglu",
        "phone": "+49 241 56009143"
      },
      "geometry": {
        "type": "Point",
        "coordinates": [
          6.1029163,
          50.7698871
        ]
      },
      "id": "node/10891448622"
    },
    {
      "type": "Feature",
      "properties": {
        "@id": "node/10891448625",
        "addr:housenumber": "1",
        "addr:street": "Oppenhoffallee",
        "amenity": "doctors",
        "check_date": "2025-03-12",
        "check_date:opening_hours": "2025-03-12",
        "healthcare": "doctor",
        "healthcare:speciality": "gynaecology",
        "name": "Dr. Corinna Thomas",
        "opening_hours": "Mo,We,Fr 08:00-12:30; Tu,Th 08:00-12:30,16:00-19:00; Sa-Su off",
        "phone": "+49 241 54747"
      },
      "geometry": {
        "type": "Point",
        "coordinates": [
          6.1007395,
          50.7695776
        ]
      },
      "id": "node/10891448625"
    },
    {
      "type": "Feature",
      "properties": {
        "@id": "node/10891448626",
        "addr:housenumber": "1",
        "addr:street": "Oppenhoffallee",
        "check_date": "2023-05-12",
        "healthcare": "psychotherapist",
        "name": "Psychologische Psychotherapie",
        "opening_hours": "\"Termine nur nach telefonischer Vereinbarung\"",
        "operator": "Christine Günther;Dr. Kristina Heidemann;Dagmar Schoop",
        "phone": "+49 241 902022"
      },
      "geometry": {
        "type": "Point",
        "coordinates": [
          6.1006412,
          50.7695629
        ]
      },
      "id": "node/10891448626"
    },
    {
      "type": "Feature",
      "properties": {
        "@id": "node/10891448627",
        "addr:housenumber": "105",
        "addr:street": "Lothringerstraße",
        "check_date": "2023-05-12",
        "description": "Körperorientierte Psychotherapie & Supervision",
        "healthcare": "psychotherapist",
        "name": "Petra Pomowski",
        "phone": "+49 173 2688087",
        "website": "https://www.koerpertherapie-aachen.de"
      },
      "geometry": {
        "type": "Point",
        "coordinates": [
          6.1000331,
          50.7696538
        ]
      },
      "id": "node/10891448627"
    },
    {
      "type": "Feature",
      "properties": {
        "@id": "node/10895916662",
        "addr:housenumber": "2",
        "addr:street": "Hartmannstraße",
        "amenity": "music_school",
        "check_date": "2023-05-14",
        "check_date:opening_hours": "2024-04-12",
        "email": "info@musikakademie-aachen.de",
        "name": "Musik & Kunst Akademie",
        "opening_hours:signed": "no",
        "phone": "+49 241 4354369",
        "website": "https://www.musikakademie-aachen.de"
      },
      "geometry": {
        "type": "Point",
        "coordinates": [
          6.0850448,
          50.7743475
        ]
      },
      "id": "node/10895916662"
    },
    {
      "type": "Feature",
      "properties": {
        "@id": "node/10896590994",
        "addr:housenumber": "3",
        "addr:street": "Lagerhausstraße",
        "amenity": "music_school",
        "check_date": "2023-05-14",
        "description": "Violin & Piano; Education, Coaching, Composition, Entertainment",
        "email": "office@music-dreams.de",
        "name": "Music-Dreams",
        "operator": "Ira Darsa",
        "phone": "+49 179 5055218",
        "source": "survey",
        "wheelchair": "limited"
      },
      "geometry": {
        "type": "Point",
        "coordinates": [
          6.0882225,
          50.7684803
        ]
      },
      "id": "node/10896590994"
    },
    {
      "type": "Feature",
      "properties": {
        "@id": "node/10896929694",
        "addr:housenumber": "83",
        "addr:street": "Franzstraße",
        "check_date": "2024-08-03",
        "healthcare": "psychotherapist",
        "name": "Psychotherapeutische Praxis - Verhaltenstherapie",
        "operator": "Oliver J. Kaiser; Sarah Flock; Jörg van der Laage",
        "phone": "+49 241 33737"
      },
      "geometry": {
        "type": "Point",
        "coordinates": [
          6.0862303,
          50.7696438
        ]
      },
      "id": "node/10896929694"
    },
    {
      "type": "Feature",
      "properties": {
        "@id": "node/10896929695",
        "addr:housenumber": "81",
        "addr:street": "Franzstraße",
        "check_date": "2023-05-17",
        "healthcare": "psychotherapist",
        "name": "Psychotherapeutische Praxisgemeinschaft",
        "operator": "Julia Baron;Sinika Ellendt-Moonen",
        "phone": "+49 241 51005610"
      },
      "geometry": {
        "type": "Point",
        "coordinates": [
          6.086152,
          50.769704
        ]
      },
      "id": "node/10896929695"
    },
    {
      "type": "Feature",
      "properties": {
        "@id": "node/10908490864",
        "addr:city": "Aachen",
        "addr:postcode": "52062",
        "addr:street": "Theaterstraße",
        "amenity": "doctors",
        "description": "Leistungsspektrum Krebsfrüherkennung · Antikonzeption · Schwangerschaftsbetreuung · Endokrinologie · Kinderwunsch · Mädchensprechstunde · Inkontinenzsprechstunde · Infektionen · Kindergynäkologie",
        "healthcare": "doctor",
        "healthcare:speciality": "gynaecology",
        "name": "Martin Goetz - Frauenarzt",
        "note": "Dr. med. Martin Maria Goetz, M.D. (USA)\nFacharzt für Frauenheilkunde und Geburtshilfe\nBetreuung auch in English · Français · Nederlands",
        "note_2": "Öffnungszeiten, Mailanschrift und Telefon bitte der Homepage entnehmen,",
        "website": "http://www.dr-goetz-aachen.de/index.html"
      },
      "geometry": {
        "type": "Point",
        "coordinates": [
          6.0912375,
          50.7706343
        ]
      },
      "id": "node/10908490864"
    },
    {
      "type": "Feature",
      "properties": {
        "@id": "node/11068756796",
        "addr:city": "Aachen",
        "addr:country": "DE",
        "addr:housenumber": "18",
        "addr:postcode": "52062",
        "addr:street": "Alexianergraben",
        "name": "Querkorn",
        "opening_hours": "Mo 09:00-18:30; We 10:00-18:30; Sa 10:00-14:00; Fr 09:00-19:30",
        "organic": "only",
        "shop": "supermarket",
        "website": "https://www.querkorn.de/"
      },
      "geometry": {
        "type": "Point",
        "coordinates": [
          6.0831743,
          50.7723112
        ]
      },
      "id": "node/11068756796"
    },
    {
      "type": "Feature",
      "properties": {
        "@id": "node/11068756798",
        "addr:city": "Aachen",
        "addr:country": "DE",
        "addr:housenumber": "132,134",
        "addr:street": "Jakobstraße",
        "amenity": "pub",
        "name": "Jakobsschänke",
        "opening_hours": "Tu,Fr 12:00+; Mo off, We,Th 12:00-21:00, Sa 13:00-24:00+, Su 13:00-24:00+",
        "smoking": "yes"
      },
      "geometry": {
        "type": "Point",
        "coordinates": [
          6.0768329,
          50.7723316
        ]
      },
      "id": "node/11068756798"
    },
    {
      "type": "Feature",
      "properties": {
        "@id": "node/11068756802",
        "addr:city": "Aachen",
        "addr:country": "DE",
        "addr:housenumber": "18",
        "addr:postcode": "52064",
        "addr:street": "Karlsgraben",
        "brand": "Alnatura",
        "brand:wikidata": "Q876811",
        "brand:wikipedia": "en:Alnatura",
        "check_date:opening_hours": "2024-08-15",
        "name": "Alnatura Super Natur Markt",
        "opening_hours": "Mo-Sa 08:00-20:00",
        "organic": "only",
        "shop": "supermarket",
        "short_name": "Alnatura",
        "wheelchair": "limited"
      },
      "geometry": {
        "type": "Point",
        "coordinates": [
          6.0763829,
          50.7736775
        ]
      },
      "id": "node/11068756802"
    },
    {
      "type": "Feature",
      "properties": {
        "@id": "node/11072759874",
        "addr:city": "Aachen",
        "addr:country": "DE",
        "addr:housenumber": "13",
        "addr:postcode": "52062",
        "addr:street": "Peterstraße",
        "amenity": "cafe",
        "name": "Eiscafè Del Mondo",
        "wheelchair": "limited"
      },
      "geometry": {
        "type": "Point",
        "coordinates": [
          6.0888988,
          50.7760436
        ]
      },
      "id": "node/11072759874"
    },
    {
      "type": "Feature",
      "properties": {
        "@id": "node/11097448258",
        "addr:city": "Aachen",
        "addr:housenumber": "10",
        "addr:postcode": "52064",
        "addr:street": "Karmeliterstraße",
        "amenity": "dentist",
        "check_date": "2023-08-07",
        "healthcare": "dentist",
        "healthcare:speciality": "orthodontics",
        "level": "1",
        "name": "Praxis Björn Puls - Mund & Kieferchirurgie",
        "note": "Telefon, Fax, E-Mails-Adresse und Öffnungszeiten bitte der Webseite entnehmen. https://www.mkg-puls.com/impressum",
        "operator": "Dr. med. Dr. med. dent. Björn Puls",
        "website": "https://www.mkg-puls.com",
        "wheelchair": "limited"
      },
      "geometry": {
        "type": "Point",
        "coordinates": [
          6.0838427,
          50.7690928
        ]
      },
      "id": "node/11097448258"
    },
    {
      "type": "Feature",
      "properties": {
        "@id": "node/11203208437",
        "addr:city": "Aachen",
        "addr:country": "DE",
        "addr:housenumber": "53",
        "addr:postcode": "52062",
        "addr:street": "Büchel",
        "amenity": "bar",
        "indoor_seating": "yes",
        "name": "Nika's Bar",
        "opening_hours": "Su-Th 19:00-02:00; Fr-Sa 19:00-04:00",
        "outdoor_seating": "no",
        "website": "http://www.nikas-bar.com/"
      },
      "geometry": {
        "type": "Point",
        "coordinates": [
          6.0876126,
          50.7759158
        ]
      },
      "id": "node/11203208437"
    },
    {
      "type": "Feature",
      "properties": {
        "@id": "node/11220477543",
        "addr:city": "Aachen",
        "addr:postcode": "52064",
        "addr:street": "Löhergraben",
        "amenity": "cafe",
        "name": "Vers - Literaturcafé",
        "note": "Ab 4. Mai 2024 hat das Café an vier Tagen die Woche im Regulärbetrieb geöffnet. https://cafe-vers.com/event/grand-opening-cafe-vers/",
        "opening_hours": "Tu-Sa 10:00-22:00",
        "website": "https://www.barockfabrik-aachen.de/aktuelles.html"
      },
      "geometry": {
        "type": "Point",
        "coordinates": [
          6.079304,
          50.7726681
        ]
      },
      "id": "node/11220477543"
    },
    {
      "type": "Feature",
      "properties": {
        "@id": "node/11228837829",
        "addr:city": "Aachen",
        "addr:country": "DE",
        "addr:housenumber": "41",
        "addr:postcode": "52062",
        "addr:street": "Gasborn",
        "amenity": "dentist",
        "healthcare": "dentist",
        "name": "zahnblock",
        "opening_hours": "\"by appointment\"",
        "website": "https://www.zahnblock-aachen.de/"
      },
      "geometry": {
        "type": "Point",
        "coordinates": [
          6.0947142,
          50.7757322
        ]
      },
      "id": "node/11228837829"
    },
    {
      "type": "Feature",
      "properties": {
        "@id": "node/11240058501",
        "amenity": "cafe",
        "check_date": "2023-10-02",
        "name": "Shisha Bar",
        "smoking": "dedicated"
      },
      "geometry": {
        "type": "Point",
        "coordinates": [
          6.1126905,
          50.775678
        ]
      },
      "id": "node/11240058501"
    },
    {
      "type": "Feature",
      "properties": {
        "@id": "node/11243037021",
        "addr:city": "Aachen",
        "addr:country": "DE",
        "addr:housenumber": "210,212",
        "addr:postcode": "52064",
        "addr:street": "Jakobstraße",
        "name": "Biomarkt Vital",
        "opening_hours": "Mo-Fr 10:00-18:00; Sa 09:00-14:00; Su,PH off",
        "operator": "Felix Matterne",
        "organic": "only",
        "phone": "+49 241 5687890",
        "shop": "supermarket",
        "website": "https://www.biomarkt-vital.de/",
        "wheelchair": "yes"
      },
      "geometry": {
        "type": "Point",
        "coordinates": [
          6.0748963,
          50.7703991
        ]
      },
      "id": "node/11243037021"
    },
    {
      "type": "Feature",
      "properties": {
        "@id": "node/11251622487",
        "addr:city": "Aachen",
        "addr:housenumber": "149",
        "addr:postcode": "52066",
        "addr:street": "Bismarckstraße",
        "brand": "Alnatura",
        "brand:wikidata": "Q876811",
        "name": "Alnatura Super Natur Markt",
        "opening_hours": "Mo-Sa 07:00-20:00",
        "organic": "only",
        "shop": "supermarket",
        "short_name": "Alnatura",
        "start_date": "2023-10-26"
      },
      "geometry": {
        "type": "Point",
        "coordinates": [
          6.1100763,
          50.7695936
        ]
      },
      "id": "node/11251622487"
    },
    {
      "type": "Feature",
      "properties": {
        "@id": "node/11310130568",
        "addr:city": "Aachen",
        "addr:housenumber": "9",
        "addr:postcode": "52064",
        "addr:street": "Lütticher Straße",
        "amenity": "doctors",
        "email": "info@allgemeinmedizin-aachen.de",
        "fax": "+49 241 7364-0",
        "healthcare": "doctor",
        "healthcare:speciality": "general;palliative;anaesthetics;diabetology;geriatrics;vaccination",
        "name": "Arztpraxis für Allgemeinmedizin",
        "note": "Gemeinschaftspraxis: Dr. med. Jens Kroner Dr. med. Andreas Werners Yasmin Maassen* Dr. med. Roman von Stillfried*",
        "opening_hours": "Mo-Fr 08:00-12:00, Mo,Tu,Th 16:00-18:00",
        "operator": "Dr. med. Jens Kroner, Dr. med. Andreas Werners, Dr. med. Yasmin Maassen*",
        "phone": "+49 241 31180"
      },
      "geometry": {
        "type": "Point",
        "coordinates": [
          6.0737339,
          50.7682738
        ]
      },
      "id": "node/11310130568"
    },
    {
      "type": "Feature",
      "properties": {
        "@id": "node/11311310075",
        "addr:city": "Aachen",
        "addr:housenumber": "20",
        "addr:postcode": "52064",
        "addr:street": "Lütticher Straße",
        "check_date": "2024-10-07",
        "check_date:opening_hours": "2024-10-07",
        "email": "info@droudiani-tekoonam.de",
        "healthcare": "physiotherapist",
        "healthcare:speciality": "osteopathy;physiotherapy;physiatry;reflexology;occupational",
        "name": "Praxis droudiani",
        "note": "Alle Kassen + Privat",
        "opening_hours": "Mo-Fr 09:00-12:00, Mo,Tu,Th 15:00-17:00",
        "operator": "Saaid Droudiani",
        "phone": "+49 241 76212",
        "website": "https://www.droudiani-tekoonam.de/"
      },
      "geometry": {
        "type": "Point",
        "coordinates": [
          6.0731438,
          50.7685166
        ]
      },
      "id": "node/11311310075"
    },
    {
      "type": "Feature",
      "properties": {
        "@id": "node/11348281918",
        "addr:city": "Aachen",
        "addr:country": "DE",
        "addr:housenumber": "43",
        "addr:postcode": "52062",
        "addr:street": "Kleinmarschierstraße",
        "amenity": "pub",
        "name": "Cafe & Bistro Vis à Vis",
        "opening_hours": "Mo-Su 00:00-05:00,16:00-24:00; Tu-Fr 00:00-03:00,16:00-24:00",
        "smoking": "dedicated",
        "wheelchair": "limited"
      },
      "geometry": {
        "type": "Point",
        "coordinates": [
          6.0845026,
          50.7730949
        ]
      },
      "id": "node/11348281918"
    },
    {
      "type": "Feature",
      "properties": {
        "@id": "node/11358252297",
        "addr:city": "Aachen",
        "addr:housenumber": "2",
        "addr:postcode": "52076",
        "addr:street": "Abteigarten",
        "amenity": "cafe",
        "email": "post@cafecornelius.de",
        "name": "Café Cornelius",
        "opening_hours": "Mo off; Tu-Su,PH 09:00-17:00",
        "outdoor_seating": "yes",
        "phone": "+49 2408 9595988",
        "reservation": "yes",
        "website": "https://www.cafecornelius.de"
      },
      "geometry": {
        "type": "Point",
        "coordinates": [
          6.1814687,
          50.7284038
        ]
      },
      "id": "node/11358252297"
    },
    {
      "type": "Feature",
      "properties": {
        "@id": "node/11504345402",
        "amenity": "doctors",
        "email": "info@praxis-delonge.de",
        "healthcare": "doctor",
        "healthcare:speciality": "general;internal",
        "name": "Praxis Delonge",
        "opening_hours": "Mo 08:00-12:30, 15:00-18:00, Tu 08:00-18:00, We,Fr 08:00-13:00, Th 08:00-13:00, 16:00-19:00 || Mo-Fr 08:00-09:30 open \"offene Notfallsprechstunde\"; PH off",
        "phone": "+49 241 571828",
        "website": "https://www.praxis-delonge.de",
        "wheelchair": "no"
      },
      "geometry": {
        "type": "Point",
        "coordinates": [
          6.123064,
          50.7675292
        ]
      },
      "id": "node/11504345402"
    },
    {
      "type": "Feature",
      "properties": {
        "@id": "node/11528025919",
        "addr:city": "Aachen",
        "addr:country": "DE",
        "addr:housenumber": "21",
        "addr:postcode": "52062",
        "addr:street": "Reihstraße",
        "name": "Reformhaus Heift",
        "opening_hours": "Mo-Fr 09:00-19:00; Sa 09:00-18:00; Su,PH off",
        "organic": "only",
        "shop": "supermarket",
        "website": "https://reformhaus.de/blogs/vita-nova/reformhaus-heift",
        "wheelchair": "yes"
      },
      "geometry": {
        "type": "Point",
        "coordinates": [
          6.089161,
          50.7737017
        ]
      },
      "id": "node/11528025919"
    },
    {
      "type": "Feature",
      "properties": {
        "@id": "node/11541017654",
        "addr:city": "Aachen",
        "addr:housenumber": "11-15",
        "addr:postcode": "52062",
        "addr:street": "Alexanderstraße",
        "amenity": "doctors",
        "healthcare": "doctor",
        "healthcare:speciality": "gynaecology;abortion",
        "name": "Frauenärztin Rahmaty-Taheri",
        "opening_hours": "\"nach Vereinbarung\"",
        "operator": "Rahmaty-Taheri"
      },
      "geometry": {
        "type": "Point",
        "coordinates": [
          6.0884091,
          50.7783739
        ]
      },
      "id": "node/11541017654"
    },
    {
      "type": "Feature",
      "properties": {
        "@id": "node/11598765229",
        "addr:city": "Aachen",
        "addr:housenumber": "104",
        "addr:postcode": "52078",
        "addr:street": "Trierer Straße",
        "check_date": "2024-02-08",
        "name": "Aksiyon Markt",
        "opening_hours": "Mo-Sa 08:00-19:00; PH off",
        "phone": "+49 241 40196169",
        "shop": "supermarket"
      },
      "geometry": {
        "type": "Point",
        "coordinates": [
          6.1232112,
          50.7674748
        ]
      },
      "id": "node/11598765229"
    },
    {
      "type": "Feature",
      "properties": {
        "@id": "node/11734176025",
        "addr:city": "Aachen",
        "addr:housenumber": "276",
        "addr:postcode": "52066",
        "addr:street": "Adalbertsteinweg",
        "amenity": "doctors",
        "fax": "+49 241 5153875",
        "healthcare": "doctor",
        "healthcare:speciality": "general",
        "name": "Gemeinschaftspraxis L. Bauer & Dr. med. S. Wienen, Dr. med. M. Bauer (angest.), Dr. med. M. Maier-Biazar (angest.)",
        "opening_hours": "Mo,Th 08:00-13:00,14:00-17:00; Tu 08:00-13:00,14:00-16:00; We,Fr 08:00-13:00; Sa,Su,PH off",
        "phone": "+49 241 501874"
      },
      "geometry": {
        "type": "Point",
        "coordinates": [
          6.1155796,
          50.7708768
        ]
      },
      "id": "node/11734176025"
    },
    {
      "type": "Feature",
      "properties": {
        "@id": "node/11753233149",
        "addr:city": "Aachen",
        "addr:country": "DE",
        "addr:housenumber": "138",
        "addr:postcode": "52062",
        "addr:street": "Pontstraße",
        "amenity": "cafe",
        "cuisine": "ice_cream",
        "diet:vegetarian": "yes",
        "indoor_seating": "yes",
        "name": "Eiscafé San Remo",
        "opening_hours": "Mo-Sa 10:00-23:00; Su 11:00-23:00",
        "outdoor_seating": "yes",
        "smoking": "outside",
        "website": "http://www.ichliebeaachen.de/sanremo/",
        "wheelchair": "no"
      },
      "geometry": {
        "type": "Point",
        "coordinates": [
          6.0804337,
          50.7799341
        ]
      },
      "id": "node/11753233149"
    },
    {
      "type": "Feature",
      "properties": {
        "@id": "node/11773225116",
        "addr:city": "Aachen",
        "addr:country": "DE",
        "addr:housenumber": "60",
        "addr:postcode": "52074",
        "addr:street": "Campus-Boulevard",
        "amenity": "school",
        "check_date": "2024-10-14",
        "email": "info@vincerola-school.de",
        "isced:level": "1",
        "name": "Vincerola - Montessori Grundschule",
        "operator": "Vincerola Academy and Agency gGmbH",
        "phone": "+49 241 99039203",
        "website": "https://www.vincerola-school.de/"
      },
      "geometry": {
        "type": "Point",
        "coordinates": [
          6.0445039,
          50.7847623
        ]
      },
      "id": "node/11773225116"
    },
    {
      "type": "Feature",
      "properties": {
        "@id": "node/11794087479",
        "name": "Al-Sham Markt",
        "shop": "supermarket"
      },
      "geometry": {
        "type": "Point",
        "coordinates": [
          6.0981252,
          50.7787734
        ]
      },
      "id": "node/11794087479"
    },
    {
      "type": "Feature",
      "properties": {
        "@id": "node/11795589349",
        "addr:city": "Aachen",
        "addr:housenumber": "31",
        "addr:postcode": "52062",
        "addr:street": "Hirschgraben",
        "amenity": "dentist",
        "healthcare": "dentist",
        "name": "Maria Heinz",
        "website": "https://dr-maria-heinz.de",
        "wheelchair": "no"
      },
      "geometry": {
        "type": "Point",
        "coordinates": [
          6.0827381,
          50.7789356
        ]
      },
      "id": "node/11795589349"
    },
    {
      "type": "Feature",
      "properties": {
        "@id": "node/11804770474",
        "addr:city": "Aachen",
        "addr:housenumber": "35",
        "addr:postcode": "52062",
        "addr:street": "Markt",
        "amenity": "cafe",
        "brand": "Starbucks",
        "brand:wikidata": "Q37158",
        "brand:wikipedia": "en:Starbucks",
        "cuisine": "coffee_shop",
        "int_name": "Starbucks",
        "internet_access": "wlan",
        "internet_access:fee": "no",
        "name": "Starbucks",
        "official_name": "Starbucks Coffee",
        "opening_hours": "Mo-Th 07:30-21:00; Fr 07:30-22:00; Sa 08:30-22:00; Su 09:00-21:00",
        "takeaway": "yes",
        "toilets:wheelchair": "no",
        "website": "https://www.starbucks.com/store-locator/store/1018873/aachen-markt-markt-35-aachen-nw-52062-de",
        "wheelchair": "limited"
      },
      "geometry": {
        "type": "Point",
        "coordinates": [
          6.0833202,
          50.7765363
        ]
      },
      "id": "node/11804770474"
    },
    {
      "type": "Feature",
      "properties": {
        "@id": "node/11804770480",
        "amenity": "doctors",
        "check_date:opening_hours": "2025-03-02",
        "healthcare": "doctor",
        "healthcare:speciality": "orthopaedics;chiropractic",
        "name": "Jacquemain",
        "opening_hours": "Mo-Fr 08:00-12:30, Tu,Th 14:00-17:00, Mo 13:30-15:00",
        "phone": "+49 241 26011"
      },
      "geometry": {
        "type": "Point",
        "coordinates": [
          6.0812507,
          50.7754495
        ]
      },
      "id": "node/11804770480"
    },
    {
      "type": "Feature",
      "properties": {
        "@id": "node/11968625769",
        "addr:city": "Aachen",
        "addr:housenumber": "112",
        "addr:postcode": "52070",
        "addr:street": "Adalbertsteinweg",
        "amenity": "doctors",
        "email": "info@praxis-hatam.de",
        "healthcare": "doctor",
        "name": "Hausarztpraxis Hatam",
        "opening_hours": "Mo-Th 08:30-12:30, 16:00-18:00; Fr 08:30-12:30",
        "phone": "+49 241 507585",
        "website": "https://www.praxis-hatam.de/"
      },
      "geometry": {
        "type": "Point",
        "coordinates": [
          6.1063082,
          50.7742534
        ]
      },
      "id": "node/11968625769"
    },
    {
      "type": "Feature",
      "properties": {
        "@id": "node/11993231210",
        "addr:housenumber": "56",
        "addr:street": "Höfchensweg",
        "check_date": "2024-06-20",
        "contact:phone": "+49 241 45091250",
        "contact:website": "https://www.b2-zentrum.de/start.html",
        "email": "info@b2-zentrum.de",
        "healthcare": "physiotherapist",
        "name": "B2 - Zentrum für integrative Therapie",
        "opening_hours": "Mo-Th 08:00-19:00; Fr 08:00-15:00",
        "wheelchair": "limited",
        "wheelchair:description": "Kleine Stufe am Eingang"
      },
      "geometry": {
        "type": "Point",
        "coordinates": [
          6.0804729,
          50.7507449
        ]
      },
      "id": "node/11993231210"
    },
    {
      "type": "Feature",
      "properties": {
        "@id": "node/12027948649",
        "addr:city": "Aachen",
        "addr:housenumber": "88",
        "addr:postcode": "52070",
        "addr:street": "Jülicher Straße",
        "amenity": "doctors",
        "email": "frauenarztpraxis-aachen@gmx.de",
        "fax": "+49 241 463100 24",
        "healthcare": "doctor",
        "healthcare:speciality": "gynaecology",
        "name": "Frauenarztpraxis-Aachen",
        "opening_hours": "Mo,We,Fr 08:30-12:30; Tu,Th 08:30-12:30,15:00-18:30; PH off",
        "operator": "Dr. med. Nadia Brimil-Kontos",
        "phone": "+49 241 463100 20",
        "website": "https://www.frauenarztpraxis-aachen.de"
      },
      "geometry": {
        "type": "Point",
        "coordinates": [
          6.1021325,
          50.7806853
        ]
      },
      "id": "node/12027948649"
    },
    {
      "type": "Feature",
      "properties": {
        "@id": "node/12027957594",
        "addr:city": "Aachen",
        "addr:housenumber": "88",
        "addr:postcode": "52070",
        "addr:street": "Jülicher Straße",
        "amenity": "doctors",
        "email": "hausarztpraxis.aachen@gmail.com",
        "fax": "+49 241 54 63 5",
        "healthcare": "doctor",
        "healthcare:speciality": "general",
        "name": "Hausarztpraxis Aachen Salzmann / Weiser",
        "opening_hours": "Mo,Tu,Th 08:00-12:00,16:00-18:00; We,Fr 08:00-12:00",
        "phone": "+49 241 50 80 74",
        "website": "https://www.hausarztpraxis-aachen.de"
      },
      "geometry": {
        "type": "Point",
        "coordinates": [
          6.1020845,
          50.7806532
        ]
      },
      "id": "node/12027957594"
    },
    {
      "type": "Feature",
      "properties": {
        "@id": "node/12064829434",
        "addr:city": "Aachen",
        "addr:housenumber": "74",
        "addr:postcode": "52072",
        "addr:street": "Lousbergstraße",
        "check_date:opening_hours": "2024-12-14",
        "healthcare": "speech_therapist",
        "name": "Logopädie Am Lousberg",
        "opening_hours:signed": "no",
        "website": "https://www.logopaedieamlousberg.de/"
      },
      "geometry": {
        "type": "Point",
        "coordinates": [
          6.0758744,
          50.7843871
        ]
      },
      "id": "node/12064829434"
    },
    {
      "type": "Feature",
      "properties": {
        "@id": "node/12069462765",
        "amenity": "dentist",
        "healthcare": "dentist",
        "name": "Dr. Mihaela Joana-Rullmann"
      },
      "geometry": {
        "type": "Point",
        "coordinates": [
          6.0835292,
          50.7570646
        ]
      },
      "id": "node/12069462765"
    },
    {
      "type": "Feature",
      "properties": {
        "@id": "node/12069465090",
        "amenity": "music_school",
        "name": "Jochen Pusch"
      },
      "geometry": {
        "type": "Point",
        "coordinates": [
          6.0777659,
          50.7564305
        ]
      },
      "id": "node/12069465090"
    },
    {
      "type": "Feature",
      "properties": {
        "@id": "node/12069843604",
        "addr:city": "Aachen",
        "addr:country": "DE",
        "addr:housenumber": "9-11",
        "addr:postcode": "52066",
        "addr:street": "Burtscheider Markt",
        "amenity": "cafe",
        "name": "MERCADO",
        "opening_hours": "Mo-Su 09:00-18:00",
        "phone": "+49 241 99715095",
        "toilets:wheelchair": "no",
        "wheelchair": "yes"
      },
      "geometry": {
        "type": "Point",
        "coordinates": [
          6.0925163,
          50.7630621
        ]
      },
      "id": "node/12069843604"
    },
    {
      "type": "Feature",
      "properties": {
        "@id": "node/12069869696",
        "addr:city": "Aachen",
        "addr:country": "DE",
        "addr:housenumber": "7",
        "addr:postcode": "52066",
        "addr:street": "Burtscheider Markt",
        "amenity": "dentist",
        "check_date": "2024-08-31",
        "healthcare": "dentist",
        "name": "Dr. R. Fröschen",
        "opening_hours": "\"nach Vereinbarung\"",
        "phone": "+49 241 66719",
        "website": "https://www.zahnarzt-froeschen.de"
      },
      "geometry": {
        "type": "Point",
        "coordinates": [
          6.0927382,
          50.7631793
        ]
      },
      "id": "node/12069869696"
    },
    {
      "type": "Feature",
      "properties": {
        "@id": "node/12069927151",
        "amenity": "ice_cream",
        "name": "Eiscafé Tasin",
        "note": "Italienisches Eis | Betreiber Mauro Tasin",
        "opening_hours": "Mo-Sa 10:00-20:00, Su,PH 13:00-20:00"
      },
      "geometry": {
        "type": "Point",
        "coordinates": [
          6.0837777,
          50.7743782
        ]
      },
      "id": "node/12069927151"
    },
    {
      "type": "Feature",
      "properties": {
        "@id": "node/12078201440",
        "addr:city": "Aachen",
        "addr:housenumber": "40",
        "addr:postcode": "52070",
        "addr:street": "Wilhelmstraße",
        "healthcare": "psychotherapist",
        "name": "Praxis Benden",
        "website": "https://praxis-benden.de/"
      },
      "geometry": {
        "type": "Point",
        "coordinates": [
          6.0954423,
          50.7722321
        ]
      },
      "id": "node/12078201440"
    },
    {
      "type": "Feature",
      "properties": {
        "@id": "node/12090667501",
        "addr:city": "Aachen",
        "addr:postcode": "52064",
        "addr:street": "Rosstraße",
        "amenity": "cafe",
        "cuisine": "coffee_shop;cake",
        "name": "LENI LIEBT KAFFEE",
        "opening_hours": "Mo-Fr 10:00-19:00; Sa-Su 09:00-20:00",
        "phone": "+49 241 51003620",
        "website": "https://leniliebtkaffee.de",
        "website:menu": "https://leniliebtkaffee.de/karte/"
      },
      "geometry": {
        "type": "Point",
        "coordinates": [
          6.0781039,
          50.7709917
        ]
      },
      "id": "node/12090667501"
    },
    {
      "type": "Feature",
      "properties": {
        "@id": "node/12098715921",
        "amenity": "dentist",
        "healthcare": "dentist",
        "name": "Zahnärzte\nDr. H Deutz\nDr. N. Brouchouchi",
        "opening_hours": "\"Termine nach Vereinbarung 0241 75665\""
      },
      "geometry": {
        "type": "Point",
        "coordinates": [
          6.0694119,
          50.7679029
        ]
      },
      "id": "node/12098715921"
    },
    {
      "type": "Feature",
      "properties": {
        "@id": "node/12098767919",
        "addr:city": "Aachen",
        "addr:postcode": "52074",
        "addr:street": "Morillenhang",
        "amenity": "doctors",
        "healthcare": "doctor",
        "healthcare:speciality": "paediatrics",
        "name": "Kinder- & Jugend-Arztpraxis im Johannistal",
        "opening_hours": "Mo-Tu 08:30-12:00,15:00-17:00; We 08:30-12:00; Th 08:30-12:00,15:00-17:00; Fr 08:30-13:00; Sa off; Su off",
        "operator": "Dr. Henrike Tingart & Dr. Henrike Kurth",
        "phone": "+49 241 705550"
      },
      "geometry": {
        "type": "Point",
        "coordinates": [
          6.0696294,
          50.7669187
        ]
      },
      "id": "node/12098767919"
    },
    {
      "type": "Feature",
      "properties": {
        "@id": "node/12121782394",
        "addr:city": "Aachen",
        "addr:housenumber": "33",
        "addr:postcode": "52062",
        "addr:street": "Theaterstraße",
        "amenity": "doctors",
        "email": "hnopraxisthies@web.de",
        "healthcare": "doctor",
        "healthcare:speciality": "otolaryngology",
        "name": "HNO Praxis Thies",
        "opening_hours": "Mo-Fr 08:00-12:00; Mo,Th 14:00-17:00; PH off",
        "operator": "Fr. Dr. med. Gudrun Thies",
        "phone": "+49 241 39646",
        "website": "https://hnopraxisthies.de/"
      },
      "geometry": {
        "type": "Point",
        "coordinates": [
          6.0910585,
          50.771272
        ]
      },
      "id": "node/12121782394"
    },
    {
      "type": "Feature",
      "properties": {
        "@id": "node/12137469970",
        "addr:city": "Aachen",
        "addr:housenumber": "3-5",
        "addr:postcode": "52064",
        "addr:street": "Reumontstraße",
        "amenity": "doctors",
        "check_date": "2024-08-26",
        "healthcare": "doctor",
        "name": "Caritas Medizinische Ambulanz",
        "opening_hours": "Mo-Fr 09:30-12:30; Sa,Su,PH off",
        "operator": "Caritasverband für die Regionen Aachen-Stadt und Aachen-Land e.V.",
        "website": "https://caritas-aachen.de/angebote/wohnen-existenz/cafe-plattform/medizinische-ambulanz/"
      },
      "geometry": {
        "type": "Point",
        "coordinates": [
          6.0861149,
          50.7663954
        ]
      },
      "id": "node/12137469970"
    },
    {
      "type": "Feature",
      "properties": {
        "@id": "node/12168203187",
        "addr:city": "Aachen",
        "addr:housenumber": "1",
        "addr:street": "Am Kraftversorgungsturm",
        "addr:zip": "52070",
        "alt_name": "Dr. med Irene Lehr-Ludwig M.A.",
        "amenity": "doctors",
        "contact:email": "info@neuropraxis-am-kraftversorgungsturm.de",
        "contact:fax": "+49-241-41251979",
        "contact:phone": "+49-241-41251970",
        "health_specialty:neurology": "true",
        "health_specialty:psychiatry": "true",
        "name": "neuropraxis am kraftversorgungsturm",
        "opening_hours": "Mo, Tu, Th 08:00-16:00; Tu, Fr 08:00-12:00",
        "website": "https://www.neuropraxis-am-kraftversorgungsturm.de"
      },
      "geometry": {
        "type": "Point",
        "coordinates": [
          6.1117623,
          50.7897577
        ]
      },
      "id": "node/12168203187"
    },
    {
      "type": "Feature",
      "properties": {
        "@id": "node/12175075207",
        "addr:city": "Aachen",
        "addr:country": "DE",
        "addr:housenumber": "3-7",
        "addr:postcode": "52072",
        "addr:street": "Süsterfeldstraße",
        "amenity": "dentist",
        "healthcare": "dentist",
        "name": "Dr. Sandra-I. Vlaicu",
        "opening_hours": "Mo 09:00-12:00,14:00-17:00; Tu,Th 08:30-12:00,14:00-17:00; Fr 08:00-12:00",
        "wheelchair": "limited"
      },
      "geometry": {
        "type": "Point",
        "coordinates": [
          6.0713885,
          50.7817821
        ]
      },
      "id": "node/12175075207"
    },
    {
      "type": "Feature",
      "properties": {
        "@id": "node/12190221301",
        "addr:postcode": "52062",
        "amenity": "doctors",
        "email": "info@hausaerzte-aachen-west.de",
        "healthcare": "doctor",
        "name": "Hausärzte Aachen West",
        "opening_hours": "Mo-Tu 08:00-12:30, 15:00-18:00; We, Fr 08:00-12:30; Th 08:00-12:30, 15:00-19:00",
        "phone": "+49241503237",
        "website": "https://hausaerzte-aachen-west.de/"
      },
      "geometry": {
        "type": "Point",
        "coordinates": [
          6.0960317,
          50.7757796
        ]
      },
      "id": "node/12190221301"
    },
    {
      "type": "Feature",
      "properties": {
        "@id": "node/12211327419",
        "addr:city": "Aachen",
        "addr:housenumber": "14",
        "addr:postcode": "52074",
        "addr:street": "Steppenbergallee",
        "amenity": "dentist",
        "email": "info@mh-dental.de",
        "fax": "+49 241 877788",
        "healthcare": "dentist",
        "name": "Zahnärztin Miriam Heinz",
        "opening_hours": "Mo,We,Fr 08:00-14:00; Tu 08:00-12:30,14:00-19:00; Th 08:00-12:30,14:00-18:00",
        "phone": "+49 241 877781",
        "website": "http://www.mh-dental.de/",
        "wheelchair": "yes"
      },
      "geometry": {
        "type": "Point",
        "coordinates": [
          6.0429561,
          50.7691082
        ]
      },
      "id": "node/12211327419"
    },
    {
      "type": "Feature",
      "properties": {
        "@id": "node/12213612694",
        "healthcare": "psychotherapist"
      },
      "geometry": {
        "type": "Point",
        "coordinates": [
          6.0973829,
          50.7846219
        ]
      },
      "id": "node/12213612694"
    },
    {
      "type": "Feature",
      "properties": {
        "@id": "node/12245771905",
        "addr:city": "Aachen",
        "addr:postcode": "52064",
        "addr:street": "Franzstraße",
        "amenity": "ice_cream",
        "name": "Eisfreunde",
        "note": "https://www.aachener-zeitung.de/sponsored-content/ein-neues-kapitel-kinogeschichte/22550451.html",
        "organic": "only"
      },
      "geometry": {
        "type": "Point",
        "coordinates": [
          6.085088,
          50.7708647
        ]
      },
      "id": "node/12245771905"
    },
    {
      "type": "Feature",
      "properties": {
        "@id": "node/12282381370",
        "addr:city": "Aachen",
        "addr:housenumber": "46",
        "addr:postcode": "52066",
        "addr:street": "Krugenofen",
        "amenity": "cafe",
        "name": "d‘Anastassio Kaffeerösterei",
        "opening_hours": "We-Fr 12:00-18:00",
        "website": "https://www.danastassio.coffee/"
      },
      "geometry": {
        "type": "Point",
        "coordinates": [
          6.0882534,
          50.7637327
        ]
      },
      "id": "node/12282381370"
    },
    {
      "type": "Feature",
      "properties": {
        "@id": "node/12306734872",
        "addr:city": "Aachen",
        "addr:housenumber": "73-75",
        "addr:postcode": "52066",
        "addr:street": "Eupener Straße",
        "amenity": "doctors",
        "healthcare": "doctor",
        "healthcare:speciality": "orthopaedics",
        "name": "Dr. Roswitha Dresse",
        "opening_hours": "Mo-Tu 08:00-12:30,15:00-17:30; We 08:00-12:30; Th 08:00-12:30,15:00-17:30; Fr 08:00-12:30; Sa off; Su off",
        "phone": "+49 241 603710"
      },
      "geometry": {
        "type": "Point",
        "coordinates": [
          6.0857634,
          50.7589087
        ]
      },
      "id": "node/12306734872"
    },
    {
      "type": "Feature",
      "properties": {
        "@id": "node/12318781877",
        "addr:city": "Aachen",
        "addr:housenumber": "15-17",
        "addr:postcode": "52068",
        "addr:street": "Stolberger Straße",
        "amenity": "dentist",
        "healthcare": "dentist",
        "name": "Dr. med. dent. Thomas Kilian",
        "opening_hours": "Mo,Tu,Th 08:00-12:00,14:00-18:00 \"Termine nach Vereinbarung\"; We 08:00-12:30 \"Termine nach Vereinbarung\"; Fr 08:00-13:00 \"Termine nach Vereinbarung\"; Sa,Su,PH off",
        "phone": "+49 241 514441"
      },
      "geometry": {
        "type": "Point",
        "coordinates": [
          6.1111816,
          50.7760138
        ]
      },
      "id": "node/12318781877"
    },
    {
      "type": "Feature",
      "properties": {
        "@id": "node/12320268543",
        "addr:city": "Aachen",
        "addr:housenumber": "30",
        "addr:postcode": "52066",
        "addr:street": "Frankenberger Straße",
        "amenity": "dentist",
        "email": "info@za-neumarkt.de",
        "healthcare": "dentist",
        "name": "Zahnärzte am Neumarkt",
        "opening_hours": "Mo 09:00-18:00, Tu 09:00-18:00, We 09:00-14:00, Th 09:00-18:00, Fr 09:00-12:00, Sa-Su closed",
        "operator": "Dr. Lena Lehmann, Dr. Hendrik Nieuwenhuijsen",
        "phone": "+4924156004684",
        "website": "https://www.za-neumarkt.de/"
      },
      "geometry": {
        "type": "Point",
        "coordinates": [
          6.1066,
          50.7680164
        ]
      },
      "id": "node/12320268543"
    },
    {
      "type": "Feature",
      "properties": {
        "@id": "node/12367511052",
        "amenity": "cafe",
        "diet:vegan": "no",
        "diet:vegetarian": "yes",
        "name": "Zur Klause",
        "opening_hours": "Su,PH 10:00-17:00",
        "payment:credit_cards": "no",
        "payment:debit_cards": "no"
      },
      "geometry": {
        "type": "Point",
        "coordinates": [
          6.1785998,
          50.7341227
        ]
      },
      "id": "node/12367511052"
    },
    {
      "type": "Feature",
      "properties": {
        "@id": "node/12461478113",
        "amenity": "ice_cream",
        "name": "Lammerskötter | Eiswagen"
      },
      "geometry": {
        "type": "Point",
        "coordinates": [
          6.1775624,
          50.7293613
        ]
      },
      "id": "node/12461478113"
    },
    {
      "type": "Feature",
      "properties": {
        "@id": "node/12462946201",
        "addr:city": "Aachen",
        "addr:country": "DE",
        "addr:housenumber": "135",
        "addr:postcode": "52062",
        "addr:street": "Ludwigsallee",
        "email": "hamacher.ingo@gmx.de",
        "healthcare": "psychotherapist",
        "name": "Praxis Ingo Hamacher",
        "opening_hours": "Mo-Fr 08:00-17:00; Sa,Su,PH off",
        "opening_hours:phone": "Mo-Fr 08:30-09:00,18:00-19:00; Sa,Su,PH off",
        "phone": "+49 170 8020309"
      },
      "geometry": {
        "type": "Point",
        "coordinates": [
          6.0880516,
          50.7824594
        ]
      },
      "id": "node/12462946201"
    },
    {
      "type": "Feature",
      "properties": {
        "@id": "node/12480385404",
        "addr:city": "Aachen",
        "addr:country": "DE",
        "addr:housenumber": "13",
        "addr:postcode": "52072",
        "addr:street": "Horbacher Straße",
        "healthcare": "physiotherapist",
        "healthcare:speciality": "physiotherapy",
        "name": "Therapie Blazejewski",
        "opening_hours": "Mo-Di 08:00-18:30, Mi 08:00-13:00, Do 08:00-18:30, Fr 08:00-16:30",
        "phone": "+49 0241 14310",
        "website": "https://www.therapieb.de"
      },
      "geometry": {
        "type": "Point",
        "coordinates": [
          6.0592096,
          50.8121292
        ]
      },
      "id": "node/12480385404"
    },
    {
      "type": "Feature",
      "properties": {
        "@id": "node/12487407203",
        "addr:city": "Aachen",
        "addr:housenumber": "10",
        "addr:postcode": "52062",
        "addr:street": "Büchel",
        "amenity": "bar",
        "email": "BraucheTisch@LaKaschemme.de",
        "mobile": "+49 175 4186493",
        "name": "La Kaschemme - Die Pop Up Bar"
      },
      "geometry": {
        "type": "Point",
        "coordinates": [
          6.0849624,
          50.776181
        ]
      },
      "id": "node/12487407203"
    },
    {
      "type": "Feature",
      "properties": {
        "@id": "node/12556466983",
        "addr:city": "Aachen",
        "addr:country": "DE",
        "addr:housenumber": "22a",
        "addr:postcode": "52072",
        "addr:street": "Rathausstraße",
        "healthcare": "doctor",
        "healthcare:speciality": "psychiatry",
        "name": "Jutta Wiebusch und Anja Ludwig-Meier",
        "opening_hours": "Mo-Th 08:30-13:00; Tu, Th 14:00-18:00; Fr \"Termine nach Vereinbarung\""
      },
      "geometry": {
        "type": "Point",
        "coordinates": [
          6.058708,
          50.7986262
        ]
      },
      "id": "node/12556466983"
    },
    {
      "type": "Feature",
      "properties": {
        "@id": "node/12556466984",
        "addr:city": "Aachen",
        "addr:country": "DE",
        "addr:housenumber": "22a",
        "addr:postcode": "52072",
        "addr:street": "Rathausstraße",
        "healthcare": "psychotherapist",
        "healthcare:speciality": "behavior",
        "name": "Katharina Schaffrath",
        "opening_hours": "\"Termine nach Vereinbarung\""
      },
      "geometry": {
        "type": "Point",
        "coordinates": [
          6.0587489,
          50.7986347
        ]
      },
      "id": "node/12556466984"
    },
    {
      "type": "Feature",
      "properties": {
        "@id": "node/12556466985",
        "addr:city": "Aachen",
        "addr:country": "DE",
        "addr:housenumber": "22a",
        "addr:postcode": "52072",
        "addr:street": "Rathausstraße",
        "healthcare": "speech_therapist",
        "name": "Georg Hilfrich",
        "phone": "+49 241 1698185"
      },
      "geometry": {
        "type": "Point",
        "coordinates": [
          6.058637,
          50.7986101
        ]
      },
      "id": "node/12556466985"
    },
    {
      "type": "Feature",
      "properties": {
        "@id": "node/12556466986",
        "addr:city": "Aachen",
        "addr:country": "DE",
        "addr:housenumber": "22a",
        "addr:postcode": "52072",
        "addr:street": "Rathausstraße",
        "healthcare": "physiotherapist",
        "healthcare:speciality": "massage_therapy",
        "name": "Annette Hilfrich",
        "phone": "+49 241 1898998"
      },
      "geometry": {
        "type": "Point",
        "coordinates": [
          6.0586128,
          50.7985847
        ]
      },
      "id": "node/12556466986"
    },
    {
      "type": "Feature",
      "properties": {
        "@id": "node/12556466987",
        "addr:city": "Aachen",
        "addr:country": "DE",
        "addr:housenumber": "22a",
        "addr:postcode": "52072",
        "addr:street": "Rathausstraße",
        "healthcare": "physiotherapist",
        "name": "Günter Vieß",
        "phone": "+49 241 60847263"
      },
      "geometry": {
        "type": "Point",
        "coordinates": [
          6.0586135,
          50.7985575
        ]
      },
      "id": "node/12556466987"
    },
    {
      "type": "Feature",
      "properties": {
        "@id": "node/12556886541",
        "addr:city": "Aachen",
        "addr:housenumber": "17",
        "addr:postcode": "52062",
        "addr:street": "Nikolausstraße",
        "amenity": "cafe",
        "craft": "coffee_roaster",
        "cuisine": "coffee_shop",
        "image": "https://img.aachener-zeitung.de/public/lokales/rs3nsj-file7yen299nhmf14mcgd1fru/alternates/BASE_SIXTEEN_NINE/file7yen299nhmf14mcgd1fru",
        "name": "MAQII",
        "opening_hours": "Mo 12:00-18:00; Tu-Fr 12:00-18:00; Sa 12:00-16:00; Su off",
        "operator": "Maqii, Sicco Kopka",
        "phone": "+49 241 402727",
        "website": "https://www.maqii.de/"
      },
      "geometry": {
        "type": "Point",
        "coordinates": [
          6.0861554,
          50.7759566
        ]
      },
      "id": "node/12556886541"
    },
    {
      "type": "Feature",
      "properties": {
        "@id": "node/12570960976",
        "addr:city": "Aachen",
        "addr:country": "DE",
        "addr:housenumber": "19f",
        "addr:postcode": "52062",
        "addr:street": "Kapuzinergraben",
        "branch": "Markt",
        "brand": "REWE",
        "brand:wikidata": "Q16968817",
        "brand:wikipedia": "de:Rewe",
        "contact:phone": "+49 241 5591259",
        "contact:website": "https://www.rewe.de/marktseite/rewe-markt-aachen-kapuzinergraben-19F",
        "drink:club-mate": "yes",
        "drink:mio_mio_mate": "yes",
        "name": "REWE",
        "note": "Schild sagt eindeutig Posthof 5, aber genutzt wird Kapuzinergraben 19f",
        "opening_hours": "Mo-Sa 07:00-24:00",
        "operator": "REWE Markt GmbH",
        "payment:american_express": "yes",
        "payment:cash": "yes",
        "payment:girocard": "yes",
        "payment:maestro": "yes",
        "payment:mastercard": "yes",
        "payment:visa": "yes",
        "shop": "supermarket",
        "wheelchair": "yes"
      },
      "geometry": {
        "type": "Point",
        "coordinates": [
          6.0859074,
          50.7715221
        ]
      },
      "id": "node/12570960976"
    },
    {
      "type": "Feature",
      "properties": {
        "@id": "node/12570960977",
        "addr:city": "Aachen",
        "addr:country": "DE",
        "addr:housenumber": "7",
        "addr:postcode": "52062",
        "addr:street": "Alter Posthof",
        "amenity": "cafe",
        "check_date": "2024-03-26",
        "name": "Scenario",
        "opening_hours": "Mo-Sa 10:00-24:00; Su 14:00-24:00",
        "phone": "+49 241 99 77 29 59",
        "smoking": "yes",
        "website": "https://scenario.metro.bar/",
        "wheelchair": "yes"
      },
      "geometry": {
        "type": "Point",
        "coordinates": [
          6.0857532,
          50.7717286
        ]
      },
      "id": "node/12570960977"
    },
    {
      "type": "Feature",
      "properties": {
        "@id": "node/12576991180",
        "addr:city": "Aachen",
        "addr:housenumber": "326",
        "addr:postcode": "52072",
        "addr:street": "Roermonder Straße",
        "amenity": "doctors",
        "healthcare": "doctor",
        "healthcare:speciality": "gynaecology",
        "level": "3",
        "name": "Dr. med. Birte Noel",
        "opening_hours": "Mo 08:30-14:00; Tu 08:30-13:00,14:30-17:00; We 08:30-13:00; Th 08:30-13:00,15:00-19:00; Fr 08:30-13:00",
        "phone": "+49 241 173121",
        "website": "https://www.praxis-noel.de/"
      },
      "geometry": {
        "type": "Point",
        "coordinates": [
          6.0637799,
          50.7967026
        ]
      },
      "id": "node/12576991180"
    },
    {
      "type": "Feature",
      "properties": {
        "@id": "node/12576991181",
        "addr:city": "Aachen",
        "addr:housenumber": "326",
        "addr:postcode": "52072",
        "addr:street": "Roermonder Straße",
        "amenity": "doctors",
        "healthcare": "doctor",
        "healthcare:speciality": "general;homeopathy",
        "level": "2",
        "name": "Dr. med. Sibylle Hecking",
        "opening_hours": "\"Nach Vereinbarung\"",
        "phone": "+49 241 173114"
      },
      "geometry": {
        "type": "Point",
        "coordinates": [
          6.0638179,
          50.7967248
        ]
      },
      "id": "node/12576991181"
    },
    {
      "type": "Feature",
      "properties": {
        "@id": "node/12576991182",
        "addr:city": "Aachen",
        "addr:housenumber": "326",
        "addr:postcode": "52072",
        "addr:street": "Roermonder Straße",
        "amenity": "doctors",
        "healthcare": "doctor",
        "healthcare:speciality": "orthopaedics",
        "level": "1",
        "name": "Dr. med. A. Kochs und Dr. med. H. Rode",
        "opening_hours": "Mo-Fr 09:00-11:00; Mo,Di,Do 15:00-16:00",
        "phone": "+49 241 17029"
      },
      "geometry": {
        "type": "Point",
        "coordinates": [
          6.0638223,
          50.7966998
        ]
      },
      "id": "node/12576991182"
    },
    {
      "type": "Feature",
      "properties": {
        "@id": "node/12576991183",
        "addr:city": "Aachen",
        "addr:housenumber": "326",
        "addr:postcode": "52072",
        "addr:street": "Roermonder Straße",
        "amenity": "doctors",
        "healthcare": "doctor",
        "name": "Mansureh Rezaeitabar",
        "opening_hours": "nach Vereinbarung",
        "phone": "+49 241 91615015",
        "website": "https://www.privatpraxis-laurensberg.de/"
      },
      "geometry": {
        "type": "Point",
        "coordinates": [
          6.0638106,
          50.7966767
        ]
      },
      "id": "node/12576991183"
    },
    {
      "type": "Feature",
      "properties": {
        "@id": "node/12576991184",
        "addr:city": "Aachen",
        "addr:housenumber": "326",
        "addr:postcode": "52072",
        "addr:street": "Roermonder Straße",
        "healthcare": "psychotherapist",
        "healthcare:speciality": "psychotherapist",
        "name": "Thomas Kleinen-Bassy, Julia Schmidt, Christina Baum",
        "phone": "+49 241 95498719",
        "website": "https://www.kleinen-bassy.de/"
      },
      "geometry": {
        "type": "Point",
        "coordinates": [
          6.0637872,
          50.7966703
        ]
      },
      "id": "node/12576991184"
    },
    {
      "type": "Feature",
      "properties": {
        "@id": "node/12576991185",
        "addr:city": "Aachen",
        "addr:housenumber": "326",
        "addr:postcode": "52072",
        "addr:street": "Roermonder Straße",
        "healthcare": "physiotherapist",
        "level": "2",
        "name": "Roeb",
        "opening_hours": "nach Vereinbarung",
        "phone": "+49 241 1893999"
      },
      "geometry": {
        "type": "Point",
        "coordinates": [
          6.0638266,
          50.7966546
        ]
      },
      "id": "node/12576991185"
    },
    {
      "type": "Feature",
      "properties": {
        "@id": "node/12666391281",
        "addr:city": "Aachen",
        "addr:housenumber": "47",
        "addr:postcode": "52070",
        "addr:street": "Metzgerstraße",
        "air_conditioning": "no",
        "amenity": "cafe",
        "bar": "no",
        "capacity": "50",
        "check_date": "2025-03-15",
        "contact:facebook": "https://www.instagram.com/cafe.geller",
        "cuisine": "quiche;breakfast;cake",
        "delivery": "no",
        "diet:lactose_free": "yes",
        "diet:vegan": "yes",
        "diet:vegetarian": "yes",
        "email": "info@cafe-geller.de",
        "highchair": "yes",
        "internet_access": "yes",
        "internet_access:fee": "yes",
        "level": "0",
        "name": "Café Geller",
        "opening_hours": "Mo-Fr 08:00-18:00",
        "organic": "yes",
        "outdoor_seating": "yes",
        "payment:account_cards": "yes",
        "payment:apple_pay": "yes",
        "payment:cards": "yes",
        "payment:cash": "no",
        "payment:contactless": "yes",
        "payment:debit_cards": "yes",
        "payment:girocard": "yes",
        "payment:google_pay": "yes",
        "payment:maestro": "yes",
        "payment:mastercard": "yes",
        "payment:mastercard_contactless": "yes",
        "payment:visa": "yes",
        "payment:visa_debit": "yes",
        "reservation": "no",
        "smoking": "no",
        "start_date": "2025-05-01",
        "takeaway": "yes",
        "toilets": "yes",
        "website": "https://www.cafe-geller.de",
        "wheelchair": "yes"
      },
      "geometry": {
        "type": "Point",
        "coordinates": [
          6.1108111,
          50.7885647
        ]
      },
      "id": "node/12666391281"
    }
  ]
}