{
"type": "FeatureCollection",
"name": "quarter_pois_50-2045",
"features": [
{ "type": "Feature", "properties": { "poi": "Bar Location", "id": "Aachen_bluecherplatz_bar_location", "quarter": "Aachen_bluecherplatz", "footprint_area": 125.0 }, "geometry": { "type": "Point", "coordinates": [ 6.101762390032166, 50.779766729281242 ] } },
{ "type": "Feature", "properties": { "poi": "Cafe", "id": "Aachen_bluecherplatz_cafe", "quarter": "Aachen_bluecherplatz", "footprint_area": 125.0 }, "geometry": { "type": "Point", "coordinates": [ 6.101732813226014, 50.779448802746401 ] } },
{ "type": "Feature", "properties": { "poi": "Cinema Location", "id": "Aachen_bluecherplatz_friend's_house", "quarter": "Aachen_bluecherplatz", "work_location": null, "footprint_area": 125.0 }, "geometry": { "type": "Point", "coordinates": [ 6.10142225676143, 50.779794781518788 ] } },
{ "type": "Feature", "properties": { "poi": "Local Recreational Area", "id": "Aachen_bluecherplatz_local_recreational_area", "quarter": "Aachen_bluecherplatz", "work_location": null, "footprint_area": 125.0 }, "geometry": { "type": "Point", "coordinates": [ 6.102117311705974, 50.779327242029495 ] } },
{ "type": "Feature", "properties": { "poi": "Flea Market Location", "id": "Aachen_bluecherplatz_flea_market_location", "quarter": "Aachen_bluecherplatz", "work_location": null, "footprint_area": 125.0 }, "geometry": { "type": "Point", "coordinates": [ 6.102472233379784, 50.779280487823478 ] } },
{ "type": "Feature", "properties": { "poi": "Kindergarden", "id": "Aachen_bluecherplatz_kindergarden", "quarter": "Aachen_bluecherplatz", "footprint_area": 125.0 }, "geometry": { "type": "Point", "coordinates": [ 6.10142225676143, 50.779617117063509 ] } },
{ "type": "Feature", "properties": { "poi": "Office Workplace", "id": "Aachen_bluecherplatz_office_workplace", "quarter": "Aachen_bluecherplatz", "work_location": null, "footprint_area": 125.0 }, "geometry": { "type": "Point", "coordinates": [ 6.102072946496747, 50.779748027780208 ] } },
{ "type": "Feature", "properties": { "poi": "Bar Location", "id": "Aachen_hbf_bar_location", "quarter": "Aachen_hbf", "footprint_area": 125.0 }, "geometry": { "type": "Point", "coordinates": [ 6.101119094498386, 50.765226390256956 ] } },
{ "type": "Feature", "properties": { "poi": "Cafe", "id": "Aachen_hbf_cafe", "quarter": "Aachen_hbf", "footprint_area": 125.0 }, "geometry": { "type": "Point", "coordinates": [ 6.103988044695014, 50.764796120195804 ] } },
{ "type": "Feature", "properties": { "poi": "Cinema Location", "id": "Aachen_hbf_friend's_house", "quarter": "Aachen_hbf", "work_location": null, "footprint_area": 125.0 }, "geometry": { "type": "Point", "coordinates": [ 6.101976821876759, 50.764927072372423 ] } },
{ "type": "Feature", "properties": { "poi": "Local Recreational Area", "id": "Aachen_hbf_local_recreational_area", "quarter": "Aachen_hbf", "work_location": null, "footprint_area": 125.0 }, "geometry": { "type": "Point", "coordinates": [ 6.103914102679637, 50.765020609417036 ] } },
{ "type": "Feature", "properties": { "poi": "Flea Market Location", "id": "Aachen_hbf_flea_market_location", "quarter": "Aachen_hbf", "work_location": null, "footprint_area": 125.0 }, "geometry": { "type": "Point", "coordinates": [ 6.101725419024477, 50.765357341229297 ] } },
{ "type": "Feature", "properties": { "poi": "Kindergarden", "id": "Aachen_hbf_kindergarden", "quarter": "Aachen_hbf", "footprint_area": 125.0 }, "geometry": { "type": "Point", "coordinates": [ 6.100128271492334, 50.765450877413727 ] } },
{ "type": "Feature", "properties": { "poi": "Office Workplace", "id": "Aachen_hbf_office_workplace", "quarter": "Aachen_hbf", "work_location": null, "footprint_area": 125.0 }, "geometry": { "type": "Point", "coordinates": [ 6.101577534993724, 50.765048670493954 ] } },
{ "type": "Feature", "properties": { "poi": "Bar Location", "id": "Aachen_laurensberg_bar_location", "quarter": "Aachen_laurensberg", "footprint_area": 125.0 }, "geometry": { "type": "Point", "coordinates": [ 6.061075796070966, 50.796396418778791 ] } },
{ "type": "Feature", "properties": { "poi": "Cafe", "id": "Aachen_laurensberg_cafe", "quarter": "Aachen_laurensberg", "footprint_area": 125.0 }, "geometry": { "type": "Point", "coordinates": [ 6.060868758427912, 50.79640109250127 ] } },
{ "type": "Feature", "properties": { "poi": "Local Recreational Area", "id": "Aachen_laurensberg_local_recreational_area", "quarter": "Aachen_laurensberg", "work_location": null, "footprint_area": 125.0 }, "geometry": { "type": "Point", "coordinates": [ 6.061075796070966, 50.79628892343068 ] } },
{ "type": "Feature", "properties": { "poi": "Flea Market Location", "id": "Aachen_laurensberg_flea_market_location", "quarter": "Aachen_laurensberg", "work_location": null, "footprint_area": 125.0 }, "geometry": { "type": "Point", "coordinates": [ 6.060314193312585, 50.796373050159424 ] } },
{ "type": "Feature", "properties": { "poi": "Kindergarden", "id": "Aachen_laurensberg_kindergarden", "quarter": "Aachen_laurensberg", "footprint_area": 125.0 }, "geometry": { "type": "Point", "coordinates": [ 6.060587778769479, 50.796274902260464 ] } },
{ "type": "Feature", "properties": { "poi": "Office Workplace", "id": "Aachen_laurensberg_office_workplace", "quarter": "Aachen_laurensberg", "work_location": null, "footprint_area": 125.0 }, "geometry": { "type": "Point", "coordinates": [ 6.060587778769479, 50.796382397608575 ] } },
{ "type": "Feature", "properties": { "poi": "Bar Location", "id": "Aachen_madrider_ring_bar_location", "quarter": "Aachen_madrider_ring", "footprint_area": 125.0 }, "geometry": { "type": "Point", "coordinates": [ 6.131745877267545, 50.766526525034116 ] } },
{ "type": "Feature", "properties": { "poi": "Cafe", "id": "Aachen_madrider_ring_cafe", "quarter": "Aachen_madrider_ring", "footprint_area": 125.0 }, "geometry": { "type": "Point", "coordinates": [ 6.13115434114453, 50.767508618613917 ] } },
{ "type": "Feature", "properties": { "poi": "Local Recreational Area", "id": "Aachen_madrider_ring_local_recreational_area", "quarter": "Aachen_madrider_ring", "work_location": null, "footprint_area": 125.0 }, "geometry": { "type": "Point", "coordinates": [ 6.131479686012188, 50.767396378177061 ] } },
{ "type": "Feature", "properties": { "poi": "Flea Market Location", "id": "Aachen_madrider_ring_flea_market_location", "quarter": "Aachen_madrider_ring", "work_location": null, "footprint_area": 125.0 }, "geometry": { "type": "Point", "coordinates": [ 6.132751488676673, 50.766919353316368 ] } },
{ "type": "Feature", "properties": { "poi": "Kindergarden", "id": "Aachen_madrider_ring_kindergarden", "quarter": "Aachen_madrider_ring", "footprint_area": 125.0 }, "geometry": { "type": "Point", "coordinates": [ 6.130281825363081, 50.767882751458657 ] } },
{ "type": "Feature", "properties": { "poi": "Office Workplace", "id": "Aachen_madrider_ring_office_workplace", "quarter": "Aachen_madrider_ring", "work_location": null, "footprint_area": 125.0 }, "geometry": { "type": "Point", "coordinates": [ 6.1327958538859, 50.767293481878959 ] } },
{ "type": "Feature", "properties": { "poi": "Doctors Office", "id": "Aachen_madrider_ring_doctors_office", "quarter": "Aachen_madrider_ring", "footprint_area": 250.0 }, "geometry": { "type": "Point", "coordinates": [ 6.133150775559709, 50.767162533393659 ] } },
{ "type": "Feature", "properties": { "poi": "Supermarket", "id": "Aachen_madrider_ring_supermarket", "quarter": "Aachen_madrider_ring", "footprint_area": 250.0 }, "geometry": { "type": "Point", "coordinates": [ 6.130681112246116, 50.768125931535948 ] } },
{ "type": "Feature", "properties": { "poi": "Indoor Swimming Pool", "id": "Aachen_madrider_ring_indoor_swimming_pool", "quarter": "Aachen_madrider_ring", "footprint_area": 250.0 }, "geometry": { "type": "Point", "coordinates": [ 6.132115587344432, 50.766769707834037 ] } },
{ "type": "Feature", "properties": { "poi": "Yoga Studio", "id": "Aachen_madrider_ring_yoga_studio", "quarter": "Aachen_madrider_ring", "footprint_area": 250.0 }, "geometry": { "type": "Point", "coordinates": [ 6.130340978975382, 50.767480564644664 ] } },
{ "type": "Feature", "properties": { "poi": "Bar Location", "id": "Aachen_pariser_ring_bar_location", "quarter": "Aachen_pariser_ring", "footprint_area": 125.0 }, "geometry": { "type": "Point", "coordinates": [ 6.055086492825428, 50.786907840361486 ] } },
{ "type": "Feature", "properties": { "poi": "Cafe", "id": "Aachen_pariser_ring_cafe", "quarter": "Aachen_pariser_ring", "footprint_area": 125.0 }, "geometry": { "type": "Point", "coordinates": [ 6.055574510126917, 50.786272072265888 ] } },
{ "type": "Feature", "properties": { "poi": "Cinema Location", "id": "Aachen_pariser_ring_friend's_house", "quarter": "Aachen_pariser_ring", "work_location": null, "footprint_area": 125.0 }, "geometry": { "type": "Point", "coordinates": [ 6.053873843773244, 50.786842380010746 ] } },
{ "type": "Feature", "properties": { "poi": "Local Recreational Area", "id": "Aachen_pariser_ring_local_recreational_area", "quarter": "Aachen_pariser_ring", "work_location": null, "footprint_area": 125.0 }, "geometry": { "type": "Point", "coordinates": [ 6.055323107274635, 50.785570847424317 ] } },
{ "type": "Feature", "properties": { "poi": "Flea Market Location", "id": "Aachen_pariser_ring_flea_market_location", "quarter": "Aachen_pariser_ring", "work_location": null, "footprint_area": 125.0 }, "geometry": { "type": "Point", "coordinates": [ 6.056417449102214, 50.785926138626714 ] } },
{ "type": "Feature", "properties": { "poi": "Kindergarden", "id": "Aachen_pariser_ring_kindergarden", "quarter": "Aachen_pariser_ring", "footprint_area": 125.0 }, "geometry": { "type": "Point", "coordinates": [ 6.056225199862234, 50.785776544051892 ] } },
{ "type": "Feature", "properties": { "poi": "Office Workplace", "id": "Aachen_pariser_ring_office_workplace", "quarter": "Aachen_pariser_ring", "work_location": null, "footprint_area": 125.0 }, "geometry": { "type": "Point", "coordinates": [ 6.056092104234556, 50.786169228595504 ] } },
{ "type": "Feature", "properties": { "poi": "Doctors Office", "id": "Aachen_pariser_ring_doctors_office", "quarter": "Aachen_pariser_ring", "footprint_area": 250.0 }, "geometry": { "type": "Point", "coordinates": [ 6.053681594533265, 50.786711483475152 ] } },
{ "type": "Feature", "properties": { "poi": "Supermarket", "id": "Aachen_pariser_ring_supermarket", "quarter": "Aachen_pariser_ring", "footprint_area": 250.0 }, "geometry": { "type": "Point", "coordinates": [ 6.054509745105486, 50.786440355725894 ] } },
{ "type": "Feature", "properties": { "poi": "Indoor Swimming Pool", "id": "Aachen_pariser_ring_indoor_swimming_pool", "quarter": "Aachen_pariser_ring", "footprint_area": 250.0 }, "geometry": { "type": "Point", "coordinates": [ 6.054450591493186, 50.787309864646339 ] } },
{ "type": "Feature", "properties": { "poi": "Yoga Studio", "id": "Aachen_pariser_ring_yoga_studio", "quarter": "Aachen_pariser_ring", "footprint_area": 250.0 }, "geometry": { "type": "Point", "coordinates": [ 6.055190011646955, 50.785954182205117 ] } },
{ "type": "Feature", "properties": { "poi": "Bar Location", "id": "Aachen_prager_ring_1_bar_location", "quarter": "Aachen_prager_ring_1", "footprint_area": 125.0 }, "geometry": { "type": "Point", "coordinates": [ 6.111907234541891, 50.794059502673271 ] } },
{ "type": "Feature", "properties": { "poi": "Cafe", "id": "Aachen_prager_ring_1_cafe", "quarter": "Aachen_prager_ring_1", "footprint_area": 125.0 }, "geometry": { "type": "Point", "coordinates": [ 6.112247367812626, 50.79426515539766 ] } },
{ "type": "Feature", "properties": { "poi": "Cinema Location", "id": "Aachen_prager_ring_1_friend's_house", "quarter": "Aachen_prager_ring_1", "work_location": null, "footprint_area": 125.0 }, "geometry": { "type": "Point", "coordinates": [ 6.11277975032334, 50.794414717306125 ] } },
{ "type": "Feature", "properties": { "poi": "Local Recreational Area", "id": "Aachen_prager_ring_1_local_recreational_area", "quarter": "Aachen_prager_ring_1", "work_location": null, "footprint_area": 125.0 }, "geometry": { "type": "Point", "coordinates": [ 6.111611466480383, 50.79416233099947 ] } },
{ "type": "Feature", "properties": { "poi": "Flea Market Location", "id": "Aachen_prager_ring_1_flea_market_location", "quarter": "Aachen_prager_ring_1", "work_location": null, "footprint_area": 125.0 }, "geometry": { "type": "Point", "coordinates": [ 6.111951599751118, 50.794367983723859 ] } },
{ "type": "Feature", "properties": { "poi": "Kindergarden", "id": "Aachen_prager_ring_1_kindergarden", "quarter": "Aachen_prager_ring_1", "footprint_area": 125.0 }, "geometry": { "type": "Point", "coordinates": [ 6.111522736061931, 50.793797761533511 ] } },
{ "type": "Feature", "properties": { "poi": "Office Workplace", "id": "Aachen_prager_ring_1_office_workplace", "quarter": "Aachen_prager_ring_1", "work_location": null, "footprint_area": 125.0 }, "geometry": { "type": "Point", "coordinates": [ 6.112454405455681, 50.794826025176043 ] } },
{ "type": "Feature", "properties": { "poi": "Bar Location", "id": "Aachen_prager_ring_2_bar_location", "quarter": "Aachen_prager_ring_2", "footprint_area": 125.0 }, "geometry": { "type": "Point", "coordinates": [ 6.120661969162529, 50.794835372914036 ] } },
{ "type": "Feature", "properties": { "poi": "Cafe", "id": "Aachen_prager_ring_2_cafe", "quarter": "Aachen_prager_ring_2", "footprint_area": 125.0 }, "geometry": { "type": "Point", "coordinates": [ 6.117822595772052, 50.796966633637979 ] } },
{ "type": "Feature", "properties": { "poi": "Cinema Location", "id": "Aachen_prager_ring_2_friend's_house", "quarter": "Aachen_prager_ring_2", "work_location": null, "footprint_area": 125.0 }, "geometry": { "type": "Point", "coordinates": [ 6.120647180759454, 50.795414931636095 ] } },
{ "type": "Feature", "properties": { "poi": "Local Recreational Area", "id": "Aachen_prager_ring_2_local_recreational_area", "quarter": "Aachen_prager_ring_2", "work_location": null, "footprint_area": 125.0 }, "geometry": { "type": "Point", "coordinates": [ 6.120307047488719, 50.795816881737672 ] } },
{ "type": "Feature", "properties": { "poi": "Flea Market Location", "id": "Aachen_prager_ring_2_flea_market_location", "quarter": "Aachen_prager_ring_2", "work_location": null, "footprint_area": 125.0 }, "geometry": { "type": "Point", "coordinates": [ 6.116565581510643, 50.798097670330939 ] } },
{ "type": "Feature", "properties": { "poi": "Kindergarden", "id": "Aachen_prager_ring_2_kindergarden", "quarter": "Aachen_prager_ring_2", "footprint_area": 125.0 }, "geometry": { "type": "Point", "coordinates": [ 6.117822595772052, 50.79631230073327 ] } },
{ "type": "Feature", "properties": { "poi": "Office Workplace", "id": "Aachen_prager_ring_2_office_workplace", "quarter": "Aachen_prager_ring_2", "work_location": null, "footprint_area": 125.0 }, "geometry": { "type": "Point", "coordinates": [ 6.116107141015306, 50.797218999764596 ] } },
{ "type": "Feature", "properties": { "poi": "Doctors Office", "id": "Aachen_prager_ring_2_doctors_office", "quarter": "Aachen_prager_ring_2", "footprint_area": 250.0 }, "geometry": { "type": "Point", "coordinates": [ 6.116402909076814, 50.796387071507709 ] } },
{ "type": "Feature", "properties": { "poi": "Supermarket", "id": "Aachen_prager_ring_2_supermarket", "quarter": "Aachen_prager_ring_2", "footprint_area": 250.0 }, "geometry": { "type": "Point", "coordinates": [ 6.120440143116398, 50.795256020916469 ] } },
{ "type": "Feature", "properties": { "poi": "Indoor Swimming Pool", "id": "Aachen_prager_ring_2_indoor_swimming_pool", "quarter": "Aachen_prager_ring_2", "footprint_area": 250.0 }, "geometry": { "type": "Point", "coordinates": [ 6.117231059649036, 50.797611609196998 ] } },
{ "type": "Feature", "properties": { "poi": "Yoga Studio", "id": "Aachen_prager_ring_2_yoga_studio", "quarter": "Aachen_prager_ring_2", "footprint_area": 250.0 }, "geometry": { "type": "Point", "coordinates": [ 6.119390166498045, 50.795723404310955 ] } },
{ "type": "Feature", "properties": { "poi": "Bar Location", "id": "Aachen_richterich_bar_location", "quarter": "Aachen_richterich", "footprint_area": 125.0 }, "geometry": { "type": "Point", "coordinates": [ 6.056143863645321, 50.81294310316953 ] } },
{ "type": "Feature", "properties": { "poi": "Cafe", "id": "Aachen_richterich_cafe", "quarter": "Aachen_richterich", "footprint_area": 125.0 }, "geometry": { "type": "Point", "coordinates": [ 6.058095932851273, 50.812466549146684 ] } },
{ "type": "Feature", "properties": { "poi": "Cinema Location", "id": "Aachen_richterich_friend's_house", "quarter": "Aachen_richterich", "work_location": null, "footprint_area": 125.0 }, "geometry": { "type": "Point", "coordinates": [ 6.058406489315856, 50.81138261025059 ] } },
{ "type": "Feature", "properties": { "poi": "Local Recreational Area", "id": "Aachen_richterich_local_recreational_area", "quarter": "Aachen_richterich", "work_location": null, "footprint_area": 125.0 }, "geometry": { "type": "Point", "coordinates": [ 6.05649878531913, 50.813186046072886 ] } },
{ "type": "Feature", "properties": { "poi": "Flea Market Location", "id": "Aachen_richterich_flea_market_location", "quarter": "Aachen_richterich", "work_location": null, "footprint_area": 125.0 }, "geometry": { "type": "Point", "coordinates": [ 6.056883283799089, 50.812242290633691 ] } },
{ "type": "Feature", "properties": { "poi": "Kindergarden", "id": "Aachen_richterich_kindergarden", "quarter": "Aachen_richterich", "footprint_area": 125.0 }, "geometry": { "type": "Point", "coordinates": [ 6.05794804882052, 50.811148999981626 ] } },
{ "type": "Feature", "properties": { "poi": "Office Workplace", "id": "Aachen_richterich_office_workplace", "quarter": "Aachen_richterich", "work_location": null, "footprint_area": 125.0 }, "geometry": { "type": "Point", "coordinates": [ 6.057755799580539, 50.811448021561375 ] } },
{ "type": "Feature", "properties": { "poi": "Doctors Office", "id": "Aachen_richterich_doctors_office", "quarter": "Aachen_richterich", "footprint_area": 250.0 }, "geometry": { "type": "Point", "coordinates": [ 6.057045956232919, 50.812578682609214 ] } },
{ "type": "Feature", "properties": { "poi": "Supermarket", "id": "Aachen_richterich_supermarket", "quarter": "Aachen_richterich", "footprint_area": 250.0 }, "geometry": { "type": "Point", "coordinates": [ 6.056543150528356, 50.811298511324821 ] } },
{ "type": "Feature", "properties": { "poi": "Indoor Swimming Pool", "id": "Aachen_richterich_indoor_swimming_pool", "quarter": "Aachen_richterich", "footprint_area": 250.0 }, "geometry": { "type": "Point", "coordinates": [ 6.057607915549784, 50.812167535021921 ] } },
{ "type": "Feature", "properties": { "poi": "Yoga Studio", "id": "Aachen_richterich_yoga_studio", "quarter": "Aachen_richterich", "footprint_area": 250.0 }, "geometry": { "type": "Point", "coordinates": [ 6.05685370699294, 50.81314866819222 ] } },
{ "type": "Feature", "properties": { "poi": "Bar Location", "id": "Aachen_south_west_bar_location", "quarter": "Aachen_south_west", "footprint_area": 125.0 }, "geometry": { "type": "Point", "coordinates": [ 6.057955443022055, 50.754828644276692 ] } },
{ "type": "Feature", "properties": { "poi": "Cafe", "id": "Aachen_south_west_cafe", "quarter": "Aachen_south_west", "footprint_area": 125.0 }, "geometry": { "type": "Point", "coordinates": [ 6.058206845874337, 50.755090604159022 ] } },
{ "type": "Feature", "properties": { "poi": "Cinema Location", "id": "Aachen_south_west_friend's_house", "quarter": "Aachen_south_west", "work_location": null, "footprint_area": 125.0 }, "geometry": { "type": "Point", "coordinates": [ 6.057393483705191, 50.754108247040314 ] } },
{ "type": "Feature", "properties": { "poi": "Local Recreational Area", "id": "Aachen_south_west_local_recreational_area", "quarter": "Aachen_south_west", "work_location": null, "footprint_area": 125.0 }, "geometry": { "type": "Point", "coordinates": [ 6.058916689221957, 50.754529259758712 ] } },
{ "type": "Feature", "properties": { "poi": "Flea Market Location", "id": "Aachen_south_west_flea_market_location", "quarter": "Aachen_south_west", "work_location": null, "footprint_area": 125.0 }, "geometry": { "type": "Point", "coordinates": [ 6.058502613935846, 50.754407634251265 ] } },
{ "type": "Feature", "properties": { "poi": "Kindergarden", "id": "Aachen_south_west_kindergarden", "quarter": "Aachen_south_west", "footprint_area": 125.0 }, "geometry": { "type": "Point", "coordinates": [ 6.057615309751321, 50.753939840892599 ] } },
{ "type": "Feature", "properties": { "poi": "Office Workplace", "id": "Aachen_south_west_office_workplace", "quarter": "Aachen_south_west", "work_location": null, "footprint_area": 125.0 }, "geometry": { "type": "Point", "coordinates": [ 6.057186446062135, 50.753836925726269 ] } },
{ "type": "Feature", "properties": { "poi": "Bar Location", "id": "Aachen_west_bar_location", "quarter": "Aachen_west", "footprint_area": 125.0 }, "geometry": { "type": "Point", "coordinates": [ 6.06285410154078, 50.784486282419046 ] } },
{ "type": "Feature", "properties": { "poi": "Cafe", "id": "Aachen_west_cafe", "quarter": "Aachen_west", "footprint_area": 125.0 }, "geometry": { "type": "Point", "coordinates": [ 6.070455340721537, 50.782017868202132 ] } },
{ "type": "Feature", "properties": { "poi": "Cinema Location", "id": "Aachen_west_friend's_house", "quarter": "Aachen_west", "work_location": null, "footprint_area": 125.0 }, "geometry": { "type": "Point", "coordinates": [ 6.068384964290981, 50.782485380958448 ] } },
{ "type": "Feature", "properties": { "poi": "Local Recreational Area", "id": "Aachen_west_local_recreational_area", "quarter": "Aachen_west", "work_location": null, "footprint_area": 125.0 }, "geometry": { "type": "Point", "coordinates": [ 6.0636230985007, 50.784476939635958 ] } },
{ "type": "Feature", "properties": { "poi": "Flea Market Location", "id": "Aachen_west_flea_market_location", "quarter": "Aachen_west", "work_location": null, "footprint_area": 125.0 }, "geometry": { "type": "Point", "coordinates": [ 6.066832181968064, 50.783392350502034 ] } },
{ "type": "Feature", "properties": { "poi": "Kindergarden", "id": "Aachen_west_kindergarden", "quarter": "Aachen_west", "footprint_area": 125.0 }, "geometry": { "type": "Point", "coordinates": [ 6.06803004261717, 50.783177302049346 ] } },
{ "type": "Feature", "properties": { "poi": "Office Workplace", "id": "Aachen_west_office_workplace", "quarter": "Aachen_west", "work_location": null, "footprint_area": 125.0 }, "geometry": { "type": "Point", "coordinates": [ 6.065530802497428, 50.783532592402771 ] } },
{ "type": "Feature", "properties": { "poi": "Doctors Office", "id": "Aachen_west_doctors_office", "quarter": "Aachen_west", "footprint_area": 250.0 }, "geometry": { "type": "Point", "coordinates": [ 6.064392095460622, 50.784458247230262 ] } },
{ "type": "Feature", "properties": { "poi": "Supermarket", "id": "Aachen_west_supermarket", "quarter": "Aachen_west", "footprint_area": 250.0 }, "geometry": { "type": "Point", "coordinates": [ 6.06709837322342, 50.783037043191904 ] } },
{ "type": "Feature", "properties": { "poi": "Indoor Swimming Pool", "id": "Aachen_west_indoor_swimming_pool", "quarter": "Aachen_west", "footprint_area": 250.0 }, "geometry": { "type": "Point", "coordinates": [ 6.067290622463401, 50.783177298216366 ] } },
{ "type": "Feature", "properties": { "poi": "Yoga Studio", "id": "Aachen_west_yoga_studio", "quarter": "Aachen_west", "footprint_area": 250.0 }, "geometry": { "type": "Point", "coordinates": [ 6.069301845281657, 50.782663039637534 ] } },
{ "type": "Feature", "properties": { "poi": "Bar Location", "id": "Adelhoven_south_bar_location", "quarter": "Adelhoven_south", "footprint_area": 125.0 }, "geometry": { "type": "Point", "coordinates": [ 6.290610310767899, 50.889683156523169 ] } },
{ "type": "Feature", "properties": { "poi": "Cafe", "id": "Adelhoven_south_cafe", "quarter": "Adelhoven_south", "footprint_area": 125.0 }, "geometry": { "type": "Point", "coordinates": [ 6.288589888873095, 50.889371607606343 ] } },
{ "type": "Feature", "properties": { "poi": "Cinema Location", "id": "Adelhoven_south_friend's_house", "quarter": "Adelhoven_south", "work_location": null, "footprint_area": 125.0 }, "geometry": { "type": "Point", "coordinates": [ 6.290864734265763, 50.889824768978329 ] } },
{ "type": "Feature", "properties": { "poi": "Local Recreational Area", "id": "Adelhoven_south_local_recreational_area", "quarter": "Adelhoven_south", "work_location": null, "footprint_area": 125.0 }, "geometry": { "type": "Point", "coordinates": [ 6.291149089939846, 50.889994703356237 ] } },
{ "type": "Feature", "properties": { "poi": "Flea Market Location", "id": "Adelhoven_south_flea_market_location", "quarter": "Adelhoven_south", "work_location": null, "footprint_area": 125.0 }, "geometry": { "type": "Point", "coordinates": [ 6.290236158565158, 50.889956940214716 ] } },
{ "type": "Feature", "properties": { "poi": "Kindergarden", "id": "Adelhoven_south_kindergarden", "quarter": "Adelhoven_south", "footprint_area": 125.0 }, "geometry": { "type": "Point", "coordinates": [ 6.290759971648995, 50.890306248105539 ] } },
{ "type": "Feature", "properties": { "poi": "Office Workplace", "id": "Adelhoven_south_office_workplace", "quarter": "Adelhoven_south", "work_location": null, "footprint_area": 125.0 }, "geometry": { "type": "Point", "coordinates": [ 6.290370853358144, 50.889484898362653 ] } },
{ "type": "Feature", "properties": { "poi": "Bar Location", "id": "Alsdorf_annapark_bar_location", "quarter": "Alsdorf_annapark", "footprint_area": 125.0 }, "geometry": { "type": "Point", "coordinates": [ 6.154483726417488, 50.870457790591288 ] } },
{ "type": "Feature", "properties": { "poi": "Cafe", "id": "Alsdorf_annapark_cafe", "quarter": "Alsdorf_annapark", "footprint_area": 125.0 }, "geometry": { "type": "Point", "coordinates": [ 6.153970202932816, 50.870698530182949 ] } },
{ "type": "Feature", "properties": { "poi": "Cinema Location", "id": "Alsdorf_annapark_friend's_house", "quarter": "Alsdorf_annapark", "work_location": null, "footprint_area": 125.0 }, "geometry": { "type": "Point", "coordinates": [ 6.154557086915299, 50.870735567293913 ] } },
{ "type": "Feature", "properties": { "poi": "Local Recreational Area", "id": "Alsdorf_annapark_local_recreational_area", "quarter": "Alsdorf_annapark", "work_location": null, "footprint_area": 125.0 }, "geometry": { "type": "Point", "coordinates": [ 6.15512929879822, 50.870291124287192 ] } },
{ "type": "Feature", "properties": { "poi": "Flea Market Location", "id": "Alsdorf_annapark_flea_market_location", "quarter": "Alsdorf_annapark", "work_location": null, "footprint_area": 125.0 }, "geometry": { "type": "Point", "coordinates": [ 6.152884467565223, 50.870605937276778 ] } },
{ "type": "Feature", "properties": { "poi": "Kindergarden", "id": "Alsdorf_annapark_kindergarden", "quarter": "Alsdorf_annapark", "footprint_area": 125.0 }, "geometry": { "type": "Point", "coordinates": [ 6.156581836654863, 50.870152235171645 ] } },
{ "type": "Feature", "properties": { "poi": "Office Workplace", "id": "Alsdorf_annapark_office_workplace", "quarter": "Alsdorf_annapark", "work_location": null, "footprint_area": 125.0 }, "geometry": { "type": "Point", "coordinates": [ 6.15485052890654, 50.870494827731683 ] } },
{ "type": "Feature", "properties": { "poi": "Bar Location", "id": "Alsdorf_kellersberg_bar_location", "quarter": "Alsdorf_kellersberg", "footprint_area": 125.0 }, "geometry": { "type": "Point", "coordinates": [ 6.171398443206648, 50.867414370677999 ] } },
{ "type": "Feature", "properties": { "poi": "Cafe", "id": "Alsdorf_kellersberg_cafe", "quarter": "Alsdorf_kellersberg", "footprint_area": 125.0 }, "geometry": { "type": "Point", "coordinates": [ 6.172139458495269, 50.866625711393148 ] } },
{ "type": "Feature", "properties": { "poi": "Cinema Location", "id": "Alsdorf_kellersberg_friend's_house", "quarter": "Alsdorf_kellersberg", "work_location": null, "footprint_area": 125.0 }, "geometry": { "type": "Point", "coordinates": [ 6.170904433014235, 50.866625721350161 ] } },
{ "type": "Feature", "properties": { "poi": "Local Recreational Area", "id": "Alsdorf_kellersberg_local_recreational_area", "quarter": "Alsdorf_kellersberg", "work_location": null, "footprint_area": 125.0 }, "geometry": { "type": "Point", "coordinates": [ 6.170846314168069, 50.866433154942619 ] } },
{ "type": "Feature", "properties": { "poi": "Flea Market Location", "id": "Alsdorf_kellersberg_flea_market_location", "quarter": "Alsdorf_kellersberg", "work_location": null, "footprint_area": 125.0 }, "geometry": { "type": "Point", "coordinates": [ 6.171703567149022, 50.868239657635691 ] } },
{ "type": "Feature", "properties": { "poi": "Kindergarden", "id": "Alsdorf_kellersberg_kindergarden", "quarter": "Alsdorf_kellersberg", "footprint_area": 125.0 }, "geometry": { "type": "Point", "coordinates": [ 6.170512130802613, 50.86553448474956 ] } },
{ "type": "Feature", "properties": { "poi": "Office Workplace", "id": "Alsdorf_kellersberg_office_workplace", "quarter": "Alsdorf_kellersberg", "work_location": null, "footprint_area": 125.0 }, "geometry": { "type": "Point", "coordinates": [ 6.172836884649263, 50.866497326906604 ] } },
{ "type": "Feature", "properties": { "poi": "Doctors Office", "id": "Alsdorf_kellersberg_doctors_office", "quarter": "Alsdorf_kellersberg", "footprint_area": 250.0 }, "geometry": { "type": "Point", "coordinates": [ 6.171936042533686, 50.867341010697317 ] } },
{ "type": "Feature", "properties": { "poi": "Supermarket", "id": "Alsdorf_kellersberg_supermarket", "quarter": "Alsdorf_kellersberg", "footprint_area": 250.0 }, "geometry": { "type": "Point", "coordinates": [ 6.17253176070689, 50.865672039948912 ] } },
{ "type": "Feature", "properties": { "poi": "Indoor Swimming Pool", "id": "Alsdorf_kellersberg_indoor_swimming_pool", "quarter": "Alsdorf_kellersberg", "footprint_area": 250.0 }, "geometry": { "type": "Point", "coordinates": [ 6.172124928783727, 50.867790335408415 ] } },
{ "type": "Feature", "properties": { "poi": "Yoga Studio", "id": "Alsdorf_kellersberg_yoga_studio", "quarter": "Alsdorf_kellersberg", "footprint_area": 250.0 }, "geometry": { "type": "Point", "coordinates": [ 6.170454011956446, 50.865323575738564 ] } },
{ "type": "Feature", "properties": { "poi": "Bar Location", "id": "Arloff_station_bar_location", "quarter": "Arloff_station", "footprint_area": 125.0 }, "geometry": { "type": "Point", "coordinates": [ 6.786033931498307, 50.599524497979004 ] } },
{ "type": "Feature", "properties": { "poi": "Cafe", "id": "Arloff_station_cafe", "quarter": "Arloff_station", "footprint_area": 125.0 }, "geometry": { "type": "Point", "coordinates": [ 6.786394107762335, 50.599140419462756 ] } },
{ "type": "Feature", "properties": { "poi": "Cinema Location", "id": "Arloff_station_friend's_house", "quarter": "Arloff_station", "work_location": null, "footprint_area": 125.0 }, "geometry": { "type": "Point", "coordinates": [ 6.785976303296063, 50.5992684459831 ] } },
{ "type": "Feature", "properties": { "poi": "Local Recreational Area", "id": "Arloff_station_local_recreational_area", "quarter": "Arloff_station", "work_location": null, "footprint_area": 125.0 }, "geometry": { "type": "Point", "coordinates": [ 6.785832232790452, 50.598619165034492 ] } },
{ "type": "Feature", "properties": { "poi": "Flea Market Location", "id": "Arloff_station_flea_market_location", "quarter": "Arloff_station", "work_location": null, "footprint_area": 125.0 }, "geometry": { "type": "Point", "coordinates": [ 6.785091801564263, 50.598323962245537 ] } },
{ "type": "Feature", "properties": { "poi": "Kindergarden", "id": "Arloff_station_kindergarden", "quarter": "Arloff_station", "footprint_area": 125.0 }, "geometry": { "type": "Point", "coordinates": [ 6.78568816228484, 50.59813448468482 ] } },
{ "type": "Feature", "properties": { "poi": "Office Workplace", "id": "Arloff_station_office_workplace", "quarter": "Arloff_station", "work_location": null, "footprint_area": 125.0 }, "geometry": { "type": "Point", "coordinates": [ 6.785861046891574, 50.598820351638253 ] } },
{ "type": "Feature", "properties": { "poi": "Bar Location", "id": "Arsbeck_station_bar_location", "quarter": "Arsbeck_station", "footprint_area": 125.0 }, "geometry": { "type": "Point", "coordinates": [ 6.205441996118743, 51.1500765635435 ] } },
{ "type": "Feature", "properties": { "poi": "Cafe", "id": "Arsbeck_station_cafe", "quarter": "Arsbeck_station", "footprint_area": 125.0 }, "geometry": { "type": "Point", "coordinates": [ 6.207764285200591, 51.14813115586287 ] } },
{ "type": "Feature", "properties": { "poi": "Cinema Location", "id": "Arsbeck_station_friend's_house", "quarter": "Arsbeck_station", "work_location": null, "footprint_area": 125.0 }, "geometry": { "type": "Point", "coordinates": [ 6.207440928492991, 51.147817666849711 ] } },
{ "type": "Feature", "properties": { "poi": "Local Recreational Area", "id": "Arsbeck_station_local_recreational_area", "quarter": "Arsbeck_station", "work_location": null, "footprint_area": 125.0 }, "geometry": { "type": "Point", "coordinates": [ 6.207279250139191, 51.148619818539629 ] } },
{ "type": "Feature", "properties": { "poi": "Flea Market Location", "id": "Arsbeck_station_flea_market_location", "quarter": "Arsbeck_station", "work_location": null, "footprint_area": 125.0 }, "geometry": { "type": "Point", "coordinates": [ 6.207044081624574, 51.1490439390859 ] } },
{ "type": "Feature", "properties": { "poi": "Kindergarden", "id": "Arsbeck_station_kindergarden", "quarter": "Arsbeck_station", "footprint_area": 125.0 }, "geometry": { "type": "Point", "coordinates": [ 6.206838309174285, 51.147559496187377 ] } },
{ "type": "Feature", "properties": { "poi": "Office Workplace", "id": "Arsbeck_station_office_workplace", "quarter": "Arsbeck_station", "work_location": null, "footprint_area": 125.0 }, "geometry": { "type": "Point", "coordinates": [ 6.207338042267846, 51.148204914233794 ] } },
{ "type": "Feature", "properties": { "poi": "Doctors Office", "id": "Arsbeck_station_doctors_office", "quarter": "Arsbeck_station", "footprint_area": 250.0 }, "geometry": { "type": "Point", "coordinates": [ 6.20505984728249, 51.149726208802335 ] } },
{ "type": "Feature", "properties": { "poi": "Supermarket", "id": "Arsbeck_station_supermarket", "quarter": "Arsbeck_station", "footprint_area": 250.0 }, "geometry": { "type": "Point", "coordinates": [ 6.206603140659667, 51.147965183237901 ] } },
{ "type": "Feature", "properties": { "poi": "Indoor Swimming Pool", "id": "Arsbeck_station_indoor_swimming_pool", "quarter": "Arsbeck_station", "footprint_area": 250.0 }, "geometry": { "type": "Point", "coordinates": [ 6.205412600054416, 51.149689329852649 ] } },
{ "type": "Feature", "properties": { "poi": "Yoga Studio", "id": "Arsbeck_station_yoga_studio", "quarter": "Arsbeck_station", "footprint_area": 250.0 }, "geometry": { "type": "Point", "coordinates": [ 6.207220458010537, 51.147485737934339 ] } },
{ "type": "Feature", "properties": { "poi": "Bar Location", "id": "Buederich_station_bar_location", "quarter": "Buederich_station", "footprint_area": 125.0 }, "geometry": { "type": "Point", "coordinates": [ 6.697941973723178, 51.257882370069709 ] } },
{ "type": "Feature", "properties": { "poi": "Cafe", "id": "Buederich_station_cafe", "quarter": "Buederich_station", "footprint_area": 125.0 }, "geometry": { "type": "Point", "coordinates": [ 6.695087672685793, 51.257882362780521 ] } },
{ "type": "Feature", "properties": { "poi": "Cinema Location", "id": "Buederich_station_friend's_house", "quarter": "Buederich_station", "work_location": null, "footprint_area": 125.0 }, "geometry": { "type": "Point", "coordinates": [ 6.6953772394577, 51.257403423666489 ] } },
{ "type": "Feature", "properties": { "poi": "Local Recreational Area", "id": "Buederich_station_local_recreational_area", "quarter": "Buederich_station", "work_location": null, "footprint_area": 125.0 }, "geometry": { "type": "Point", "coordinates": [ 6.698583157289546, 51.256717375369618 ] } },
{ "type": "Feature", "properties": { "poi": "Flea Market Location", "id": "Buederich_station_flea_market_location", "quarter": "Buederich_station", "work_location": null, "footprint_area": 125.0 }, "geometry": { "type": "Point", "coordinates": [ 6.69974142437718, 51.255940703042143 ] } },
{ "type": "Feature", "properties": { "poi": "Kindergarden", "id": "Buederich_station_kindergarden", "quarter": "Buederich_station", "footprint_area": 125.0 }, "geometry": { "type": "Point", "coordinates": [ 6.697073273407451, 51.258102422410886 ] } },
{ "type": "Feature", "properties": { "poi": "Office Workplace", "id": "Buederich_station_office_workplace", "quarter": "Buederich_station", "work_location": null, "footprint_area": 125.0 }, "geometry": { "type": "Point", "coordinates": [ 6.694198289029217, 51.257571694485144 ] } },
{ "type": "Feature", "properties": { "poi": "Doctors Office", "id": "Buederich_station_doctors_office", "quarter": "Buederich_station", "footprint_area": 250.0 }, "geometry": { "type": "Point", "coordinates": [ 6.696680289931288, 51.257921201534671 ] } },
{ "type": "Feature", "properties": { "poi": "Supermarket", "id": "Buederich_station_supermarket", "quarter": "Buederich_station", "footprint_area": 250.0 }, "geometry": { "type": "Point", "coordinates": [ 6.69905887412911, 51.256885653153098 ] } },
{ "type": "Feature", "properties": { "poi": "Indoor Swimming Pool", "id": "Buederich_station_indoor_swimming_pool", "quarter": "Buederich_station", "footprint_area": 250.0 }, "geometry": { "type": "Point", "coordinates": [ 6.696349356477681, 51.25840013860774 ] } },
{ "type": "Feature", "properties": { "poi": "Yoga Studio", "id": "Buederich_station_yoga_studio", "quarter": "Buederich_station", "footprint_area": 250.0 }, "geometry": { "type": "Point", "coordinates": [ 6.698148807131684, 51.257248096844442 ] } },
{ "type": "Feature", "properties": { "poi": "Bar Location", "id": "Buir_station_bar_location", "quarter": "Buir_station", "footprint_area": 125.0 }, "geometry": { "type": "Point", "coordinates": [ 6.573143994035774, 50.859433115253772 ] } },
{ "type": "Feature", "properties": { "poi": "Cafe", "id": "Buir_station_cafe", "quarter": "Buir_station", "footprint_area": 125.0 }, "geometry": { "type": "Point", "coordinates": [ 6.574627073803447, 50.85915226696077 ] } },
{ "type": "Feature", "properties": { "poi": "Cinema Location", "id": "Buir_station_friend's_house", "quarter": "Buir_station", "work_location": null, "footprint_area": 125.0 }, "geometry": { "type": "Point", "coordinates": [ 6.570963866777292, 50.860266276295768 ] } },
{ "type": "Feature", "properties": { "poi": "Local Recreational Area", "id": "Buir_station_local_recreational_area", "quarter": "Buir_station", "work_location": null, "footprint_area": 125.0 }, "geometry": { "type": "Point", "coordinates": [ 6.575487260068699, 50.859732684214414 ] } },
{ "type": "Feature", "properties": { "poi": "Flea Market Location", "id": "Buir_station_flea_market_location", "quarter": "Buir_station", "work_location": null, "footprint_area": 125.0 }, "geometry": { "type": "Point", "coordinates": [ 6.572491438937996, 50.860902845580092 ] } },
{ "type": "Feature", "properties": { "poi": "Kindergarden", "id": "Buir_station_kindergarden", "quarter": "Buir_station", "footprint_area": 125.0 }, "geometry": { "type": "Point", "coordinates": [ 6.575828368415264, 50.860977734907593 ] } },
{ "type": "Feature", "properties": { "poi": "Office Workplace", "id": "Buir_station_office_workplace", "quarter": "Buir_station", "work_location": null, "footprint_area": 125.0 }, "geometry": { "type": "Point", "coordinates": [ 6.577059324622435, 50.860724981635656 ] } },
{ "type": "Feature", "properties": { "poi": "Doctors Office", "id": "Buir_station_doctors_office", "quarter": "Buir_station", "footprint_area": 250.0 }, "geometry": { "type": "Point", "coordinates": [ 6.572654577712439, 50.860743704616887 ] } },
{ "type": "Feature", "properties": { "poi": "Supermarket", "id": "Buir_station_supermarket", "quarter": "Buir_station", "footprint_area": 250.0 }, "geometry": { "type": "Point", "coordinates": [ 6.573277471214864, 50.859273973204267 ] } },
{ "type": "Feature", "properties": { "poi": "Indoor Swimming Pool", "id": "Buir_station_indoor_swimming_pool", "quarter": "Buir_station", "footprint_area": 250.0 }, "geometry": { "type": "Point", "coordinates": [ 6.573737225942843, 50.858983757372634 ] } },
{ "type": "Feature", "properties": { "poi": "Yoga Studio", "id": "Buir_station_yoga_studio", "quarter": "Buir_station", "footprint_area": 250.0 }, "geometry": { "type": "Point", "coordinates": [ 6.571408790707593, 50.860650089643123 ] } },
{ "type": "Feature", "properties": { "poi": "Bar Location", "id": "Eilendorf_station_bar_location", "quarter": "Eilendorf_station", "footprint_area": 125.0 }, "geometry": { "type": "Point", "coordinates": [ 6.153270397943791, 50.787810020087235 ] } },
{ "type": "Feature", "properties": { "poi": "Cafe", "id": "Eilendorf_station_cafe", "quarter": "Eilendorf_station", "footprint_area": 125.0 }, "geometry": { "type": "Point", "coordinates": [ 6.152161267713136, 50.788146587923556 ] } },
{ "type": "Feature", "properties": { "poi": "Cinema Location", "id": "Eilendorf_station_friend's_house", "quarter": "Eilendorf_station", "work_location": null, "footprint_area": 125.0 }, "geometry": { "type": "Point", "coordinates": [ 6.150815523033274, 50.785266984784521 ] } },
{ "type": "Feature", "properties": { "poi": "Local Recreational Area", "id": "Eilendorf_station_local_recreational_area", "quarter": "Eilendorf_station", "work_location": null, "footprint_area": 125.0 }, "geometry": { "type": "Point", "coordinates": [ 6.152279574937739, 50.787473449827836 ] } },
{ "type": "Feature", "properties": { "poi": "Flea Market Location", "id": "Eilendorf_station_flea_market_location", "quarter": "Eilendorf_station", "work_location": null, "footprint_area": 125.0 }, "geometry": { "type": "Point", "coordinates": [ 6.150460601359464, 50.785547473406375 ] } },
{ "type": "Feature", "properties": { "poi": "Kindergarden", "id": "Eilendorf_station_kindergarden", "quarter": "Eilendorf_station", "footprint_area": 125.0 }, "geometry": { "type": "Point", "coordinates": [ 6.150416236150239, 50.785781212639158 ] } },
{ "type": "Feature", "properties": { "poi": "Office Workplace", "id": "Eilendorf_station_office_workplace", "quarter": "Eilendorf_station", "work_location": null, "footprint_area": 125.0 }, "geometry": { "type": "Point", "coordinates": [ 6.152649285014624, 50.787585640183536 ] } },
{ "type": "Feature", "properties": { "poi": "Bar Location", "id": "Erftstadt_south_bar_location", "quarter": "Erftstadt_south", "footprint_area": 125.0 }, "geometry": { "type": "Point", "coordinates": [ 6.829747402066452, 50.800035924013642 ] } },
{ "type": "Feature", "properties": { "poi": "Cafe", "id": "Erftstadt_south_cafe", "quarter": "Erftstadt_south", "footprint_area": 125.0 }, "geometry": { "type": "Point", "coordinates": [ 6.829584830745673, 50.800839235176753 ] } },
{ "type": "Feature", "properties": { "poi": "Cinema Location", "id": "Erftstadt_south_friend's_house", "quarter": "Erftstadt_south", "work_location": null, "footprint_area": 125.0 }, "geometry": { "type": "Point", "coordinates": [ 6.829407480213915, 50.801409017281415 ] } },
{ "type": "Feature", "properties": { "poi": "Local Recreational Area", "id": "Erftstadt_south_local_recreational_area", "quarter": "Erftstadt_south", "work_location": null, "footprint_area": 125.0 }, "geometry": { "type": "Point", "coordinates": [ 6.829067558361375, 50.80063373784607 ] } },
{ "type": "Feature", "properties": { "poi": "Flea Market Location", "id": "Erftstadt_south_flea_market_location", "quarter": "Erftstadt_south", "work_location": null, "footprint_area": 125.0 }, "geometry": { "type": "Point", "coordinates": [ 6.828151247280621, 50.800325488288415 ] } },
{ "type": "Feature", "properties": { "poi": "Kindergarden", "id": "Erftstadt_south_kindergarden", "quarter": "Erftstadt_south", "footprint_area": 125.0 }, "geometry": { "type": "Point", "coordinates": [ 6.830382908138589, 50.801306270880033 ] } },
{ "type": "Feature", "properties": { "poi": "Office Workplace", "id": "Erftstadt_south_office_workplace", "quarter": "Erftstadt_south", "work_location": null, "footprint_area": 125.0 }, "geometry": { "type": "Point", "coordinates": [ 6.828638961242958, 50.800306807178686 ] } },
{ "type": "Feature", "properties": { "poi": "Doctors Office", "id": "Erftstadt_south_doctors_office", "quarter": "Erftstadt_south", "footprint_area": 250.0 }, "geometry": { "type": "Point", "coordinates": [ 6.829703064433513, 50.800232082665026 ] } },
{ "type": "Feature", "properties": { "poi": "Supermarket", "id": "Erftstadt_south_supermarket", "quarter": "Erftstadt_south", "footprint_area": 250.0 }, "geometry": { "type": "Point", "coordinates": [ 6.828033013592781, 50.800932640800141 ] } },
{ "type": "Feature", "properties": { "poi": "Indoor Swimming Pool", "id": "Erftstadt_south_indoor_swimming_pool", "quarter": "Erftstadt_south", "footprint_area": 250.0 }, "geometry": { "type": "Point", "coordinates": [ 6.830678492358187, 50.800129336263645 ] } },
{ "type": "Feature", "properties": { "poi": "Yoga Studio", "id": "Erftstadt_south_yoga_studio", "quarter": "Erftstadt_south", "footprint_area": 250.0 }, "geometry": { "type": "Point", "coordinates": [ 6.830560258670347, 50.800736488775371 ] } },
{ "type": "Feature", "properties": { "poi": "Bar Location", "id": "Eschweiler_hbf_bar_location", "quarter": "Eschweiler_hbf", "footprint_area": 125.0 }, "geometry": { "type": "Point", "coordinates": [ 6.248771556987477, 50.813052023860621 ] } },
{ "type": "Feature", "properties": { "poi": "Cafe", "id": "Eschweiler_hbf_cafe", "quarter": "Eschweiler_hbf", "footprint_area": 125.0 }, "geometry": { "type": "Point", "coordinates": [ 6.250503252122516, 50.813332350585959 ] } },
{ "type": "Feature", "properties": { "poi": "Cinema Location", "id": "Eschweiler_hbf_friend's_house", "quarter": "Eschweiler_hbf", "work_location": null, "footprint_area": 125.0 }, "geometry": { "type": "Point", "coordinates": [ 6.250460317532391, 50.812907339161953 ] } },
{ "type": "Feature", "properties": { "poi": "Local Recreational Area", "id": "Eschweiler_hbf_local_recreational_area", "quarter": "Eschweiler_hbf", "work_location": null, "footprint_area": 125.0 }, "geometry": { "type": "Point", "coordinates": [ 6.251075713324181, 50.813160537090496 ] } },
{ "type": "Feature", "properties": { "poi": "Flea Market Location", "id": "Eschweiler_hbf_flea_market_location", "quarter": "Eschweiler_hbf", "work_location": null, "footprint_area": 125.0 }, "geometry": { "type": "Point", "coordinates": [ 6.248814491577601, 50.813449906725921 ] } },
{ "type": "Feature", "properties": { "poi": "Kindergarden", "id": "Eschweiler_hbf_kindergarden", "quarter": "Eschweiler_hbf", "footprint_area": 125.0 }, "geometry": { "type": "Point", "coordinates": [ 6.249372641249226, 50.813685018496393 ] } },
{ "type": "Feature", "properties": { "poi": "Office Workplace", "id": "Eschweiler_hbf_office_workplace", "quarter": "Eschweiler_hbf", "work_location": null, "footprint_area": 125.0 }, "geometry": { "type": "Point", "coordinates": [ 6.250746548133223, 50.813033938297792 ] } },
{ "type": "Feature", "properties": { "poi": "Bar Location", "id": "Eschweiler_notberg_bar_location", "quarter": "Eschweiler_notberg", "footprint_area": 125.0 }, "geometry": { "type": "Point", "coordinates": [ 6.287169392089209, 50.811831232652935 ] } },
{ "type": "Feature", "properties": { "poi": "Cafe", "id": "Eschweiler_notberg_cafe", "quarter": "Eschweiler_notberg", "footprint_area": 125.0 }, "geometry": { "type": "Point", "coordinates": [ 6.289988763507414, 50.811559940246838 ] } },
{ "type": "Feature", "properties": { "poi": "Cinema Location", "id": "Eschweiler_notberg_friend's_house", "quarter": "Eschweiler_notberg", "work_location": null, "footprint_area": 125.0 }, "geometry": { "type": "Point", "coordinates": [ 6.288700725803665, 50.811623239398962 ] } },
{ "type": "Feature", "properties": { "poi": "Local Recreational Area", "id": "Eschweiler_notberg_local_recreational_area", "quarter": "Eschweiler_notberg", "work_location": null, "footprint_area": 125.0 }, "geometry": { "type": "Point", "coordinates": [ 6.287341130449709, 50.811207260098811 ] } },
{ "type": "Feature", "properties": { "poi": "Flea Market Location", "id": "Eschweiler_notberg_flea_market_location", "quarter": "Eschweiler_notberg", "work_location": null, "footprint_area": 125.0 }, "geometry": { "type": "Point", "coordinates": [ 6.289759779026747, 50.811180130559698 ] } },
{ "type": "Feature", "properties": { "poi": "Kindergarden", "id": "Eschweiler_notberg_kindergarden", "quarter": "Eschweiler_notberg", "footprint_area": 125.0 }, "geometry": { "type": "Point", "coordinates": [ 6.286954719138585, 50.811469510611992 ] } },
{ "type": "Feature", "properties": { "poi": "Office Workplace", "id": "Eschweiler_notberg_office_workplace", "quarter": "Eschweiler_notberg", "work_location": null, "footprint_area": 125.0 }, "geometry": { "type": "Point", "coordinates": [ 6.287455622690042, 50.811406208415342 ] } },
{ "type": "Feature", "properties": { "poi": "Bar Location", "id": "Eschweiler_weisweiler_bar_location", "quarter": "Eschweiler_weisweiler", "footprint_area": 125.0 }, "geometry": { "type": "Point", "coordinates": [ 6.321612818730726, 50.82250653708423 ] } },
{ "type": "Feature", "properties": { "poi": "Cafe", "id": "Eschweiler_weisweiler_cafe", "quarter": "Eschweiler_weisweiler", "footprint_area": 125.0 }, "geometry": { "type": "Point", "coordinates": [ 6.321287776389314, 50.822646540657963 ] } },
{ "type": "Feature", "properties": { "poi": "Cinema Location", "id": "Eschweiler_weisweiler_friend's_house", "quarter": "Eschweiler_weisweiler", "work_location": null, "footprint_area": 125.0 }, "geometry": { "type": "Point", "coordinates": [ 6.321701466642018, 50.822889210979824 ] } },
{ "type": "Feature", "properties": { "poi": "Local Recreational Area", "id": "Eschweiler_weisweiler_local_recreational_area", "quarter": "Eschweiler_weisweiler", "work_location": null, "footprint_area": 125.0 }, "geometry": { "type": "Point", "coordinates": [ 6.320253550757548, 50.822301203479746 ] } },
{ "type": "Feature", "properties": { "poi": "Flea Market Location", "id": "Eschweiler_weisweiler_flea_market_location", "quarter": "Eschweiler_weisweiler", "work_location": null, "footprint_area": 125.0 }, "geometry": { "type": "Point", "coordinates": [ 6.320460395883901, 50.82259987529266 ] } },
{ "type": "Feature", "properties": { "poi": "Kindergarden", "id": "Eschweiler_weisweiler_kindergarden", "quarter": "Eschweiler_weisweiler", "footprint_area": 125.0 }, "geometry": { "type": "Point", "coordinates": [ 6.319662564682255, 50.822571875865272 ] } },
{ "type": "Feature", "properties": { "poi": "Office Workplace", "id": "Eschweiler_weisweiler_office_workplace", "quarter": "Eschweiler_weisweiler", "work_location": null, "footprint_area": 125.0 }, "geometry": { "type": "Point", "coordinates": [ 6.319854635156724, 50.822870546920704 ] } },
{ "type": "Feature", "properties": { "poi": "Bar Location", "id": "Euskirchen_station_bar_location", "quarter": "Euskirchen_station", "footprint_area": 125.0 }, "geometry": { "type": "Point", "coordinates": [ 6.800880715397798, 50.658758385298768 ] } },
{ "type": "Feature", "properties": { "poi": "Cafe", "id": "Euskirchen_station_cafe", "quarter": "Euskirchen_station", "footprint_area": 125.0 }, "geometry": { "type": "Point", "coordinates": [ 6.802679451340057, 50.65901282866745 ] } },
{ "type": "Feature", "properties": { "poi": "Cinema Location", "id": "Euskirchen_station_friend's_house", "quarter": "Euskirchen_station", "work_location": null, "footprint_area": 125.0 }, "geometry": { "type": "Point", "coordinates": [ 6.800538806912906, 50.656487181570611 ] } },
{ "type": "Feature", "properties": { "poi": "Local Recreational Area", "id": "Euskirchen_station_local_recreational_area", "quarter": "Euskirchen_station", "work_location": null, "footprint_area": 125.0 }, "geometry": { "type": "Point", "coordinates": [ 6.797283243513278, 50.657146878618313 ] } },
{ "type": "Feature", "properties": { "poi": "Flea Market Location", "id": "Euskirchen_station_flea_market_location", "quarter": "Euskirchen_station", "work_location": null, "footprint_area": 125.0 }, "geometry": { "type": "Point", "coordinates": [ 6.80217402140587, 50.657787718306423 ] } },
{ "type": "Feature", "properties": { "poi": "Kindergarden", "id": "Euskirchen_station_kindergarden", "quarter": "Euskirchen_station", "footprint_area": 125.0 }, "geometry": { "type": "Point", "coordinates": [ 6.797922463724164, 50.65744845132545 ] } },
{ "type": "Feature", "properties": { "poi": "Office Workplace", "id": "Euskirchen_station_office_workplace", "quarter": "Euskirchen_station", "work_location": null, "footprint_area": 125.0 }, "geometry": { "type": "Point", "coordinates": [ 6.803705176794735, 50.657985622913564 ] } },
{ "type": "Feature", "properties": { "poi": "Doctors Office", "id": "Euskirchen_station_doctors_office", "quarter": "Euskirchen_station", "footprint_area": 250.0 }, "geometry": { "type": "Point", "coordinates": [ 6.802842972789354, 50.657504995992468 ] } },
{ "type": "Feature", "properties": { "poi": "Supermarket", "id": "Euskirchen_station_supermarket", "quarter": "Euskirchen_station", "footprint_area": 250.0 }, "geometry": { "type": "Point", "coordinates": [ 6.801951037611374, 50.657589812865353 ] } },
{ "type": "Feature", "properties": { "poi": "Indoor Swimming Pool", "id": "Euskirchen_station_indoor_swimming_pool", "quarter": "Euskirchen_station", "footprint_area": 250.0 }, "geometry": { "type": "Point", "coordinates": [ 6.797045394132484, 50.656930122039 ] } },
{ "type": "Feature", "properties": { "poi": "Yoga Studio", "id": "Euskirchen_station_yoga_studio", "quarter": "Euskirchen_station", "footprint_area": 250.0 }, "geometry": { "type": "Point", "coordinates": [ 6.797877866965265, 50.657740598038934 ] } },
{ "type": "Feature", "properties": { "poi": "Bar Location", "id": "Frechen_station_bar_location", "quarter": "Frechen_station", "footprint_area": 125.0 }, "geometry": { "type": "Point", "coordinates": [ 6.823830799669321, 50.916242387577988 ] } },
{ "type": "Feature", "properties": { "poi": "Cafe", "id": "Frechen_station_cafe", "quarter": "Frechen_station", "footprint_area": 125.0 }, "geometry": { "type": "Point", "coordinates": [ 6.827063691673842, 50.914746439865624 ] } },
{ "type": "Feature", "properties": { "poi": "Cinema Location", "id": "Frechen_station_friend's_house", "quarter": "Frechen_station", "work_location": null, "footprint_area": 125.0 }, "geometry": { "type": "Point", "coordinates": [ 6.823326587154854, 50.915475720382574 ] } },
{ "type": "Feature", "properties": { "poi": "Local Recreational Area", "id": "Frechen_station_local_recreational_area", "quarter": "Frechen_station", "work_location": null, "footprint_area": 125.0 }, "geometry": { "type": "Point", "coordinates": [ 6.826396351581166, 50.915251327594568 ] } },
{ "type": "Feature", "properties": { "poi": "Flea Market Location", "id": "Frechen_station_flea_market_location", "quarter": "Frechen_station", "work_location": null, "footprint_area": 125.0 }, "geometry": { "type": "Point", "coordinates": [ 6.823830799669321, 50.914765139508823 ] } },
{ "type": "Feature", "properties": { "poi": "Kindergarden", "id": "Frechen_station_kindergarden", "quarter": "Frechen_station", "footprint_area": 125.0 }, "geometry": { "type": "Point", "coordinates": [ 6.824023586807206, 50.913680547783358 ] } },
{ "type": "Feature", "properties": { "poi": "Office Workplace", "id": "Frechen_station_office_workplace", "quarter": "Frechen_station", "work_location": null, "footprint_area": 125.0 }, "geometry": { "type": "Point", "coordinates": [ 6.823222778695994, 50.914774489327598 ] } },
{ "type": "Feature", "properties": { "poi": "Doctors Office", "id": "Frechen_station_doctors_office", "quarter": "Frechen_station", "footprint_area": 250.0 }, "geometry": { "type": "Point", "coordinates": [ 6.824943033157115, 50.91321304355445 ] } },
{ "type": "Feature", "properties": { "poi": "Supermarket", "id": "Frechen_station_supermarket", "quarter": "Frechen_station", "footprint_area": 250.0 }, "geometry": { "type": "Point", "coordinates": [ 6.825773500828001, 50.915634664619446 ] } },
{ "type": "Feature", "properties": { "poi": "Indoor Swimming Pool", "id": "Frechen_station_indoor_swimming_pool", "quarter": "Frechen_station", "footprint_area": 250.0 }, "geometry": { "type": "Point", "coordinates": [ 6.825165479854673, 50.916223688528369 ] } },
{ "type": "Feature", "properties": { "poi": "Yoga Studio", "id": "Frechen_station_yoga_studio", "quarter": "Frechen_station", "footprint_area": 250.0 }, "geometry": { "type": "Point", "coordinates": [ 6.825981117745722, 50.915204578960889 ] } },
{ "type": "Feature", "properties": { "poi": "Bar Location", "id": "Gustorf_station_bar_location", "quarter": "Gustorf_station", "footprint_area": 125.0 }, "geometry": { "type": "Point", "coordinates": [ 6.572621288566101, 51.06543775038709 ] } },
{ "type": "Feature", "properties": { "poi": "Cafe", "id": "Gustorf_station_cafe", "quarter": "Gustorf_station", "footprint_area": 125.0 }, "geometry": { "type": "Point", "coordinates": [ 6.57156572111954, 51.069145876076497 ] } },
{ "type": "Feature", "properties": { "poi": "Cinema Location", "id": "Gustorf_station_friend's_house", "quarter": "Gustorf_station", "work_location": null, "footprint_area": 125.0 }, "geometry": { "type": "Point", "coordinates": [ 6.572162057356368, 51.067392706015056 ] } },
{ "type": "Feature", "properties": { "poi": "Local Recreational Area", "id": "Gustorf_station_local_recreational_area", "quarter": "Gustorf_station", "work_location": null, "footprint_area": 125.0 }, "geometry": { "type": "Point", "coordinates": [ 6.57209902187923, 51.069015548111956 ] } },
{ "type": "Feature", "properties": { "poi": "Flea Market Location", "id": "Gustorf_station_flea_market_location", "quarter": "Gustorf_station", "work_location": null, "footprint_area": 125.0 }, "geometry": { "type": "Point", "coordinates": [ 6.572182699408616, 51.068132248784991 ] } },
{ "type": "Feature", "properties": { "poi": "Kindergarden", "id": "Gustorf_station_kindergarden", "quarter": "Gustorf_station", "footprint_area": 125.0 }, "geometry": { "type": "Point", "coordinates": [ 6.571313884649686, 51.069387913035946 ] } },
{ "type": "Feature", "properties": { "poi": "Office Workplace", "id": "Gustorf_station_office_workplace", "quarter": "Gustorf_station", "work_location": null, "footprint_area": 125.0 }, "geometry": { "type": "Point", "coordinates": [ 6.572013918256455, 51.065782195088183 ] } },
{ "type": "Feature", "properties": { "poi": "Doctors Office", "id": "Gustorf_station_doctors_office", "quarter": "Gustorf_station", "footprint_area": 250.0 }, "geometry": { "type": "Point", "coordinates": [ 6.572576846836125, 51.066024245749098 ] } },
{ "type": "Feature", "properties": { "poi": "Supermarket", "id": "Gustorf_station_supermarket", "quarter": "Gustorf_station", "footprint_area": 250.0 }, "geometry": { "type": "Point", "coordinates": [ 6.572399079916231, 51.065130532367156 ] } },
{ "type": "Feature", "properties": { "poi": "Indoor Swimming Pool", "id": "Gustorf_station_indoor_swimming_pool", "quarter": "Gustorf_station", "footprint_area": 250.0 }, "geometry": { "type": "Point", "coordinates": [ 6.573095333685825, 51.066768992286747 ] } },
{ "type": "Feature", "properties": { "poi": "Yoga Studio", "id": "Gustorf_station_yoga_studio", "quarter": "Gustorf_station", "footprint_area": 250.0 }, "geometry": { "type": "Point", "coordinates": [ 6.571308678719125, 51.068150867479417 ] } },
{ "type": "Feature", "properties": { "poi": "Bar Location", "id": "Heimbach_south_bar_location", "quarter": "Heimbach_south", "footprint_area": 125.0 }, "geometry": { "type": "Point", "coordinates": [ 6.477327701315142, 50.632492614395382 ] } },
{ "type": "Feature", "properties": { "poi": "Cafe", "id": "Heimbach_south_cafe", "quarter": "Heimbach_south", "footprint_area": 125.0 }, "geometry": { "type": "Point", "coordinates": [ 6.477649545066712, 50.632390542795299 ] } },
{ "type": "Feature", "properties": { "poi": "Cinema Location", "id": "Heimbach_south_friend's_house", "quarter": "Heimbach_south", "work_location": null, "footprint_area": 125.0 }, "geometry": { "type": "Point", "coordinates": [ 6.476991228302137, 50.632613244182458 ] } },
{ "type": "Feature", "properties": { "poi": "Local Recreational Area", "id": "Heimbach_south_local_recreational_area", "quarter": "Heimbach_south", "work_location": null, "footprint_area": 125.0 }, "geometry": { "type": "Point", "coordinates": [ 6.47978541723622, 50.631629638428805 ] } },
{ "type": "Feature", "properties": { "poi": "Flea Market Location", "id": "Heimbach_south_flea_market_location", "quarter": "Heimbach_south", "work_location": null, "footprint_area": 125.0 }, "geometry": { "type": "Point", "coordinates": [ 6.478073793648326, 50.632297750239275 ] } },
{ "type": "Feature", "properties": { "poi": "Kindergarden", "id": "Heimbach_south_kindergarden", "quarter": "Heimbach_south", "footprint_area": 125.0 }, "geometry": { "type": "Point", "coordinates": [ 6.479156358994516, 50.632075047357489 ] } },
{ "type": "Feature", "properties": { "poi": "Office Workplace", "id": "Heimbach_south_office_workplace", "quarter": "Heimbach_south", "work_location": null, "footprint_area": 125.0 }, "geometry": { "type": "Point", "coordinates": [ 6.478424895922767, 50.632232795341075 ] } },
{ "type": "Feature", "properties": { "poi": "Bar Location", "id": "Herrath_station_1_bar_location", "quarter": "Herrath_station_1", "footprint_area": 125.0 }, "geometry": { "type": "Point", "coordinates": [ 6.367347320863324, 51.103280109970385 ] } },
{ "type": "Feature", "properties": { "poi": "Cafe", "id": "Herrath_station_1_cafe", "quarter": "Herrath_station_1", "footprint_area": 125.0 }, "geometry": { "type": "Point", "coordinates": [ 6.364922022758957, 51.101265054923438 ] } },
{ "type": "Feature", "properties": { "poi": "Cinema Location", "id": "Herrath_station_1_friend's_house", "quarter": "Herrath_station_1", "work_location": null, "footprint_area": 125.0 }, "geometry": { "type": "Point", "coordinates": [ 6.365720596525031, 51.102537233136502 ] } },
{ "type": "Feature", "properties": { "poi": "Local Recreational Area", "id": "Herrath_station_1_local_recreational_area", "quarter": "Herrath_station_1", "work_location": null, "footprint_area": 125.0 }, "geometry": { "type": "Point", "coordinates": [ 6.363324875226814, 51.101534323668936 ] } },
{ "type": "Feature", "properties": { "poi": "Flea Market Location", "id": "Herrath_station_1_flea_market_location", "quarter": "Herrath_station_1", "work_location": null, "footprint_area": 125.0 }, "geometry": { "type": "Point", "coordinates": [ 6.369299390069276, 51.102797252718261 ] } },
{ "type": "Feature", "properties": { "poi": "Kindergarden", "id": "Herrath_station_1_kindergarden", "quarter": "Herrath_station_1", "footprint_area": 125.0 }, "geometry": { "type": "Point", "coordinates": [ 6.368885314783165, 51.104505831004587 ] } },
{ "type": "Feature", "properties": { "poi": "Office Workplace", "id": "Herrath_station_1_office_workplace", "quarter": "Herrath_station_1", "work_location": null, "footprint_area": 125.0 }, "geometry": { "type": "Point", "coordinates": [ 6.364256544620565, 51.102110068134287 ] } },
{ "type": "Feature", "properties": { "poi": "Doctors Office", "id": "Herrath_station_1_doctors_office", "quarter": "Herrath_station_1", "footprint_area": 250.0 }, "geometry": { "type": "Point", "coordinates": [ 6.365232579223542, 51.102156509642363 ] } },
{ "type": "Feature", "properties": { "poi": "Supermarket", "id": "Herrath_station_1_supermarket", "quarter": "Herrath_station_1", "footprint_area": 250.0 }, "geometry": { "type": "Point", "coordinates": [ 6.365957210974237, 51.102407233268281 ] } },
{ "type": "Feature", "properties": { "poi": "Indoor Swimming Pool", "id": "Herrath_station_1_indoor_swimming_pool", "quarter": "Herrath_station_1", "footprint_area": 250.0 }, "geometry": { "type": "Point", "coordinates": [ 6.366208613826519, 51.102295804518825 ] } },
{ "type": "Feature", "properties": { "poi": "Yoga Studio", "id": "Herrath_station_1_yoga_studio", "quarter": "Herrath_station_1", "footprint_area": 250.0 }, "geometry": { "type": "Point", "coordinates": [ 6.364700196712827, 51.101376484254878 ] } },
{ "type": "Feature", "properties": { "poi": "Bar Location", "id": "Hochneukirch_station_bar_location", "quarter": "Hochneukirch_station", "footprint_area": 125.0 }, "geometry": { "type": "Point", "coordinates": [ 6.464776415332981, 51.105265123784697 ] } },
{ "type": "Feature", "properties": { "poi": "Cafe", "id": "Hochneukirch_station_cafe", "quarter": "Hochneukirch_station", "footprint_area": 125.0 }, "geometry": { "type": "Point", "coordinates": [ 6.463535652771251, 51.10642421419027 ] } },
{ "type": "Feature", "properties": { "poi": "Cinema Location", "id": "Hochneukirch_station_friend's_house", "quarter": "Hochneukirch_station", "work_location": null, "footprint_area": 125.0 }, "geometry": { "type": "Point", "coordinates": [ 6.463520521520497, 51.105721160588793 ] } },
{ "type": "Feature", "properties": { "poi": "Local Recreational Area", "id": "Hochneukirch_station_local_recreational_area", "quarter": "Hochneukirch_station", "work_location": null, "footprint_area": 125.0 }, "geometry": { "type": "Point", "coordinates": [ 6.463959327792329, 51.105578649570838 ] } },
{ "type": "Feature", "properties": { "poi": "Flea Market Location", "id": "Hochneukirch_station_flea_market_location", "quarter": "Hochneukirch_station", "work_location": null, "footprint_area": 125.0 }, "geometry": { "type": "Point", "coordinates": [ 6.462854746487374, 51.106300703336899 ] } },
{ "type": "Feature", "properties": { "poi": "Kindergarden", "id": "Hochneukirch_station_kindergarden", "quarter": "Hochneukirch_station", "footprint_area": 125.0 }, "geometry": { "type": "Point", "coordinates": [ 6.46467049657771, 51.105730661436581 ] } },
{ "type": "Feature", "properties": { "poi": "Office Workplace", "id": "Hochneukirch_station_office_workplace", "quarter": "Hochneukirch_station", "work_location": null, "footprint_area": 125.0 }, "geometry": { "type": "Point", "coordinates": [ 6.464383002813407, 51.105417136552653 ] } },
{ "type": "Feature", "properties": { "poi": "Bar Location", "id": "Horrem_station_bar_location", "quarter": "Horrem_station", "footprint_area": 125.0 }, "geometry": { "type": "Point", "coordinates": [ 6.719346066759733, 50.917969493828771 ] } },
{ "type": "Feature", "properties": { "poi": "Cafe", "id": "Horrem_station_cafe", "quarter": "Horrem_station", "footprint_area": 125.0 }, "geometry": { "type": "Point", "coordinates": [ 6.719028300894459, 50.917505090395615 ] } },
{ "type": "Feature", "properties": { "poi": "Cinema Location", "id": "Horrem_station_friend's_house", "quarter": "Horrem_station", "work_location": null, "footprint_area": 125.0 }, "geometry": { "type": "Point", "coordinates": [ 6.717670574015561, 50.916403251942995 ] } },
{ "type": "Feature", "properties": { "poi": "Local Recreational Area", "id": "Horrem_station_local_recreational_area", "quarter": "Horrem_station", "work_location": null, "footprint_area": 125.0 }, "geometry": { "type": "Point", "coordinates": [ 6.720198257034785, 50.917213697639795 ] } },
{ "type": "Feature", "properties": { "poi": "Flea Market Location", "id": "Horrem_station_flea_market_location", "quarter": "Horrem_station", "work_location": null, "footprint_area": 125.0 }, "geometry": { "type": "Point", "coordinates": [ 6.717988339880836, 50.917213697639795 ] } },
{ "type": "Feature", "properties": { "poi": "Kindergarden", "id": "Horrem_station_kindergarden", "quarter": "Horrem_station", "footprint_area": 125.0 }, "geometry": { "type": "Point", "coordinates": [ 6.718797198446987, 50.917368500268516 ] } },
{ "type": "Feature", "properties": { "poi": "Office Workplace", "id": "Horrem_station_office_workplace", "quarter": "Horrem_station", "work_location": null, "footprint_area": 125.0 }, "geometry": { "type": "Point", "coordinates": [ 6.718912749670723, 50.916676437462726 ] } },
{ "type": "Feature", "properties": { "poi": "Doctors Office", "id": "Horrem_station_doctors_office", "quarter": "Horrem_station", "footprint_area": 250.0 }, "geometry": { "type": "Point", "coordinates": [ 6.719042744797425, 50.917851116923195 ] } },
{ "type": "Feature", "properties": { "poi": "Supermarket", "id": "Horrem_station_supermarket", "quarter": "Horrem_station", "footprint_area": 250.0 }, "geometry": { "type": "Point", "coordinates": [ 6.719577169207205, 50.917122637029401 ] } },
{ "type": "Feature", "properties": { "poi": "Indoor Swimming Pool", "id": "Horrem_station_indoor_swimming_pool", "quarter": "Horrem_station", "footprint_area": 250.0 }, "geometry": { "type": "Point", "coordinates": [ 6.716890603255343, 50.916967833582795 ] } },
{ "type": "Feature", "properties": { "poi": "Yoga Studio", "id": "Horrem_station_yoga_studio", "quarter": "Horrem_station", "footprint_area": 250.0 }, "geometry": { "type": "Point", "coordinates": [ 6.718710535029184, 50.91773273971647 ] } },
{ "type": "Feature", "properties": { "poi": "Bar Location", "id": "Huchem_stammeln_station_1_bar_location", "quarter": "Huchem_stammeln_station_1", "footprint_area": 125.0 }, "geometry": { "type": "Point", "coordinates": [ 6.449390798206809, 50.853069266731552 ] } },
{ "type": "Feature", "properties": { "poi": "Cafe", "id": "Huchem_stammeln_station_1_cafe", "quarter": "Huchem_stammeln_station_1", "footprint_area": 125.0 }, "geometry": { "type": "Point", "coordinates": [ 6.451093735495329, 50.853440313580172 ] } },
{ "type": "Feature", "properties": { "poi": "Cinema Location", "id": "Huchem_stammeln_station_1_friend's_house", "quarter": "Huchem_stammeln_station_1", "work_location": null, "footprint_area": 125.0 }, "geometry": { "type": "Point", "coordinates": [ 6.449089393376983, 50.852993154192617 ] } },
{ "type": "Feature", "properties": { "poi": "Local Recreational Area", "id": "Huchem_stammeln_station_1_local_recreational_area", "quarter": "Huchem_stammeln_station_1", "work_location": null, "footprint_area": 125.0 }, "geometry": { "type": "Point", "coordinates": [ 6.450837541389976, 50.853107321976317 ] } },
{ "type": "Feature", "properties": { "poi": "Flea Market Location", "id": "Huchem_stammeln_station_1_flea_market_location", "quarter": "Huchem_stammeln_station_1", "work_location": null, "footprint_area": 125.0 }, "geometry": { "type": "Point", "coordinates": [ 6.449662062553653, 50.853116837005309 ] } },
{ "type": "Feature", "properties": { "poi": "Kindergarden", "id": "Huchem_stammeln_station_1_kindergarden", "quarter": "Huchem_stammeln_station_1", "footprint_area": 125.0 }, "geometry": { "type": "Point", "coordinates": [ 6.451425280808138, 50.8532119759168 ] } },
{ "type": "Feature", "properties": { "poi": "Office Workplace", "id": "Huchem_stammeln_station_1_office_workplace", "quarter": "Huchem_stammeln_station_1", "work_location": null, "footprint_area": 125.0 }, "geometry": { "type": "Point", "coordinates": [ 6.450551206801642, 50.853040723891922 ] } },
{ "type": "Feature", "properties": { "poi": "Bar Location", "id": "Huchem_stammeln_station_2_bar_location", "quarter": "Huchem_stammeln_station_2", "footprint_area": 125.0 }, "geometry": { "type": "Point", "coordinates": [ 6.456564233156675, 50.853573501797904 ] } },
{ "type": "Feature", "properties": { "poi": "Cafe", "id": "Huchem_stammeln_station_2_cafe", "quarter": "Huchem_stammeln_station_2", "footprint_area": 125.0 }, "geometry": { "type": "Point", "coordinates": [ 6.456172406877902, 50.852698216411007 ] } },
{ "type": "Feature", "properties": { "poi": "Cinema Location", "id": "Huchem_stammeln_station_2_friend's_house", "quarter": "Huchem_stammeln_station_2", "work_location": null, "footprint_area": 125.0 }, "geometry": { "type": "Point", "coordinates": [ 6.457151972574836, 50.853744749561017 ] } },
{ "type": "Feature", "properties": { "poi": "Local Recreational Area", "id": "Huchem_stammeln_station_2_local_recreational_area", "quarter": "Huchem_stammeln_station_2", "work_location": null, "footprint_area": 125.0 }, "geometry": { "type": "Point", "coordinates": [ 6.456338179534305, 50.853877947916956 ] } },
{ "type": "Feature", "properties": { "poi": "Flea Market Location", "id": "Huchem_stammeln_station_2_flea_market_location", "quarter": "Huchem_stammeln_station_2", "work_location": null, "footprint_area": 125.0 }, "geometry": { "type": "Point", "coordinates": [ 6.456292968809832, 50.853497391479138 ] } },
{ "type": "Feature", "properties": { "poi": "Kindergarden", "id": "Huchem_stammeln_station_2_kindergarden", "quarter": "Huchem_stammeln_station_2", "footprint_area": 125.0 }, "geometry": { "type": "Point", "coordinates": [ 6.455629878184214, 50.852926555906386 ] } },
{ "type": "Feature", "properties": { "poi": "Office Workplace", "id": "Huchem_stammeln_station_2_office_workplace", "quarter": "Huchem_stammeln_station_2", "work_location": null, "footprint_area": 125.0 }, "geometry": { "type": "Point", "coordinates": [ 6.455780580599127, 50.854106281729962 ] } },
{ "type": "Feature", "properties": { "poi": "Doctors Office", "id": "Huchem_stammeln_station_2_doctors_office", "quarter": "Huchem_stammeln_station_2", "footprint_area": 250.0 }, "geometry": { "type": "Point", "coordinates": [ 6.456458741466236, 50.853173915300168 ] } },
{ "type": "Feature", "properties": { "poi": "Supermarket", "id": "Huchem_stammeln_station_2_supermarket", "quarter": "Huchem_stammeln_station_2", "footprint_area": 250.0 }, "geometry": { "type": "Point", "coordinates": [ 6.456066915187462, 50.853801837598191 ] } },
{ "type": "Feature", "properties": { "poi": "Indoor Swimming Pool", "id": "Huchem_stammeln_station_2_indoor_swimming_pool", "quarter": "Huchem_stammeln_station_2", "footprint_area": 250.0 }, "geometry": { "type": "Point", "coordinates": [ 6.457634220302559, 50.853506897027813 ] } },
{ "type": "Feature", "properties": { "poi": "Yoga Studio", "id": "Huchem_stammeln_station_2_yoga_studio", "quarter": "Huchem_stammeln_station_2", "footprint_area": 250.0 }, "geometry": { "type": "Point", "coordinates": [ 6.457619150061067, 50.853116823164235 ] } },
{ "type": "Feature", "properties": { "poi": "Bar Location", "id": "Huchem_stammeln_station_3_bar_location", "quarter": "Huchem_stammeln_station_3", "footprint_area": 125.0 }, "geometry": { "type": "Point", "coordinates": [ 6.454243415967012, 50.850452840943944 ] } },
{ "type": "Feature", "properties": { "poi": "Cafe", "id": "Huchem_stammeln_station_3_cafe", "quarter": "Huchem_stammeln_station_3", "footprint_area": 125.0 }, "geometry": { "type": "Point", "coordinates": [ 6.45525312214693, 50.850148372498793 ] } },
{ "type": "Feature", "properties": { "poi": "Cinema Location", "id": "Huchem_stammeln_station_3_friend's_house", "quarter": "Huchem_stammeln_station_3", "work_location": null, "footprint_area": 125.0 }, "geometry": { "type": "Point", "coordinates": [ 6.454981857800086, 50.850062740958194 ] } },
{ "type": "Feature", "properties": { "poi": "Local Recreational Area", "id": "Huchem_stammeln_station_3_local_recreational_area", "quarter": "Huchem_stammeln_station_3", "work_location": null, "footprint_area": 125.0 }, "geometry": { "type": "Point", "coordinates": [ 6.454996928041577, 50.850395753640306 ] } },
{ "type": "Feature", "properties": { "poi": "Flea Market Location", "id": "Huchem_stammeln_station_3_flea_market_location", "quarter": "Huchem_stammeln_station_3", "work_location": null, "footprint_area": 125.0 }, "geometry": { "type": "Point", "coordinates": [ 6.453595395582886, 50.850272062325267 ] } },
{ "type": "Feature", "properties": { "poi": "Kindergarden", "id": "Huchem_stammeln_station_3_kindergarden", "quarter": "Huchem_stammeln_station_3", "footprint_area": 125.0 }, "geometry": { "type": "Point", "coordinates": [ 6.455207911422456, 50.850462355840975 ] } },
{ "type": "Feature", "properties": { "poi": "Office Workplace", "id": "Huchem_stammeln_station_3_office_workplace", "quarter": "Huchem_stammeln_station_3", "work_location": null, "footprint_area": 125.0 }, "geometry": { "type": "Point", "coordinates": [ 6.453655676548851, 50.850681189256072 ] } },
{ "type": "Feature", "properties": { "poi": "Bar Location", "id": "Huchem_stammeln_station_4_bar_location", "quarter": "Huchem_stammeln_station_4", "footprint_area": 125.0 }, "geometry": { "type": "Point", "coordinates": [ 6.455681983655963, 50.85542415575285 ] } },
{ "type": "Feature", "properties": { "poi": "Cafe", "id": "Huchem_stammeln_station_4_cafe", "quarter": "Huchem_stammeln_station_4", "footprint_area": 125.0 }, "geometry": { "type": "Point", "coordinates": [ 6.455495226704478, 50.855988371776448 ] } },
{ "type": "Feature", "properties": { "poi": "Cinema Location", "id": "Huchem_stammeln_station_4_friend's_house", "quarter": "Huchem_stammeln_station_4", "work_location": null, "footprint_area": 125.0 }, "geometry": { "type": "Point", "coordinates": [ 6.455108373019259, 50.855651526692142 ] } },
{ "type": "Feature", "properties": { "poi": "Local Recreational Area", "id": "Huchem_stammeln_station_4_local_recreational_area", "quarter": "Huchem_stammeln_station_4", "work_location": null, "footprint_area": 125.0 }, "geometry": { "type": "Point", "coordinates": [ 6.456242254510418, 50.8555336308604 ] } },
{ "type": "Feature", "properties": { "poi": "Flea Market Location", "id": "Huchem_stammeln_station_4_flea_market_location", "quarter": "Huchem_stammeln_station_4", "work_location": null, "footprint_area": 125.0 }, "geometry": { "type": "Point", "coordinates": [ 6.455001654761267, 50.855028359650689 ] } },
{ "type": "Feature", "properties": { "poi": "Kindergarden", "id": "Huchem_stammeln_station_4_kindergarden", "quarter": "Huchem_stammeln_station_4", "footprint_area": 125.0 }, "geometry": { "type": "Point", "coordinates": [ 6.454774878463035, 50.855272574410471 ] } },
{ "type": "Feature", "properties": { "poi": "Office Workplace", "id": "Huchem_stammeln_station_4_office_workplace", "quarter": "Huchem_stammeln_station_4", "work_location": null, "footprint_area": 125.0 }, "geometry": { "type": "Point", "coordinates": [ 6.454961635414521, 50.855878896550294 ] } },
{ "type": "Feature", "properties": { "poi": "Bar Location", "id": "Hueckelhoven_baal_station_1_bar_location", "quarter": "Hueckelhoven_baal_station_1", "footprint_area": 125.0 }, "geometry": { "type": "Point", "coordinates": [ 6.274858023586694, 51.035099546734315 ] } },
{ "type": "Feature", "properties": { "poi": "Cafe", "id": "Hueckelhoven_baal_station_1_cafe", "quarter": "Hueckelhoven_baal_station_1", "footprint_area": 125.0 }, "geometry": { "type": "Point", "coordinates": [ 6.277387779686357, 51.035311044283866 ] } },
{ "type": "Feature", "properties": { "poi": "Cinema Location", "id": "Hueckelhoven_baal_station_1_friend's_house", "quarter": "Hueckelhoven_baal_station_1", "work_location": null, "footprint_area": 125.0 }, "geometry": { "type": "Point", "coordinates": [ 6.276963716525142, 51.035173111580164 ] } },
{ "type": "Feature", "properties": { "poi": "Local Recreational Area", "id": "Hueckelhoven_baal_station_1_local_recreational_area", "quarter": "Hueckelhoven_baal_station_1", "work_location": null, "footprint_area": 125.0 }, "geometry": { "type": "Point", "coordinates": [ 6.275779264247265, 51.034952418794404 ] } },
{ "type": "Feature", "properties": { "poi": "Flea Market Location", "id": "Hueckelhoven_baal_station_1_flea_market_location", "quarter": "Hueckelhoven_baal_station_1", "work_location": null, "footprint_area": 125.0 }, "geometry": { "type": "Point", "coordinates": [ 6.27551605262996, 51.034621376659665 ] } },
{ "type": "Feature", "properties": { "poi": "Kindergarden", "id": "Hueckelhoven_baal_station_1_kindergarden", "quarter": "Hueckelhoven_baal_station_1", "footprint_area": 125.0 }, "geometry": { "type": "Point", "coordinates": [ 6.275077366601117, 51.0349524180061 ] } },
{ "type": "Feature", "properties": { "poi": "Office Workplace", "id": "Hueckelhoven_baal_station_1_office_workplace", "quarter": "Hueckelhoven_baal_station_1", "work_location": null, "footprint_area": 125.0 }, "geometry": { "type": "Point", "coordinates": [ 6.275545298365216, 51.035117939172004 ] } },
{ "type": "Feature", "properties": { "poi": "Bar Location", "id": "Juechen_south_bar_location", "quarter": "Juechen_south", "footprint_area": 125.0 }, "geometry": { "type": "Point", "coordinates": [ 6.499410811365394, 51.094444431150876 ] } },
{ "type": "Feature", "properties": { "poi": "Cafe", "id": "Juechen_south_cafe", "quarter": "Juechen_south", "footprint_area": 125.0 }, "geometry": { "type": "Point", "coordinates": [ 6.499749008719614, 51.095257079967205 ] } },
{ "type": "Feature", "properties": { "poi": "Cinema Location", "id": "Juechen_south_friend's_house", "quarter": "Juechen_south", "work_location": null, "footprint_area": 125.0 }, "geometry": { "type": "Point", "coordinates": [ 6.496514077505315, 51.095275549284295 ] } },
{ "type": "Feature", "properties": { "poi": "Local Recreational Area", "id": "Juechen_south_local_recreational_area", "quarter": "Juechen_south", "work_location": null, "footprint_area": 125.0 }, "geometry": { "type": "Point", "coordinates": [ 6.500940051575787, 51.094878461756117 ] } },
{ "type": "Feature", "properties": { "poi": "Flea Market Location", "id": "Juechen_south_flea_market_location", "quarter": "Juechen_south", "work_location": null, "footprint_area": 125.0 }, "geometry": { "type": "Point", "coordinates": [ 6.497866866922204, 51.094629119261164 ] } },
{ "type": "Feature", "properties": { "poi": "Kindergarden", "id": "Juechen_south_kindergarden", "quarter": "Juechen_south", "footprint_area": 125.0 }, "geometry": { "type": "Point", "coordinates": [ 6.497293401843305, 51.095792687167972 ] } },
{ "type": "Feature", "properties": { "poi": "Office Workplace", "id": "Juechen_south_office_workplace", "quarter": "Juechen_south", "work_location": null, "footprint_area": 125.0 }, "geometry": { "type": "Point", "coordinates": [ 6.499102022476756, 51.09430590876164 ] } },
{ "type": "Feature", "properties": { "poi": "Doctors Office", "id": "Juechen_south_doctors_office", "quarter": "Juechen_south", "footprint_area": 250.0 }, "geometry": { "type": "Point", "coordinates": [ 6.497749233059866, 51.094832284021415 ] } },
{ "type": "Feature", "properties": { "poi": "Supermarket", "id": "Juechen_south_supermarket", "quarter": "Juechen_south", "footprint_area": 250.0 }, "geometry": { "type": "Point", "coordinates": [ 6.496352330944601, 51.095644934077093 ] } },
{ "type": "Feature", "properties": { "poi": "Indoor Swimming Pool", "id": "Juechen_south_indoor_swimming_pool", "quarter": "Juechen_south", "footprint_area": 250.0 }, "geometry": { "type": "Point", "coordinates": [ 6.497219880679345, 51.094666057460117 ] } },
{ "type": "Feature", "properties": { "poi": "Yoga Studio", "id": "Juechen_south_yoga_studio", "quarter": "Juechen_south", "footprint_area": 250.0 }, "geometry": { "type": "Point", "coordinates": [ 6.497102246817007, 51.094869222220368 ] } },
{ "type": "Feature", "properties": { "poi": "Bar Location", "id": "Juelich_an_den_aspen_2_bar_location", "quarter": "Juelich_an_den_aspen_2", "footprint_area": 125.0 }, "geometry": { "type": "Point", "coordinates": [ 6.358451688653714, 50.936968736981449 ] } },
{ "type": "Feature", "properties": { "poi": "Cafe", "id": "Juelich_an_den_aspen_2_cafe", "quarter": "Juelich_an_den_aspen_2", "footprint_area": 125.0 }, "geometry": { "type": "Point", "coordinates": [ 6.358677355568028, 50.937319519285651 ] } },
{ "type": "Feature", "properties": { "poi": "Cinema Location", "id": "Juelich_an_den_aspen_2_friend's_house", "quarter": "Juelich_an_den_aspen_2", "work_location": null, "footprint_area": 125.0 }, "geometry": { "type": "Point", "coordinates": [ 6.358887978021388, 50.937177310562326 ] } },
{ "type": "Feature", "properties": { "poi": "Local Recreational Area", "id": "Juelich_an_den_aspen_2_local_recreational_area", "quarter": "Juelich_an_den_aspen_2", "work_location": null, "footprint_area": 125.0 }, "geometry": { "type": "Point", "coordinates": [ 6.35667644226111, 50.937584974405588 ] } },
{ "type": "Feature", "properties": { "poi": "Flea Market Location", "id": "Juelich_an_den_aspen_2_flea_market_location", "quarter": "Juelich_an_den_aspen_2", "work_location": null, "footprint_area": 125.0 }, "geometry": { "type": "Point", "coordinates": [ 6.359519845381467, 50.938040036799904 ] } },
{ "type": "Feature", "properties": { "poi": "Kindergarden", "id": "Juelich_an_den_aspen_2_kindergarden", "quarter": "Juelich_an_den_aspen_2", "footprint_area": 125.0 }, "geometry": { "type": "Point", "coordinates": [ 6.360768535640672, 50.938134840904851 ] } },
{ "type": "Feature", "properties": { "poi": "Office Workplace", "id": "Juelich_an_den_aspen_2_office_workplace", "quarter": "Juelich_an_den_aspen_2", "work_location": null, "footprint_area": 125.0 }, "geometry": { "type": "Point", "coordinates": [ 6.35885788909948, 50.936655874856015 ] } },
{ "type": "Feature", "properties": { "poi": "Doctors Office", "id": "Juelich_an_den_aspen_2_doctors_office", "quarter": "Juelich_an_den_aspen_2", "footprint_area": 250.0 }, "geometry": { "type": "Point", "coordinates": [ 6.356390597502979, 50.93747120811117 ] } },
{ "type": "Feature", "properties": { "poi": "Supermarket", "id": "Juelich_an_den_aspen_2_supermarket", "quarter": "Juelich_an_den_aspen_2", "footprint_area": 250.0 }, "geometry": { "type": "Point", "coordinates": [ 6.356450775346797, 50.937736662365175 ] } },
{ "type": "Feature", "properties": { "poi": "Indoor Swimming Pool", "id": "Juelich_an_den_aspen_2_indoor_swimming_pool", "quarter": "Juelich_an_den_aspen_2", "footprint_area": 250.0 }, "geometry": { "type": "Point", "coordinates": [ 6.358647266646119, 50.937651337948793 ] } },
{ "type": "Feature", "properties": { "poi": "Yoga Studio", "id": "Juelich_an_den_aspen_2_yoga_studio", "quarter": "Juelich_an_den_aspen_2", "footprint_area": 250.0 }, "geometry": { "type": "Point", "coordinates": [ 6.358045488207948, 50.938997549377397 ] } },
{ "type": "Feature", "properties": { "poi": "Bar Location", "id": "Juelich_an_den_aspen_3_bar_location", "quarter": "Juelich_an_den_aspen_3", "footprint_area": 125.0 }, "geometry": { "type": "Point", "coordinates": [ 6.359672890243722, 50.936640892139081 ] } },
{ "type": "Feature", "properties": { "poi": "Cafe", "id": "Juelich_an_den_aspen_3_cafe", "quarter": "Juelich_an_den_aspen_3", "footprint_area": 125.0 }, "geometry": { "type": "Point", "coordinates": [ 6.361335240070274, 50.935009236334452 ] } },
{ "type": "Feature", "properties": { "poi": "Cinema Location", "id": "Juelich_an_den_aspen_3_friend's_house", "quarter": "Juelich_an_den_aspen_3", "work_location": null, "footprint_area": 125.0 }, "geometry": { "type": "Point", "coordinates": [ 6.360511420687204, 50.937104420277727 ] } },
{ "type": "Feature", "properties": { "poi": "Local Recreational Area", "id": "Juelich_an_den_aspen_3_local_recreational_area", "quarter": "Juelich_an_den_aspen_3", "work_location": null, "footprint_area": 125.0 }, "geometry": { "type": "Point", "coordinates": [ 6.360614398110088, 50.936029027921258 ] } },
{ "type": "Feature", "properties": { "poi": "Flea Market Location", "id": "Juelich_an_den_aspen_3_flea_market_location", "quarter": "Juelich_an_den_aspen_3", "work_location": null, "footprint_area": 125.0 }, "geometry": { "type": "Point", "coordinates": [ 6.360717375532971, 50.934415892756853 ] } },
{ "type": "Feature", "properties": { "poi": "Kindergarden", "id": "Juelich_an_den_aspen_3_kindergarden", "quarter": "Juelich_an_den_aspen_3", "footprint_area": 125.0 }, "geometry": { "type": "Point", "coordinates": [ 6.359790578727018, 50.935537676584758 ] } },
{ "type": "Feature", "properties": { "poi": "Office Workplace", "id": "Juelich_an_den_aspen_3_office_workplace", "quarter": "Juelich_an_den_aspen_3", "work_location": null, "footprint_area": 125.0 }, "geometry": { "type": "Point", "coordinates": [ 6.360099510995668, 50.934360266408319 ] } },
{ "type": "Feature", "properties": { "poi": "Doctors Office", "id": "Juelich_an_den_aspen_3_doctors_office", "quarter": "Juelich_an_den_aspen_3", "footprint_area": 250.0 }, "geometry": { "type": "Point", "coordinates": [ 6.358790226619003, 50.935871425227923 ] } },
{ "type": "Feature", "properties": { "poi": "Supermarket", "id": "Juelich_an_den_aspen_3_supermarket", "quarter": "Juelich_an_den_aspen_3", "footprint_area": 250.0 }, "geometry": { "type": "Point", "coordinates": [ 6.360658531291324, 50.93550986408971 ] } },
{ "type": "Feature", "properties": { "poi": "Indoor Swimming Pool", "id": "Juelich_an_den_aspen_3_indoor_swimming_pool", "quarter": "Juelich_an_den_aspen_3", "footprint_area": 250.0 }, "geometry": { "type": "Point", "coordinates": [ 6.363085856259298, 50.934619855306579 ] } },
{ "type": "Feature", "properties": { "poi": "Yoga Studio", "id": "Juelich_an_den_aspen_3_yoga_studio", "quarter": "Juelich_an_den_aspen_3", "footprint_area": 250.0 }, "geometry": { "type": "Point", "coordinates": [ 6.36167359445975, 50.934091404837581 ] } },
{ "type": "Feature", "properties": { "poi": "Bar Location", "id": "Koenigsdorf_station_bar_location", "quarter": "Koenigsdorf_station", "footprint_area": 125.0 }, "geometry": { "type": "Point", "coordinates": [ 6.780399571269439, 50.935956354507908 ] } },
{ "type": "Feature", "properties": { "poi": "Cafe", "id": "Koenigsdorf_station_cafe", "quarter": "Koenigsdorf_station", "footprint_area": 125.0 }, "geometry": { "type": "Point", "coordinates": [ 6.778857997587789, 50.935937672156598 ] } },
{ "type": "Feature", "properties": { "poi": "Cinema Location", "id": "Koenigsdorf_station_friend's_house", "quarter": "Koenigsdorf_station", "work_location": null, "footprint_area": 125.0 }, "geometry": { "type": "Point", "coordinates": [ 6.779599138780889, 50.936367364337912 ] } },
{ "type": "Feature", "properties": { "poi": "Local Recreational Area", "id": "Koenigsdorf_station_local_recreational_area", "quarter": "Koenigsdorf_station", "work_location": null, "footprint_area": 125.0 }, "geometry": { "type": "Point", "coordinates": [ 6.781733625417023, 50.936731665468521 ] } },
{ "type": "Feature", "properties": { "poi": "Flea Market Location", "id": "Koenigsdorf_station_flea_market_location", "quarter": "Koenigsdorf_station", "work_location": null, "footprint_area": 125.0 }, "geometry": { "type": "Point", "coordinates": [ 6.780784964689852, 50.936563526839798 ] } },
{ "type": "Feature", "properties": { "poi": "Kindergarden", "id": "Koenigsdorf_station_kindergarden", "quarter": "Koenigsdorf_station", "footprint_area": 125.0 }, "geometry": { "type": "Point", "coordinates": [ 6.779806658314958, 50.935956354507908 ] } },
{ "type": "Feature", "properties": { "poi": "Office Workplace", "id": "Koenigsdorf_station_office_workplace", "quarter": "Koenigsdorf_station", "work_location": null, "footprint_area": 125.0 }, "geometry": { "type": "Point", "coordinates": [ 6.781229649405714, 50.936292635548106 ] } },
{ "type": "Feature", "properties": { "poi": "Bar Location", "id": "Kohlscheid_station_bar_location", "quarter": "Kohlscheid_station", "footprint_area": 125.0 }, "geometry": { "type": "Point", "coordinates": [ 6.072442534043473, 50.829809521149301 ] } },
{ "type": "Feature", "properties": { "poi": "Cafe", "id": "Kohlscheid_station_cafe", "quarter": "Kohlscheid_station", "footprint_area": 125.0 }, "geometry": { "type": "Point", "coordinates": [ 6.072195682916932, 50.828452101415856 ] } },
{ "type": "Feature", "properties": { "poi": "Cinema Location", "id": "Kohlscheid_station_friend's_house", "quarter": "Kohlscheid_station", "work_location": null, "footprint_area": 125.0 }, "geometry": { "type": "Point", "coordinates": [ 6.072398972079966, 50.82880062776178 ] } },
{ "type": "Feature", "properties": { "poi": "Local Recreational Area", "id": "Kohlscheid_station_local_recreational_area", "quarter": "Kohlscheid_station", "work_location": null, "footprint_area": 125.0 }, "geometry": { "type": "Point", "coordinates": [ 6.072428013388972, 50.829323419328702 ] } },
{ "type": "Feature", "properties": { "poi": "Flea Market Location", "id": "Kohlscheid_station_flea_market_location", "quarter": "Kohlscheid_station", "work_location": null, "footprint_area": 125.0 }, "geometry": { "type": "Point", "coordinates": [ 6.071643898045838, 50.828855662757 ] } },
{ "type": "Feature", "properties": { "poi": "Kindergarden", "id": "Kohlscheid_station_kindergarden", "quarter": "Kohlscheid_station", "footprint_area": 125.0 }, "geometry": { "type": "Point", "coordinates": [ 6.071643898045838, 50.829350937816535 ] } },
{ "type": "Feature", "properties": { "poi": "Office Workplace", "id": "Kohlscheid_station_office_workplace", "quarter": "Kohlscheid_station", "work_location": null, "footprint_area": 125.0 }, "geometry": { "type": "Point", "coordinates": [ 6.071977873099396, 50.828598851398105 ] } },
{ "type": "Feature", "properties": { "poi": "Bar Location", "id": "Kornelienmuenster_station_south_bar_location", "quarter": "Kornelienmuenster_station_south", "footprint_area": 125.0 }, "geometry": { "type": "Point", "coordinates": [ 6.183401769209921, 50.727129815603043 ] } },
{ "type": "Feature", "properties": { "poi": "Cafe", "id": "Kornelienmuenster_station_south_cafe", "quarter": "Kornelienmuenster_station_south", "footprint_area": 125.0 }, "geometry": { "type": "Point", "coordinates": [ 6.184806667502084, 50.727785106875103 ] } },
{ "type": "Feature", "properties": { "poi": "Cinema Location", "id": "Kornelienmuenster_station_south_friend's_house", "quarter": "Kornelienmuenster_station_south", "work_location": null, "footprint_area": 125.0 }, "geometry": { "type": "Point", "coordinates": [ 6.181612372437797, 50.726549406642455 ] } },
{ "type": "Feature", "properties": { "poi": "Local Recreational Area", "id": "Kornelienmuenster_station_south_local_recreational_area", "quarter": "Kornelienmuenster_station_south", "work_location": null, "footprint_area": 125.0 }, "geometry": { "type": "Point", "coordinates": [ 6.180577184222519, 50.726034530671065 ] } },
{ "type": "Feature", "properties": { "poi": "Flea Market Location", "id": "Kornelienmuenster_station_south_flea_market_location", "quarter": "Kornelienmuenster_station_south", "work_location": null, "footprint_area": 125.0 }, "geometry": { "type": "Point", "coordinates": [ 6.183638383659129, 50.727242151696032 ] } },
{ "type": "Feature", "properties": { "poi": "Kindergarden", "id": "Kornelienmuenster_station_south_kindergarden", "quarter": "Kornelienmuenster_station_south", "footprint_area": 125.0 }, "geometry": { "type": "Point", "coordinates": [ 6.182070812933135, 50.726961308900989 ] } },
{ "type": "Feature", "properties": { "poi": "Office Workplace", "id": "Kornelienmuenster_station_south_office_workplace", "quarter": "Kornelienmuenster_station_south", "work_location": null, "footprint_area": 125.0 }, "geometry": { "type": "Point", "coordinates": [ 6.181627160840872, 50.726137501948529 ] } },
{ "type": "Feature", "properties": { "poi": "Bar Location", "id": "Korschenbroich_station_bar_location", "quarter": "Korschenbroich_station", "footprint_area": 125.0 }, "geometry": { "type": "Point", "coordinates": [ 6.516018827262278, 51.195424318902838 ] } },
{ "type": "Feature", "properties": { "poi": "Cafe", "id": "Korschenbroich_station_cafe", "quarter": "Korschenbroich_station", "footprint_area": 125.0 }, "geometry": { "type": "Point", "coordinates": [ 6.514952599442044, 51.196158357051594 ] } },
{ "type": "Feature", "properties": { "poi": "Cinema Location", "id": "Korschenbroich_station_friend's_house", "quarter": "Korschenbroich_station", "work_location": null, "footprint_area": 125.0 }, "geometry": { "type": "Point", "coordinates": [ 6.517700764105461, 51.195273745288887 ] } },
{ "type": "Feature", "properties": { "poi": "Local Recreational Area", "id": "Korschenbroich_station_local_recreational_area", "quarter": "Korschenbroich_station", "work_location": null, "footprint_area": 125.0 }, "geometry": { "type": "Point", "coordinates": [ 6.514336890419093, 51.196007786624612 ] } },
{ "type": "Feature", "properties": { "poi": "Flea Market Location", "id": "Korschenbroich_station_flea_market_location", "quarter": "Korschenbroich_station", "work_location": null, "footprint_area": 125.0 }, "geometry": { "type": "Point", "coordinates": [ 6.516829761097382, 51.196139531424762 ] } },
{ "type": "Feature", "properties": { "poi": "Kindergarden", "id": "Korschenbroich_station_kindergarden", "quarter": "Korschenbroich_station", "footprint_area": 125.0 }, "geometry": { "type": "Point", "coordinates": [ 6.514291838539365, 51.195791339861913 ] } },
{ "type": "Feature", "properties": { "poi": "Office Workplace", "id": "Korschenbroich_station_office_workplace", "quarter": "Korschenbroich_station", "work_location": null, "footprint_area": 125.0 }, "geometry": { "type": "Point", "coordinates": [ 6.514802426509617, 51.195584302828479 ] } },
{ "type": "Feature", "properties": { "poi": "Doctors Office", "id": "Korschenbroich_station_doctors_office", "quarter": "Korschenbroich_station", "footprint_area": 250.0 }, "geometry": { "type": "Point", "coordinates": [ 6.517850937037887, 51.195847799512002 ] } },
{ "type": "Feature", "properties": { "poi": "Supermarket", "id": "Korschenbroich_station_supermarket", "quarter": "Korschenbroich_station", "footprint_area": 250.0 }, "geometry": { "type": "Point", "coordinates": [ 6.51836152500814, 51.195574888103451 ] } },
{ "type": "Feature", "properties": { "poi": "Indoor Swimming Pool", "id": "Korschenbroich_station_indoor_swimming_pool", "quarter": "Korschenbroich_station", "footprint_area": 250.0 }, "geometry": { "type": "Point", "coordinates": [ 6.519397718241887, 51.195245510622833 ] } },
{ "type": "Feature", "properties": { "poi": "Yoga Studio", "id": "Korschenbroich_station_yoga_studio", "quarter": "Korschenbroich_station", "footprint_area": 250.0 }, "geometry": { "type": "Point", "coordinates": [ 6.517790867864917, 51.195650175094954 ] } },
{ "type": "Feature", "properties": { "poi": "Bar Location", "id": "Mechernich_station_bar_location", "quarter": "Mechernich_station", "footprint_area": 125.0 }, "geometry": { "type": "Point", "coordinates": [ 6.636906791588184, 50.589503002822767 ] } },
{ "type": "Feature", "properties": { "poi": "Cafe", "id": "Mechernich_station_cafe", "quarter": "Mechernich_station", "footprint_area": 125.0 }, "geometry": { "type": "Point", "coordinates": [ 6.635459777291023, 50.589446757742024 ] } },
{ "type": "Feature", "properties": { "poi": "Cinema Location", "id": "Mechernich_station_friend's_house", "quarter": "Mechernich_station", "work_location": null, "footprint_area": 125.0 }, "geometry": { "type": "Point", "coordinates": [ 6.639003485773868, 50.589606118629604 ] } },
{ "type": "Feature", "properties": { "poi": "Local Recreational Area", "id": "Mechernich_station_local_recreational_area", "quarter": "Mechernich_station", "work_location": null, "footprint_area": 125.0 }, "geometry": { "type": "Point", "coordinates": [ 6.635533604551081, 50.59000920552576 ] } },
{ "type": "Feature", "properties": { "poi": "Flea Market Location", "id": "Mechernich_station_flea_market_location", "quarter": "Mechernich_station", "work_location": null, "footprint_area": 125.0 }, "geometry": { "type": "Point", "coordinates": [ 6.637556471476706, 50.590084198055919 ] } },
{ "type": "Feature", "properties": { "poi": "Kindergarden", "id": "Mechernich_station_kindergarden", "quarter": "Mechernich_station", "footprint_area": 125.0 }, "geometry": { "type": "Point", "coordinates": [ 6.638590053117537, 50.589596744474683 ] } },
{ "type": "Feature", "properties": { "poi": "Office Workplace", "id": "Mechernich_station_office_workplace", "quarter": "Mechernich_station", "work_location": null, "footprint_area": 125.0 }, "geometry": { "type": "Point", "coordinates": [ 6.639062547581915, 50.590365418980113 ] } },
{ "type": "Feature", "properties": { "poi": "Doctors Office", "id": "Mechernich_station_doctors_office", "quarter": "Mechernich_station", "footprint_area": 250.0 }, "geometry": { "type": "Point", "coordinates": [ 6.636641013451971, 50.590365418980113 ] } },
{ "type": "Feature", "properties": { "poi": "Supermarket", "id": "Mechernich_station_supermarket", "quarter": "Mechernich_station", "footprint_area": 250.0 }, "geometry": { "type": "Point", "coordinates": [ 6.637143038820374, 50.590065449934578 ] } },
{ "type": "Feature", "properties": { "poi": "Indoor Swimming Pool", "id": "Mechernich_station_indoor_swimming_pool", "quarter": "Mechernich_station", "footprint_area": 250.0 }, "geometry": { "type": "Point", "coordinates": [ 6.639033016677891, 50.590702881871792 ] } },
{ "type": "Feature", "properties": { "poi": "Yoga Studio", "id": "Mechernich_station_yoga_studio", "quarter": "Mechernich_station", "footprint_area": 250.0 }, "geometry": { "type": "Point", "coordinates": [ 6.639653165662389, 50.59011232022393 ] } },
{ "type": "Feature", "properties": { "poi": "Bar Location", "id": "Meerbusch_station_bar_location", "quarter": "Meerbusch_station", "footprint_area": 125.0 }, "geometry": { "type": "Point", "coordinates": [ 6.677403122803507, 51.266123821093473 ] } },
{ "type": "Feature", "properties": { "poi": "Cafe", "id": "Meerbusch_station_cafe", "quarter": "Meerbusch_station", "footprint_area": 125.0 }, "geometry": { "type": "Point", "coordinates": [ 6.674517835111763, 51.265010070161324 ] } },
{ "type": "Feature", "properties": { "poi": "Cinema Location", "id": "Meerbusch_station_friend's_house", "quarter": "Meerbusch_station", "work_location": null, "footprint_area": 125.0 }, "geometry": { "type": "Point", "coordinates": [ 6.678809879986544, 51.264471121670745 ] } },
{ "type": "Feature", "properties": { "poi": "Local Recreational Area", "id": "Meerbusch_station_local_recreational_area", "quarter": "Meerbusch_station", "work_location": null, "footprint_area": 125.0 }, "geometry": { "type": "Point", "coordinates": [ 6.675752336313205, 51.265270544245595 ] } },
{ "type": "Feature", "properties": { "poi": "Flea Market Location", "id": "Meerbusch_station_flea_market_location", "quarter": "Meerbusch_station", "work_location": null, "footprint_area": 125.0 }, "geometry": { "type": "Point", "coordinates": [ 6.677876826752899, 51.264632808424771 ] } },
{ "type": "Feature", "properties": { "poi": "Kindergarden", "id": "Meerbusch_station_kindergarden", "quarter": "Meerbusch_station", "footprint_area": 125.0 }, "geometry": { "type": "Point", "coordinates": [ 6.675737981648073, 51.265863352731628 ] } },
{ "type": "Feature", "properties": { "poi": "Office Workplace", "id": "Meerbusch_station_office_workplace", "quarter": "Meerbusch_station", "work_location": null, "footprint_area": 125.0 }, "geometry": { "type": "Point", "coordinates": [ 6.677173448161379, 51.266294477995466 ] } },
{ "type": "Feature", "properties": { "poi": "Doctors Office", "id": "Meerbusch_station_doctors_office", "quarter": "Meerbusch_station", "footprint_area": 250.0 }, "geometry": { "type": "Point", "coordinates": [ 6.674675736428227, 51.26431845359501 ] } },
{ "type": "Feature", "properties": { "poi": "Supermarket", "id": "Meerbusch_station_supermarket", "quarter": "Meerbusch_station", "footprint_area": 250.0 }, "geometry": { "type": "Point", "coordinates": [ 6.679240519940537, 51.264659738476034 ] } },
{ "type": "Feature", "properties": { "poi": "Indoor Swimming Pool", "id": "Meerbusch_station_indoor_swimming_pool", "quarter": "Meerbusch_station", "footprint_area": 250.0 }, "geometry": { "type": "Point", "coordinates": [ 6.675149440377617, 51.264480127907056 ] } },
{ "type": "Feature", "properties": { "poi": "Yoga Studio", "id": "Meerbusch_station_yoga_studio", "quarter": "Meerbusch_station", "footprint_area": 250.0 }, "geometry": { "type": "Point", "coordinates": [ 6.678651978670083, 51.265126812843285 ] } },
{ "type": "Feature", "properties": { "poi": "Bar Location", "id": "Moenchengladbach_hbf_bar_location", "quarter": "Moenchengladbach_hbf", "footprint_area": 125.0 }, "geometry": { "type": "Point", "coordinates": [ 6.453815113645206, 51.199428401410906 ] } },
{ "type": "Feature", "properties": { "poi": "Cafe", "id": "Moenchengladbach_hbf_cafe", "quarter": "Moenchengladbach_hbf", "footprint_area": 125.0 }, "geometry": { "type": "Point", "coordinates": [ 6.452602464593022, 51.198316397407794 ] } },
{ "type": "Feature", "properties": { "poi": "Cinema Location", "id": "Moenchengladbach_hbf_friend's_house", "quarter": "Moenchengladbach_hbf", "work_location": null, "footprint_area": 125.0 }, "geometry": { "type": "Point", "coordinates": [ 6.452114447291534, 51.198835340347522 ] } },
{ "type": "Feature", "properties": { "poi": "Local Recreational Area", "id": "Moenchengladbach_hbf_local_recreational_area", "quarter": "Moenchengladbach_hbf", "work_location": null, "footprint_area": 125.0 }, "geometry": { "type": "Point", "coordinates": [ 6.455560145208103, 51.199335723224259 ] } },
{ "type": "Feature", "properties": { "poi": "Flea Market Location", "id": "Moenchengladbach_hbf_flea_market_location", "quarter": "Moenchengladbach_hbf", "work_location": null, "footprint_area": 125.0 }, "geometry": { "type": "Point", "coordinates": [ 6.455708029238857, 51.19848320410798 ] } },
{ "type": "Feature", "properties": { "poi": "Kindergarden", "id": "Moenchengladbach_hbf_kindergarden", "quarter": "Moenchengladbach_hbf", "footprint_area": 125.0 }, "geometry": { "type": "Point", "coordinates": [ 6.455397472774274, 51.198798273755195 ] } },
{ "type": "Feature", "properties": { "poi": "Office Workplace", "id": "Moenchengladbach_hbf_office_workplace", "quarter": "Moenchengladbach_hbf", "work_location": null, "footprint_area": 125.0 }, "geometry": { "type": "Point", "coordinates": [ 6.455057339503539, 51.198473933307845 ] } },
{ "type": "Feature", "properties": { "poi": "Doctors Office", "id": "Moenchengladbach_hbf_doctors_office", "quarter": "Moenchengladbach_hbf", "footprint_area": 250.0 }, "geometry": { "type": "Point", "coordinates": [ 6.452646829802249, 51.199446941480772 ] } },
{ "type": "Feature", "properties": { "poi": "Supermarket", "id": "Moenchengladbach_hbf_supermarket", "quarter": "Moenchengladbach_hbf", "footprint_area": 250.0 }, "geometry": { "type": "Point", "coordinates": [ 6.455072127906615, 51.199873198002521 ] } },
{ "type": "Feature", "properties": { "poi": "Indoor Swimming Pool", "id": "Moenchengladbach_hbf_indoor_swimming_pool", "quarter": "Moenchengladbach_hbf", "footprint_area": 250.0 }, "geometry": { "type": "Point", "coordinates": [ 6.45344540356832, 51.19861292889383 ] } },
{ "type": "Feature", "properties": { "poi": "Yoga Studio", "id": "Moenchengladbach_hbf_yoga_studio", "quarter": "Moenchengladbach_hbf", "footprint_area": 250.0 }, "geometry": { "type": "Point", "coordinates": [ 6.455870701672686, 51.199604458159456 ] } },
{ "type": "Feature", "properties": { "poi": "Bar Location", "id": "Moenchengladbach_neusser_str_bar_location", "quarter": "Moenchengladbach_neusser_str", "footprint_area": 125.0 }, "geometry": { "type": "Point", "coordinates": [ 6.46907674561902, 51.202569673568334 ] } },
{ "type": "Feature", "properties": { "poi": "Cafe", "id": "Moenchengladbach_neusser_str_cafe", "quarter": "Moenchengladbach_neusser_str", "footprint_area": 125.0 }, "geometry": { "type": "Point", "coordinates": [ 6.470851353988068, 51.202717930919825 ] } },
{ "type": "Feature", "properties": { "poi": "Cinema Location", "id": "Moenchengladbach_neusser_str_friend's_house", "quarter": "Moenchengladbach_neusser_str", "work_location": null, "footprint_area": 125.0 }, "geometry": { "type": "Point", "coordinates": [ 6.470304183074278, 51.202856919195447 ] } },
{ "type": "Feature", "properties": { "poi": "Local Recreational Area", "id": "Moenchengladbach_neusser_str_local_recreational_area", "quarter": "Moenchengladbach_neusser_str", "work_location": null, "footprint_area": 125.0 }, "geometry": { "type": "Point", "coordinates": [ 6.470895719197294, 51.202365822091714 ] } },
{ "type": "Feature", "properties": { "poi": "Flea Market Location", "id": "Moenchengladbach_neusser_str_flea_market_location", "quarter": "Moenchengladbach_neusser_str", "work_location": null, "footprint_area": 125.0 }, "geometry": { "type": "Point", "coordinates": [ 6.470008415012771, 51.202189767907861 ] } },
{ "type": "Feature", "properties": { "poi": "Kindergarden", "id": "Moenchengladbach_neusser_str_kindergarden", "quarter": "Moenchengladbach_neusser_str", "footprint_area": 125.0 }, "geometry": { "type": "Point", "coordinates": [ 6.469875319385091, 51.202875451037727 ] } },
{ "type": "Feature", "properties": { "poi": "Office Workplace", "id": "Moenchengladbach_neusser_str_office_workplace", "quarter": "Moenchengladbach_neusser_str", "work_location": null, "footprint_area": 125.0 }, "geometry": { "type": "Point", "coordinates": [ 6.469520397711282, 51.202189767907861 ] } },
{ "type": "Feature", "properties": { "poi": "Bar Location", "id": "Neuss_hbf_bar_location", "quarter": "Neuss_hbf", "footprint_area": 125.0 }, "geometry": { "type": "Point", "coordinates": [ 6.683379191685449, 51.20506330554052 ] } },
{ "type": "Feature", "properties": { "poi": "Cafe", "id": "Neuss_hbf_cafe", "quarter": "Neuss_hbf", "footprint_area": 125.0 }, "geometry": { "type": "Point", "coordinates": [ 6.682358791873247, 51.20620294170952 ] } },
{ "type": "Feature", "properties": { "poi": "Cinema Location", "id": "Neuss_hbf_friend's_house", "quarter": "Neuss_hbf", "work_location": null, "footprint_area": 125.0 }, "geometry": { "type": "Point", "coordinates": [ 6.682905962787037, 51.206101024175879 ] } },
{ "type": "Feature", "properties": { "poi": "Local Recreational Area", "id": "Neuss_hbf_local_recreational_area", "quarter": "Neuss_hbf", "work_location": null, "footprint_area": 125.0 }, "geometry": { "type": "Point", "coordinates": [ 6.682299638260946, 51.205396860508827 ] } },
{ "type": "Feature", "properties": { "poi": "Flea Market Location", "id": "Neuss_hbf_flea_market_location", "quarter": "Neuss_hbf", "work_location": null, "footprint_area": 125.0 }, "geometry": { "type": "Point", "coordinates": [ 6.681634160122552, 51.20509110188015 ] } },
{ "type": "Feature", "properties": { "poi": "Kindergarden", "id": "Neuss_hbf_kindergarden", "quarter": "Neuss_hbf", "footprint_area": 125.0 }, "geometry": { "type": "Point", "coordinates": [ 6.68009616620271, 51.205378329740626 ] } },
{ "type": "Feature", "properties": { "poi": "Office Workplace", "id": "Neuss_hbf_office_workplace", "quarter": "Neuss_hbf", "work_location": null, "footprint_area": 125.0 }, "geometry": { "type": "Point", "coordinates": [ 6.681308815254894, 51.206693995755856 ] } },
{ "type": "Feature", "properties": { "poi": "Doctors Office", "id": "Neuss_hbf_doctors_office", "quarter": "Neuss_hbf", "footprint_area": 250.0 }, "geometry": { "type": "Point", "coordinates": [ 6.681530641301024, 51.20543392202287 ] } },
{ "type": "Feature", "properties": { "poi": "Supermarket", "id": "Neuss_hbf_supermarket", "quarter": "Neuss_hbf", "footprint_area": 250.0 }, "geometry": { "type": "Point", "coordinates": [ 6.68321651925162, 51.206249267786603 ] } },
{ "type": "Feature", "properties": { "poi": "Indoor Swimming Pool", "id": "Neuss_hbf_indoor_swimming_pool", "quarter": "Neuss_hbf", "footprint_area": 250.0 }, "geometry": { "type": "Point", "coordinates": [ 6.680687702325726, 51.205387595125664 ] } },
{ "type": "Feature", "properties": { "poi": "Yoga Studio", "id": "Neuss_hbf_yoga_studio", "quarter": "Neuss_hbf", "footprint_area": 250.0 }, "geometry": { "type": "Point", "coordinates": [ 6.681841197765608, 51.205600698466974 ] } },
{ "type": "Feature", "properties": { "poi": "Bar Location", "id": "Neuss_holtzheim_station_bar_location", "quarter": "Neuss_holtzheim_station", "footprint_area": 125.0 }, "geometry": { "type": "Point", "coordinates": [ 6.66782179165013, 51.167987747225489 ] } },
{ "type": "Feature", "properties": { "poi": "Cafe", "id": "Neuss_holtzheim_station_cafe", "quarter": "Neuss_holtzheim_station", "footprint_area": 125.0 }, "geometry": { "type": "Point", "coordinates": [ 6.668605577013127, 51.168154658018814 ] } },
{ "type": "Feature", "properties": { "poi": "Cinema Location", "id": "Neuss_holtzheim_station_friend's_house", "quarter": "Neuss_holtzheim_station", "work_location": null, "footprint_area": 125.0 }, "geometry": { "type": "Point", "coordinates": [ 6.669374573973047, 51.168321566526352 ] } },
{ "type": "Feature", "properties": { "poi": "Local Recreational Area", "id": "Neuss_holtzheim_station_local_recreational_area", "quarter": "Neuss_holtzheim_station", "work_location": null, "footprint_area": 125.0 }, "geometry": { "type": "Point", "coordinates": [ 6.668531634997749, 51.169582659115406 ] } },
{ "type": "Feature", "properties": { "poi": "Flea Market Location", "id": "Neuss_holtzheim_station_flea_market_location", "quarter": "Neuss_holtzheim_station", "work_location": null, "footprint_area": 125.0 }, "geometry": { "type": "Point", "coordinates": [ 6.66910838271769, 51.169230296270143 ] } },
{ "type": "Feature", "properties": { "poi": "Kindergarden", "id": "Neuss_holtzheim_station_kindergarden", "quarter": "Neuss_holtzheim_station", "footprint_area": 125.0 }, "geometry": { "type": "Point", "coordinates": [ 6.669211901539218, 51.168905751406633 ] } },
{ "type": "Feature", "properties": { "poi": "Office Workplace", "id": "Neuss_holtzheim_station_office_workplace", "quarter": "Neuss_holtzheim_station", "work_location": null, "footprint_area": 125.0 }, "geometry": { "type": "Point", "coordinates": [ 6.668812614656183, 51.167848652478625 ] } },
{ "type": "Feature", "properties": { "poi": "Doctors Office", "id": "Neuss_holtzheim_station_doctors_office", "quarter": "Neuss_holtzheim_station", "footprint_area": 250.0 }, "geometry": { "type": "Point", "coordinates": [ 6.669211901539218, 51.169489929330766 ] } },
{ "type": "Feature", "properties": { "poi": "Supermarket", "id": "Neuss_holtzheim_station_supermarket", "quarter": "Neuss_holtzheim_station", "footprint_area": 250.0 }, "geometry": { "type": "Point", "coordinates": [ 6.668590788610053, 51.168738845196046 ] } },
{ "type": "Feature", "properties": { "poi": "Indoor Swimming Pool", "id": "Neuss_holtzheim_station_indoor_swimming_pool", "quarter": "Neuss_holtzheim_station", "footprint_area": 250.0 }, "geometry": { "type": "Point", "coordinates": [ 6.669433727585348, 51.167440642500168 ] } },
{ "type": "Feature", "properties": { "poi": "Yoga Studio", "id": "Neuss_holtzheim_station_yoga_studio", "quarter": "Neuss_holtzheim_station", "footprint_area": 250.0 }, "geometry": { "type": "Point", "coordinates": [ 6.668161924920866, 51.167941382356474 ] } },
{ "type": "Feature", "properties": { "poi": "Bar Location", "id": "Neuss_norf_bar_location", "quarter": "Neuss_norf", "footprint_area": 125.0 }, "geometry": { "type": "Point", "coordinates": [ 6.726099191069522, 51.162910568747613 ] } },
{ "type": "Feature", "properties": { "poi": "Cafe", "id": "Neuss_norf_cafe", "quarter": "Neuss_norf", "footprint_area": 125.0 }, "geometry": { "type": "Point", "coordinates": [ 6.725699904186484, 51.161658553827777 ] } },
{ "type": "Feature", "properties": { "poi": "Cinema Location", "id": "Neuss_norf_friend's_house", "quarter": "Neuss_norf", "work_location": null, "footprint_area": 125.0 }, "geometry": { "type": "Point", "coordinates": [ 6.726886673533287, 51.161199479675986 ] } },
{ "type": "Feature", "properties": { "poi": "Local Recreational Area", "id": "Neuss_norf_local_recreational_area", "quarter": "Neuss_norf", "work_location": null, "footprint_area": 125.0 }, "geometry": { "type": "Point", "coordinates": [ 6.725256252094224, 51.161915911569317 ] } },
{ "type": "Feature", "properties": { "poi": "Flea Market Location", "id": "Neuss_norf_flea_market_location", "quarter": "Neuss_norf", "work_location": null, "footprint_area": 125.0 }, "geometry": { "type": "Point", "coordinates": [ 6.728106716787008, 51.161915911440317 ] } },
{ "type": "Feature", "properties": { "poi": "Kindergarden", "id": "Neuss_norf_kindergarden", "quarter": "Neuss_norf", "footprint_area": 125.0 }, "geometry": { "type": "Point", "coordinates": [ 6.725089882559627, 51.162820141598907 ] } },
{ "type": "Feature", "properties": { "poi": "Office Workplace", "id": "Neuss_norf_office_workplace", "quarter": "Neuss_norf", "work_location": null, "footprint_area": 125.0 }, "geometry": { "type": "Point", "coordinates": [ 6.724424404421232, 51.162430622744999 ] } },
{ "type": "Feature", "properties": { "poi": "Doctors Office", "id": "Neuss_norf_doctors_office", "quarter": "Neuss_norf", "footprint_area": 250.0 }, "geometry": { "type": "Point", "coordinates": [ 6.724768234792735, 51.163571334589754 ] } },
{ "type": "Feature", "properties": { "poi": "Supermarket", "id": "Neuss_norf_supermarket", "quarter": "Neuss_norf", "footprint_area": 250.0 }, "geometry": { "type": "Point", "coordinates": [ 6.727696338601666, 51.161665509370053 ] } },
{ "type": "Feature", "properties": { "poi": "Indoor Swimming Pool", "id": "Neuss_norf_indoor_swimming_pool", "quarter": "Neuss_norf", "footprint_area": 250.0 }, "geometry": { "type": "Point", "coordinates": [ 6.726598299673316, 51.161401195237772 ] } },
{ "type": "Feature", "properties": { "poi": "Yoga Studio", "id": "Neuss_norf_yoga_studio", "quarter": "Neuss_norf", "footprint_area": 250.0 }, "geometry": { "type": "Point", "coordinates": [ 6.727319234323243, 51.161449884275939 ] } },
{ "type": "Feature", "properties": { "poi": "Bar Location", "id": "Neuss_sued_bar_location", "quarter": "Neuss_sued", "footprint_area": 125.0 }, "geometry": { "type": "Point", "coordinates": [ 6.690714239610851, 51.184341095704745 ] } },
{ "type": "Feature", "properties": { "poi": "Cafe", "id": "Neuss_sued_cafe", "quarter": "Neuss_sued", "footprint_area": 125.0 }, "geometry": { "type": "Point", "coordinates": [ 6.691335352540018, 51.184239131451001 ] } },
{ "type": "Feature", "properties": { "poi": "Cinema Location", "id": "Neuss_sued_friend's_house", "quarter": "Neuss_sued", "work_location": null, "footprint_area": 125.0 }, "geometry": { "type": "Point", "coordinates": [ 6.69103958447851, 51.185036323092859 ] } },
{ "type": "Feature", "properties": { "poi": "Local Recreational Area", "id": "Neuss_sued_local_recreational_area", "quarter": "Neuss_sued", "work_location": null, "footprint_area": 125.0 }, "geometry": { "type": "Point", "coordinates": [ 6.690477625161646, 51.18509193626133 ] } },
{ "type": "Feature", "properties": { "poi": "Flea Market Location", "id": "Neuss_sued_flea_market_location", "quarter": "Neuss_sued", "work_location": null, "footprint_area": 125.0 }, "geometry": { "type": "Point", "coordinates": [ 6.691350140943094, 51.184823122987353 ] } },
{ "type": "Feature", "properties": { "poi": "Kindergarden", "id": "Neuss_sued_kindergarden", "quarter": "Neuss_sued", "footprint_area": 125.0 }, "geometry": { "type": "Point", "coordinates": [ 6.689575532574045, 51.18536074466045 ] } },
{ "type": "Feature", "properties": { "poi": "Office Workplace", "id": "Neuss_sued_office_workplace", "quarter": "Neuss_sued", "work_location": null, "footprint_area": 125.0 }, "geometry": { "type": "Point", "coordinates": [ 6.692858558056784, 51.18338631636523 ] } },
{ "type": "Feature", "properties": { "poi": "Doctors Office", "id": "Neuss_sued_doctors_office", "quarter": "Neuss_sued", "footprint_area": 250.0 }, "geometry": { "type": "Point", "coordinates": [ 6.691690274213828, 51.184025929158814 ] } },
{ "type": "Feature", "properties": { "poi": "Supermarket", "id": "Neuss_sued_supermarket", "quarter": "Neuss_sued", "footprint_area": 250.0 }, "geometry": { "type": "Point", "coordinates": [ 6.692089561096864, 51.184350371409607 ] } },
{ "type": "Feature", "properties": { "poi": "Indoor Swimming Pool", "id": "Neuss_sued_indoor_swimming_pool", "quarter": "Neuss_sued", "footprint_area": 250.0 }, "geometry": { "type": "Point", "coordinates": [ 6.690033973069383, 51.184378173980228 ] } },
{ "type": "Feature", "properties": { "poi": "Yoga Studio", "id": "Neuss_sued_yoga_studio", "quarter": "Neuss_sued", "footprint_area": 250.0 }, "geometry": { "type": "Point", "coordinates": [ 6.691897311856885, 51.184192785458727 ] } },
{ "type": "Feature", "properties": { "poi": "Bar Location", "id": "Nievenheim_station_bar_location", "quarter": "Nievenheim_station", "footprint_area": 125.0 }, "geometry": { "type": "Point", "coordinates": [ 6.778174231448775, 51.125268368876199 ] } },
{ "type": "Feature", "properties": { "poi": "Cafe", "id": "Nievenheim_station_cafe", "quarter": "Nievenheim_station", "footprint_area": 125.0 }, "geometry": { "type": "Point", "coordinates": [ 6.779777961849992, 51.123669191653619 ] } },
{ "type": "Feature", "properties": { "poi": "Cinema Location", "id": "Nievenheim_station_friend's_house", "quarter": "Nievenheim_station", "work_location": null, "footprint_area": 125.0 }, "geometry": { "type": "Point", "coordinates": [ 6.779538151696538, 51.123857333125457 ] } },
{ "type": "Feature", "properties": { "poi": "Local Recreational Area", "id": "Nievenheim_station_local_recreational_area", "quarter": "Nievenheim_station", "work_location": null, "footprint_area": 125.0 }, "geometry": { "type": "Point", "coordinates": [ 6.77751475352678, 51.125776333366979 ] } },
{ "type": "Feature", "properties": { "poi": "Flea Market Location", "id": "Nievenheim_station_flea_market_location", "quarter": "Nievenheim_station", "work_location": null, "footprint_area": 125.0 }, "geometry": { "type": "Point", "coordinates": [ 6.777155038296599, 51.124769810069132 ] } },
{ "type": "Feature", "properties": { "poi": "Kindergarden", "id": "Nievenheim_station_kindergarden", "quarter": "Nievenheim_station", "footprint_area": 125.0 }, "geometry": { "type": "Point", "coordinates": [ 6.778294136525502, 51.123960818051032 ] } },
{ "type": "Feature", "properties": { "poi": "Office Workplace", "id": "Nievenheim_station_office_workplace", "quarter": "Nievenheim_station", "work_location": null, "footprint_area": 125.0 }, "geometry": { "type": "Point", "coordinates": [ 6.777274943373327, 51.125908026952693 ] } },
{ "type": "Feature", "properties": { "poi": "Doctors Office", "id": "Nievenheim_station_doctors_office", "quarter": "Nievenheim_station", "footprint_area": 250.0 }, "geometry": { "type": "Point", "coordinates": [ 6.777140050162009, 51.125607012111431 ] } },
{ "type": "Feature", "properties": { "poi": "Supermarket", "id": "Nievenheim_station_supermarket", "quarter": "Nievenheim_station", "footprint_area": 250.0 }, "geometry": { "type": "Point", "coordinates": [ 6.777634658603505, 51.12447819830043 ] } },
{ "type": "Feature", "properties": { "poi": "Indoor Swimming Pool", "id": "Nievenheim_station_indoor_swimming_pool", "quarter": "Nievenheim_station", "footprint_area": 250.0 }, "geometry": { "type": "Point", "coordinates": [ 6.779912855061308, 51.124026654381005 ] } },
{ "type": "Feature", "properties": { "poi": "Yoga Studio", "id": "Nievenheim_station_yoga_studio", "quarter": "Nievenheim_station", "footprint_area": 250.0 }, "geometry": { "type": "Point", "coordinates": [ 6.779658056773265, 51.124901495991871 ] } },
{ "type": "Feature", "properties": { "poi": "Bar Location", "id": "Osterath_station_bar_location", "quarter": "Osterath_station", "footprint_area": 125.0 }, "geometry": { "type": "Point", "coordinates": [ 6.637813308053979, 51.271874671170281 ] } },
{ "type": "Feature", "properties": { "poi": "Cafe", "id": "Osterath_station_cafe", "quarter": "Osterath_station", "footprint_area": 125.0 }, "geometry": { "type": "Point", "coordinates": [ 6.636970187908231, 51.27270227174391 ] } },
{ "type": "Feature", "properties": { "poi": "Cinema Location", "id": "Osterath_station_friend's_house", "quarter": "Osterath_station", "work_location": null, "footprint_area": 125.0 }, "geometry": { "type": "Point", "coordinates": [ 6.633975657735401, 51.27126533185811 ] } },
{ "type": "Feature", "properties": { "poi": "Local Recreational Area", "id": "Osterath_station_local_recreational_area", "quarter": "Osterath_station", "work_location": null, "footprint_area": 125.0 }, "geometry": { "type": "Point", "coordinates": [ 6.637508040415002, 51.271729156533304 ] } },
{ "type": "Feature", "properties": { "poi": "Flea Market Location", "id": "Osterath_station_flea_market_location", "quarter": "Osterath_station", "work_location": null, "footprint_area": 125.0 }, "geometry": { "type": "Point", "coordinates": [ 6.638205795018379, 51.272147509872582 ] } },
{ "type": "Feature", "properties": { "poi": "Kindergarden", "id": "Osterath_station_kindergarden", "quarter": "Osterath_station", "footprint_area": 125.0 }, "geometry": { "type": "Point", "coordinates": [ 6.635429313159104, 51.27091064318045 ] } },
{ "type": "Feature", "properties": { "poi": "Office Workplace", "id": "Osterath_station_office_workplace", "quarter": "Osterath_station", "work_location": null, "footprint_area": 125.0 }, "geometry": { "type": "Point", "coordinates": [ 6.634847850989623, 51.272483987757077 ] } },
{ "type": "Feature", "properties": { "poi": "Doctors Office", "id": "Osterath_station_doctors_office", "quarter": "Osterath_station", "footprint_area": 250.0 }, "geometry": { "type": "Point", "coordinates": [ 6.637144626559075, 51.272165694626523 ] } },
{ "type": "Feature", "properties": { "poi": "Supermarket", "id": "Osterath_station_supermarket", "quarter": "Osterath_station", "footprint_area": 250.0 }, "geometry": { "type": "Point", "coordinates": [ 6.636693993377727, 51.271101629111939 ] } },
{ "type": "Feature", "properties": { "poi": "Indoor Swimming Pool", "id": "Osterath_station_indoor_swimming_pool", "quarter": "Osterath_station", "footprint_area": 250.0 }, "geometry": { "type": "Point", "coordinates": [ 6.635472922821815, 51.272811396338277 ] } },
{ "type": "Feature", "properties": { "poi": "Yoga Studio", "id": "Osterath_station_yoga_studio", "quarter": "Osterath_station", "footprint_area": 250.0 }, "geometry": { "type": "Point", "coordinates": [ 6.63510950896589, 51.270728749236227 ] } },
{ "type": "Feature", "properties": { "poi": "Bar Location", "id": "Puhlheim_station_bar_location", "quarter": "Puhlheim_station", "footprint_area": 125.0 }, "geometry": { "type": "Point", "coordinates": [ 6.789908965687097, 50.998497321803576 ] } },
{ "type": "Feature", "properties": { "poi": "Cafe", "id": "Puhlheim_station_cafe", "quarter": "Puhlheim_station", "footprint_area": 125.0 }, "geometry": { "type": "Point", "coordinates": [ 6.789335229990032, 50.99784923235115 ] } },
{ "type": "Feature", "properties": { "poi": "Cinema Location", "id": "Puhlheim_station_friend's_house", "quarter": "Puhlheim_station", "work_location": null, "footprint_area": 125.0 }, "geometry": { "type": "Point", "coordinates": [ 6.789291096474873, 50.99662711548099 ] } },
{ "type": "Feature", "properties": { "poi": "Local Recreational Area", "id": "Puhlheim_station_local_recreational_area", "quarter": "Puhlheim_station", "work_location": null, "footprint_area": 125.0 }, "geometry": { "type": "Point", "coordinates": [ 6.788996873040481, 50.996506753420299 ] } },
{ "type": "Feature", "properties": { "poi": "Flea Market Location", "id": "Puhlheim_station_flea_market_location", "quarter": "Puhlheim_station", "work_location": null, "footprint_area": 125.0 }, "geometry": { "type": "Point", "coordinates": [ 6.787643445242277, 50.997830723248697 ] } },
{ "type": "Feature", "properties": { "poi": "Kindergarden", "id": "Puhlheim_station_kindergarden", "quarter": "Puhlheim_station", "footprint_area": 125.0 }, "geometry": { "type": "Point", "coordinates": [ 6.787349221807884, 50.997228921101375 ] } },
{ "type": "Feature", "properties": { "poi": "Office Workplace", "id": "Puhlheim_station_office_workplace", "quarter": "Puhlheim_station", "work_location": null, "footprint_area": 125.0 }, "geometry": { "type": "Point", "coordinates": [ 6.789967810373976, 50.996895614337475 ] } },
{ "type": "Feature", "properties": { "poi": "Doctors Office", "id": "Puhlheim_station_doctors_office", "quarter": "Puhlheim_station", "footprint_area": 250.0 }, "geometry": { "type": "Point", "coordinates": [ 6.789232251787996, 50.998719528411428 ] } },
{ "type": "Feature", "properties": { "poi": "Supermarket", "id": "Puhlheim_station_supermarket", "quarter": "Puhlheim_station", "footprint_area": 250.0 }, "geometry": { "type": "Point", "coordinates": [ 6.789408785848631, 50.997414090594667 ] } },
{ "type": "Feature", "properties": { "poi": "Indoor Swimming Pool", "id": "Puhlheim_station_indoor_swimming_pool", "quarter": "Puhlheim_station", "footprint_area": 250.0 }, "geometry": { "type": "Point", "coordinates": [ 6.791041725909507, 50.997154851919255 ] } },
{ "type": "Feature", "properties": { "poi": "Yoga Studio", "id": "Puhlheim_station_yoga_studio", "quarter": "Puhlheim_station", "footprint_area": 250.0 }, "geometry": { "type": "Point", "coordinates": [ 6.788820338979846, 50.996673407134764 ] } },
{ "type": "Feature", "properties": { "poi": "Bar Location", "id": "Rheydt_odenkirchen_bar_location", "quarter": "Rheydt_odenkirchen", "footprint_area": 125.0 }, "geometry": { "type": "Point", "coordinates": [ 6.440372455249663, 51.137996372788429 ] } },
{ "type": "Feature", "properties": { "poi": "Cafe", "id": "Rheydt_odenkirchen_cafe", "quarter": "Rheydt_odenkirchen", "footprint_area": 125.0 }, "geometry": { "type": "Point", "coordinates": [ 6.437533081859185, 51.137281891996587 ] } },
{ "type": "Feature", "properties": { "poi": "Cinema Location", "id": "Rheydt_odenkirchen_friend's_house", "quarter": "Rheydt_odenkirchen", "work_location": null, "footprint_area": 125.0 }, "geometry": { "type": "Point", "coordinates": [ 6.438730942508292, 51.137977824903729 ] } },
{ "type": "Feature", "properties": { "poi": "Local Recreational Area", "id": "Rheydt_odenkirchen_local_recreational_area", "quarter": "Rheydt_odenkirchen", "work_location": null, "footprint_area": 125.0 }, "geometry": { "type": "Point", "coordinates": [ 6.438878826539047, 51.136604511313678 ] } },
{ "type": "Feature", "properties": { "poi": "Flea Market Location", "id": "Rheydt_odenkirchen_flea_market_location", "quarter": "Rheydt_odenkirchen", "work_location": null, "footprint_area": 125.0 }, "geometry": { "type": "Point", "coordinates": [ 6.438109829579126, 51.138107732859943 ] } },
{ "type": "Feature", "properties": { "poi": "Kindergarden", "id": "Rheydt_odenkirchen_kindergarden", "quarter": "Rheydt_odenkirchen", "footprint_area": 125.0 }, "geometry": { "type": "Point", "coordinates": [ 6.439396420646686, 51.136474602130377 ] } },
{ "type": "Feature", "properties": { "poi": "Office Workplace", "id": "Rheydt_odenkirchen_office_workplace", "quarter": "Rheydt_odenkirchen", "work_location": null, "footprint_area": 125.0 }, "geometry": { "type": "Point", "coordinates": [ 6.436335221210078, 51.137486032332149 ] } },
{ "type": "Feature", "properties": { "poi": "Doctors Office", "id": "Rheydt_odenkirchen_doctors_office", "quarter": "Rheydt_odenkirchen", "footprint_area": 250.0 }, "geometry": { "type": "Point", "coordinates": [ 6.438568270074463, 51.13772729047237 ] } },
{ "type": "Feature", "properties": { "poi": "Supermarket", "id": "Rheydt_odenkirchen_supermarket", "quarter": "Rheydt_odenkirchen", "footprint_area": 250.0 }, "geometry": { "type": "Point", "coordinates": [ 6.439559093080515, 51.138506723139713 ] } },
{ "type": "Feature", "properties": { "poi": "Indoor Swimming Pool", "id": "Rheydt_odenkirchen_indoor_swimming_pool", "quarter": "Rheydt_odenkirchen", "footprint_area": 250.0 }, "geometry": { "type": "Point", "coordinates": [ 6.437488716649959, 51.139406785497258 ] } },
{ "type": "Feature", "properties": { "poi": "Yoga Studio", "id": "Rheydt_odenkirchen_yoga_studio", "quarter": "Rheydt_odenkirchen", "footprint_area": 250.0 }, "geometry": { "type": "Point", "coordinates": [ 6.439026710569801, 51.136845770983086 ] } },
{ "type": "Feature", "properties": { "poi": "Bar Location", "id": "Rommerskirchen_station_bar_location", "quarter": "Rommerskirchen_station", "footprint_area": 125.0 }, "geometry": { "type": "Point", "coordinates": [ 6.700236766632475, 51.040872437032306 ] } },
{ "type": "Feature", "properties": { "poi": "Cafe", "id": "Rommerskirchen_station_cafe", "quarter": "Rommerskirchen_station", "footprint_area": 125.0 }, "geometry": { "type": "Point", "coordinates": [ 6.699052923949488, 51.040419388594181 ] } },
{ "type": "Feature", "properties": { "poi": "Cinema Location", "id": "Rommerskirchen_station_friend's_house", "quarter": "Rommerskirchen_station", "work_location": null, "footprint_area": 125.0 }, "geometry": { "type": "Point", "coordinates": [ 6.699782499826866, 51.040336815822918 ] } },
{ "type": "Feature", "properties": { "poi": "Local Recreational Area", "id": "Rommerskirchen_station_local_recreational_area", "quarter": "Rommerskirchen_station", "work_location": null, "footprint_area": 125.0 }, "geometry": { "type": "Point", "coordinates": [ 6.701621031037861, 51.040061572189195 ] } },
{ "type": "Feature", "properties": { "poi": "Flea Market Location", "id": "Rommerskirchen_station_flea_market_location", "quarter": "Rommerskirchen_station", "work_location": null, "footprint_area": 125.0 }, "geometry": { "type": "Point", "coordinates": [ 6.698456601491673, 51.04215687285361 ] } },
{ "type": "Feature", "properties": { "poi": "Kindergarden", "id": "Rommerskirchen_station_kindergarden", "quarter": "Rommerskirchen_station", "footprint_area": 125.0 }, "geometry": { "type": "Point", "coordinates": [ 6.701185215273068, 51.04183575633018 ] } },
{ "type": "Feature", "properties": { "poi": "Office Workplace", "id": "Rommerskirchen_station_office_workplace", "quarter": "Rommerskirchen_station", "work_location": null, "footprint_area": 125.0 }, "geometry": { "type": "Point", "coordinates": [ 6.69816477114072, 51.041092630979968 ] } },
{ "type": "Feature", "properties": { "poi": "Doctors Office", "id": "Rommerskirchen_station_doctors_office", "quarter": "Rommerskirchen_station", "footprint_area": 250.0 }, "geometry": { "type": "Point", "coordinates": [ 6.700309724220213, 51.041092627011956 ] } },
{ "type": "Feature", "properties": { "poi": "Supermarket", "id": "Rommerskirchen_station_supermarket", "quarter": "Rommerskirchen_station", "footprint_area": 250.0 }, "geometry": { "type": "Point", "coordinates": [ 6.700338907255308, 51.04130364142712 ] } },
{ "type": "Feature", "properties": { "poi": "Indoor Swimming Pool", "id": "Rommerskirchen_station_indoor_swimming_pool", "quarter": "Rommerskirchen_station", "footprint_area": 250.0 }, "geometry": { "type": "Point", "coordinates": [ 6.699259134956788, 51.041432088023775 ] } },
{ "type": "Feature", "properties": { "poi": "Yoga Studio", "id": "Rommerskirchen_station_yoga_studio", "quarter": "Rommerskirchen_station", "footprint_area": 250.0 }, "geometry": { "type": "Point", "coordinates": [ 6.701725101422329, 51.040643067223975 ] } },
{ "type": "Feature", "properties": { "poi": "Bar Location", "id": "Sindorf_station_bar_location", "quarter": "Sindorf_station", "footprint_area": 125.0 }, "geometry": { "type": "Point", "coordinates": [ 6.684264480334703, 50.90181032028277 ] } },
{ "type": "Feature", "properties": { "poi": "Cafe", "id": "Sindorf_station_cafe", "quarter": "Sindorf_station", "footprint_area": 125.0 }, "geometry": { "type": "Point", "coordinates": [ 6.686053608062605, 50.903295889572327 ] } },
{ "type": "Feature", "properties": { "poi": "Cinema Location", "id": "Sindorf_station_friend's_house", "quarter": "Sindorf_station", "work_location": null, "footprint_area": 125.0 }, "geometry": { "type": "Point", "coordinates": [ 6.685695782517025, 50.903465137683661 ] } },
{ "type": "Feature", "properties": { "poi": "Local Recreational Area", "id": "Sindorf_station_local_recreational_area", "quarter": "Sindorf_station", "work_location": null, "footprint_area": 125.0 }, "geometry": { "type": "Point", "coordinates": [ 6.687917282779168, 50.902769384585064 ] } },
{ "type": "Feature", "properties": { "poi": "Flea Market Location", "id": "Sindorf_station_flea_market_location", "quarter": "Sindorf_station", "work_location": null, "footprint_area": 125.0 }, "geometry": { "type": "Point", "coordinates": [ 6.686113245653535, 50.903784813936504 ] } },
{ "type": "Feature", "properties": { "poi": "Kindergarden", "id": "Sindorf_station_kindergarden", "quarter": "Sindorf_station", "footprint_area": 125.0 }, "geometry": { "type": "Point", "coordinates": [ 6.68596415167621, 50.902600103740255 ] } },
{ "type": "Feature", "properties": { "poi": "Office Workplace", "id": "Sindorf_station_office_workplace", "quarter": "Sindorf_station", "work_location": null, "footprint_area": 125.0 }, "geometry": { "type": "Point", "coordinates": [ 6.688006739165563, 50.903474562318749 ] } },
{ "type": "Feature", "properties": { "poi": "Doctors Office", "id": "Sindorf_station_doctors_office", "quarter": "Sindorf_station", "footprint_area": 250.0 }, "geometry": { "type": "Point", "coordinates": [ 6.684741581062143, 50.902280436692777 ] } },
{ "type": "Feature", "properties": { "poi": "Supermarket", "id": "Sindorf_station_supermarket", "quarter": "Sindorf_station", "footprint_area": 250.0 }, "geometry": { "type": "Point", "coordinates": [ 6.686605255778707, 50.902534306225256 ] } },
{ "type": "Feature", "properties": { "poi": "Indoor Swimming Pool", "id": "Sindorf_station_indoor_swimming_pool", "quarter": "Sindorf_station", "footprint_area": 250.0 }, "geometry": { "type": "Point", "coordinates": [ 6.685039769016793, 50.904339556506876 ] } },
{ "type": "Feature", "properties": { "poi": "Yoga Studio", "id": "Sindorf_station_yoga_studio", "quarter": "Sindorf_station", "footprint_area": 250.0 }, "geometry": { "type": "Point", "coordinates": [ 6.685636144926095, 50.902976210949767 ] } },
{ "type": "Feature", "properties": { "poi": "Bar Location", "id": "Stolberg_rathaus_bar_location", "quarter": "Stolberg_rathaus", "footprint_area": 125.0 }, "geometry": { "type": "Point", "coordinates": [ 6.22928838397659, 50.766881558461904 ] } },
{ "type": "Feature", "properties": { "poi": "Cafe", "id": "Stolberg_rathaus_cafe", "quarter": "Stolberg_rathaus", "footprint_area": 125.0 }, "geometry": { "type": "Point", "coordinates": [ 6.228431094133572, 50.765363495449819 ] } },
{ "type": "Feature", "properties": { "poi": "Cinema Location", "id": "Stolberg_rathaus_friend's_house", "quarter": "Stolberg_rathaus", "work_location": null, "footprint_area": 125.0 }, "geometry": { "type": "Point", "coordinates": [ 6.229465183920641, 50.767226342802388 ] } },
{ "type": "Feature", "properties": { "poi": "Local Recreational Area", "id": "Stolberg_rathaus_local_recreational_area", "quarter": "Stolberg_rathaus", "work_location": null, "footprint_area": 125.0 }, "geometry": { "type": "Point", "coordinates": [ 6.228235184174367, 50.766672330272442 ] } },
{ "type": "Feature", "properties": { "poi": "Flea Market Location", "id": "Stolberg_rathaus_flea_market_location", "quarter": "Stolberg_rathaus", "work_location": null, "footprint_area": 125.0 }, "geometry": { "type": "Point", "coordinates": [ 6.228706650691833, 50.765404991427737 ] } },
{ "type": "Feature", "properties": { "poi": "Kindergarden", "id": "Stolberg_rathaus_kindergarden", "quarter": "Stolberg_rathaus", "footprint_area": 125.0 }, "geometry": { "type": "Point", "coordinates": [ 6.229317850633932, 50.765884465594297 ] } },
{ "type": "Feature", "properties": { "poi": "Office Workplace", "id": "Stolberg_rathaus_office_workplace", "quarter": "Stolberg_rathaus", "work_location": null, "footprint_area": 125.0 }, "geometry": { "type": "Point", "coordinates": [ 6.230142917039498, 50.765698085515865 ] } },
{ "type": "Feature", "properties": { "poi": "Bar Location", "id": "Stommeln_station_bar_location", "quarter": "Stommeln_station", "footprint_area": 125.0 }, "geometry": { "type": "Point", "coordinates": [ 6.74751560115543, 51.022914383928409 ] } },
{ "type": "Feature", "properties": { "poi": "Cafe", "id": "Stommeln_station_cafe", "quarter": "Stommeln_station", "footprint_area": 125.0 }, "geometry": { "type": "Point", "coordinates": [ 6.750266919986552, 51.022035039816124 ] } },
{ "type": "Feature", "properties": { "poi": "Cinema Location", "id": "Stommeln_station_friend's_house", "quarter": "Stommeln_station", "work_location": null, "footprint_area": 125.0 }, "geometry": { "type": "Point", "coordinates": [ 6.747039697357614, 51.021529886664553 ] } },
{ "type": "Feature", "properties": { "poi": "Local Recreational Area", "id": "Stommeln_station_local_recreational_area", "quarter": "Stommeln_station", "work_location": null, "footprint_area": 125.0 }, "geometry": { "type": "Point", "coordinates": [ 6.748749976631014, 51.022540197977449 ] } },
{ "type": "Feature", "properties": { "poi": "Flea Market Location", "id": "Stommeln_station_flea_market_location", "quarter": "Stommeln_station", "work_location": null, "footprint_area": 125.0 }, "geometry": { "type": "Point", "coordinates": [ 6.746801745458705, 51.021997626828416 ] } },
{ "type": "Feature", "properties": { "poi": "Kindergarden", "id": "Stommeln_station_kindergarden", "quarter": "Stommeln_station", "footprint_area": 125.0 }, "geometry": { "type": "Point", "coordinates": [ 6.747857657010109, 51.022268912856902 ] } },
{ "type": "Feature", "properties": { "poi": "Office Workplace", "id": "Stommeln_station_office_workplace", "quarter": "Stommeln_station", "work_location": null, "footprint_area": 125.0 }, "geometry": { "type": "Point", "coordinates": [ 6.747366881218611, 51.022418588516366 ] } },
{ "type": "Feature", "properties": { "poi": "Doctors Office", "id": "Stommeln_station_doctors_office", "quarter": "Stommeln_station", "footprint_area": 250.0 }, "geometry": { "type": "Point", "coordinates": [ 6.747470985174383, 51.022231494527212 ] } },
{ "type": "Feature", "properties": { "poi": "Supermarket", "id": "Stommeln_station_supermarket", "quarter": "Stommeln_station", "footprint_area": 250.0 }, "geometry": { "type": "Point", "coordinates": [ 6.749077160492012, 51.021932139752053 ] } },
{ "type": "Feature", "properties": { "poi": "Indoor Swimming Pool", "id": "Stommeln_station_indoor_swimming_pool", "quarter": "Stommeln_station", "footprint_area": 250.0 }, "geometry": { "type": "Point", "coordinates": [ 6.745611985964167, 51.021623438189458 ] } },
{ "type": "Feature", "properties": { "poi": "Yoga Studio", "id": "Stommeln_station_yoga_studio", "quarter": "Stommeln_station", "footprint_area": 250.0 }, "geometry": { "type": "Point", "coordinates": [ 6.750147944037098, 51.022268909308167 ] } },
{ "type": "Feature", "properties": { "poi": "Bar Location", "id": "Vettweiss_station_bar_location", "quarter": "Vettweiss_station", "footprint_area": 125.0 }, "geometry": { "type": "Point", "coordinates": [ 6.599514281841161, 50.744361167999799 ] } },
{ "type": "Feature", "properties": { "poi": "Cafe", "id": "Vettweiss_station_cafe", "quarter": "Vettweiss_station", "footprint_area": 125.0 }, "geometry": { "type": "Point", "coordinates": [ 6.600604079338964, 50.74371041092526 ] } },
{ "type": "Feature", "properties": { "poi": "Cinema Location", "id": "Vettweiss_station_friend's_house", "quarter": "Vettweiss_station", "work_location": null, "footprint_area": 125.0 }, "geometry": { "type": "Point", "coordinates": [ 6.601003160112808, 50.743467588804293 ] } },
{ "type": "Feature", "properties": { "poi": "Local Recreational Area", "id": "Vettweiss_station_local_recreational_area", "quarter": "Vettweiss_station", "work_location": null, "footprint_area": 125.0 }, "geometry": { "type": "Point", "coordinates": [ 6.598961708461995, 50.742865384260504 ] } },
{ "type": "Feature", "properties": { "poi": "Flea Market Location", "id": "Vettweiss_station_flea_market_location", "quarter": "Vettweiss_station", "work_location": null, "footprint_area": 125.0 }, "geometry": { "type": "Point", "coordinates": [ 6.598040752830049, 50.743584143627871 ] } },
{ "type": "Feature", "properties": { "poi": "Kindergarden", "id": "Vettweiss_station_kindergarden", "quarter": "Vettweiss_station", "footprint_area": 125.0 }, "geometry": { "type": "Point", "coordinates": [ 6.597841212443128, 50.743749262464611 ] } },
{ "type": "Feature", "properties": { "poi": "Office Workplace", "id": "Vettweiss_station_office_workplace", "quarter": "Vettweiss_station", "work_location": null, "footprint_area": 125.0 }, "geometry": { "type": "Point", "coordinates": [ 6.599007756243592, 50.743292756024928 ] } },
{ "type": "Feature", "properties": { "poi": "Doctors Office", "id": "Vettweiss_station_doctors_office", "quarter": "Vettweiss_station", "footprint_area": 250.0 }, "geometry": { "type": "Point", "coordinates": [ 6.598884962159333, 50.743778401022411 ] } },
{ "type": "Feature", "properties": { "poi": "Supermarket", "id": "Vettweiss_station_supermarket", "quarter": "Vettweiss_station", "footprint_area": 250.0 }, "geometry": { "type": "Point", "coordinates": [ 6.597703069098335, 50.743448162972157 ] } },
{ "type": "Feature", "properties": { "poi": "Indoor Swimming Pool", "id": "Vettweiss_station_indoor_swimming_pool", "quarter": "Vettweiss_station", "footprint_area": 250.0 }, "geometry": { "type": "Point", "coordinates": [ 6.597887260224725, 50.743292756024928 ] } },
{ "type": "Feature", "properties": { "poi": "Yoga Studio", "id": "Vettweiss_station_yoga_studio", "quarter": "Vettweiss_station", "footprint_area": 250.0 }, "geometry": { "type": "Point", "coordinates": [ 6.598470532124957, 50.744069785603124 ] } },
{ "type": "Feature", "properties": { "poi": "Bar Location", "id": "Wegberg_station_bar_location", "quarter": "Wegberg_station", "footprint_area": 125.0 }, "geometry": { "type": "Point", "coordinates": [ 6.279110252736747, 51.14678243680784 ] } },
{ "type": "Feature", "properties": { "poi": "Cafe", "id": "Wegberg_station_cafe", "quarter": "Wegberg_station", "footprint_area": 125.0 }, "geometry": { "type": "Point", "coordinates": [ 6.278203661186516, 51.146469634082976 ] } },
{ "type": "Feature", "properties": { "poi": "Cinema Location", "id": "Wegberg_station_friend's_house", "quarter": "Wegberg_station", "work_location": null, "footprint_area": 125.0 }, "geometry": { "type": "Point", "coordinates": [ 6.279110252736747, 51.146109434742939 ] } },
{ "type": "Feature", "properties": { "poi": "Local Recreational Area", "id": "Wegberg_station_local_recreational_area", "quarter": "Wegberg_station", "work_location": null, "footprint_area": 125.0 }, "geometry": { "type": "Point", "coordinates": [ 6.277780585129742, 51.145227882394622 ] } },
{ "type": "Feature", "properties": { "poi": "Flea Market Location", "id": "Wegberg_station_flea_market_location", "quarter": "Wegberg_station", "work_location": null, "footprint_area": 125.0 }, "geometry": { "type": "Point", "coordinates": [ 6.278989373863383, 51.145825064857306 ] } },
{ "type": "Feature", "properties": { "poi": "Kindergarden", "id": "Wegberg_station_kindergarden", "quarter": "Wegberg_station", "footprint_area": 125.0 }, "geometry": { "type": "Point", "coordinates": [ 6.278656956961632, 51.145834544002426 ] } },
{ "type": "Feature", "properties": { "poi": "Office Workplace", "id": "Wegberg_station_office_workplace", "quarter": "Wegberg_station", "work_location": null, "footprint_area": 125.0 }, "geometry": { "type": "Point", "coordinates": [ 6.278264100623199, 51.145815585710253 ] } },
{ "type": "Feature", "properties": { "poi": "Bar Location", "id": "juelich_an_den_aspen_1_bar_location", "quarter": "juelich_an_den_aspen_1", "footprint_area": 125.0 }, "geometry": { "type": "Point", "coordinates": [ 6.352150622660852, 50.935440741828224 ] } },
{ "type": "Feature", "properties": { "poi": "Cafe", "id": "juelich_an_den_aspen_1_cafe", "quarter": "juelich_an_den_aspen_1", "footprint_area": 125.0 }, "geometry": { "type": "Point", "coordinates": [ 6.350401516854661, 50.935337176352853 ] } },
{ "type": "Feature", "properties": { "poi": "Cinema Location", "id": "juelich_an_den_aspen_1_friend's_house", "quarter": "juelich_an_den_aspen_1", "work_location": null, "footprint_area": 125.0 }, "geometry": { "type": "Point", "coordinates": [ 6.353955546853669, 50.934986257666758 ] } },
{ "type": "Feature", "properties": { "poi": "Local Recreational Area", "id": "juelich_an_den_aspen_1_local_recreational_area", "quarter": "juelich_an_den_aspen_1", "work_location": null, "footprint_area": 125.0 }, "geometry": { "type": "Point", "coordinates": [ 6.354149148828895, 50.935966504150969 ] } },
{ "type": "Feature", "properties": { "poi": "Flea Market Location", "id": "juelich_an_den_aspen_1_flea_market_location", "quarter": "juelich_an_den_aspen_1", "work_location": null, "footprint_area": 125.0 }, "geometry": { "type": "Point", "coordinates": [ 6.353092987801396, 50.937178492215317 ] } },
{ "type": "Feature", "properties": { "poi": "Kindergarden", "id": "juelich_an_den_aspen_1_kindergarden", "quarter": "juelich_an_den_aspen_1", "footprint_area": 125.0 }, "geometry": { "type": "Point", "coordinates": [ 6.351880201697394, 50.935348683627893 ] } },
{ "type": "Feature", "properties": { "poi": "Office Workplace", "id": "juelich_an_den_aspen_1_office_workplace", "quarter": "juelich_an_den_aspen_1", "work_location": null, "footprint_area": 125.0 }, "geometry": { "type": "Point", "coordinates": [ 6.353145728186668, 50.936662238192469 ] } },
{ "type": "Feature", "properties": { "poi": "Doctors Office", "id": "juelich_an_den_aspen_1_doctors_office", "quarter": "juelich_an_den_aspen_1", "footprint_area": 250.0 }, "geometry": { "type": "Point", "coordinates": [ 6.355336419858556, 50.935458055943428 ] } },
{ "type": "Feature", "properties": { "poi": "Supermarket", "id": "juelich_an_den_aspen_1_supermarket", "quarter": "juelich_an_den_aspen_1", "footprint_area": 250.0 }, "geometry": { "type": "Point", "coordinates": [ 6.352058564460526, 50.935901032829847 ] } },
{ "type": "Feature", "properties": { "poi": "Indoor Swimming Pool", "id": "juelich_an_den_aspen_1_indoor_swimming_pool", "quarter": "juelich_an_den_aspen_1", "footprint_area": 250.0 }, "geometry": { "type": "Point", "coordinates": [ 6.350625908717956, 50.935924047379935 ] } },
{ "type": "Feature", "properties": { "poi": "Yoga Studio", "id": "juelich_an_den_aspen_1_yoga_studio", "quarter": "juelich_an_den_aspen_1", "footprint_area": 250.0 }, "geometry": { "type": "Point", "coordinates": [ 6.353535295778779, 50.936281327657966 ] } }
]
}
