{
"type": "FeatureCollection",
"name": "sfh_50-2038_abandoned",
"features": [
{ "type": "Feature", "properties": { "n_flats": 1591, "RegioStaR7": 72 }, "geometry": { "type": "MultiPolygon", "coordinates": [ [ [ [ 6.076607851914591, 50.808869381750306 ], [ 6.105133843974341, 50.813172091564333 ], [ 6.102412626438236, 50.805799584952815 ], [ 6.189806075239852, 50.808464740702441 ], [ 6.190328741819756, 50.804049766760492 ], [ 6.190622917140477, 50.796264438329565 ], [ 6.175391360007224, 50.789687601156999 ], [ 6.204291490711348, 50.759872958450046 ], [ 6.190360876786611, 50.737420503233402 ], [ 6.216912518736427, 50.698485193935099 ], [ 6.193141799349128, 50.681892596536599 ], [ 6.196298055289206, 50.664564247377541 ], [ 6.165625496118281, 50.662287839100721 ], [ 6.111825304115002, 50.722910914753101 ], [ 6.073234037689625, 50.720926945577567 ], [ 6.046315622177937, 50.727871267815445 ], [ 6.039165102217601, 50.718446433322917 ], [ 6.033628723333998, 50.728067305761201 ], [ 6.039892410474446, 50.745426801122498 ], [ 6.021511729202361, 50.753370786380145 ], [ 6.018925210869913, 50.761942455915296 ], [ 6.027839083925, 50.773608960395755 ], [ 5.974479699551971, 50.797949029171804 ], [ 5.985540573541588, 50.810468973197779 ], [ 6.003569297709702, 50.801317030918398 ], [ 6.02475208596515, 50.814161985779506 ], [ 6.020765058084119, 50.846116764854116 ], [ 6.056336375245419, 50.856048136656611 ], [ 6.05805569597904, 50.851021083508336 ], [ 6.076607851914591, 50.808869381750306 ] ] ], [ [ [ 6.502257701633485, 51.23479899155582 ], [ 6.523403734640894, 51.225590236878276 ], [ 6.510551571091908, 51.220719563907444 ], [ 6.50848693310235, 51.226505872225601 ], [ 6.494213037453406, 51.228532119962374 ], [ 6.493165438153008, 51.19310103392413 ], [ 6.480686752142184, 51.176653552160076 ], [ 6.490428948796307, 51.170608735423571 ], [ 6.518233352234323, 51.181365389169635 ], [ 6.533989057895464, 51.144147418437093 ], [ 6.514655279584227, 51.139837944183483 ], [ 6.512748298133241, 51.146999236805215 ], [ 6.493136379478078, 51.150472874745986 ], [ 6.46915208177559, 51.139979027021418 ], [ 6.466802523999434, 51.130326195757071 ], [ 6.48093984395979, 51.110505856523453 ], [ 6.463050999977104, 51.116693503299999 ], [ 6.452963718452899, 51.109097406738293 ], [ 6.444040773354663, 51.110788025889349 ], [ 6.436070715761019, 51.100814854696353 ], [ 6.444358526998172, 51.088559958946625 ], [ 6.405952109661424, 51.085557634719137 ], [ 6.390442803424831, 51.091548692324835 ], [ 6.392552595162324, 51.098339900794443 ], [ 6.363433576430781, 51.094300221276363 ], [ 6.352019150255505, 51.104361881068897 ], [ 6.354978199835228, 51.126195003433736 ], [ 6.333278677916972, 51.13401956678598 ], [ 6.31891470141838, 51.150141770736887 ], [ 6.301788158639435, 51.152077706972285 ], [ 6.305818752446402, 51.165920549011091 ], [ 6.294729902152872, 51.167279230401327 ], [ 6.29176484246014, 51.175120989794856 ], [ 6.318481424625127, 51.181838632433504 ], [ 6.314409102256753, 51.194967159555929 ], [ 6.330296810080193, 51.205957465512597 ], [ 6.331002453314984, 51.216719611128781 ], [ 6.330820654820061, 51.223976229835415 ], [ 6.358968046775517, 51.228075986019952 ], [ 6.369104747872015, 51.21713417357099 ], [ 6.414646718711039, 51.218914017055788 ], [ 6.457559229752469, 51.247446065758027 ], [ 6.477163859088885, 51.235515781646768 ], [ 6.502257701633485, 51.23479899155582 ] ] ], [ [ [ 6.688509237565796, 51.230517816394162 ], [ 6.694020752053039, 51.224589009879857 ], [ 6.72393899785844, 51.224540432933168 ], [ 6.736843808359691, 51.183639911474984 ], [ 6.780563608925264, 51.18511487971066 ], [ 6.79377993637799, 51.180009244285401 ], [ 6.798802608129399, 51.144765455541034 ], [ 6.768943861671983, 51.145446016142607 ], [ 6.762894862800962, 51.138423910299565 ], [ 6.771751040170993, 51.131599032972701 ], [ 6.760393311802272, 51.125271934411089 ], [ 6.714832280185504, 51.118533206122223 ], [ 6.709674009988669, 51.132564341102203 ], [ 6.668567360795552, 51.130952651295729 ], [ 6.66285288426511, 51.144054952521131 ], [ 6.654668913176284, 51.135625459937394 ], [ 6.628231781014405, 51.153182108666073 ], [ 6.614924450038763, 51.151118497931719 ], [ 6.615133048916563, 51.159711753727841 ], [ 6.62670512193534, 51.165069343950123 ], [ 6.621412976463781, 51.18048058474939 ], [ 6.635411119449908, 51.183908899555547 ], [ 6.633591426350014, 51.207426368497615 ], [ 6.64561335680572, 51.211783381548329 ], [ 6.638842832935366, 51.230631090998735 ], [ 6.675983006147524, 51.233622723915197 ], [ 6.698075371159169, 51.235379147499749 ], [ 6.688509237565796, 51.230517816394162 ] ] ] ] } },
{ "type": "Feature", "properties": { "n_flats": 3014, "RegioStaR7": 73 }, "geometry": { "type": "Polygon", "coordinates": [ [ [ 6.233708944839352, 50.624534501588847 ], [ 6.196860570037915, 50.632373951549852 ], [ 6.183232077059517, 50.623020556994625 ], [ 6.175302132358391, 50.627252746356774 ], [ 6.182034556995676, 50.633259124248788 ], [ 6.166629012901928, 50.643839320323508 ], [ 6.184138973489461, 50.647467956136957 ], [ 6.165625496118281, 50.662287839100721 ], [ 6.196298055289206, 50.664564247377541 ], [ 6.193141799349128, 50.681892596536599 ], [ 6.216912518736427, 50.698485193935099 ], [ 6.190360876786611, 50.737420503233402 ], [ 6.204291490711348, 50.759872958450046 ], [ 6.175391360007224, 50.789687601156999 ], [ 6.190622917140477, 50.796264438329565 ], [ 6.190328741819756, 50.804049766760492 ], [ 6.189806075239852, 50.808464740702441 ], [ 6.102412626438236, 50.805799584952815 ], [ 6.105133843974341, 50.813172091564333 ], [ 6.076607851914591, 50.808869381750306 ], [ 6.05805569597904, 50.851021083508336 ], [ 6.074039306563769, 50.846458016587967 ], [ 6.088136955096412, 50.872990654946364 ], [ 6.075270010425791, 50.892322238234186 ], [ 6.087028635573937, 50.913762650958013 ], [ 6.093993528036232, 50.921652563269511 ], [ 6.054107239870198, 50.922386666013985 ], [ 6.049662467324145, 50.929328531113889 ], [ 6.018645616833754, 50.93502338349343 ], [ 6.01560597576275, 50.94787758984959 ], [ 6.035854440380091, 50.95469630729027 ], [ 6.059368363366556, 50.986352005780688 ], [ 6.081015940745288, 50.997307544298479 ], [ 6.104442054558177, 50.998205290166077 ], [ 6.118589874545735, 51.013239678192726 ], [ 6.1464227465799, 51.002842609953241 ], [ 6.160329812956086, 51.012126080575435 ], [ 6.179414939976859, 51.005836990783891 ], [ 6.209982072590857, 51.017363208819553 ], [ 6.213185567824054, 51.02197438153393 ], [ 6.183660651895091, 51.043056445651466 ], [ 6.186234219634087, 51.047858717835737 ], [ 6.151917313191604, 51.06973132808298 ], [ 6.154071560966793, 51.076101874044419 ], [ 6.205802009673302, 51.0910960634071 ], [ 6.200252377371308, 51.106456504177217 ], [ 6.180135923261928, 51.120575485431644 ], [ 6.187248866764087, 51.140576464748925 ], [ 6.155847729533522, 51.141254189597397 ], [ 6.154601471578561, 51.148051282618532 ], [ 6.175745446370734, 51.158627189288801 ], [ 6.13901735839005, 51.173124503964331 ], [ 6.175016053054321, 51.184475837541889 ], [ 6.210804239213909, 51.167159533438884 ], [ 6.250104344911753, 51.189429532737904 ], [ 6.29176484246014, 51.175120989794856 ], [ 6.294729902152872, 51.167279230401327 ], [ 6.305818752446402, 51.165920549011091 ], [ 6.301788158639435, 51.152077706972285 ], [ 6.31891470141838, 51.150141770736887 ], [ 6.333278677916972, 51.13401956678598 ], [ 6.354978199835228, 51.126195003433736 ], [ 6.352019150255505, 51.104361881068897 ], [ 6.363433576430781, 51.094300221276363 ], [ 6.392552595162324, 51.098339900794443 ], [ 6.390442803424831, 51.091548692324835 ], [ 6.405952109661424, 51.085557634719137 ], [ 6.444358526998172, 51.088559958946625 ], [ 6.436070715761019, 51.100814854696353 ], [ 6.444040773354663, 51.110788025889349 ], [ 6.452963718452899, 51.109097406738293 ], [ 6.463050999977104, 51.116693503299999 ], [ 6.48093984395979, 51.110505856523453 ], [ 6.466802523999434, 51.130326195757071 ], [ 6.46915208177559, 51.139979027021418 ], [ 6.493136379478078, 51.150472874745986 ], [ 6.512748298133241, 51.146999236805215 ], [ 6.514655279584227, 51.139837944183483 ], [ 6.533989057895464, 51.144147418437093 ], [ 6.518233352234323, 51.181365389169635 ], [ 6.490428948796307, 51.170608735423571 ], [ 6.480686752142184, 51.176653552160076 ], [ 6.493165438153008, 51.19310103392413 ], [ 6.494213037453406, 51.228532119962374 ], [ 6.50848693310235, 51.226505872225601 ], [ 6.510551571091908, 51.220719563907444 ], [ 6.523403734640894, 51.225590236878276 ], [ 6.53003938950044, 51.223184618405483 ], [ 6.537956267354844, 51.231913570928988 ], [ 6.561584395946603, 51.22932351478584 ], [ 6.569718470070312, 51.241309971677687 ], [ 6.604093252579171, 51.24236021772937 ], [ 6.605091934748493, 51.247700171832932 ], [ 6.625425060979804, 51.250751134185109 ], [ 6.610408945505141, 51.262950121449521 ], [ 6.595881061712013, 51.261367420672897 ], [ 6.584654954725977, 51.287697543193353 ], [ 6.621870081962699, 51.291431031835351 ], [ 6.622844369934858, 51.308022717620922 ], [ 6.656395602951686, 51.310407094488944 ], [ 6.694840925368816, 51.324571341918166 ], [ 6.705421668732832, 51.336454644757332 ], [ 6.714546752525102, 51.332875725026355 ], [ 6.730812257793065, 51.322859392160929 ], [ 6.734374734490019, 51.310947185622759 ], [ 6.702586058702178, 51.271822606081855 ], [ 6.726927191630635, 51.256942857937645 ], [ 6.698075371159169, 51.235379147499749 ], [ 6.675983006147524, 51.233622723915197 ], [ 6.638842832935366, 51.230631090998735 ], [ 6.64561335680572, 51.211783381548329 ], [ 6.633591426350014, 51.207426368497615 ], [ 6.635411119449908, 51.183908899555547 ], [ 6.621412976463781, 51.18048058474939 ], [ 6.62670512193534, 51.165069343950123 ], [ 6.615133048916563, 51.159711753727841 ], [ 6.614924450038763, 51.151118497931719 ], [ 6.628231781014405, 51.153182108666073 ], [ 6.654668913176284, 51.135625459937394 ], [ 6.66285288426511, 51.144054952521131 ], [ 6.668567360795552, 51.130952651295729 ], [ 6.709674009988669, 51.132564341102203 ], [ 6.714832280185504, 51.118533206122223 ], [ 6.760393311802272, 51.125271934411089 ], [ 6.771751040170993, 51.131599032972701 ], [ 6.762894862800962, 51.138423910299565 ], [ 6.768943861671983, 51.145446016142607 ], [ 6.798802608129399, 51.144765455541034 ], [ 6.816298454948575, 51.144289212354373 ], [ 6.834859368469905, 51.159077372005626 ], [ 6.849944690539856, 51.161113839317665 ], [ 6.857058968224767, 51.15530578111354 ], [ 6.848240991848093, 51.138114819109113 ], [ 6.855174668256045, 51.126026291610195 ], [ 6.880193027612122, 51.111234490967099 ], [ 6.879646279390336, 51.09884473404032 ], [ 6.854346577055705, 51.084607094849133 ], [ 6.820930643381118, 51.073513343557103 ], [ 6.828338593231082, 51.056378323821427 ], [ 6.812866209464012, 51.046043495940431 ], [ 6.79078413538009, 51.067126063726853 ], [ 6.773912610222372, 51.064462027816127 ], [ 6.798141764901228, 51.036982367720015 ], [ 6.823121323257008, 51.03855701153396 ], [ 6.841752631217634, 51.0248198666904 ], [ 6.834558062444349, 51.017715982416341 ], [ 6.843342193410729, 51.005402362061119 ], [ 6.835363760240299, 50.999944586944522 ], [ 6.844261605697092, 50.988675359180156 ], [ 6.818348920506554, 50.965210755667314 ], [ 6.825413168505372, 50.955992986530298 ], [ 6.809303961417343, 50.948176843636176 ], [ 6.814995801111507, 50.940875423991343 ], [ 6.823937554589831, 50.926991839540591 ], [ 6.841226789075152, 50.924576187324654 ], [ 6.843153844692361, 50.910742312889361 ], [ 6.85789861913225, 50.904548040978369 ], [ 6.878065653975479, 50.910575505900425 ], [ 6.917798562397724, 50.892550312435446 ], [ 6.91175447002174, 50.882869401753339 ], [ 6.923911982039696, 50.865675445202264 ], [ 6.920378444507688, 50.856548153921658 ], [ 6.930764051347076, 50.839276280475232 ], [ 6.946355372981512, 50.845060564458763 ], [ 6.956805432789925, 50.835633455857725 ], [ 6.973238371225825, 50.84347554753203 ], [ 6.982251987806412, 50.840551349269205 ], [ 6.987036146667518, 50.827508253447107 ], [ 7.024186885114785, 50.818356198923524 ], [ 7.029986627534186, 50.800229498838995 ], [ 7.019279563486971, 50.802376641639114 ], [ 6.990515833651986, 50.792791041003476 ], [ 6.958640298744872, 50.804324167226206 ], [ 6.939579709908335, 50.804413483554505 ], [ 6.908388021482423, 50.801184328657435 ], [ 6.863984566610388, 50.784836078187162 ], [ 6.851452317649986, 50.7874138361096 ], [ 6.837173001562528, 50.777404752591053 ], [ 6.84095448951876, 50.767699808421476 ], [ 6.813443750205846, 50.763924315038501 ], [ 6.776270710184119, 50.717830152528727 ], [ 6.755559347845196, 50.727327952872734 ], [ 6.713180117704522, 50.734038064566917 ], [ 6.723955218765774, 50.746004875250946 ], [ 6.716236229753672, 50.753220063539992 ], [ 6.694040297533338, 50.753944972631984 ], [ 6.682126451109388, 50.768094706220019 ], [ 6.694923639221243, 50.784525637854664 ], [ 6.712681705385668, 50.787756155873659 ], [ 6.707731090549859, 50.803694300213046 ], [ 6.718451139282928, 50.804395835098987 ], [ 6.706424167593338, 50.835085785820155 ], [ 6.683052301192682, 50.836208672593656 ], [ 6.676848285183181, 50.831411948746869 ], [ 6.651620456313002, 50.835587216377512 ], [ 6.628145527231349, 50.823726353971267 ], [ 6.61636848554468, 50.827302965641664 ], [ 6.567943461919734, 50.822349236682953 ], [ 6.571997025732469, 50.80526550752073 ], [ 6.549442640403194, 50.801768898758979 ], [ 6.537967937485068, 50.805612260339785 ], [ 6.521357696917876, 50.798970144343549 ], [ 6.52484633395239, 50.78511083072906 ], [ 6.50919951422481, 50.759679458461896 ], [ 6.48536581430699, 50.758963831321232 ], [ 6.459301178352649, 50.741548852407895 ], [ 6.453327954537005, 50.743611030736176 ], [ 6.40390093284116, 50.773502792317721 ], [ 6.365209358582539, 50.758565840728807 ], [ 6.341700255691245, 50.755011417873611 ], [ 6.308385106862799, 50.70273793828602 ], [ 6.312326213775309, 50.690137453036606 ], [ 6.286462674036837, 50.686521169677917 ], [ 6.270283001721259, 50.684875918764213 ], [ 6.244892823085845, 50.667414953984391 ], [ 6.26293303578859, 50.643491524881433 ], [ 6.250164573310952, 50.640548715046037 ], [ 6.255781272105875, 50.625645373013469 ], [ 6.233708944839352, 50.624534501588847 ] ], [ [ 6.455343788637105, 51.047245023473963 ], [ 6.430745379165155, 51.035367026369407 ], [ 6.371641006425179, 51.033912951246514 ], [ 6.372083371972366, 51.026223741367275 ], [ 6.356339009611006, 51.015904612682974 ], [ 6.361182675388548, 50.992773112115934 ], [ 6.336654893818901, 50.986365008509885 ], [ 6.359219621670286, 50.967272259465808 ], [ 6.374643198777007, 50.980472561609282 ], [ 6.393890500714692, 50.964788529408928 ], [ 6.433215406264572, 50.974433317343994 ], [ 6.447729613737837, 50.959747011646925 ], [ 6.454868645595924, 50.934818559130527 ], [ 6.479396747959035, 50.945022821296114 ], [ 6.475064493036828, 50.951063454970672 ], [ 6.485357755611799, 50.951959915978861 ], [ 6.488768175364426, 50.957394000691302 ], [ 6.478824492179897, 50.96265541277706 ], [ 6.500269010540084, 50.972618162102819 ], [ 6.492444919182437, 50.983868349067201 ], [ 6.474077202085557, 50.984144458456406 ], [ 6.457846524076032, 51.021835753051626 ], [ 6.480788266482775, 51.034683988517152 ], [ 6.459524205042833, 51.043518069740017 ], [ 6.455343788637105, 51.047245023473963 ] ], [ [ 6.229860983277039, 50.863356596428048 ], [ 6.24238954602474, 50.872568147010519 ], [ 6.250011622665086, 50.865385065245462 ], [ 6.267530772062963, 50.868801096923619 ], [ 6.29795379038763, 50.885479568349581 ], [ 6.302081108108033, 50.874174370540146 ], [ 6.321326029296186, 50.867974484231759 ], [ 6.332365107876688, 50.883288510198462 ], [ 6.306912411244666, 50.895140007199998 ], [ 6.321625822535987, 50.904402948753614 ], [ 6.305651131612326, 50.902006779558967 ], [ 6.301986148823209, 50.918114298934569 ], [ 6.287439070748321, 50.921309876586598 ], [ 6.277927812872091, 50.916171155456041 ], [ 6.264632480271688, 50.924987053640542 ], [ 6.267653610221145, 50.936894337392822 ], [ 6.228118118493643, 50.936709853799094 ], [ 6.222355509479914, 50.929747408744554 ], [ 6.228471002254658, 50.920788424865208 ], [ 6.20035933242452, 50.902086344113528 ], [ 6.204516976152521, 50.893574922167581 ], [ 6.218841469496945, 50.885897147527857 ], [ 6.229860983277039, 50.863356596428048 ] ] ] } },
{ "type": "Feature", "properties": { "n_flats": 100, "RegioStaR7": 74 }, "geometry": { "type": "MultiPolygon", "coordinates": [ [ [ [ 6.380032579614955, 50.532295942011501 ], [ 6.366183691728632, 50.51556069943647 ], [ 6.347511899799154, 50.507598499781018 ], [ 6.315420618847899, 50.496974266184232 ], [ 6.26862285421433, 50.503880032603732 ], [ 6.261558149798931, 50.498870634728505 ], [ 6.25140700315897, 50.504075361498607 ], [ 6.226539897464838, 50.494881538239142 ], [ 6.206464614743336, 50.521188440631263 ], [ 6.192650766600819, 50.521234679358081 ], [ 6.187701562953326, 50.527079276560791 ], [ 6.191778204365332, 50.530755603547938 ], [ 6.197415030135484, 50.531108815713843 ], [ 6.199869520881589, 50.534942107796311 ], [ 6.17878267520861, 50.541598782631709 ], [ 6.175039197058454, 50.558078661826009 ], [ 6.20320784105248, 50.56980324603397 ], [ 6.225947707812236, 50.590737808842604 ], [ 6.242421839586522, 50.587245552729108 ], [ 6.246231311955499, 50.60199618335222 ], [ 6.262509830405357, 50.611299218907384 ], [ 6.270693215163103, 50.626285712484396 ], [ 6.255781272105875, 50.625645373013469 ], [ 6.250164573310952, 50.640548715046037 ], [ 6.26293303578859, 50.643491524881433 ], [ 6.244892823085845, 50.667414953984391 ], [ 6.270283001721259, 50.684875918764213 ], [ 6.286462674036837, 50.686521169677917 ], [ 6.287789024172361, 50.672771555518914 ], [ 6.299685188285589, 50.665553038060267 ], [ 6.323181889216769, 50.665070843670371 ], [ 6.335091486735234, 50.650621778405927 ], [ 6.375858550592676, 50.671690908347188 ], [ 6.384878768329926, 50.643067628415203 ], [ 6.406221695940636, 50.645382173958232 ], [ 6.410307171870622, 50.641828011054933 ], [ 6.40748880546127, 50.628706505834913 ], [ 6.395714444143729, 50.631464672598931 ], [ 6.382041174705979, 50.621016026993928 ], [ 6.393869189241602, 50.618923021188188 ], [ 6.389509397965991, 50.6058451470536 ], [ 6.416921992027838, 50.6051842302738 ], [ 6.415898658560426, 50.598628705255514 ], [ 6.390972957074886, 50.596606234779863 ], [ 6.395677637355852, 50.584301560935906 ], [ 6.365265898433568, 50.562136949119079 ], [ 6.357999813155924, 50.529947086778662 ], [ 6.374373679471041, 50.53698688320209 ], [ 6.380032579614955, 50.532295942011501 ] ] ], [ [ [ 6.870446974289134, 50.780138005981243 ], [ 6.861339616358987, 50.763213527242847 ], [ 6.882014780338244, 50.74590721984265 ], [ 6.902108563066032, 50.750650097345499 ], [ 6.915768718431845, 50.734030014308537 ], [ 6.897348088318463, 50.726629882857175 ], [ 6.901393217205505, 50.71979043930606 ], [ 6.891253177501654, 50.713097236607879 ], [ 6.865439260869839, 50.706777501651494 ], [ 6.856190681564722, 50.696279662044134 ], [ 6.840710684883848, 50.703043023459415 ], [ 6.810941415442588, 50.701235786626171 ], [ 6.794306504004827, 50.689643630492519 ], [ 6.769858944566838, 50.687680826644403 ], [ 6.759604002505205, 50.690529864945262 ], [ 6.76334908721965, 50.694106409655738 ], [ 6.776270710184119, 50.717830152528727 ], [ 6.813443750205846, 50.763924315038501 ], [ 6.84095448951876, 50.767699808421476 ], [ 6.837173001562528, 50.777404752591053 ], [ 6.851452317649986, 50.7874138361096 ], [ 6.863984566610388, 50.784836078187162 ], [ 6.870446974289134, 50.780138005981243 ] ] ], [ [ [ 6.222355509479914, 50.929747408744554 ], [ 6.228118118493643, 50.936709853799094 ], [ 6.267653610221145, 50.936894337392822 ], [ 6.264632480271688, 50.924987053640542 ], [ 6.277927812872091, 50.916171155456041 ], [ 6.287439070748321, 50.921309876586598 ], [ 6.301986148823209, 50.918114298934569 ], [ 6.305651131612326, 50.902006779558967 ], [ 6.321625822535987, 50.904402948753614 ], [ 6.306912411244666, 50.895140007199998 ], [ 6.332365107876688, 50.883288510198462 ], [ 6.321326029296186, 50.867974484231759 ], [ 6.302081108108033, 50.874174370540146 ], [ 6.29795379038763, 50.885479568349581 ], [ 6.267530772062963, 50.868801096923619 ], [ 6.250011622665086, 50.865385065245462 ], [ 6.24238954602474, 50.872568147010519 ], [ 6.229860983277039, 50.863356596428048 ], [ 6.218841469496945, 50.885897147527857 ], [ 6.204516976152521, 50.893574922167581 ], [ 6.20035933242452, 50.902086344113528 ], [ 6.228471002254658, 50.920788424865208 ], [ 6.222355509479914, 50.929747408744554 ] ] ], [ [ [ 6.474077202085557, 50.984144458456406 ], [ 6.492444919182437, 50.983868349067201 ], [ 6.500269010540084, 50.972618162102819 ], [ 6.478824492179897, 50.96265541277706 ], [ 6.488768175364426, 50.957394000691302 ], [ 6.485357755611799, 50.951959915978861 ], [ 6.475064493036828, 50.951063454970672 ], [ 6.479396747959035, 50.945022821296114 ], [ 6.454868645595924, 50.934818559130527 ], [ 6.447729613737837, 50.959747011646925 ], [ 6.433215406264572, 50.974433317343994 ], [ 6.393890500714692, 50.964788529408928 ], [ 6.374643198777007, 50.980472561609282 ], [ 6.359219621670286, 50.967272259465808 ], [ 6.336654893818901, 50.986365008509885 ], [ 6.361182675388548, 50.992773112115934 ], [ 6.356339009611006, 51.015904612682974 ], [ 6.372083371972366, 51.026223741367275 ], [ 6.371641006425179, 51.033912951246514 ], [ 6.430745379165155, 51.035367026369407 ], [ 6.455343788637105, 51.047245023473963 ], [ 6.459524205042833, 51.043518069740017 ], [ 6.480788266482775, 51.034683988517152 ], [ 6.457846524076032, 51.021835753051626 ], [ 6.474077202085557, 50.984144458456406 ] ] ] ] } },
{ "type": "Feature", "properties": { "n_flats": 1591, "RegioStaR7": 72 }, "geometry": { "type": "MultiPolygon", "coordinates": [ [ [ [ 6.076607851914591, 50.808869381750306 ], [ 6.105133843974341, 50.813172091564333 ], [ 6.102412626438236, 50.805799584952815 ], [ 6.189806075239852, 50.808464740702441 ], [ 6.190328741819756, 50.804049766760492 ], [ 6.190622917140477, 50.796264438329565 ], [ 6.175391360007224, 50.789687601156999 ], [ 6.204291490711348, 50.759872958450046 ], [ 6.190360876786611, 50.737420503233402 ], [ 6.216912518736427, 50.698485193935099 ], [ 6.193141799349128, 50.681892596536599 ], [ 6.196298055289206, 50.664564247377541 ], [ 6.165625496118281, 50.662287839100721 ], [ 6.111825304115002, 50.722910914753101 ], [ 6.073234037689625, 50.720926945577567 ], [ 6.046315622177937, 50.727871267815445 ], [ 6.039165102217601, 50.718446433322917 ], [ 6.033628723333998, 50.728067305761201 ], [ 6.039892410474446, 50.745426801122498 ], [ 6.021511729202361, 50.753370786380145 ], [ 6.018925210869913, 50.761942455915296 ], [ 6.027839083925, 50.773608960395755 ], [ 5.974479699551971, 50.797949029171804 ], [ 5.985540573541588, 50.810468973197779 ], [ 6.003569297709702, 50.801317030918398 ], [ 6.02475208596515, 50.814161985779506 ], [ 6.020765058084119, 50.846116764854116 ], [ 6.056336375245419, 50.856048136656611 ], [ 6.05805569597904, 50.851021083508336 ], [ 6.076607851914591, 50.808869381750306 ] ] ], [ [ [ 6.502257701633485, 51.23479899155582 ], [ 6.523403734640894, 51.225590236878276 ], [ 6.510551571091908, 51.220719563907444 ], [ 6.50848693310235, 51.226505872225601 ], [ 6.494213037453406, 51.228532119962374 ], [ 6.493165438153008, 51.19310103392413 ], [ 6.480686752142184, 51.176653552160076 ], [ 6.490428948796307, 51.170608735423571 ], [ 6.518233352234323, 51.181365389169635 ], [ 6.533989057895464, 51.144147418437093 ], [ 6.514655279584227, 51.139837944183483 ], [ 6.512748298133241, 51.146999236805215 ], [ 6.493136379478078, 51.150472874745986 ], [ 6.46915208177559, 51.139979027021418 ], [ 6.466802523999434, 51.130326195757071 ], [ 6.48093984395979, 51.110505856523453 ], [ 6.463050999977104, 51.116693503299999 ], [ 6.452963718452899, 51.109097406738293 ], [ 6.444040773354663, 51.110788025889349 ], [ 6.436070715761019, 51.100814854696353 ], [ 6.444358526998172, 51.088559958946625 ], [ 6.405952109661424, 51.085557634719137 ], [ 6.390442803424831, 51.091548692324835 ], [ 6.392552595162324, 51.098339900794443 ], [ 6.363433576430781, 51.094300221276363 ], [ 6.352019150255505, 51.104361881068897 ], [ 6.354978199835228, 51.126195003433736 ], [ 6.333278677916972, 51.13401956678598 ], [ 6.31891470141838, 51.150141770736887 ], [ 6.301788158639435, 51.152077706972285 ], [ 6.305818752446402, 51.165920549011091 ], [ 6.294729902152872, 51.167279230401327 ], [ 6.29176484246014, 51.175120989794856 ], [ 6.318481424625127, 51.181838632433504 ], [ 6.314409102256753, 51.194967159555929 ], [ 6.330296810080193, 51.205957465512597 ], [ 6.331002453314984, 51.216719611128781 ], [ 6.330820654820061, 51.223976229835415 ], [ 6.358968046775517, 51.228075986019952 ], [ 6.369104747872015, 51.21713417357099 ], [ 6.414646718711039, 51.218914017055788 ], [ 6.457559229752469, 51.247446065758027 ], [ 6.477163859088885, 51.235515781646768 ], [ 6.502257701633485, 51.23479899155582 ] ] ], [ [ [ 6.688509237565796, 51.230517816394162 ], [ 6.694020752053039, 51.224589009879857 ], [ 6.72393899785844, 51.224540432933168 ], [ 6.736843808359691, 51.183639911474984 ], [ 6.780563608925264, 51.18511487971066 ], [ 6.79377993637799, 51.180009244285401 ], [ 6.798802608129399, 51.144765455541034 ], [ 6.768943861671983, 51.145446016142607 ], [ 6.762894862800962, 51.138423910299565 ], [ 6.771751040170993, 51.131599032972701 ], [ 6.760393311802272, 51.125271934411089 ], [ 6.714832280185504, 51.118533206122223 ], [ 6.709674009988669, 51.132564341102203 ], [ 6.668567360795552, 51.130952651295729 ], [ 6.66285288426511, 51.144054952521131 ], [ 6.654668913176284, 51.135625459937394 ], [ 6.628231781014405, 51.153182108666073 ], [ 6.614924450038763, 51.151118497931719 ], [ 6.615133048916563, 51.159711753727841 ], [ 6.62670512193534, 51.165069343950123 ], [ 6.621412976463781, 51.18048058474939 ], [ 6.635411119449908, 51.183908899555547 ], [ 6.633591426350014, 51.207426368497615 ], [ 6.64561335680572, 51.211783381548329 ], [ 6.638842832935366, 51.230631090998735 ], [ 6.675983006147524, 51.233622723915197 ], [ 6.698075371159169, 51.235379147499749 ], [ 6.688509237565796, 51.230517816394162 ] ] ] ] } },
{ "type": "Feature", "properties": { "n_flats": 3014, "RegioStaR7": 73 }, "geometry": { "type": "Polygon", "coordinates": [ [ [ 6.233708944839352, 50.624534501588847 ], [ 6.196860570037915, 50.632373951549852 ], [ 6.183232077059517, 50.623020556994625 ], [ 6.175302132358391, 50.627252746356774 ], [ 6.182034556995676, 50.633259124248788 ], [ 6.166629012901928, 50.643839320323508 ], [ 6.184138973489461, 50.647467956136957 ], [ 6.165625496118281, 50.662287839100721 ], [ 6.196298055289206, 50.664564247377541 ], [ 6.193141799349128, 50.681892596536599 ], [ 6.216912518736427, 50.698485193935099 ], [ 6.190360876786611, 50.737420503233402 ], [ 6.204291490711348, 50.759872958450046 ], [ 6.175391360007224, 50.789687601156999 ], [ 6.190622917140477, 50.796264438329565 ], [ 6.190328741819756, 50.804049766760492 ], [ 6.189806075239852, 50.808464740702441 ], [ 6.102412626438236, 50.805799584952815 ], [ 6.105133843974341, 50.813172091564333 ], [ 6.076607851914591, 50.808869381750306 ], [ 6.05805569597904, 50.851021083508336 ], [ 6.074039306563769, 50.846458016587967 ], [ 6.088136955096412, 50.872990654946364 ], [ 6.075270010425791, 50.892322238234186 ], [ 6.087028635573937, 50.913762650958013 ], [ 6.093993528036232, 50.921652563269511 ], [ 6.054107239870198, 50.922386666013985 ], [ 6.049662467324145, 50.929328531113889 ], [ 6.018645616833754, 50.93502338349343 ], [ 6.01560597576275, 50.94787758984959 ], [ 6.035854440380091, 50.95469630729027 ], [ 6.059368363366556, 50.986352005780688 ], [ 6.081015940745288, 50.997307544298479 ], [ 6.104442054558177, 50.998205290166077 ], [ 6.118589874545735, 51.013239678192726 ], [ 6.1464227465799, 51.002842609953241 ], [ 6.160329812956086, 51.012126080575435 ], [ 6.179414939976859, 51.005836990783891 ], [ 6.209982072590857, 51.017363208819553 ], [ 6.213185567824054, 51.02197438153393 ], [ 6.183660651895091, 51.043056445651466 ], [ 6.186234219634087, 51.047858717835737 ], [ 6.151917313191604, 51.06973132808298 ], [ 6.154071560966793, 51.076101874044419 ], [ 6.205802009673302, 51.0910960634071 ], [ 6.200252377371308, 51.106456504177217 ], [ 6.180135923261928, 51.120575485431644 ], [ 6.187248866764087, 51.140576464748925 ], [ 6.155847729533522, 51.141254189597397 ], [ 6.154601471578561, 51.148051282618532 ], [ 6.175745446370734, 51.158627189288801 ], [ 6.13901735839005, 51.173124503964331 ], [ 6.175016053054321, 51.184475837541889 ], [ 6.210804239213909, 51.167159533438884 ], [ 6.250104344911753, 51.189429532737904 ], [ 6.29176484246014, 51.175120989794856 ], [ 6.294729902152872, 51.167279230401327 ], [ 6.305818752446402, 51.165920549011091 ], [ 6.301788158639435, 51.152077706972285 ], [ 6.31891470141838, 51.150141770736887 ], [ 6.333278677916972, 51.13401956678598 ], [ 6.354978199835228, 51.126195003433736 ], [ 6.352019150255505, 51.104361881068897 ], [ 6.363433576430781, 51.094300221276363 ], [ 6.392552595162324, 51.098339900794443 ], [ 6.390442803424831, 51.091548692324835 ], [ 6.405952109661424, 51.085557634719137 ], [ 6.444358526998172, 51.088559958946625 ], [ 6.436070715761019, 51.100814854696353 ], [ 6.444040773354663, 51.110788025889349 ], [ 6.452963718452899, 51.109097406738293 ], [ 6.463050999977104, 51.116693503299999 ], [ 6.48093984395979, 51.110505856523453 ], [ 6.466802523999434, 51.130326195757071 ], [ 6.46915208177559, 51.139979027021418 ], [ 6.493136379478078, 51.150472874745986 ], [ 6.512748298133241, 51.146999236805215 ], [ 6.514655279584227, 51.139837944183483 ], [ 6.533989057895464, 51.144147418437093 ], [ 6.518233352234323, 51.181365389169635 ], [ 6.490428948796307, 51.170608735423571 ], [ 6.480686752142184, 51.176653552160076 ], [ 6.493165438153008, 51.19310103392413 ], [ 6.494213037453406, 51.228532119962374 ], [ 6.50848693310235, 51.226505872225601 ], [ 6.510551571091908, 51.220719563907444 ], [ 6.523403734640894, 51.225590236878276 ], [ 6.53003938950044, 51.223184618405483 ], [ 6.537956267354844, 51.231913570928988 ], [ 6.561584395946603, 51.22932351478584 ], [ 6.569718470070312, 51.241309971677687 ], [ 6.604093252579171, 51.24236021772937 ], [ 6.605091934748493, 51.247700171832932 ], [ 6.625425060979804, 51.250751134185109 ], [ 6.610408945505141, 51.262950121449521 ], [ 6.595881061712013, 51.261367420672897 ], [ 6.584654954725977, 51.287697543193353 ], [ 6.621870081962699, 51.291431031835351 ], [ 6.622844369934858, 51.308022717620922 ], [ 6.656395602951686, 51.310407094488944 ], [ 6.694840925368816, 51.324571341918166 ], [ 6.705421668732832, 51.336454644757332 ], [ 6.714546752525102, 51.332875725026355 ], [ 6.730812257793065, 51.322859392160929 ], [ 6.734374734490019, 51.310947185622759 ], [ 6.702586058702178, 51.271822606081855 ], [ 6.726927191630635, 51.256942857937645 ], [ 6.698075371159169, 51.235379147499749 ], [ 6.675983006147524, 51.233622723915197 ], [ 6.638842832935366, 51.230631090998735 ], [ 6.64561335680572, 51.211783381548329 ], [ 6.633591426350014, 51.207426368497615 ], [ 6.635411119449908, 51.183908899555547 ], [ 6.621412976463781, 51.18048058474939 ], [ 6.62670512193534, 51.165069343950123 ], [ 6.615133048916563, 51.159711753727841 ], [ 6.614924450038763, 51.151118497931719 ], [ 6.628231781014405, 51.153182108666073 ], [ 6.654668913176284, 51.135625459937394 ], [ 6.66285288426511, 51.144054952521131 ], [ 6.668567360795552, 51.130952651295729 ], [ 6.709674009988669, 51.132564341102203 ], [ 6.714832280185504, 51.118533206122223 ], [ 6.760393311802272, 51.125271934411089 ], [ 6.771751040170993, 51.131599032972701 ], [ 6.762894862800962, 51.138423910299565 ], [ 6.768943861671983, 51.145446016142607 ], [ 6.798802608129399, 51.144765455541034 ], [ 6.816298454948575, 51.144289212354373 ], [ 6.834859368469905, 51.159077372005626 ], [ 6.849944690539856, 51.161113839317665 ], [ 6.857058968224767, 51.15530578111354 ], [ 6.848240991848093, 51.138114819109113 ], [ 6.855174668256045, 51.126026291610195 ], [ 6.880193027612122, 51.111234490967099 ], [ 6.879646279390336, 51.09884473404032 ], [ 6.854346577055705, 51.084607094849133 ], [ 6.820930643381118, 51.073513343557103 ], [ 6.828338593231082, 51.056378323821427 ], [ 6.812866209464012, 51.046043495940431 ], [ 6.79078413538009, 51.067126063726853 ], [ 6.773912610222372, 51.064462027816127 ], [ 6.798141764901228, 51.036982367720015 ], [ 6.823121323257008, 51.03855701153396 ], [ 6.841752631217634, 51.0248198666904 ], [ 6.834558062444349, 51.017715982416341 ], [ 6.843342193410729, 51.005402362061119 ], [ 6.835363760240299, 50.999944586944522 ], [ 6.844261605697092, 50.988675359180156 ], [ 6.818348920506554, 50.965210755667314 ], [ 6.825413168505372, 50.955992986530298 ], [ 6.809303961417343, 50.948176843636176 ], [ 6.814995801111507, 50.940875423991343 ], [ 6.823937554589831, 50.926991839540591 ], [ 6.841226789075152, 50.924576187324654 ], [ 6.843153844692361, 50.910742312889361 ], [ 6.85789861913225, 50.904548040978369 ], [ 6.878065653975479, 50.910575505900425 ], [ 6.917798562397724, 50.892550312435446 ], [ 6.91175447002174, 50.882869401753339 ], [ 6.923911982039696, 50.865675445202264 ], [ 6.920378444507688, 50.856548153921658 ], [ 6.930764051347076, 50.839276280475232 ], [ 6.946355372981512, 50.845060564458763 ], [ 6.956805432789925, 50.835633455857725 ], [ 6.973238371225825, 50.84347554753203 ], [ 6.982251987806412, 50.840551349269205 ], [ 6.987036146667518, 50.827508253447107 ], [ 7.024186885114785, 50.818356198923524 ], [ 7.029986627534186, 50.800229498838995 ], [ 7.019279563486971, 50.802376641639114 ], [ 6.990515833651986, 50.792791041003476 ], [ 6.958640298744872, 50.804324167226206 ], [ 6.939579709908335, 50.804413483554505 ], [ 6.908388021482423, 50.801184328657435 ], [ 6.863984566610388, 50.784836078187162 ], [ 6.851452317649986, 50.7874138361096 ], [ 6.837173001562528, 50.777404752591053 ], [ 6.84095448951876, 50.767699808421476 ], [ 6.813443750205846, 50.763924315038501 ], [ 6.776270710184119, 50.717830152528727 ], [ 6.755559347845196, 50.727327952872734 ], [ 6.713180117704522, 50.734038064566917 ], [ 6.723955218765774, 50.746004875250946 ], [ 6.716236229753672, 50.753220063539992 ], [ 6.694040297533338, 50.753944972631984 ], [ 6.682126451109388, 50.768094706220019 ], [ 6.694923639221243, 50.784525637854664 ], [ 6.712681705385668, 50.787756155873659 ], [ 6.707731090549859, 50.803694300213046 ], [ 6.718451139282928, 50.804395835098987 ], [ 6.706424167593338, 50.835085785820155 ], [ 6.683052301192682, 50.836208672593656 ], [ 6.676848285183181, 50.831411948746869 ], [ 6.651620456313002, 50.835587216377512 ], [ 6.628145527231349, 50.823726353971267 ], [ 6.61636848554468, 50.827302965641664 ], [ 6.567943461919734, 50.822349236682953 ], [ 6.571997025732469, 50.80526550752073 ], [ 6.549442640403194, 50.801768898758979 ], [ 6.537967937485068, 50.805612260339785 ], [ 6.521357696917876, 50.798970144343549 ], [ 6.52484633395239, 50.78511083072906 ], [ 6.50919951422481, 50.759679458461896 ], [ 6.48536581430699, 50.758963831321232 ], [ 6.459301178352649, 50.741548852407895 ], [ 6.453327954537005, 50.743611030736176 ], [ 6.40390093284116, 50.773502792317721 ], [ 6.365209358582539, 50.758565840728807 ], [ 6.341700255691245, 50.755011417873611 ], [ 6.308385106862799, 50.70273793828602 ], [ 6.312326213775309, 50.690137453036606 ], [ 6.286462674036837, 50.686521169677917 ], [ 6.270283001721259, 50.684875918764213 ], [ 6.244892823085845, 50.667414953984391 ], [ 6.26293303578859, 50.643491524881433 ], [ 6.250164573310952, 50.640548715046037 ], [ 6.255781272105875, 50.625645373013469 ], [ 6.233708944839352, 50.624534501588847 ] ], [ [ 6.455343788637105, 51.047245023473963 ], [ 6.430745379165155, 51.035367026369407 ], [ 6.371641006425179, 51.033912951246514 ], [ 6.372083371972366, 51.026223741367275 ], [ 6.356339009611006, 51.015904612682974 ], [ 6.361182675388548, 50.992773112115934 ], [ 6.336654893818901, 50.986365008509885 ], [ 6.359219621670286, 50.967272259465808 ], [ 6.374643198777007, 50.980472561609282 ], [ 6.393890500714692, 50.964788529408928 ], [ 6.433215406264572, 50.974433317343994 ], [ 6.447729613737837, 50.959747011646925 ], [ 6.454868645595924, 50.934818559130527 ], [ 6.479396747959035, 50.945022821296114 ], [ 6.475064493036828, 50.951063454970672 ], [ 6.485357755611799, 50.951959915978861 ], [ 6.488768175364426, 50.957394000691302 ], [ 6.478824492179897, 50.96265541277706 ], [ 6.500269010540084, 50.972618162102819 ], [ 6.492444919182437, 50.983868349067201 ], [ 6.474077202085557, 50.984144458456406 ], [ 6.457846524076032, 51.021835753051626 ], [ 6.480788266482775, 51.034683988517152 ], [ 6.459524205042833, 51.043518069740017 ], [ 6.455343788637105, 51.047245023473963 ] ], [ [ 6.229860983277039, 50.863356596428048 ], [ 6.24238954602474, 50.872568147010519 ], [ 6.250011622665086, 50.865385065245462 ], [ 6.267530772062963, 50.868801096923619 ], [ 6.29795379038763, 50.885479568349581 ], [ 6.302081108108033, 50.874174370540146 ], [ 6.321326029296186, 50.867974484231759 ], [ 6.332365107876688, 50.883288510198462 ], [ 6.306912411244666, 50.895140007199998 ], [ 6.321625822535987, 50.904402948753614 ], [ 6.305651131612326, 50.902006779558967 ], [ 6.301986148823209, 50.918114298934569 ], [ 6.287439070748321, 50.921309876586598 ], [ 6.277927812872091, 50.916171155456041 ], [ 6.264632480271688, 50.924987053640542 ], [ 6.267653610221145, 50.936894337392822 ], [ 6.228118118493643, 50.936709853799094 ], [ 6.222355509479914, 50.929747408744554 ], [ 6.228471002254658, 50.920788424865208 ], [ 6.20035933242452, 50.902086344113528 ], [ 6.204516976152521, 50.893574922167581 ], [ 6.218841469496945, 50.885897147527857 ], [ 6.229860983277039, 50.863356596428048 ] ] ] } },
{ "type": "Feature", "properties": { "n_flats": 100, "RegioStaR7": 74 }, "geometry": { "type": "MultiPolygon", "coordinates": [ [ [ [ 6.380032579614955, 50.532295942011501 ], [ 6.366183691728632, 50.51556069943647 ], [ 6.347511899799154, 50.507598499781018 ], [ 6.315420618847899, 50.496974266184232 ], [ 6.26862285421433, 50.503880032603732 ], [ 6.261558149798931, 50.498870634728505 ], [ 6.25140700315897, 50.504075361498607 ], [ 6.226539897464838, 50.494881538239142 ], [ 6.206464614743336, 50.521188440631263 ], [ 6.192650766600819, 50.521234679358081 ], [ 6.187701562953326, 50.527079276560791 ], [ 6.191778204365332, 50.530755603547938 ], [ 6.197415030135484, 50.531108815713843 ], [ 6.199869520881589, 50.534942107796311 ], [ 6.17878267520861, 50.541598782631709 ], [ 6.175039197058454, 50.558078661826009 ], [ 6.20320784105248, 50.56980324603397 ], [ 6.225947707812236, 50.590737808842604 ], [ 6.242421839586522, 50.587245552729108 ], [ 6.246231311955499, 50.60199618335222 ], [ 6.262509830405357, 50.611299218907384 ], [ 6.270693215163103, 50.626285712484396 ], [ 6.255781272105875, 50.625645373013469 ], [ 6.250164573310952, 50.640548715046037 ], [ 6.26293303578859, 50.643491524881433 ], [ 6.244892823085845, 50.667414953984391 ], [ 6.270283001721259, 50.684875918764213 ], [ 6.286462674036837, 50.686521169677917 ], [ 6.287789024172361, 50.672771555518914 ], [ 6.299685188285589, 50.665553038060267 ], [ 6.323181889216769, 50.665070843670371 ], [ 6.335091486735234, 50.650621778405927 ], [ 6.375858550592676, 50.671690908347188 ], [ 6.384878768329926, 50.643067628415203 ], [ 6.406221695940636, 50.645382173958232 ], [ 6.410307171870622, 50.641828011054933 ], [ 6.40748880546127, 50.628706505834913 ], [ 6.395714444143729, 50.631464672598931 ], [ 6.382041174705979, 50.621016026993928 ], [ 6.393869189241602, 50.618923021188188 ], [ 6.389509397965991, 50.6058451470536 ], [ 6.416921992027838, 50.6051842302738 ], [ 6.415898658560426, 50.598628705255514 ], [ 6.390972957074886, 50.596606234779863 ], [ 6.395677637355852, 50.584301560935906 ], [ 6.365265898433568, 50.562136949119079 ], [ 6.357999813155924, 50.529947086778662 ], [ 6.374373679471041, 50.53698688320209 ], [ 6.380032579614955, 50.532295942011501 ] ] ], [ [ [ 6.870446974289134, 50.780138005981243 ], [ 6.861339616358987, 50.763213527242847 ], [ 6.882014780338244, 50.74590721984265 ], [ 6.902108563066032, 50.750650097345499 ], [ 6.915768718431845, 50.734030014308537 ], [ 6.897348088318463, 50.726629882857175 ], [ 6.901393217205505, 50.71979043930606 ], [ 6.891253177501654, 50.713097236607879 ], [ 6.865439260869839, 50.706777501651494 ], [ 6.856190681564722, 50.696279662044134 ], [ 6.840710684883848, 50.703043023459415 ], [ 6.810941415442588, 50.701235786626171 ], [ 6.794306504004827, 50.689643630492519 ], [ 6.769858944566838, 50.687680826644403 ], [ 6.759604002505205, 50.690529864945262 ], [ 6.76334908721965, 50.694106409655738 ], [ 6.776270710184119, 50.717830152528727 ], [ 6.813443750205846, 50.763924315038501 ], [ 6.84095448951876, 50.767699808421476 ], [ 6.837173001562528, 50.777404752591053 ], [ 6.851452317649986, 50.7874138361096 ], [ 6.863984566610388, 50.784836078187162 ], [ 6.870446974289134, 50.780138005981243 ] ] ], [ [ [ 6.222355509479914, 50.929747408744554 ], [ 6.228118118493643, 50.936709853799094 ], [ 6.267653610221145, 50.936894337392822 ], [ 6.264632480271688, 50.924987053640542 ], [ 6.277927812872091, 50.916171155456041 ], [ 6.287439070748321, 50.921309876586598 ], [ 6.301986148823209, 50.918114298934569 ], [ 6.305651131612326, 50.902006779558967 ], [ 6.321625822535987, 50.904402948753614 ], [ 6.306912411244666, 50.895140007199998 ], [ 6.332365107876688, 50.883288510198462 ], [ 6.321326029296186, 50.867974484231759 ], [ 6.302081108108033, 50.874174370540146 ], [ 6.29795379038763, 50.885479568349581 ], [ 6.267530772062963, 50.868801096923619 ], [ 6.250011622665086, 50.865385065245462 ], [ 6.24238954602474, 50.872568147010519 ], [ 6.229860983277039, 50.863356596428048 ], [ 6.218841469496945, 50.885897147527857 ], [ 6.204516976152521, 50.893574922167581 ], [ 6.20035933242452, 50.902086344113528 ], [ 6.228471002254658, 50.920788424865208 ], [ 6.222355509479914, 50.929747408744554 ] ] ], [ [ [ 6.474077202085557, 50.984144458456406 ], [ 6.492444919182437, 50.983868349067201 ], [ 6.500269010540084, 50.972618162102819 ], [ 6.478824492179897, 50.96265541277706 ], [ 6.488768175364426, 50.957394000691302 ], [ 6.485357755611799, 50.951959915978861 ], [ 6.475064493036828, 50.951063454970672 ], [ 6.479396747959035, 50.945022821296114 ], [ 6.454868645595924, 50.934818559130527 ], [ 6.447729613737837, 50.959747011646925 ], [ 6.433215406264572, 50.974433317343994 ], [ 6.393890500714692, 50.964788529408928 ], [ 6.374643198777007, 50.980472561609282 ], [ 6.359219621670286, 50.967272259465808 ], [ 6.336654893818901, 50.986365008509885 ], [ 6.361182675388548, 50.992773112115934 ], [ 6.356339009611006, 51.015904612682974 ], [ 6.372083371972366, 51.026223741367275 ], [ 6.371641006425179, 51.033912951246514 ], [ 6.430745379165155, 51.035367026369407 ], [ 6.455343788637105, 51.047245023473963 ], [ 6.459524205042833, 51.043518069740017 ], [ 6.480788266482775, 51.034683988517152 ], [ 6.457846524076032, 51.021835753051626 ], [ 6.474077202085557, 50.984144458456406 ] ] ] ] } },
{ "type": "Feature", "properties": { "n_flats": 1591, "RegioStaR7": 72 }, "geometry": { "type": "MultiPolygon", "coordinates": [ [ [ [ 6.076607851914591, 50.808869381750306 ], [ 6.105133843974341, 50.813172091564333 ], [ 6.102412626438236, 50.805799584952815 ], [ 6.189806075239852, 50.808464740702441 ], [ 6.190328741819756, 50.804049766760492 ], [ 6.190622917140477, 50.796264438329565 ], [ 6.175391360007224, 50.789687601156999 ], [ 6.204291490711348, 50.759872958450046 ], [ 6.190360876786611, 50.737420503233402 ], [ 6.216912518736427, 50.698485193935099 ], [ 6.193141799349128, 50.681892596536599 ], [ 6.196298055289206, 50.664564247377541 ], [ 6.165625496118281, 50.662287839100721 ], [ 6.111825304115002, 50.722910914753101 ], [ 6.073234037689625, 50.720926945577567 ], [ 6.046315622177937, 50.727871267815445 ], [ 6.039165102217601, 50.718446433322917 ], [ 6.033628723333998, 50.728067305761201 ], [ 6.039892410474446, 50.745426801122498 ], [ 6.021511729202361, 50.753370786380145 ], [ 6.018925210869913, 50.761942455915296 ], [ 6.027839083925, 50.773608960395755 ], [ 5.974479699551971, 50.797949029171804 ], [ 5.985540573541588, 50.810468973197779 ], [ 6.003569297709702, 50.801317030918398 ], [ 6.02475208596515, 50.814161985779506 ], [ 6.020765058084119, 50.846116764854116 ], [ 6.056336375245419, 50.856048136656611 ], [ 6.05805569597904, 50.851021083508336 ], [ 6.076607851914591, 50.808869381750306 ] ] ], [ [ [ 6.502257701633485, 51.23479899155582 ], [ 6.523403734640894, 51.225590236878276 ], [ 6.510551571091908, 51.220719563907444 ], [ 6.50848693310235, 51.226505872225601 ], [ 6.494213037453406, 51.228532119962374 ], [ 6.493165438153008, 51.19310103392413 ], [ 6.480686752142184, 51.176653552160076 ], [ 6.490428948796307, 51.170608735423571 ], [ 6.518233352234323, 51.181365389169635 ], [ 6.533989057895464, 51.144147418437093 ], [ 6.514655279584227, 51.139837944183483 ], [ 6.512748298133241, 51.146999236805215 ], [ 6.493136379478078, 51.150472874745986 ], [ 6.46915208177559, 51.139979027021418 ], [ 6.466802523999434, 51.130326195757071 ], [ 6.48093984395979, 51.110505856523453 ], [ 6.463050999977104, 51.116693503299999 ], [ 6.452963718452899, 51.109097406738293 ], [ 6.444040773354663, 51.110788025889349 ], [ 6.436070715761019, 51.100814854696353 ], [ 6.444358526998172, 51.088559958946625 ], [ 6.405952109661424, 51.085557634719137 ], [ 6.390442803424831, 51.091548692324835 ], [ 6.392552595162324, 51.098339900794443 ], [ 6.363433576430781, 51.094300221276363 ], [ 6.352019150255505, 51.104361881068897 ], [ 6.354978199835228, 51.126195003433736 ], [ 6.333278677916972, 51.13401956678598 ], [ 6.31891470141838, 51.150141770736887 ], [ 6.301788158639435, 51.152077706972285 ], [ 6.305818752446402, 51.165920549011091 ], [ 6.294729902152872, 51.167279230401327 ], [ 6.29176484246014, 51.175120989794856 ], [ 6.318481424625127, 51.181838632433504 ], [ 6.314409102256753, 51.194967159555929 ], [ 6.330296810080193, 51.205957465512597 ], [ 6.331002453314984, 51.216719611128781 ], [ 6.330820654820061, 51.223976229835415 ], [ 6.358968046775517, 51.228075986019952 ], [ 6.369104747872015, 51.21713417357099 ], [ 6.414646718711039, 51.218914017055788 ], [ 6.457559229752469, 51.247446065758027 ], [ 6.477163859088885, 51.235515781646768 ], [ 6.502257701633485, 51.23479899155582 ] ] ], [ [ [ 6.688509237565796, 51.230517816394162 ], [ 6.694020752053039, 51.224589009879857 ], [ 6.72393899785844, 51.224540432933168 ], [ 6.736843808359691, 51.183639911474984 ], [ 6.780563608925264, 51.18511487971066 ], [ 6.79377993637799, 51.180009244285401 ], [ 6.798802608129399, 51.144765455541034 ], [ 6.768943861671983, 51.145446016142607 ], [ 6.762894862800962, 51.138423910299565 ], [ 6.771751040170993, 51.131599032972701 ], [ 6.760393311802272, 51.125271934411089 ], [ 6.714832280185504, 51.118533206122223 ], [ 6.709674009988669, 51.132564341102203 ], [ 6.668567360795552, 51.130952651295729 ], [ 6.66285288426511, 51.144054952521131 ], [ 6.654668913176284, 51.135625459937394 ], [ 6.628231781014405, 51.153182108666073 ], [ 6.614924450038763, 51.151118497931719 ], [ 6.615133048916563, 51.159711753727841 ], [ 6.62670512193534, 51.165069343950123 ], [ 6.621412976463781, 51.18048058474939 ], [ 6.635411119449908, 51.183908899555547 ], [ 6.633591426350014, 51.207426368497615 ], [ 6.64561335680572, 51.211783381548329 ], [ 6.638842832935366, 51.230631090998735 ], [ 6.675983006147524, 51.233622723915197 ], [ 6.698075371159169, 51.235379147499749 ], [ 6.688509237565796, 51.230517816394162 ] ] ] ] } },
{ "type": "Feature", "properties": { "n_flats": 3014, "RegioStaR7": 73 }, "geometry": { "type": "Polygon", "coordinates": [ [ [ 6.233708944839352, 50.624534501588847 ], [ 6.196860570037915, 50.632373951549852 ], [ 6.183232077059517, 50.623020556994625 ], [ 6.175302132358391, 50.627252746356774 ], [ 6.182034556995676, 50.633259124248788 ], [ 6.166629012901928, 50.643839320323508 ], [ 6.184138973489461, 50.647467956136957 ], [ 6.165625496118281, 50.662287839100721 ], [ 6.196298055289206, 50.664564247377541 ], [ 6.193141799349128, 50.681892596536599 ], [ 6.216912518736427, 50.698485193935099 ], [ 6.190360876786611, 50.737420503233402 ], [ 6.204291490711348, 50.759872958450046 ], [ 6.175391360007224, 50.789687601156999 ], [ 6.190622917140477, 50.796264438329565 ], [ 6.190328741819756, 50.804049766760492 ], [ 6.189806075239852, 50.808464740702441 ], [ 6.102412626438236, 50.805799584952815 ], [ 6.105133843974341, 50.813172091564333 ], [ 6.076607851914591, 50.808869381750306 ], [ 6.05805569597904, 50.851021083508336 ], [ 6.074039306563769, 50.846458016587967 ], [ 6.088136955096412, 50.872990654946364 ], [ 6.075270010425791, 50.892322238234186 ], [ 6.087028635573937, 50.913762650958013 ], [ 6.093993528036232, 50.921652563269511 ], [ 6.054107239870198, 50.922386666013985 ], [ 6.049662467324145, 50.929328531113889 ], [ 6.018645616833754, 50.93502338349343 ], [ 6.01560597576275, 50.94787758984959 ], [ 6.035854440380091, 50.95469630729027 ], [ 6.059368363366556, 50.986352005780688 ], [ 6.081015940745288, 50.997307544298479 ], [ 6.104442054558177, 50.998205290166077 ], [ 6.118589874545735, 51.013239678192726 ], [ 6.1464227465799, 51.002842609953241 ], [ 6.160329812956086, 51.012126080575435 ], [ 6.179414939976859, 51.005836990783891 ], [ 6.209982072590857, 51.017363208819553 ], [ 6.213185567824054, 51.02197438153393 ], [ 6.183660651895091, 51.043056445651466 ], [ 6.186234219634087, 51.047858717835737 ], [ 6.151917313191604, 51.06973132808298 ], [ 6.154071560966793, 51.076101874044419 ], [ 6.205802009673302, 51.0910960634071 ], [ 6.200252377371308, 51.106456504177217 ], [ 6.180135923261928, 51.120575485431644 ], [ 6.187248866764087, 51.140576464748925 ], [ 6.155847729533522, 51.141254189597397 ], [ 6.154601471578561, 51.148051282618532 ], [ 6.175745446370734, 51.158627189288801 ], [ 6.13901735839005, 51.173124503964331 ], [ 6.175016053054321, 51.184475837541889 ], [ 6.210804239213909, 51.167159533438884 ], [ 6.250104344911753, 51.189429532737904 ], [ 6.29176484246014, 51.175120989794856 ], [ 6.294729902152872, 51.167279230401327 ], [ 6.305818752446402, 51.165920549011091 ], [ 6.301788158639435, 51.152077706972285 ], [ 6.31891470141838, 51.150141770736887 ], [ 6.333278677916972, 51.13401956678598 ], [ 6.354978199835228, 51.126195003433736 ], [ 6.352019150255505, 51.104361881068897 ], [ 6.363433576430781, 51.094300221276363 ], [ 6.392552595162324, 51.098339900794443 ], [ 6.390442803424831, 51.091548692324835 ], [ 6.405952109661424, 51.085557634719137 ], [ 6.444358526998172, 51.088559958946625 ], [ 6.436070715761019, 51.100814854696353 ], [ 6.444040773354663, 51.110788025889349 ], [ 6.452963718452899, 51.109097406738293 ], [ 6.463050999977104, 51.116693503299999 ], [ 6.48093984395979, 51.110505856523453 ], [ 6.466802523999434, 51.130326195757071 ], [ 6.46915208177559, 51.139979027021418 ], [ 6.493136379478078, 51.150472874745986 ], [ 6.512748298133241, 51.146999236805215 ], [ 6.514655279584227, 51.139837944183483 ], [ 6.533989057895464, 51.144147418437093 ], [ 6.518233352234323, 51.181365389169635 ], [ 6.490428948796307, 51.170608735423571 ], [ 6.480686752142184, 51.176653552160076 ], [ 6.493165438153008, 51.19310103392413 ], [ 6.494213037453406, 51.228532119962374 ], [ 6.50848693310235, 51.226505872225601 ], [ 6.510551571091908, 51.220719563907444 ], [ 6.523403734640894, 51.225590236878276 ], [ 6.53003938950044, 51.223184618405483 ], [ 6.537956267354844, 51.231913570928988 ], [ 6.561584395946603, 51.22932351478584 ], [ 6.569718470070312, 51.241309971677687 ], [ 6.604093252579171, 51.24236021772937 ], [ 6.605091934748493, 51.247700171832932 ], [ 6.625425060979804, 51.250751134185109 ], [ 6.610408945505141, 51.262950121449521 ], [ 6.595881061712013, 51.261367420672897 ], [ 6.584654954725977, 51.287697543193353 ], [ 6.621870081962699, 51.291431031835351 ], [ 6.622844369934858, 51.308022717620922 ], [ 6.656395602951686, 51.310407094488944 ], [ 6.694840925368816, 51.324571341918166 ], [ 6.705421668732832, 51.336454644757332 ], [ 6.714546752525102, 51.332875725026355 ], [ 6.730812257793065, 51.322859392160929 ], [ 6.734374734490019, 51.310947185622759 ], [ 6.702586058702178, 51.271822606081855 ], [ 6.726927191630635, 51.256942857937645 ], [ 6.698075371159169, 51.235379147499749 ], [ 6.675983006147524, 51.233622723915197 ], [ 6.638842832935366, 51.230631090998735 ], [ 6.64561335680572, 51.211783381548329 ], [ 6.633591426350014, 51.207426368497615 ], [ 6.635411119449908, 51.183908899555547 ], [ 6.621412976463781, 51.18048058474939 ], [ 6.62670512193534, 51.165069343950123 ], [ 6.615133048916563, 51.159711753727841 ], [ 6.614924450038763, 51.151118497931719 ], [ 6.628231781014405, 51.153182108666073 ], [ 6.654668913176284, 51.135625459937394 ], [ 6.66285288426511, 51.144054952521131 ], [ 6.668567360795552, 51.130952651295729 ], [ 6.709674009988669, 51.132564341102203 ], [ 6.714832280185504, 51.118533206122223 ], [ 6.760393311802272, 51.125271934411089 ], [ 6.771751040170993, 51.131599032972701 ], [ 6.762894862800962, 51.138423910299565 ], [ 6.768943861671983, 51.145446016142607 ], [ 6.798802608129399, 51.144765455541034 ], [ 6.816298454948575, 51.144289212354373 ], [ 6.834859368469905, 51.159077372005626 ], [ 6.849944690539856, 51.161113839317665 ], [ 6.857058968224767, 51.15530578111354 ], [ 6.848240991848093, 51.138114819109113 ], [ 6.855174668256045, 51.126026291610195 ], [ 6.880193027612122, 51.111234490967099 ], [ 6.879646279390336, 51.09884473404032 ], [ 6.854346577055705, 51.084607094849133 ], [ 6.820930643381118, 51.073513343557103 ], [ 6.828338593231082, 51.056378323821427 ], [ 6.812866209464012, 51.046043495940431 ], [ 6.79078413538009, 51.067126063726853 ], [ 6.773912610222372, 51.064462027816127 ], [ 6.798141764901228, 51.036982367720015 ], [ 6.823121323257008, 51.03855701153396 ], [ 6.841752631217634, 51.0248198666904 ], [ 6.834558062444349, 51.017715982416341 ], [ 6.843342193410729, 51.005402362061119 ], [ 6.835363760240299, 50.999944586944522 ], [ 6.844261605697092, 50.988675359180156 ], [ 6.818348920506554, 50.965210755667314 ], [ 6.825413168505372, 50.955992986530298 ], [ 6.809303961417343, 50.948176843636176 ], [ 6.814995801111507, 50.940875423991343 ], [ 6.823937554589831, 50.926991839540591 ], [ 6.841226789075152, 50.924576187324654 ], [ 6.843153844692361, 50.910742312889361 ], [ 6.85789861913225, 50.904548040978369 ], [ 6.878065653975479, 50.910575505900425 ], [ 6.917798562397724, 50.892550312435446 ], [ 6.91175447002174, 50.882869401753339 ], [ 6.923911982039696, 50.865675445202264 ], [ 6.920378444507688, 50.856548153921658 ], [ 6.930764051347076, 50.839276280475232 ], [ 6.946355372981512, 50.845060564458763 ], [ 6.956805432789925, 50.835633455857725 ], [ 6.973238371225825, 50.84347554753203 ], [ 6.982251987806412, 50.840551349269205 ], [ 6.987036146667518, 50.827508253447107 ], [ 7.024186885114785, 50.818356198923524 ], [ 7.029986627534186, 50.800229498838995 ], [ 7.019279563486971, 50.802376641639114 ], [ 6.990515833651986, 50.792791041003476 ], [ 6.958640298744872, 50.804324167226206 ], [ 6.939579709908335, 50.804413483554505 ], [ 6.908388021482423, 50.801184328657435 ], [ 6.863984566610388, 50.784836078187162 ], [ 6.851452317649986, 50.7874138361096 ], [ 6.837173001562528, 50.777404752591053 ], [ 6.84095448951876, 50.767699808421476 ], [ 6.813443750205846, 50.763924315038501 ], [ 6.776270710184119, 50.717830152528727 ], [ 6.755559347845196, 50.727327952872734 ], [ 6.713180117704522, 50.734038064566917 ], [ 6.723955218765774, 50.746004875250946 ], [ 6.716236229753672, 50.753220063539992 ], [ 6.694040297533338, 50.753944972631984 ], [ 6.682126451109388, 50.768094706220019 ], [ 6.694923639221243, 50.784525637854664 ], [ 6.712681705385668, 50.787756155873659 ], [ 6.707731090549859, 50.803694300213046 ], [ 6.718451139282928, 50.804395835098987 ], [ 6.706424167593338, 50.835085785820155 ], [ 6.683052301192682, 50.836208672593656 ], [ 6.676848285183181, 50.831411948746869 ], [ 6.651620456313002, 50.835587216377512 ], [ 6.628145527231349, 50.823726353971267 ], [ 6.61636848554468, 50.827302965641664 ], [ 6.567943461919734, 50.822349236682953 ], [ 6.571997025732469, 50.80526550752073 ], [ 6.549442640403194, 50.801768898758979 ], [ 6.537967937485068, 50.805612260339785 ], [ 6.521357696917876, 50.798970144343549 ], [ 6.52484633395239, 50.78511083072906 ], [ 6.50919951422481, 50.759679458461896 ], [ 6.48536581430699, 50.758963831321232 ], [ 6.459301178352649, 50.741548852407895 ], [ 6.453327954537005, 50.743611030736176 ], [ 6.40390093284116, 50.773502792317721 ], [ 6.365209358582539, 50.758565840728807 ], [ 6.341700255691245, 50.755011417873611 ], [ 6.308385106862799, 50.70273793828602 ], [ 6.312326213775309, 50.690137453036606 ], [ 6.286462674036837, 50.686521169677917 ], [ 6.270283001721259, 50.684875918764213 ], [ 6.244892823085845, 50.667414953984391 ], [ 6.26293303578859, 50.643491524881433 ], [ 6.250164573310952, 50.640548715046037 ], [ 6.255781272105875, 50.625645373013469 ], [ 6.233708944839352, 50.624534501588847 ] ], [ [ 6.455343788637105, 51.047245023473963 ], [ 6.430745379165155, 51.035367026369407 ], [ 6.371641006425179, 51.033912951246514 ], [ 6.372083371972366, 51.026223741367275 ], [ 6.356339009611006, 51.015904612682974 ], [ 6.361182675388548, 50.992773112115934 ], [ 6.336654893818901, 50.986365008509885 ], [ 6.359219621670286, 50.967272259465808 ], [ 6.374643198777007, 50.980472561609282 ], [ 6.393890500714692, 50.964788529408928 ], [ 6.433215406264572, 50.974433317343994 ], [ 6.447729613737837, 50.959747011646925 ], [ 6.454868645595924, 50.934818559130527 ], [ 6.479396747959035, 50.945022821296114 ], [ 6.475064493036828, 50.951063454970672 ], [ 6.485357755611799, 50.951959915978861 ], [ 6.488768175364426, 50.957394000691302 ], [ 6.478824492179897, 50.96265541277706 ], [ 6.500269010540084, 50.972618162102819 ], [ 6.492444919182437, 50.983868349067201 ], [ 6.474077202085557, 50.984144458456406 ], [ 6.457846524076032, 51.021835753051626 ], [ 6.480788266482775, 51.034683988517152 ], [ 6.459524205042833, 51.043518069740017 ], [ 6.455343788637105, 51.047245023473963 ] ], [ [ 6.229860983277039, 50.863356596428048 ], [ 6.24238954602474, 50.872568147010519 ], [ 6.250011622665086, 50.865385065245462 ], [ 6.267530772062963, 50.868801096923619 ], [ 6.29795379038763, 50.885479568349581 ], [ 6.302081108108033, 50.874174370540146 ], [ 6.321326029296186, 50.867974484231759 ], [ 6.332365107876688, 50.883288510198462 ], [ 6.306912411244666, 50.895140007199998 ], [ 6.321625822535987, 50.904402948753614 ], [ 6.305651131612326, 50.902006779558967 ], [ 6.301986148823209, 50.918114298934569 ], [ 6.287439070748321, 50.921309876586598 ], [ 6.277927812872091, 50.916171155456041 ], [ 6.264632480271688, 50.924987053640542 ], [ 6.267653610221145, 50.936894337392822 ], [ 6.228118118493643, 50.936709853799094 ], [ 6.222355509479914, 50.929747408744554 ], [ 6.228471002254658, 50.920788424865208 ], [ 6.20035933242452, 50.902086344113528 ], [ 6.204516976152521, 50.893574922167581 ], [ 6.218841469496945, 50.885897147527857 ], [ 6.229860983277039, 50.863356596428048 ] ] ] } },
{ "type": "Feature", "properties": { "n_flats": 100, "RegioStaR7": 74 }, "geometry": { "type": "MultiPolygon", "coordinates": [ [ [ [ 6.380032579614955, 50.532295942011501 ], [ 6.366183691728632, 50.51556069943647 ], [ 6.347511899799154, 50.507598499781018 ], [ 6.315420618847899, 50.496974266184232 ], [ 6.26862285421433, 50.503880032603732 ], [ 6.261558149798931, 50.498870634728505 ], [ 6.25140700315897, 50.504075361498607 ], [ 6.226539897464838, 50.494881538239142 ], [ 6.206464614743336, 50.521188440631263 ], [ 6.192650766600819, 50.521234679358081 ], [ 6.187701562953326, 50.527079276560791 ], [ 6.191778204365332, 50.530755603547938 ], [ 6.197415030135484, 50.531108815713843 ], [ 6.199869520881589, 50.534942107796311 ], [ 6.17878267520861, 50.541598782631709 ], [ 6.175039197058454, 50.558078661826009 ], [ 6.20320784105248, 50.56980324603397 ], [ 6.225947707812236, 50.590737808842604 ], [ 6.242421839586522, 50.587245552729108 ], [ 6.246231311955499, 50.60199618335222 ], [ 6.262509830405357, 50.611299218907384 ], [ 6.270693215163103, 50.626285712484396 ], [ 6.255781272105875, 50.625645373013469 ], [ 6.250164573310952, 50.640548715046037 ], [ 6.26293303578859, 50.643491524881433 ], [ 6.244892823085845, 50.667414953984391 ], [ 6.270283001721259, 50.684875918764213 ], [ 6.286462674036837, 50.686521169677917 ], [ 6.287789024172361, 50.672771555518914 ], [ 6.299685188285589, 50.665553038060267 ], [ 6.323181889216769, 50.665070843670371 ], [ 6.335091486735234, 50.650621778405927 ], [ 6.375858550592676, 50.671690908347188 ], [ 6.384878768329926, 50.643067628415203 ], [ 6.406221695940636, 50.645382173958232 ], [ 6.410307171870622, 50.641828011054933 ], [ 6.40748880546127, 50.628706505834913 ], [ 6.395714444143729, 50.631464672598931 ], [ 6.382041174705979, 50.621016026993928 ], [ 6.393869189241602, 50.618923021188188 ], [ 6.389509397965991, 50.6058451470536 ], [ 6.416921992027838, 50.6051842302738 ], [ 6.415898658560426, 50.598628705255514 ], [ 6.390972957074886, 50.596606234779863 ], [ 6.395677637355852, 50.584301560935906 ], [ 6.365265898433568, 50.562136949119079 ], [ 6.357999813155924, 50.529947086778662 ], [ 6.374373679471041, 50.53698688320209 ], [ 6.380032579614955, 50.532295942011501 ] ] ], [ [ [ 6.870446974289134, 50.780138005981243 ], [ 6.861339616358987, 50.763213527242847 ], [ 6.882014780338244, 50.74590721984265 ], [ 6.902108563066032, 50.750650097345499 ], [ 6.915768718431845, 50.734030014308537 ], [ 6.897348088318463, 50.726629882857175 ], [ 6.901393217205505, 50.71979043930606 ], [ 6.891253177501654, 50.713097236607879 ], [ 6.865439260869839, 50.706777501651494 ], [ 6.856190681564722, 50.696279662044134 ], [ 6.840710684883848, 50.703043023459415 ], [ 6.810941415442588, 50.701235786626171 ], [ 6.794306504004827, 50.689643630492519 ], [ 6.769858944566838, 50.687680826644403 ], [ 6.759604002505205, 50.690529864945262 ], [ 6.76334908721965, 50.694106409655738 ], [ 6.776270710184119, 50.717830152528727 ], [ 6.813443750205846, 50.763924315038501 ], [ 6.84095448951876, 50.767699808421476 ], [ 6.837173001562528, 50.777404752591053 ], [ 6.851452317649986, 50.7874138361096 ], [ 6.863984566610388, 50.784836078187162 ], [ 6.870446974289134, 50.780138005981243 ] ] ], [ [ [ 6.222355509479914, 50.929747408744554 ], [ 6.228118118493643, 50.936709853799094 ], [ 6.267653610221145, 50.936894337392822 ], [ 6.264632480271688, 50.924987053640542 ], [ 6.277927812872091, 50.916171155456041 ], [ 6.287439070748321, 50.921309876586598 ], [ 6.301986148823209, 50.918114298934569 ], [ 6.305651131612326, 50.902006779558967 ], [ 6.321625822535987, 50.904402948753614 ], [ 6.306912411244666, 50.895140007199998 ], [ 6.332365107876688, 50.883288510198462 ], [ 6.321326029296186, 50.867974484231759 ], [ 6.302081108108033, 50.874174370540146 ], [ 6.29795379038763, 50.885479568349581 ], [ 6.267530772062963, 50.868801096923619 ], [ 6.250011622665086, 50.865385065245462 ], [ 6.24238954602474, 50.872568147010519 ], [ 6.229860983277039, 50.863356596428048 ], [ 6.218841469496945, 50.885897147527857 ], [ 6.204516976152521, 50.893574922167581 ], [ 6.20035933242452, 50.902086344113528 ], [ 6.228471002254658, 50.920788424865208 ], [ 6.222355509479914, 50.929747408744554 ] ] ], [ [ [ 6.474077202085557, 50.984144458456406 ], [ 6.492444919182437, 50.983868349067201 ], [ 6.500269010540084, 50.972618162102819 ], [ 6.478824492179897, 50.96265541277706 ], [ 6.488768175364426, 50.957394000691302 ], [ 6.485357755611799, 50.951959915978861 ], [ 6.475064493036828, 50.951063454970672 ], [ 6.479396747959035, 50.945022821296114 ], [ 6.454868645595924, 50.934818559130527 ], [ 6.447729613737837, 50.959747011646925 ], [ 6.433215406264572, 50.974433317343994 ], [ 6.393890500714692, 50.964788529408928 ], [ 6.374643198777007, 50.980472561609282 ], [ 6.359219621670286, 50.967272259465808 ], [ 6.336654893818901, 50.986365008509885 ], [ 6.361182675388548, 50.992773112115934 ], [ 6.356339009611006, 51.015904612682974 ], [ 6.372083371972366, 51.026223741367275 ], [ 6.371641006425179, 51.033912951246514 ], [ 6.430745379165155, 51.035367026369407 ], [ 6.455343788637105, 51.047245023473963 ], [ 6.459524205042833, 51.043518069740017 ], [ 6.480788266482775, 51.034683988517152 ], [ 6.457846524076032, 51.021835753051626 ], [ 6.474077202085557, 50.984144458456406 ] ] ] ] } },
{ "type": "Feature", "properties": { "n_flats": 1471, "RegioStaR7": 75 }, "geometry": { "type": "Polygon", "coordinates": [ [ [ 6.76334908721965, 50.694106409655738 ], [ 6.759604002505205, 50.690529864945262 ], [ 6.769858944566838, 50.687680826644403 ], [ 6.794306504004827, 50.689643630492519 ], [ 6.810941415442588, 50.701235786626171 ], [ 6.840710684883848, 50.703043023459415 ], [ 6.856190681564722, 50.696279662044134 ], [ 6.856049045628069, 50.691554669139279 ], [ 6.875708795913861, 50.690415715017807 ], [ 6.859614021580469, 50.650398398439258 ], [ 6.872348482006875, 50.647348580876553 ], [ 6.869666761739457, 50.641381762874232 ], [ 6.878282857606737, 50.636778558559776 ], [ 6.898882427567127, 50.635449662512698 ], [ 6.916299349685118, 50.629244050868408 ], [ 6.908781063562099, 50.602734244961802 ], [ 6.886040890225611, 50.600942571695256 ], [ 6.894327996488131, 50.573564711046814 ], [ 6.908586165095054, 50.578506555462575 ], [ 6.915655515525361, 50.572553078322414 ], [ 6.92679170650573, 50.578519219450015 ], [ 6.931826407826691, 50.571304284839151 ], [ 6.921326524521605, 50.564891752604986 ], [ 6.894379975069194, 50.561449171156013 ], [ 6.871654343149875, 50.570186491019697 ], [ 6.854779252959609, 50.563645725717002 ], [ 6.832920716939489, 50.566799613022198 ], [ 6.818450969055042, 50.561762192467683 ], [ 6.812071429985336, 50.575233925706392 ], [ 6.822052270166554, 50.59548013658447 ], [ 6.814418874708129, 50.608110374728454 ], [ 6.784456972443896, 50.608348212153018 ], [ 6.769938609852503, 50.602753830941573 ], [ 6.769450585498049, 50.615612189476188 ], [ 6.729823239186351, 50.617280183349401 ], [ 6.712302132269074, 50.643366022321253 ], [ 6.732797486792786, 50.677010574190525 ], [ 6.722701342449044, 50.675266681823373 ], [ 6.710197467489539, 50.683803967948229 ], [ 6.732456215380637, 50.700739254715657 ], [ 6.76334908721965, 50.694106409655738 ] ] ] } },
{ "type": "Feature", "properties": { "n_flats": 4323, "RegioStaR7": 76 }, "geometry": { "type": "MultiPolygon", "coordinates": [ [ [ [ 6.601761948115888, 50.512329051761633 ], [ 6.600065179912145, 50.501819736671486 ], [ 6.571456516503398, 50.497108162099273 ], [ 6.571763906010741, 50.487207175464846 ], [ 6.548888180374496, 50.459852279649851 ], [ 6.511282682521611, 50.460041693195606 ], [ 6.498068830317238, 50.468494690079559 ], [ 6.516264411476703, 50.479992942114912 ], [ 6.497159784318563, 50.48757523343486 ], [ 6.498742047492246, 50.506760399687792 ], [ 6.521673768265298, 50.536941327967753 ], [ 6.519275771734097, 50.554445073476515 ], [ 6.547305272477894, 50.563699085646469 ], [ 6.535623932542999, 50.574927620539292 ], [ 6.553226905999948, 50.582514323600442 ], [ 6.539904203152795, 50.597992050794694 ], [ 6.547661078559028, 50.602033545577441 ], [ 6.560746928830254, 50.605508267546213 ], [ 6.559183833155057, 50.626737793099089 ], [ 6.575915101537311, 50.640831289635678 ], [ 6.566873938174048, 50.656040734998626 ], [ 6.601379890018555, 50.673284295577801 ], [ 6.591396104223199, 50.697265575370146 ], [ 6.587600569752316, 50.705943185172636 ], [ 6.612183291269269, 50.71398669663968 ], [ 6.62965649025327, 50.732241220180299 ], [ 6.677063052692484, 50.713490595737589 ], [ 6.698026606776738, 50.728333267515886 ], [ 6.694040297533338, 50.753944972631984 ], [ 6.716236229753672, 50.753220063539992 ], [ 6.723955218765774, 50.746004875250946 ], [ 6.713180117704522, 50.734038064566917 ], [ 6.755559347845196, 50.727327952872734 ], [ 6.776270710184119, 50.717830152528727 ], [ 6.76334908721965, 50.694106409655738 ], [ 6.732456215380637, 50.700739254715657 ], [ 6.710197467489539, 50.683803967948229 ], [ 6.722701342449044, 50.675266681823373 ], [ 6.732797486792786, 50.677010574190525 ], [ 6.712302132269074, 50.643366022321253 ], [ 6.729823239186351, 50.617280183349401 ], [ 6.769450585498049, 50.615612189476188 ], [ 6.769938609852503, 50.602753830941573 ], [ 6.784456972443896, 50.608348212153018 ], [ 6.814418874708129, 50.608110374728454 ], [ 6.822052270166554, 50.59548013658447 ], [ 6.812071429985336, 50.575233925706392 ], [ 6.818450969055042, 50.561762192467683 ], [ 6.832920716939489, 50.566799613022198 ], [ 6.854779252959609, 50.563645725717002 ], [ 6.871654343149875, 50.570186491019697 ], [ 6.894379975069194, 50.561449171156013 ], [ 6.921326524521605, 50.564891752604986 ], [ 6.927491749788744, 50.559164455653082 ], [ 6.930917361246903, 50.534642097040177 ], [ 6.917156081731543, 50.528846281455941 ], [ 6.885942691697751, 50.529122456624663 ], [ 6.885209390178697, 50.520293622152153 ], [ 6.897063476092423, 50.517040545663626 ], [ 6.888714873933756, 50.507122160282236 ], [ 6.905806482965357, 50.502324787141411 ], [ 6.90156960515639, 50.468822729952379 ], [ 6.873530174680924, 50.462600198798562 ], [ 6.870608095548406, 50.456724456387995 ], [ 6.858718894728528, 50.452844650022534 ], [ 6.839150226228532, 50.464937434958358 ], [ 6.812523136219447, 50.471501780823921 ], [ 6.800725908043773, 50.491312378877758 ], [ 6.768492209184803, 50.484299373537944 ], [ 6.751675751912801, 50.490113722460414 ], [ 6.756913751695992, 50.506704292029852 ], [ 6.775663425291879, 50.524487042736382 ], [ 6.763049276084098, 50.528620582246838 ], [ 6.757264113530208, 50.519006013110072 ], [ 6.740721425702748, 50.514867953843883 ], [ 6.739890362922544, 50.524439655609434 ], [ 6.717409538451776, 50.525697962330916 ], [ 6.69105646164643, 50.539353559125459 ], [ 6.670452947900052, 50.5364725436634 ], [ 6.659425620973337, 50.524068467034908 ], [ 6.643136207717159, 50.521929661379936 ], [ 6.636692107773425, 50.530660739775726 ], [ 6.611843939881108, 50.526374232116339 ], [ 6.613454593940792, 50.51412067704765 ], [ 6.601761948115888, 50.512329051761633 ] ] ], [ [ [ 6.548840988007574, 50.755920655316672 ], [ 6.517718883227792, 50.737292573055392 ], [ 6.530420698218152, 50.728700117193448 ], [ 6.520709386869852, 50.72470098864332 ], [ 6.526391516534378, 50.714342911935255 ], [ 6.545399354951377, 50.69973017111414 ], [ 6.510542610235902, 50.693721343769468 ], [ 6.478226548965977, 50.713462619146966 ], [ 6.436961597039232, 50.707343893880811 ], [ 6.41649234104785, 50.730909037820155 ], [ 6.453327954537005, 50.743611030736176 ], [ 6.459301178352649, 50.741548852407895 ], [ 6.48536581430699, 50.758963831321232 ], [ 6.50919951422481, 50.759679458461896 ], [ 6.52484633395239, 50.78511083072906 ], [ 6.538387054978109, 50.779468728561525 ], [ 6.540174702814476, 50.764968993199815 ], [ 6.548840988007574, 50.755920655316672 ] ] ], [ [ [ 5.968841613460924, 50.99589382013891 ], [ 5.95708903913154, 50.984999442725979 ], [ 5.933737958864361, 50.985149019822231 ], [ 5.897556233741158, 50.974987656030947 ], [ 5.893103976719547, 50.98056303629064 ], [ 5.904136512136464, 50.987255854387335 ], [ 5.905018644368325, 51.002273627836537 ], [ 5.879577115399573, 51.017412540244074 ], [ 5.877890083416027, 51.036466759113402 ], [ 5.865998792080314, 51.051130830639799 ], [ 5.892476635565544, 51.053398008718496 ], [ 5.913345722091325, 51.066526705123898 ], [ 5.937466000843841, 51.035056624465881 ], [ 5.95821557400521, 51.035011234701635 ], [ 5.968498116842156, 51.047689457341619 ], [ 5.971426092965099, 51.060883245352251 ], [ 5.994190597503048, 51.081245409244239 ], [ 6.052161385042774, 51.105941394880432 ], [ 6.060423486963903, 51.115793878315543 ], [ 6.080684762470614, 51.122259587096217 ], [ 6.09103366340049, 51.134936357918527 ], [ 6.154601471578561, 51.148051282618532 ], [ 6.155847729533522, 51.141254189597397 ], [ 6.187248866764087, 51.140576464748925 ], [ 6.180135923261928, 51.120575485431644 ], [ 6.200252377371308, 51.106456504177217 ], [ 6.205802009673302, 51.0910960634071 ], [ 6.154071560966793, 51.076101874044419 ], [ 6.151917313191604, 51.06973132808298 ], [ 6.186234219634087, 51.047858717835737 ], [ 6.183660651895091, 51.043056445651466 ], [ 6.213185567824054, 51.02197438153393 ], [ 6.209982072590857, 51.017363208819553 ], [ 6.179414939976859, 51.005836990783891 ], [ 6.160329812956086, 51.012126080575435 ], [ 6.1464227465799, 51.002842609953241 ], [ 6.118589874545735, 51.013239678192726 ], [ 6.104442054558177, 50.998205290166077 ], [ 6.081015940745288, 50.997307544298479 ], [ 6.053481284960772, 51.019884121054389 ], [ 6.057670564489598, 51.024632061416796 ], [ 6.041434782224979, 51.032493664929582 ], [ 6.028027926981395, 51.032619647948067 ], [ 6.016673254794496, 51.040782566601933 ], [ 5.983280980737089, 51.040988936130866 ], [ 5.952266044944759, 51.007904108659076 ], [ 5.968841613460924, 50.99589382013891 ] ] ] ] } },
{ "type": "Feature", "properties": { "n_flats": 2435, "RegioStaR7": 77 }, "geometry": { "type": "MultiPolygon", "coordinates": [ [ [ [ 6.380032579614955, 50.532295942011501 ], [ 6.374373679471041, 50.53698688320209 ], [ 6.357999813155924, 50.529947086778662 ], [ 6.365265898433568, 50.562136949119079 ], [ 6.395677637355852, 50.584301560935906 ], [ 6.390972957074886, 50.596606234779863 ], [ 6.415898658560426, 50.598628705255514 ], [ 6.416921992027838, 50.6051842302738 ], [ 6.389509397965991, 50.6058451470536 ], [ 6.393869189241602, 50.618923021188188 ], [ 6.382041174705979, 50.621016026993928 ], [ 6.395714444143729, 50.631464672598931 ], [ 6.40748880546127, 50.628706505834913 ], [ 6.410307171870622, 50.641828011054933 ], [ 6.406221695940636, 50.645382173958232 ], [ 6.384878768329926, 50.643067628415203 ], [ 6.375858550592676, 50.671690908347188 ], [ 6.335091486735234, 50.650621778405927 ], [ 6.323181889216769, 50.665070843670371 ], [ 6.299685188285589, 50.665553038060267 ], [ 6.287789024172361, 50.672771555518914 ], [ 6.286462674036837, 50.686521169677917 ], [ 6.312326213775309, 50.690137453036606 ], [ 6.308385106862799, 50.70273793828602 ], [ 6.341700255691245, 50.755011417873611 ], [ 6.365209358582539, 50.758565840728807 ], [ 6.40390093284116, 50.773502792317721 ], [ 6.453327954537005, 50.743611030736176 ], [ 6.41649234104785, 50.730909037820155 ], [ 6.436961597039232, 50.707343893880811 ], [ 6.478226548965977, 50.713462619146966 ], [ 6.510542610235902, 50.693721343769468 ], [ 6.545399354951377, 50.69973017111414 ], [ 6.526391516534378, 50.714342911935255 ], [ 6.520709386869852, 50.72470098864332 ], [ 6.530420698218152, 50.728700117193448 ], [ 6.517718883227792, 50.737292573055392 ], [ 6.548840988007574, 50.755920655316672 ], [ 6.540174702814476, 50.764968993199815 ], [ 6.538387054978109, 50.779468728561525 ], [ 6.52484633395239, 50.78511083072906 ], [ 6.521357696917876, 50.798970144343549 ], [ 6.537967937485068, 50.805612260339785 ], [ 6.549442640403194, 50.801768898758979 ], [ 6.571997025732469, 50.80526550752073 ], [ 6.567943461919734, 50.822349236682953 ], [ 6.61636848554468, 50.827302965641664 ], [ 6.628145527231349, 50.823726353971267 ], [ 6.651620456313002, 50.835587216377512 ], [ 6.676848285183181, 50.831411948746869 ], [ 6.683052301192682, 50.836208672593656 ], [ 6.706424167593338, 50.835085785820155 ], [ 6.718451139282928, 50.804395835098987 ], [ 6.707731090549859, 50.803694300213046 ], [ 6.712681705385668, 50.787756155873659 ], [ 6.694923639221243, 50.784525637854664 ], [ 6.682126451109388, 50.768094706220019 ], [ 6.694040297533338, 50.753944972631984 ], [ 6.698026606776738, 50.728333267515886 ], [ 6.677063052692484, 50.713490595737589 ], [ 6.62965649025327, 50.732241220180299 ], [ 6.612183291269269, 50.71398669663968 ], [ 6.587600569752316, 50.705943185172636 ], [ 6.591396104223199, 50.697265575370146 ], [ 6.601379890018555, 50.673284295577801 ], [ 6.566873938174048, 50.656040734998626 ], [ 6.575915101537311, 50.640831289635678 ], [ 6.559183833155057, 50.626737793099089 ], [ 6.560746928830254, 50.605508267546213 ], [ 6.547661078559028, 50.602033545577441 ], [ 6.539904203152795, 50.597992050794694 ], [ 6.553226905999948, 50.582514323600442 ], [ 6.535623932542999, 50.574927620539292 ], [ 6.547305272477894, 50.563699085646469 ], [ 6.519275771734097, 50.554445073476515 ], [ 6.521673768265298, 50.536941327967753 ], [ 6.498742047492246, 50.506760399687792 ], [ 6.497159784318563, 50.48757523343486 ], [ 6.516264411476703, 50.479992942114912 ], [ 6.498068830317238, 50.468494690079559 ], [ 6.511282682521611, 50.460041693195606 ], [ 6.548888180374496, 50.459852279649851 ], [ 6.571763906010741, 50.487207175464846 ], [ 6.571456516503398, 50.497108162099273 ], [ 6.600065179912145, 50.501819736671486 ], [ 6.601761948115888, 50.512329051761633 ], [ 6.613454593940792, 50.51412067704765 ], [ 6.611843939881108, 50.526374232116339 ], [ 6.636692107773425, 50.530660739775726 ], [ 6.643136207717159, 50.521929661379936 ], [ 6.659425620973337, 50.524068467034908 ], [ 6.670452947900052, 50.5364725436634 ], [ 6.69105646164643, 50.539353559125459 ], [ 6.717409538451776, 50.525697962330916 ], [ 6.739890362922544, 50.524439655609434 ], [ 6.740721425702748, 50.514867953843883 ], [ 6.757264113530208, 50.519006013110072 ], [ 6.763049276084098, 50.528620582246838 ], [ 6.775663425291879, 50.524487042736382 ], [ 6.756913751695992, 50.506704292029852 ], [ 6.751675751912801, 50.490113722460414 ], [ 6.768492209184803, 50.484299373537944 ], [ 6.750899187408529, 50.471300347613926 ], [ 6.766275933156539, 50.45805586710437 ], [ 6.74333085888025, 50.440587854132154 ], [ 6.75292330411988, 50.432765960485121 ], [ 6.770327291541507, 50.435682399688943 ], [ 6.770468049789789, 50.425038167331131 ], [ 6.782735560827162, 50.41907026978609 ], [ 6.779151186255257, 50.405166141255634 ], [ 6.769853964435674, 50.392486296418404 ], [ 6.785321179707005, 50.37546475245226 ], [ 6.803584434897603, 50.370017876196378 ], [ 6.801164207519174, 50.362495129948556 ], [ 6.789930339483317, 50.359591921584531 ], [ 6.782792098286706, 50.363094641393801 ], [ 6.732071711125203, 50.352072100484968 ], [ 6.699734278806364, 50.33736225757908 ], [ 6.668266221706908, 50.371971268983479 ], [ 6.655444084524429, 50.367695631878028 ], [ 6.650315531357598, 50.347936435619253 ], [ 6.636563142433506, 50.344798516726065 ], [ 6.623083619822506, 50.353640477379479 ], [ 6.624295733744806, 50.37490194311966 ], [ 6.607612119280478, 50.375368251477816 ], [ 6.598634733355158, 50.388426181062634 ], [ 6.581883106482175, 50.378499853373462 ], [ 6.558897959846016, 50.369156047308309 ], [ 6.529201080137458, 50.369293152033322 ], [ 6.517711708548647, 50.356221744046394 ], [ 6.505986964389482, 50.359639606415257 ], [ 6.504296231349064, 50.352687520506294 ], [ 6.484534880424848, 50.338040137020627 ], [ 6.456096807076979, 50.339895517002951 ], [ 6.460818181407093, 50.360898079945173 ], [ 6.452261143789884, 50.361137426893208 ], [ 6.449017577057133, 50.371800417492416 ], [ 6.423925045311462, 50.36387155634975 ], [ 6.419354538388575, 50.374050631385117 ], [ 6.42188957224126, 50.381264781154215 ], [ 6.414126259177584, 50.390805683364199 ], [ 6.385493659388795, 50.384249188506807 ], [ 6.404775080236594, 50.350622407488167 ], [ 6.41826468572599, 50.332711973014383 ], [ 6.426630944125533, 50.322698944673718 ], [ 6.403891648674646, 50.323268119628736 ], [ 6.403674883372413, 50.335181312954909 ], [ 6.342978525900365, 50.381901108004357 ], [ 6.369004797637111, 50.410350237552407 ], [ 6.373212274379735, 50.453280093148095 ], [ 6.340301023719862, 50.46228737721669 ], [ 6.340867968194561, 50.482567648566445 ], [ 6.350645348250548, 50.488498009686438 ], [ 6.315420618847899, 50.496974266184232 ], [ 6.347511899799154, 50.507598499781018 ], [ 6.366183691728632, 50.51556069943647 ], [ 6.380032579614955, 50.532295942011501 ] ] ], [ [ [ 6.041434782224979, 51.032493664929582 ], [ 6.057670564489598, 51.024632061416796 ], [ 6.053481284960772, 51.019884121054389 ], [ 6.081015940745288, 50.997307544298479 ], [ 6.059368363366556, 50.986352005780688 ], [ 6.035854440380091, 50.95469630729027 ], [ 6.01560597576275, 50.94787758984959 ], [ 6.004387309249956, 50.95744313048673 ], [ 6.025055877687607, 50.983640177834182 ], [ 5.96785228159743, 50.97920820926133 ], [ 5.95708903913154, 50.984999442725979 ], [ 5.968841613460924, 50.99589382013891 ], [ 5.952266044944759, 51.007904108659076 ], [ 5.983280980737089, 51.040988936130866 ], [ 6.016673254794496, 51.040782566601933 ], [ 6.028027926981395, 51.032619647948067 ], [ 6.041434782224979, 51.032493664929582 ] ] ] ] } },
{ "type": "Feature", "properties": { "n_flats": 1471, "RegioStaR7": 75 }, "geometry": { "type": "Polygon", "coordinates": [ [ [ 6.76334908721965, 50.694106409655738 ], [ 6.759604002505205, 50.690529864945262 ], [ 6.769858944566838, 50.687680826644403 ], [ 6.794306504004827, 50.689643630492519 ], [ 6.810941415442588, 50.701235786626171 ], [ 6.840710684883848, 50.703043023459415 ], [ 6.856190681564722, 50.696279662044134 ], [ 6.856049045628069, 50.691554669139279 ], [ 6.875708795913861, 50.690415715017807 ], [ 6.859614021580469, 50.650398398439258 ], [ 6.872348482006875, 50.647348580876553 ], [ 6.869666761739457, 50.641381762874232 ], [ 6.878282857606737, 50.636778558559776 ], [ 6.898882427567127, 50.635449662512698 ], [ 6.916299349685118, 50.629244050868408 ], [ 6.908781063562099, 50.602734244961802 ], [ 6.886040890225611, 50.600942571695256 ], [ 6.894327996488131, 50.573564711046814 ], [ 6.908586165095054, 50.578506555462575 ], [ 6.915655515525361, 50.572553078322414 ], [ 6.92679170650573, 50.578519219450015 ], [ 6.931826407826691, 50.571304284839151 ], [ 6.921326524521605, 50.564891752604986 ], [ 6.894379975069194, 50.561449171156013 ], [ 6.871654343149875, 50.570186491019697 ], [ 6.854779252959609, 50.563645725717002 ], [ 6.832920716939489, 50.566799613022198 ], [ 6.818450969055042, 50.561762192467683 ], [ 6.812071429985336, 50.575233925706392 ], [ 6.822052270166554, 50.59548013658447 ], [ 6.814418874708129, 50.608110374728454 ], [ 6.784456972443896, 50.608348212153018 ], [ 6.769938609852503, 50.602753830941573 ], [ 6.769450585498049, 50.615612189476188 ], [ 6.729823239186351, 50.617280183349401 ], [ 6.712302132269074, 50.643366022321253 ], [ 6.732797486792786, 50.677010574190525 ], [ 6.722701342449044, 50.675266681823373 ], [ 6.710197467489539, 50.683803967948229 ], [ 6.732456215380637, 50.700739254715657 ], [ 6.76334908721965, 50.694106409655738 ] ] ] } },
{ "type": "Feature", "properties": { "n_flats": 4323, "RegioStaR7": 76 }, "geometry": { "type": "MultiPolygon", "coordinates": [ [ [ [ 6.601761948115888, 50.512329051761633 ], [ 6.600065179912145, 50.501819736671486 ], [ 6.571456516503398, 50.497108162099273 ], [ 6.571763906010741, 50.487207175464846 ], [ 6.548888180374496, 50.459852279649851 ], [ 6.511282682521611, 50.460041693195606 ], [ 6.498068830317238, 50.468494690079559 ], [ 6.516264411476703, 50.479992942114912 ], [ 6.497159784318563, 50.48757523343486 ], [ 6.498742047492246, 50.506760399687792 ], [ 6.521673768265298, 50.536941327967753 ], [ 6.519275771734097, 50.554445073476515 ], [ 6.547305272477894, 50.563699085646469 ], [ 6.535623932542999, 50.574927620539292 ], [ 6.553226905999948, 50.582514323600442 ], [ 6.539904203152795, 50.597992050794694 ], [ 6.547661078559028, 50.602033545577441 ], [ 6.560746928830254, 50.605508267546213 ], [ 6.559183833155057, 50.626737793099089 ], [ 6.575915101537311, 50.640831289635678 ], [ 6.566873938174048, 50.656040734998626 ], [ 6.601379890018555, 50.673284295577801 ], [ 6.591396104223199, 50.697265575370146 ], [ 6.587600569752316, 50.705943185172636 ], [ 6.612183291269269, 50.71398669663968 ], [ 6.62965649025327, 50.732241220180299 ], [ 6.677063052692484, 50.713490595737589 ], [ 6.698026606776738, 50.728333267515886 ], [ 6.694040297533338, 50.753944972631984 ], [ 6.716236229753672, 50.753220063539992 ], [ 6.723955218765774, 50.746004875250946 ], [ 6.713180117704522, 50.734038064566917 ], [ 6.755559347845196, 50.727327952872734 ], [ 6.776270710184119, 50.717830152528727 ], [ 6.76334908721965, 50.694106409655738 ], [ 6.732456215380637, 50.700739254715657 ], [ 6.710197467489539, 50.683803967948229 ], [ 6.722701342449044, 50.675266681823373 ], [ 6.732797486792786, 50.677010574190525 ], [ 6.712302132269074, 50.643366022321253 ], [ 6.729823239186351, 50.617280183349401 ], [ 6.769450585498049, 50.615612189476188 ], [ 6.769938609852503, 50.602753830941573 ], [ 6.784456972443896, 50.608348212153018 ], [ 6.814418874708129, 50.608110374728454 ], [ 6.822052270166554, 50.59548013658447 ], [ 6.812071429985336, 50.575233925706392 ], [ 6.818450969055042, 50.561762192467683 ], [ 6.832920716939489, 50.566799613022198 ], [ 6.854779252959609, 50.563645725717002 ], [ 6.871654343149875, 50.570186491019697 ], [ 6.894379975069194, 50.561449171156013 ], [ 6.921326524521605, 50.564891752604986 ], [ 6.927491749788744, 50.559164455653082 ], [ 6.930917361246903, 50.534642097040177 ], [ 6.917156081731543, 50.528846281455941 ], [ 6.885942691697751, 50.529122456624663 ], [ 6.885209390178697, 50.520293622152153 ], [ 6.897063476092423, 50.517040545663626 ], [ 6.888714873933756, 50.507122160282236 ], [ 6.905806482965357, 50.502324787141411 ], [ 6.90156960515639, 50.468822729952379 ], [ 6.873530174680924, 50.462600198798562 ], [ 6.870608095548406, 50.456724456387995 ], [ 6.858718894728528, 50.452844650022534 ], [ 6.839150226228532, 50.464937434958358 ], [ 6.812523136219447, 50.471501780823921 ], [ 6.800725908043773, 50.491312378877758 ], [ 6.768492209184803, 50.484299373537944 ], [ 6.751675751912801, 50.490113722460414 ], [ 6.756913751695992, 50.506704292029852 ], [ 6.775663425291879, 50.524487042736382 ], [ 6.763049276084098, 50.528620582246838 ], [ 6.757264113530208, 50.519006013110072 ], [ 6.740721425702748, 50.514867953843883 ], [ 6.739890362922544, 50.524439655609434 ], [ 6.717409538451776, 50.525697962330916 ], [ 6.69105646164643, 50.539353559125459 ], [ 6.670452947900052, 50.5364725436634 ], [ 6.659425620973337, 50.524068467034908 ], [ 6.643136207717159, 50.521929661379936 ], [ 6.636692107773425, 50.530660739775726 ], [ 6.611843939881108, 50.526374232116339 ], [ 6.613454593940792, 50.51412067704765 ], [ 6.601761948115888, 50.512329051761633 ] ] ], [ [ [ 6.548840988007574, 50.755920655316672 ], [ 6.517718883227792, 50.737292573055392 ], [ 6.530420698218152, 50.728700117193448 ], [ 6.520709386869852, 50.72470098864332 ], [ 6.526391516534378, 50.714342911935255 ], [ 6.545399354951377, 50.69973017111414 ], [ 6.510542610235902, 50.693721343769468 ], [ 6.478226548965977, 50.713462619146966 ], [ 6.436961597039232, 50.707343893880811 ], [ 6.41649234104785, 50.730909037820155 ], [ 6.453327954537005, 50.743611030736176 ], [ 6.459301178352649, 50.741548852407895 ], [ 6.48536581430699, 50.758963831321232 ], [ 6.50919951422481, 50.759679458461896 ], [ 6.52484633395239, 50.78511083072906 ], [ 6.538387054978109, 50.779468728561525 ], [ 6.540174702814476, 50.764968993199815 ], [ 6.548840988007574, 50.755920655316672 ] ] ], [ [ [ 5.968841613460924, 50.99589382013891 ], [ 5.95708903913154, 50.984999442725979 ], [ 5.933737958864361, 50.985149019822231 ], [ 5.897556233741158, 50.974987656030947 ], [ 5.893103976719547, 50.98056303629064 ], [ 5.904136512136464, 50.987255854387335 ], [ 5.905018644368325, 51.002273627836537 ], [ 5.879577115399573, 51.017412540244074 ], [ 5.877890083416027, 51.036466759113402 ], [ 5.865998792080314, 51.051130830639799 ], [ 5.892476635565544, 51.053398008718496 ], [ 5.913345722091325, 51.066526705123898 ], [ 5.937466000843841, 51.035056624465881 ], [ 5.95821557400521, 51.035011234701635 ], [ 5.968498116842156, 51.047689457341619 ], [ 5.971426092965099, 51.060883245352251 ], [ 5.994190597503048, 51.081245409244239 ], [ 6.052161385042774, 51.105941394880432 ], [ 6.060423486963903, 51.115793878315543 ], [ 6.080684762470614, 51.122259587096217 ], [ 6.09103366340049, 51.134936357918527 ], [ 6.154601471578561, 51.148051282618532 ], [ 6.155847729533522, 51.141254189597397 ], [ 6.187248866764087, 51.140576464748925 ], [ 6.180135923261928, 51.120575485431644 ], [ 6.200252377371308, 51.106456504177217 ], [ 6.205802009673302, 51.0910960634071 ], [ 6.154071560966793, 51.076101874044419 ], [ 6.151917313191604, 51.06973132808298 ], [ 6.186234219634087, 51.047858717835737 ], [ 6.183660651895091, 51.043056445651466 ], [ 6.213185567824054, 51.02197438153393 ], [ 6.209982072590857, 51.017363208819553 ], [ 6.179414939976859, 51.005836990783891 ], [ 6.160329812956086, 51.012126080575435 ], [ 6.1464227465799, 51.002842609953241 ], [ 6.118589874545735, 51.013239678192726 ], [ 6.104442054558177, 50.998205290166077 ], [ 6.081015940745288, 50.997307544298479 ], [ 6.053481284960772, 51.019884121054389 ], [ 6.057670564489598, 51.024632061416796 ], [ 6.041434782224979, 51.032493664929582 ], [ 6.028027926981395, 51.032619647948067 ], [ 6.016673254794496, 51.040782566601933 ], [ 5.983280980737089, 51.040988936130866 ], [ 5.952266044944759, 51.007904108659076 ], [ 5.968841613460924, 50.99589382013891 ] ] ] ] } },
{ "type": "Feature", "properties": { "n_flats": 2435, "RegioStaR7": 77 }, "geometry": { "type": "MultiPolygon", "coordinates": [ [ [ [ 6.380032579614955, 50.532295942011501 ], [ 6.374373679471041, 50.53698688320209 ], [ 6.357999813155924, 50.529947086778662 ], [ 6.365265898433568, 50.562136949119079 ], [ 6.395677637355852, 50.584301560935906 ], [ 6.390972957074886, 50.596606234779863 ], [ 6.415898658560426, 50.598628705255514 ], [ 6.416921992027838, 50.6051842302738 ], [ 6.389509397965991, 50.6058451470536 ], [ 6.393869189241602, 50.618923021188188 ], [ 6.382041174705979, 50.621016026993928 ], [ 6.395714444143729, 50.631464672598931 ], [ 6.40748880546127, 50.628706505834913 ], [ 6.410307171870622, 50.641828011054933 ], [ 6.406221695940636, 50.645382173958232 ], [ 6.384878768329926, 50.643067628415203 ], [ 6.375858550592676, 50.671690908347188 ], [ 6.335091486735234, 50.650621778405927 ], [ 6.323181889216769, 50.665070843670371 ], [ 6.299685188285589, 50.665553038060267 ], [ 6.287789024172361, 50.672771555518914 ], [ 6.286462674036837, 50.686521169677917 ], [ 6.312326213775309, 50.690137453036606 ], [ 6.308385106862799, 50.70273793828602 ], [ 6.341700255691245, 50.755011417873611 ], [ 6.365209358582539, 50.758565840728807 ], [ 6.40390093284116, 50.773502792317721 ], [ 6.453327954537005, 50.743611030736176 ], [ 6.41649234104785, 50.730909037820155 ], [ 6.436961597039232, 50.707343893880811 ], [ 6.478226548965977, 50.713462619146966 ], [ 6.510542610235902, 50.693721343769468 ], [ 6.545399354951377, 50.69973017111414 ], [ 6.526391516534378, 50.714342911935255 ], [ 6.520709386869852, 50.72470098864332 ], [ 6.530420698218152, 50.728700117193448 ], [ 6.517718883227792, 50.737292573055392 ], [ 6.548840988007574, 50.755920655316672 ], [ 6.540174702814476, 50.764968993199815 ], [ 6.538387054978109, 50.779468728561525 ], [ 6.52484633395239, 50.78511083072906 ], [ 6.521357696917876, 50.798970144343549 ], [ 6.537967937485068, 50.805612260339785 ], [ 6.549442640403194, 50.801768898758979 ], [ 6.571997025732469, 50.80526550752073 ], [ 6.567943461919734, 50.822349236682953 ], [ 6.61636848554468, 50.827302965641664 ], [ 6.628145527231349, 50.823726353971267 ], [ 6.651620456313002, 50.835587216377512 ], [ 6.676848285183181, 50.831411948746869 ], [ 6.683052301192682, 50.836208672593656 ], [ 6.706424167593338, 50.835085785820155 ], [ 6.718451139282928, 50.804395835098987 ], [ 6.707731090549859, 50.803694300213046 ], [ 6.712681705385668, 50.787756155873659 ], [ 6.694923639221243, 50.784525637854664 ], [ 6.682126451109388, 50.768094706220019 ], [ 6.694040297533338, 50.753944972631984 ], [ 6.698026606776738, 50.728333267515886 ], [ 6.677063052692484, 50.713490595737589 ], [ 6.62965649025327, 50.732241220180299 ], [ 6.612183291269269, 50.71398669663968 ], [ 6.587600569752316, 50.705943185172636 ], [ 6.591396104223199, 50.697265575370146 ], [ 6.601379890018555, 50.673284295577801 ], [ 6.566873938174048, 50.656040734998626 ], [ 6.575915101537311, 50.640831289635678 ], [ 6.559183833155057, 50.626737793099089 ], [ 6.560746928830254, 50.605508267546213 ], [ 6.547661078559028, 50.602033545577441 ], [ 6.539904203152795, 50.597992050794694 ], [ 6.553226905999948, 50.582514323600442 ], [ 6.535623932542999, 50.574927620539292 ], [ 6.547305272477894, 50.563699085646469 ], [ 6.519275771734097, 50.554445073476515 ], [ 6.521673768265298, 50.536941327967753 ], [ 6.498742047492246, 50.506760399687792 ], [ 6.497159784318563, 50.48757523343486 ], [ 6.516264411476703, 50.479992942114912 ], [ 6.498068830317238, 50.468494690079559 ], [ 6.511282682521611, 50.460041693195606 ], [ 6.548888180374496, 50.459852279649851 ], [ 6.571763906010741, 50.487207175464846 ], [ 6.571456516503398, 50.497108162099273 ], [ 6.600065179912145, 50.501819736671486 ], [ 6.601761948115888, 50.512329051761633 ], [ 6.613454593940792, 50.51412067704765 ], [ 6.611843939881108, 50.526374232116339 ], [ 6.636692107773425, 50.530660739775726 ], [ 6.643136207717159, 50.521929661379936 ], [ 6.659425620973337, 50.524068467034908 ], [ 6.670452947900052, 50.5364725436634 ], [ 6.69105646164643, 50.539353559125459 ], [ 6.717409538451776, 50.525697962330916 ], [ 6.739890362922544, 50.524439655609434 ], [ 6.740721425702748, 50.514867953843883 ], [ 6.757264113530208, 50.519006013110072 ], [ 6.763049276084098, 50.528620582246838 ], [ 6.775663425291879, 50.524487042736382 ], [ 6.756913751695992, 50.506704292029852 ], [ 6.751675751912801, 50.490113722460414 ], [ 6.768492209184803, 50.484299373537944 ], [ 6.750899187408529, 50.471300347613926 ], [ 6.766275933156539, 50.45805586710437 ], [ 6.74333085888025, 50.440587854132154 ], [ 6.75292330411988, 50.432765960485121 ], [ 6.770327291541507, 50.435682399688943 ], [ 6.770468049789789, 50.425038167331131 ], [ 6.782735560827162, 50.41907026978609 ], [ 6.779151186255257, 50.405166141255634 ], [ 6.769853964435674, 50.392486296418404 ], [ 6.785321179707005, 50.37546475245226 ], [ 6.803584434897603, 50.370017876196378 ], [ 6.801164207519174, 50.362495129948556 ], [ 6.789930339483317, 50.359591921584531 ], [ 6.782792098286706, 50.363094641393801 ], [ 6.732071711125203, 50.352072100484968 ], [ 6.699734278806364, 50.33736225757908 ], [ 6.668266221706908, 50.371971268983479 ], [ 6.655444084524429, 50.367695631878028 ], [ 6.650315531357598, 50.347936435619253 ], [ 6.636563142433506, 50.344798516726065 ], [ 6.623083619822506, 50.353640477379479 ], [ 6.624295733744806, 50.37490194311966 ], [ 6.607612119280478, 50.375368251477816 ], [ 6.598634733355158, 50.388426181062634 ], [ 6.581883106482175, 50.378499853373462 ], [ 6.558897959846016, 50.369156047308309 ], [ 6.529201080137458, 50.369293152033322 ], [ 6.517711708548647, 50.356221744046394 ], [ 6.505986964389482, 50.359639606415257 ], [ 6.504296231349064, 50.352687520506294 ], [ 6.484534880424848, 50.338040137020627 ], [ 6.456096807076979, 50.339895517002951 ], [ 6.460818181407093, 50.360898079945173 ], [ 6.452261143789884, 50.361137426893208 ], [ 6.449017577057133, 50.371800417492416 ], [ 6.423925045311462, 50.36387155634975 ], [ 6.419354538388575, 50.374050631385117 ], [ 6.42188957224126, 50.381264781154215 ], [ 6.414126259177584, 50.390805683364199 ], [ 6.385493659388795, 50.384249188506807 ], [ 6.404775080236594, 50.350622407488167 ], [ 6.41826468572599, 50.332711973014383 ], [ 6.426630944125533, 50.322698944673718 ], [ 6.403891648674646, 50.323268119628736 ], [ 6.403674883372413, 50.335181312954909 ], [ 6.342978525900365, 50.381901108004357 ], [ 6.369004797637111, 50.410350237552407 ], [ 6.373212274379735, 50.453280093148095 ], [ 6.340301023719862, 50.46228737721669 ], [ 6.340867968194561, 50.482567648566445 ], [ 6.350645348250548, 50.488498009686438 ], [ 6.315420618847899, 50.496974266184232 ], [ 6.347511899799154, 50.507598499781018 ], [ 6.366183691728632, 50.51556069943647 ], [ 6.380032579614955, 50.532295942011501 ] ] ], [ [ [ 6.041434782224979, 51.032493664929582 ], [ 6.057670564489598, 51.024632061416796 ], [ 6.053481284960772, 51.019884121054389 ], [ 6.081015940745288, 50.997307544298479 ], [ 6.059368363366556, 50.986352005780688 ], [ 6.035854440380091, 50.95469630729027 ], [ 6.01560597576275, 50.94787758984959 ], [ 6.004387309249956, 50.95744313048673 ], [ 6.025055877687607, 50.983640177834182 ], [ 5.96785228159743, 50.97920820926133 ], [ 5.95708903913154, 50.984999442725979 ], [ 5.968841613460924, 50.99589382013891 ], [ 5.952266044944759, 51.007904108659076 ], [ 5.983280980737089, 51.040988936130866 ], [ 6.016673254794496, 51.040782566601933 ], [ 6.028027926981395, 51.032619647948067 ], [ 6.041434782224979, 51.032493664929582 ] ] ] ] } },
{ "type": "Feature", "properties": { "n_flats": 1471, "RegioStaR7": 75 }, "geometry": { "type": "Polygon", "coordinates": [ [ [ 6.76334908721965, 50.694106409655738 ], [ 6.759604002505205, 50.690529864945262 ], [ 6.769858944566838, 50.687680826644403 ], [ 6.794306504004827, 50.689643630492519 ], [ 6.810941415442588, 50.701235786626171 ], [ 6.840710684883848, 50.703043023459415 ], [ 6.856190681564722, 50.696279662044134 ], [ 6.856049045628069, 50.691554669139279 ], [ 6.875708795913861, 50.690415715017807 ], [ 6.859614021580469, 50.650398398439258 ], [ 6.872348482006875, 50.647348580876553 ], [ 6.869666761739457, 50.641381762874232 ], [ 6.878282857606737, 50.636778558559776 ], [ 6.898882427567127, 50.635449662512698 ], [ 6.916299349685118, 50.629244050868408 ], [ 6.908781063562099, 50.602734244961802 ], [ 6.886040890225611, 50.600942571695256 ], [ 6.894327996488131, 50.573564711046814 ], [ 6.908586165095054, 50.578506555462575 ], [ 6.915655515525361, 50.572553078322414 ], [ 6.92679170650573, 50.578519219450015 ], [ 6.931826407826691, 50.571304284839151 ], [ 6.921326524521605, 50.564891752604986 ], [ 6.894379975069194, 50.561449171156013 ], [ 6.871654343149875, 50.570186491019697 ], [ 6.854779252959609, 50.563645725717002 ], [ 6.832920716939489, 50.566799613022198 ], [ 6.818450969055042, 50.561762192467683 ], [ 6.812071429985336, 50.575233925706392 ], [ 6.822052270166554, 50.59548013658447 ], [ 6.814418874708129, 50.608110374728454 ], [ 6.784456972443896, 50.608348212153018 ], [ 6.769938609852503, 50.602753830941573 ], [ 6.769450585498049, 50.615612189476188 ], [ 6.729823239186351, 50.617280183349401 ], [ 6.712302132269074, 50.643366022321253 ], [ 6.732797486792786, 50.677010574190525 ], [ 6.722701342449044, 50.675266681823373 ], [ 6.710197467489539, 50.683803967948229 ], [ 6.732456215380637, 50.700739254715657 ], [ 6.76334908721965, 50.694106409655738 ] ] ] } },
{ "type": "Feature", "properties": { "n_flats": 4323, "RegioStaR7": 76 }, "geometry": { "type": "MultiPolygon", "coordinates": [ [ [ [ 6.601761948115888, 50.512329051761633 ], [ 6.600065179912145, 50.501819736671486 ], [ 6.571456516503398, 50.497108162099273 ], [ 6.571763906010741, 50.487207175464846 ], [ 6.548888180374496, 50.459852279649851 ], [ 6.511282682521611, 50.460041693195606 ], [ 6.498068830317238, 50.468494690079559 ], [ 6.516264411476703, 50.479992942114912 ], [ 6.497159784318563, 50.48757523343486 ], [ 6.498742047492246, 50.506760399687792 ], [ 6.521673768265298, 50.536941327967753 ], [ 6.519275771734097, 50.554445073476515 ], [ 6.547305272477894, 50.563699085646469 ], [ 6.535623932542999, 50.574927620539292 ], [ 6.553226905999948, 50.582514323600442 ], [ 6.539904203152795, 50.597992050794694 ], [ 6.547661078559028, 50.602033545577441 ], [ 6.560746928830254, 50.605508267546213 ], [ 6.559183833155057, 50.626737793099089 ], [ 6.575915101537311, 50.640831289635678 ], [ 6.566873938174048, 50.656040734998626 ], [ 6.601379890018555, 50.673284295577801 ], [ 6.591396104223199, 50.697265575370146 ], [ 6.587600569752316, 50.705943185172636 ], [ 6.612183291269269, 50.71398669663968 ], [ 6.62965649025327, 50.732241220180299 ], [ 6.677063052692484, 50.713490595737589 ], [ 6.698026606776738, 50.728333267515886 ], [ 6.694040297533338, 50.753944972631984 ], [ 6.716236229753672, 50.753220063539992 ], [ 6.723955218765774, 50.746004875250946 ], [ 6.713180117704522, 50.734038064566917 ], [ 6.755559347845196, 50.727327952872734 ], [ 6.776270710184119, 50.717830152528727 ], [ 6.76334908721965, 50.694106409655738 ], [ 6.732456215380637, 50.700739254715657 ], [ 6.710197467489539, 50.683803967948229 ], [ 6.722701342449044, 50.675266681823373 ], [ 6.732797486792786, 50.677010574190525 ], [ 6.712302132269074, 50.643366022321253 ], [ 6.729823239186351, 50.617280183349401 ], [ 6.769450585498049, 50.615612189476188 ], [ 6.769938609852503, 50.602753830941573 ], [ 6.784456972443896, 50.608348212153018 ], [ 6.814418874708129, 50.608110374728454 ], [ 6.822052270166554, 50.59548013658447 ], [ 6.812071429985336, 50.575233925706392 ], [ 6.818450969055042, 50.561762192467683 ], [ 6.832920716939489, 50.566799613022198 ], [ 6.854779252959609, 50.563645725717002 ], [ 6.871654343149875, 50.570186491019697 ], [ 6.894379975069194, 50.561449171156013 ], [ 6.921326524521605, 50.564891752604986 ], [ 6.927491749788744, 50.559164455653082 ], [ 6.930917361246903, 50.534642097040177 ], [ 6.917156081731543, 50.528846281455941 ], [ 6.885942691697751, 50.529122456624663 ], [ 6.885209390178697, 50.520293622152153 ], [ 6.897063476092423, 50.517040545663626 ], [ 6.888714873933756, 50.507122160282236 ], [ 6.905806482965357, 50.502324787141411 ], [ 6.90156960515639, 50.468822729952379 ], [ 6.873530174680924, 50.462600198798562 ], [ 6.870608095548406, 50.456724456387995 ], [ 6.858718894728528, 50.452844650022534 ], [ 6.839150226228532, 50.464937434958358 ], [ 6.812523136219447, 50.471501780823921 ], [ 6.800725908043773, 50.491312378877758 ], [ 6.768492209184803, 50.484299373537944 ], [ 6.751675751912801, 50.490113722460414 ], [ 6.756913751695992, 50.506704292029852 ], [ 6.775663425291879, 50.524487042736382 ], [ 6.763049276084098, 50.528620582246838 ], [ 6.757264113530208, 50.519006013110072 ], [ 6.740721425702748, 50.514867953843883 ], [ 6.739890362922544, 50.524439655609434 ], [ 6.717409538451776, 50.525697962330916 ], [ 6.69105646164643, 50.539353559125459 ], [ 6.670452947900052, 50.5364725436634 ], [ 6.659425620973337, 50.524068467034908 ], [ 6.643136207717159, 50.521929661379936 ], [ 6.636692107773425, 50.530660739775726 ], [ 6.611843939881108, 50.526374232116339 ], [ 6.613454593940792, 50.51412067704765 ], [ 6.601761948115888, 50.512329051761633 ] ] ], [ [ [ 6.548840988007574, 50.755920655316672 ], [ 6.517718883227792, 50.737292573055392 ], [ 6.530420698218152, 50.728700117193448 ], [ 6.520709386869852, 50.72470098864332 ], [ 6.526391516534378, 50.714342911935255 ], [ 6.545399354951377, 50.69973017111414 ], [ 6.510542610235902, 50.693721343769468 ], [ 6.478226548965977, 50.713462619146966 ], [ 6.436961597039232, 50.707343893880811 ], [ 6.41649234104785, 50.730909037820155 ], [ 6.453327954537005, 50.743611030736176 ], [ 6.459301178352649, 50.741548852407895 ], [ 6.48536581430699, 50.758963831321232 ], [ 6.50919951422481, 50.759679458461896 ], [ 6.52484633395239, 50.78511083072906 ], [ 6.538387054978109, 50.779468728561525 ], [ 6.540174702814476, 50.764968993199815 ], [ 6.548840988007574, 50.755920655316672 ] ] ], [ [ [ 5.968841613460924, 50.99589382013891 ], [ 5.95708903913154, 50.984999442725979 ], [ 5.933737958864361, 50.985149019822231 ], [ 5.897556233741158, 50.974987656030947 ], [ 5.893103976719547, 50.98056303629064 ], [ 5.904136512136464, 50.987255854387335 ], [ 5.905018644368325, 51.002273627836537 ], [ 5.879577115399573, 51.017412540244074 ], [ 5.877890083416027, 51.036466759113402 ], [ 5.865998792080314, 51.051130830639799 ], [ 5.892476635565544, 51.053398008718496 ], [ 5.913345722091325, 51.066526705123898 ], [ 5.937466000843841, 51.035056624465881 ], [ 5.95821557400521, 51.035011234701635 ], [ 5.968498116842156, 51.047689457341619 ], [ 5.971426092965099, 51.060883245352251 ], [ 5.994190597503048, 51.081245409244239 ], [ 6.052161385042774, 51.105941394880432 ], [ 6.060423486963903, 51.115793878315543 ], [ 6.080684762470614, 51.122259587096217 ], [ 6.09103366340049, 51.134936357918527 ], [ 6.154601471578561, 51.148051282618532 ], [ 6.155847729533522, 51.141254189597397 ], [ 6.187248866764087, 51.140576464748925 ], [ 6.180135923261928, 51.120575485431644 ], [ 6.200252377371308, 51.106456504177217 ], [ 6.205802009673302, 51.0910960634071 ], [ 6.154071560966793, 51.076101874044419 ], [ 6.151917313191604, 51.06973132808298 ], [ 6.186234219634087, 51.047858717835737 ], [ 6.183660651895091, 51.043056445651466 ], [ 6.213185567824054, 51.02197438153393 ], [ 6.209982072590857, 51.017363208819553 ], [ 6.179414939976859, 51.005836990783891 ], [ 6.160329812956086, 51.012126080575435 ], [ 6.1464227465799, 51.002842609953241 ], [ 6.118589874545735, 51.013239678192726 ], [ 6.104442054558177, 50.998205290166077 ], [ 6.081015940745288, 50.997307544298479 ], [ 6.053481284960772, 51.019884121054389 ], [ 6.057670564489598, 51.024632061416796 ], [ 6.041434782224979, 51.032493664929582 ], [ 6.028027926981395, 51.032619647948067 ], [ 6.016673254794496, 51.040782566601933 ], [ 5.983280980737089, 51.040988936130866 ], [ 5.952266044944759, 51.007904108659076 ], [ 5.968841613460924, 50.99589382013891 ] ] ] ] } },
{ "type": "Feature", "properties": { "n_flats": 2435, "RegioStaR7": 77 }, "geometry": { "type": "MultiPolygon", "coordinates": [ [ [ [ 6.380032579614955, 50.532295942011501 ], [ 6.374373679471041, 50.53698688320209 ], [ 6.357999813155924, 50.529947086778662 ], [ 6.365265898433568, 50.562136949119079 ], [ 6.395677637355852, 50.584301560935906 ], [ 6.390972957074886, 50.596606234779863 ], [ 6.415898658560426, 50.598628705255514 ], [ 6.416921992027838, 50.6051842302738 ], [ 6.389509397965991, 50.6058451470536 ], [ 6.393869189241602, 50.618923021188188 ], [ 6.382041174705979, 50.621016026993928 ], [ 6.395714444143729, 50.631464672598931 ], [ 6.40748880546127, 50.628706505834913 ], [ 6.410307171870622, 50.641828011054933 ], [ 6.406221695940636, 50.645382173958232 ], [ 6.384878768329926, 50.643067628415203 ], [ 6.375858550592676, 50.671690908347188 ], [ 6.335091486735234, 50.650621778405927 ], [ 6.323181889216769, 50.665070843670371 ], [ 6.299685188285589, 50.665553038060267 ], [ 6.287789024172361, 50.672771555518914 ], [ 6.286462674036837, 50.686521169677917 ], [ 6.312326213775309, 50.690137453036606 ], [ 6.308385106862799, 50.70273793828602 ], [ 6.341700255691245, 50.755011417873611 ], [ 6.365209358582539, 50.758565840728807 ], [ 6.40390093284116, 50.773502792317721 ], [ 6.453327954537005, 50.743611030736176 ], [ 6.41649234104785, 50.730909037820155 ], [ 6.436961597039232, 50.707343893880811 ], [ 6.478226548965977, 50.713462619146966 ], [ 6.510542610235902, 50.693721343769468 ], [ 6.545399354951377, 50.69973017111414 ], [ 6.526391516534378, 50.714342911935255 ], [ 6.520709386869852, 50.72470098864332 ], [ 6.530420698218152, 50.728700117193448 ], [ 6.517718883227792, 50.737292573055392 ], [ 6.548840988007574, 50.755920655316672 ], [ 6.540174702814476, 50.764968993199815 ], [ 6.538387054978109, 50.779468728561525 ], [ 6.52484633395239, 50.78511083072906 ], [ 6.521357696917876, 50.798970144343549 ], [ 6.537967937485068, 50.805612260339785 ], [ 6.549442640403194, 50.801768898758979 ], [ 6.571997025732469, 50.80526550752073 ], [ 6.567943461919734, 50.822349236682953 ], [ 6.61636848554468, 50.827302965641664 ], [ 6.628145527231349, 50.823726353971267 ], [ 6.651620456313002, 50.835587216377512 ], [ 6.676848285183181, 50.831411948746869 ], [ 6.683052301192682, 50.836208672593656 ], [ 6.706424167593338, 50.835085785820155 ], [ 6.718451139282928, 50.804395835098987 ], [ 6.707731090549859, 50.803694300213046 ], [ 6.712681705385668, 50.787756155873659 ], [ 6.694923639221243, 50.784525637854664 ], [ 6.682126451109388, 50.768094706220019 ], [ 6.694040297533338, 50.753944972631984 ], [ 6.698026606776738, 50.728333267515886 ], [ 6.677063052692484, 50.713490595737589 ], [ 6.62965649025327, 50.732241220180299 ], [ 6.612183291269269, 50.71398669663968 ], [ 6.587600569752316, 50.705943185172636 ], [ 6.591396104223199, 50.697265575370146 ], [ 6.601379890018555, 50.673284295577801 ], [ 6.566873938174048, 50.656040734998626 ], [ 6.575915101537311, 50.640831289635678 ], [ 6.559183833155057, 50.626737793099089 ], [ 6.560746928830254, 50.605508267546213 ], [ 6.547661078559028, 50.602033545577441 ], [ 6.539904203152795, 50.597992050794694 ], [ 6.553226905999948, 50.582514323600442 ], [ 6.535623932542999, 50.574927620539292 ], [ 6.547305272477894, 50.563699085646469 ], [ 6.519275771734097, 50.554445073476515 ], [ 6.521673768265298, 50.536941327967753 ], [ 6.498742047492246, 50.506760399687792 ], [ 6.497159784318563, 50.48757523343486 ], [ 6.516264411476703, 50.479992942114912 ], [ 6.498068830317238, 50.468494690079559 ], [ 6.511282682521611, 50.460041693195606 ], [ 6.548888180374496, 50.459852279649851 ], [ 6.571763906010741, 50.487207175464846 ], [ 6.571456516503398, 50.497108162099273 ], [ 6.600065179912145, 50.501819736671486 ], [ 6.601761948115888, 50.512329051761633 ], [ 6.613454593940792, 50.51412067704765 ], [ 6.611843939881108, 50.526374232116339 ], [ 6.636692107773425, 50.530660739775726 ], [ 6.643136207717159, 50.521929661379936 ], [ 6.659425620973337, 50.524068467034908 ], [ 6.670452947900052, 50.5364725436634 ], [ 6.69105646164643, 50.539353559125459 ], [ 6.717409538451776, 50.525697962330916 ], [ 6.739890362922544, 50.524439655609434 ], [ 6.740721425702748, 50.514867953843883 ], [ 6.757264113530208, 50.519006013110072 ], [ 6.763049276084098, 50.528620582246838 ], [ 6.775663425291879, 50.524487042736382 ], [ 6.756913751695992, 50.506704292029852 ], [ 6.751675751912801, 50.490113722460414 ], [ 6.768492209184803, 50.484299373537944 ], [ 6.750899187408529, 50.471300347613926 ], [ 6.766275933156539, 50.45805586710437 ], [ 6.74333085888025, 50.440587854132154 ], [ 6.75292330411988, 50.432765960485121 ], [ 6.770327291541507, 50.435682399688943 ], [ 6.770468049789789, 50.425038167331131 ], [ 6.782735560827162, 50.41907026978609 ], [ 6.779151186255257, 50.405166141255634 ], [ 6.769853964435674, 50.392486296418404 ], [ 6.785321179707005, 50.37546475245226 ], [ 6.803584434897603, 50.370017876196378 ], [ 6.801164207519174, 50.362495129948556 ], [ 6.789930339483317, 50.359591921584531 ], [ 6.782792098286706, 50.363094641393801 ], [ 6.732071711125203, 50.352072100484968 ], [ 6.699734278806364, 50.33736225757908 ], [ 6.668266221706908, 50.371971268983479 ], [ 6.655444084524429, 50.367695631878028 ], [ 6.650315531357598, 50.347936435619253 ], [ 6.636563142433506, 50.344798516726065 ], [ 6.623083619822506, 50.353640477379479 ], [ 6.624295733744806, 50.37490194311966 ], [ 6.607612119280478, 50.375368251477816 ], [ 6.598634733355158, 50.388426181062634 ], [ 6.581883106482175, 50.378499853373462 ], [ 6.558897959846016, 50.369156047308309 ], [ 6.529201080137458, 50.369293152033322 ], [ 6.517711708548647, 50.356221744046394 ], [ 6.505986964389482, 50.359639606415257 ], [ 6.504296231349064, 50.352687520506294 ], [ 6.484534880424848, 50.338040137020627 ], [ 6.456096807076979, 50.339895517002951 ], [ 6.460818181407093, 50.360898079945173 ], [ 6.452261143789884, 50.361137426893208 ], [ 6.449017577057133, 50.371800417492416 ], [ 6.423925045311462, 50.36387155634975 ], [ 6.419354538388575, 50.374050631385117 ], [ 6.42188957224126, 50.381264781154215 ], [ 6.414126259177584, 50.390805683364199 ], [ 6.385493659388795, 50.384249188506807 ], [ 6.404775080236594, 50.350622407488167 ], [ 6.41826468572599, 50.332711973014383 ], [ 6.426630944125533, 50.322698944673718 ], [ 6.403891648674646, 50.323268119628736 ], [ 6.403674883372413, 50.335181312954909 ], [ 6.342978525900365, 50.381901108004357 ], [ 6.369004797637111, 50.410350237552407 ], [ 6.373212274379735, 50.453280093148095 ], [ 6.340301023719862, 50.46228737721669 ], [ 6.340867968194561, 50.482567648566445 ], [ 6.350645348250548, 50.488498009686438 ], [ 6.315420618847899, 50.496974266184232 ], [ 6.347511899799154, 50.507598499781018 ], [ 6.366183691728632, 50.51556069943647 ], [ 6.380032579614955, 50.532295942011501 ] ] ], [ [ [ 6.041434782224979, 51.032493664929582 ], [ 6.057670564489598, 51.024632061416796 ], [ 6.053481284960772, 51.019884121054389 ], [ 6.081015940745288, 50.997307544298479 ], [ 6.059368363366556, 50.986352005780688 ], [ 6.035854440380091, 50.95469630729027 ], [ 6.01560597576275, 50.94787758984959 ], [ 6.004387309249956, 50.95744313048673 ], [ 6.025055877687607, 50.983640177834182 ], [ 5.96785228159743, 50.97920820926133 ], [ 5.95708903913154, 50.984999442725979 ], [ 5.968841613460924, 50.99589382013891 ], [ 5.952266044944759, 51.007904108659076 ], [ 5.983280980737089, 51.040988936130866 ], [ 6.016673254794496, 51.040782566601933 ], [ 6.028027926981395, 51.032619647948067 ], [ 6.041434782224979, 51.032493664929582 ] ] ] ] } },
{ "type": "Feature", "properties": { "n_flats": 1471, "RegioStaR7": 75 }, "geometry": { "type": "Polygon", "coordinates": [ [ [ 6.76334908721965, 50.694106409655738 ], [ 6.759604002505205, 50.690529864945262 ], [ 6.769858944566838, 50.687680826644403 ], [ 6.794306504004827, 50.689643630492519 ], [ 6.810941415442588, 50.701235786626171 ], [ 6.840710684883848, 50.703043023459415 ], [ 6.856190681564722, 50.696279662044134 ], [ 6.856049045628069, 50.691554669139279 ], [ 6.875708795913861, 50.690415715017807 ], [ 6.859614021580469, 50.650398398439258 ], [ 6.872348482006875, 50.647348580876553 ], [ 6.869666761739457, 50.641381762874232 ], [ 6.878282857606737, 50.636778558559776 ], [ 6.898882427567127, 50.635449662512698 ], [ 6.916299349685118, 50.629244050868408 ], [ 6.908781063562099, 50.602734244961802 ], [ 6.886040890225611, 50.600942571695256 ], [ 6.894327996488131, 50.573564711046814 ], [ 6.908586165095054, 50.578506555462575 ], [ 6.915655515525361, 50.572553078322414 ], [ 6.92679170650573, 50.578519219450015 ], [ 6.931826407826691, 50.571304284839151 ], [ 6.921326524521605, 50.564891752604986 ], [ 6.894379975069194, 50.561449171156013 ], [ 6.871654343149875, 50.570186491019697 ], [ 6.854779252959609, 50.563645725717002 ], [ 6.832920716939489, 50.566799613022198 ], [ 6.818450969055042, 50.561762192467683 ], [ 6.812071429985336, 50.575233925706392 ], [ 6.822052270166554, 50.59548013658447 ], [ 6.814418874708129, 50.608110374728454 ], [ 6.784456972443896, 50.608348212153018 ], [ 6.769938609852503, 50.602753830941573 ], [ 6.769450585498049, 50.615612189476188 ], [ 6.729823239186351, 50.617280183349401 ], [ 6.712302132269074, 50.643366022321253 ], [ 6.732797486792786, 50.677010574190525 ], [ 6.722701342449044, 50.675266681823373 ], [ 6.710197467489539, 50.683803967948229 ], [ 6.732456215380637, 50.700739254715657 ], [ 6.76334908721965, 50.694106409655738 ] ] ] } },
{ "type": "Feature", "properties": { "n_flats": 4323, "RegioStaR7": 76 }, "geometry": { "type": "MultiPolygon", "coordinates": [ [ [ [ 6.601761948115888, 50.512329051761633 ], [ 6.600065179912145, 50.501819736671486 ], [ 6.571456516503398, 50.497108162099273 ], [ 6.571763906010741, 50.487207175464846 ], [ 6.548888180374496, 50.459852279649851 ], [ 6.511282682521611, 50.460041693195606 ], [ 6.498068830317238, 50.468494690079559 ], [ 6.516264411476703, 50.479992942114912 ], [ 6.497159784318563, 50.48757523343486 ], [ 6.498742047492246, 50.506760399687792 ], [ 6.521673768265298, 50.536941327967753 ], [ 6.519275771734097, 50.554445073476515 ], [ 6.547305272477894, 50.563699085646469 ], [ 6.535623932542999, 50.574927620539292 ], [ 6.553226905999948, 50.582514323600442 ], [ 6.539904203152795, 50.597992050794694 ], [ 6.547661078559028, 50.602033545577441 ], [ 6.560746928830254, 50.605508267546213 ], [ 6.559183833155057, 50.626737793099089 ], [ 6.575915101537311, 50.640831289635678 ], [ 6.566873938174048, 50.656040734998626 ], [ 6.601379890018555, 50.673284295577801 ], [ 6.591396104223199, 50.697265575370146 ], [ 6.587600569752316, 50.705943185172636 ], [ 6.612183291269269, 50.71398669663968 ], [ 6.62965649025327, 50.732241220180299 ], [ 6.677063052692484, 50.713490595737589 ], [ 6.698026606776738, 50.728333267515886 ], [ 6.694040297533338, 50.753944972631984 ], [ 6.716236229753672, 50.753220063539992 ], [ 6.723955218765774, 50.746004875250946 ], [ 6.713180117704522, 50.734038064566917 ], [ 6.755559347845196, 50.727327952872734 ], [ 6.776270710184119, 50.717830152528727 ], [ 6.76334908721965, 50.694106409655738 ], [ 6.732456215380637, 50.700739254715657 ], [ 6.710197467489539, 50.683803967948229 ], [ 6.722701342449044, 50.675266681823373 ], [ 6.732797486792786, 50.677010574190525 ], [ 6.712302132269074, 50.643366022321253 ], [ 6.729823239186351, 50.617280183349401 ], [ 6.769450585498049, 50.615612189476188 ], [ 6.769938609852503, 50.602753830941573 ], [ 6.784456972443896, 50.608348212153018 ], [ 6.814418874708129, 50.608110374728454 ], [ 6.822052270166554, 50.59548013658447 ], [ 6.812071429985336, 50.575233925706392 ], [ 6.818450969055042, 50.561762192467683 ], [ 6.832920716939489, 50.566799613022198 ], [ 6.854779252959609, 50.563645725717002 ], [ 6.871654343149875, 50.570186491019697 ], [ 6.894379975069194, 50.561449171156013 ], [ 6.921326524521605, 50.564891752604986 ], [ 6.927491749788744, 50.559164455653082 ], [ 6.930917361246903, 50.534642097040177 ], [ 6.917156081731543, 50.528846281455941 ], [ 6.885942691697751, 50.529122456624663 ], [ 6.885209390178697, 50.520293622152153 ], [ 6.897063476092423, 50.517040545663626 ], [ 6.888714873933756, 50.507122160282236 ], [ 6.905806482965357, 50.502324787141411 ], [ 6.90156960515639, 50.468822729952379 ], [ 6.873530174680924, 50.462600198798562 ], [ 6.870608095548406, 50.456724456387995 ], [ 6.858718894728528, 50.452844650022534 ], [ 6.839150226228532, 50.464937434958358 ], [ 6.812523136219447, 50.471501780823921 ], [ 6.800725908043773, 50.491312378877758 ], [ 6.768492209184803, 50.484299373537944 ], [ 6.751675751912801, 50.490113722460414 ], [ 6.756913751695992, 50.506704292029852 ], [ 6.775663425291879, 50.524487042736382 ], [ 6.763049276084098, 50.528620582246838 ], [ 6.757264113530208, 50.519006013110072 ], [ 6.740721425702748, 50.514867953843883 ], [ 6.739890362922544, 50.524439655609434 ], [ 6.717409538451776, 50.525697962330916 ], [ 6.69105646164643, 50.539353559125459 ], [ 6.670452947900052, 50.5364725436634 ], [ 6.659425620973337, 50.524068467034908 ], [ 6.643136207717159, 50.521929661379936 ], [ 6.636692107773425, 50.530660739775726 ], [ 6.611843939881108, 50.526374232116339 ], [ 6.613454593940792, 50.51412067704765 ], [ 6.601761948115888, 50.512329051761633 ] ] ], [ [ [ 6.548840988007574, 50.755920655316672 ], [ 6.517718883227792, 50.737292573055392 ], [ 6.530420698218152, 50.728700117193448 ], [ 6.520709386869852, 50.72470098864332 ], [ 6.526391516534378, 50.714342911935255 ], [ 6.545399354951377, 50.69973017111414 ], [ 6.510542610235902, 50.693721343769468 ], [ 6.478226548965977, 50.713462619146966 ], [ 6.436961597039232, 50.707343893880811 ], [ 6.41649234104785, 50.730909037820155 ], [ 6.453327954537005, 50.743611030736176 ], [ 6.459301178352649, 50.741548852407895 ], [ 6.48536581430699, 50.758963831321232 ], [ 6.50919951422481, 50.759679458461896 ], [ 6.52484633395239, 50.78511083072906 ], [ 6.538387054978109, 50.779468728561525 ], [ 6.540174702814476, 50.764968993199815 ], [ 6.548840988007574, 50.755920655316672 ] ] ], [ [ [ 5.968841613460924, 50.99589382013891 ], [ 5.95708903913154, 50.984999442725979 ], [ 5.933737958864361, 50.985149019822231 ], [ 5.897556233741158, 50.974987656030947 ], [ 5.893103976719547, 50.98056303629064 ], [ 5.904136512136464, 50.987255854387335 ], [ 5.905018644368325, 51.002273627836537 ], [ 5.879577115399573, 51.017412540244074 ], [ 5.877890083416027, 51.036466759113402 ], [ 5.865998792080314, 51.051130830639799 ], [ 5.892476635565544, 51.053398008718496 ], [ 5.913345722091325, 51.066526705123898 ], [ 5.937466000843841, 51.035056624465881 ], [ 5.95821557400521, 51.035011234701635 ], [ 5.968498116842156, 51.047689457341619 ], [ 5.971426092965099, 51.060883245352251 ], [ 5.994190597503048, 51.081245409244239 ], [ 6.052161385042774, 51.105941394880432 ], [ 6.060423486963903, 51.115793878315543 ], [ 6.080684762470614, 51.122259587096217 ], [ 6.09103366340049, 51.134936357918527 ], [ 6.154601471578561, 51.148051282618532 ], [ 6.155847729533522, 51.141254189597397 ], [ 6.187248866764087, 51.140576464748925 ], [ 6.180135923261928, 51.120575485431644 ], [ 6.200252377371308, 51.106456504177217 ], [ 6.205802009673302, 51.0910960634071 ], [ 6.154071560966793, 51.076101874044419 ], [ 6.151917313191604, 51.06973132808298 ], [ 6.186234219634087, 51.047858717835737 ], [ 6.183660651895091, 51.043056445651466 ], [ 6.213185567824054, 51.02197438153393 ], [ 6.209982072590857, 51.017363208819553 ], [ 6.179414939976859, 51.005836990783891 ], [ 6.160329812956086, 51.012126080575435 ], [ 6.1464227465799, 51.002842609953241 ], [ 6.118589874545735, 51.013239678192726 ], [ 6.104442054558177, 50.998205290166077 ], [ 6.081015940745288, 50.997307544298479 ], [ 6.053481284960772, 51.019884121054389 ], [ 6.057670564489598, 51.024632061416796 ], [ 6.041434782224979, 51.032493664929582 ], [ 6.028027926981395, 51.032619647948067 ], [ 6.016673254794496, 51.040782566601933 ], [ 5.983280980737089, 51.040988936130866 ], [ 5.952266044944759, 51.007904108659076 ], [ 5.968841613460924, 50.99589382013891 ] ] ] ] } },
{ "type": "Feature", "properties": { "n_flats": 2435, "RegioStaR7": 77 }, "geometry": { "type": "MultiPolygon", "coordinates": [ [ [ [ 6.380032579614955, 50.532295942011501 ], [ 6.374373679471041, 50.53698688320209 ], [ 6.357999813155924, 50.529947086778662 ], [ 6.365265898433568, 50.562136949119079 ], [ 6.395677637355852, 50.584301560935906 ], [ 6.390972957074886, 50.596606234779863 ], [ 6.415898658560426, 50.598628705255514 ], [ 6.416921992027838, 50.6051842302738 ], [ 6.389509397965991, 50.6058451470536 ], [ 6.393869189241602, 50.618923021188188 ], [ 6.382041174705979, 50.621016026993928 ], [ 6.395714444143729, 50.631464672598931 ], [ 6.40748880546127, 50.628706505834913 ], [ 6.410307171870622, 50.641828011054933 ], [ 6.406221695940636, 50.645382173958232 ], [ 6.384878768329926, 50.643067628415203 ], [ 6.375858550592676, 50.671690908347188 ], [ 6.335091486735234, 50.650621778405927 ], [ 6.323181889216769, 50.665070843670371 ], [ 6.299685188285589, 50.665553038060267 ], [ 6.287789024172361, 50.672771555518914 ], [ 6.286462674036837, 50.686521169677917 ], [ 6.312326213775309, 50.690137453036606 ], [ 6.308385106862799, 50.70273793828602 ], [ 6.341700255691245, 50.755011417873611 ], [ 6.365209358582539, 50.758565840728807 ], [ 6.40390093284116, 50.773502792317721 ], [ 6.453327954537005, 50.743611030736176 ], [ 6.41649234104785, 50.730909037820155 ], [ 6.436961597039232, 50.707343893880811 ], [ 6.478226548965977, 50.713462619146966 ], [ 6.510542610235902, 50.693721343769468 ], [ 6.545399354951377, 50.69973017111414 ], [ 6.526391516534378, 50.714342911935255 ], [ 6.520709386869852, 50.72470098864332 ], [ 6.530420698218152, 50.728700117193448 ], [ 6.517718883227792, 50.737292573055392 ], [ 6.548840988007574, 50.755920655316672 ], [ 6.540174702814476, 50.764968993199815 ], [ 6.538387054978109, 50.779468728561525 ], [ 6.52484633395239, 50.78511083072906 ], [ 6.521357696917876, 50.798970144343549 ], [ 6.537967937485068, 50.805612260339785 ], [ 6.549442640403194, 50.801768898758979 ], [ 6.571997025732469, 50.80526550752073 ], [ 6.567943461919734, 50.822349236682953 ], [ 6.61636848554468, 50.827302965641664 ], [ 6.628145527231349, 50.823726353971267 ], [ 6.651620456313002, 50.835587216377512 ], [ 6.676848285183181, 50.831411948746869 ], [ 6.683052301192682, 50.836208672593656 ], [ 6.706424167593338, 50.835085785820155 ], [ 6.718451139282928, 50.804395835098987 ], [ 6.707731090549859, 50.803694300213046 ], [ 6.712681705385668, 50.787756155873659 ], [ 6.694923639221243, 50.784525637854664 ], [ 6.682126451109388, 50.768094706220019 ], [ 6.694040297533338, 50.753944972631984 ], [ 6.698026606776738, 50.728333267515886 ], [ 6.677063052692484, 50.713490595737589 ], [ 6.62965649025327, 50.732241220180299 ], [ 6.612183291269269, 50.71398669663968 ], [ 6.587600569752316, 50.705943185172636 ], [ 6.591396104223199, 50.697265575370146 ], [ 6.601379890018555, 50.673284295577801 ], [ 6.566873938174048, 50.656040734998626 ], [ 6.575915101537311, 50.640831289635678 ], [ 6.559183833155057, 50.626737793099089 ], [ 6.560746928830254, 50.605508267546213 ], [ 6.547661078559028, 50.602033545577441 ], [ 6.539904203152795, 50.597992050794694 ], [ 6.553226905999948, 50.582514323600442 ], [ 6.535623932542999, 50.574927620539292 ], [ 6.547305272477894, 50.563699085646469 ], [ 6.519275771734097, 50.554445073476515 ], [ 6.521673768265298, 50.536941327967753 ], [ 6.498742047492246, 50.506760399687792 ], [ 6.497159784318563, 50.48757523343486 ], [ 6.516264411476703, 50.479992942114912 ], [ 6.498068830317238, 50.468494690079559 ], [ 6.511282682521611, 50.460041693195606 ], [ 6.548888180374496, 50.459852279649851 ], [ 6.571763906010741, 50.487207175464846 ], [ 6.571456516503398, 50.497108162099273 ], [ 6.600065179912145, 50.501819736671486 ], [ 6.601761948115888, 50.512329051761633 ], [ 6.613454593940792, 50.51412067704765 ], [ 6.611843939881108, 50.526374232116339 ], [ 6.636692107773425, 50.530660739775726 ], [ 6.643136207717159, 50.521929661379936 ], [ 6.659425620973337, 50.524068467034908 ], [ 6.670452947900052, 50.5364725436634 ], [ 6.69105646164643, 50.539353559125459 ], [ 6.717409538451776, 50.525697962330916 ], [ 6.739890362922544, 50.524439655609434 ], [ 6.740721425702748, 50.514867953843883 ], [ 6.757264113530208, 50.519006013110072 ], [ 6.763049276084098, 50.528620582246838 ], [ 6.775663425291879, 50.524487042736382 ], [ 6.756913751695992, 50.506704292029852 ], [ 6.751675751912801, 50.490113722460414 ], [ 6.768492209184803, 50.484299373537944 ], [ 6.750899187408529, 50.471300347613926 ], [ 6.766275933156539, 50.45805586710437 ], [ 6.74333085888025, 50.440587854132154 ], [ 6.75292330411988, 50.432765960485121 ], [ 6.770327291541507, 50.435682399688943 ], [ 6.770468049789789, 50.425038167331131 ], [ 6.782735560827162, 50.41907026978609 ], [ 6.779151186255257, 50.405166141255634 ], [ 6.769853964435674, 50.392486296418404 ], [ 6.785321179707005, 50.37546475245226 ], [ 6.803584434897603, 50.370017876196378 ], [ 6.801164207519174, 50.362495129948556 ], [ 6.789930339483317, 50.359591921584531 ], [ 6.782792098286706, 50.363094641393801 ], [ 6.732071711125203, 50.352072100484968 ], [ 6.699734278806364, 50.33736225757908 ], [ 6.668266221706908, 50.371971268983479 ], [ 6.655444084524429, 50.367695631878028 ], [ 6.650315531357598, 50.347936435619253 ], [ 6.636563142433506, 50.344798516726065 ], [ 6.623083619822506, 50.353640477379479 ], [ 6.624295733744806, 50.37490194311966 ], [ 6.607612119280478, 50.375368251477816 ], [ 6.598634733355158, 50.388426181062634 ], [ 6.581883106482175, 50.378499853373462 ], [ 6.558897959846016, 50.369156047308309 ], [ 6.529201080137458, 50.369293152033322 ], [ 6.517711708548647, 50.356221744046394 ], [ 6.505986964389482, 50.359639606415257 ], [ 6.504296231349064, 50.352687520506294 ], [ 6.484534880424848, 50.338040137020627 ], [ 6.456096807076979, 50.339895517002951 ], [ 6.460818181407093, 50.360898079945173 ], [ 6.452261143789884, 50.361137426893208 ], [ 6.449017577057133, 50.371800417492416 ], [ 6.423925045311462, 50.36387155634975 ], [ 6.419354538388575, 50.374050631385117 ], [ 6.42188957224126, 50.381264781154215 ], [ 6.414126259177584, 50.390805683364199 ], [ 6.385493659388795, 50.384249188506807 ], [ 6.404775080236594, 50.350622407488167 ], [ 6.41826468572599, 50.332711973014383 ], [ 6.426630944125533, 50.322698944673718 ], [ 6.403891648674646, 50.323268119628736 ], [ 6.403674883372413, 50.335181312954909 ], [ 6.342978525900365, 50.381901108004357 ], [ 6.369004797637111, 50.410350237552407 ], [ 6.373212274379735, 50.453280093148095 ], [ 6.340301023719862, 50.46228737721669 ], [ 6.340867968194561, 50.482567648566445 ], [ 6.350645348250548, 50.488498009686438 ], [ 6.315420618847899, 50.496974266184232 ], [ 6.347511899799154, 50.507598499781018 ], [ 6.366183691728632, 50.51556069943647 ], [ 6.380032579614955, 50.532295942011501 ] ] ], [ [ [ 6.041434782224979, 51.032493664929582 ], [ 6.057670564489598, 51.024632061416796 ], [ 6.053481284960772, 51.019884121054389 ], [ 6.081015940745288, 50.997307544298479 ], [ 6.059368363366556, 50.986352005780688 ], [ 6.035854440380091, 50.95469630729027 ], [ 6.01560597576275, 50.94787758984959 ], [ 6.004387309249956, 50.95744313048673 ], [ 6.025055877687607, 50.983640177834182 ], [ 5.96785228159743, 50.97920820926133 ], [ 5.95708903913154, 50.984999442725979 ], [ 5.968841613460924, 50.99589382013891 ], [ 5.952266044944759, 51.007904108659076 ], [ 5.983280980737089, 51.040988936130866 ], [ 6.016673254794496, 51.040782566601933 ], [ 6.028027926981395, 51.032619647948067 ], [ 6.041434782224979, 51.032493664929582 ] ] ] ] } },
{ "type": "Feature", "properties": { "n_flats": 1471, "RegioStaR7": 75 }, "geometry": { "type": "Polygon", "coordinates": [ [ [ 6.76334908721965, 50.694106409655738 ], [ 6.759604002505205, 50.690529864945262 ], [ 6.769858944566838, 50.687680826644403 ], [ 6.794306504004827, 50.689643630492519 ], [ 6.810941415442588, 50.701235786626171 ], [ 6.840710684883848, 50.703043023459415 ], [ 6.856190681564722, 50.696279662044134 ], [ 6.856049045628069, 50.691554669139279 ], [ 6.875708795913861, 50.690415715017807 ], [ 6.859614021580469, 50.650398398439258 ], [ 6.872348482006875, 50.647348580876553 ], [ 6.869666761739457, 50.641381762874232 ], [ 6.878282857606737, 50.636778558559776 ], [ 6.898882427567127, 50.635449662512698 ], [ 6.916299349685118, 50.629244050868408 ], [ 6.908781063562099, 50.602734244961802 ], [ 6.886040890225611, 50.600942571695256 ], [ 6.894327996488131, 50.573564711046814 ], [ 6.908586165095054, 50.578506555462575 ], [ 6.915655515525361, 50.572553078322414 ], [ 6.92679170650573, 50.578519219450015 ], [ 6.931826407826691, 50.571304284839151 ], [ 6.921326524521605, 50.564891752604986 ], [ 6.894379975069194, 50.561449171156013 ], [ 6.871654343149875, 50.570186491019697 ], [ 6.854779252959609, 50.563645725717002 ], [ 6.832920716939489, 50.566799613022198 ], [ 6.818450969055042, 50.561762192467683 ], [ 6.812071429985336, 50.575233925706392 ], [ 6.822052270166554, 50.59548013658447 ], [ 6.814418874708129, 50.608110374728454 ], [ 6.784456972443896, 50.608348212153018 ], [ 6.769938609852503, 50.602753830941573 ], [ 6.769450585498049, 50.615612189476188 ], [ 6.729823239186351, 50.617280183349401 ], [ 6.712302132269074, 50.643366022321253 ], [ 6.732797486792786, 50.677010574190525 ], [ 6.722701342449044, 50.675266681823373 ], [ 6.710197467489539, 50.683803967948229 ], [ 6.732456215380637, 50.700739254715657 ], [ 6.76334908721965, 50.694106409655738 ] ] ] } },
{ "type": "Feature", "properties": { "n_flats": 4323, "RegioStaR7": 76 }, "geometry": { "type": "MultiPolygon", "coordinates": [ [ [ [ 6.601761948115888, 50.512329051761633 ], [ 6.600065179912145, 50.501819736671486 ], [ 6.571456516503398, 50.497108162099273 ], [ 6.571763906010741, 50.487207175464846 ], [ 6.548888180374496, 50.459852279649851 ], [ 6.511282682521611, 50.460041693195606 ], [ 6.498068830317238, 50.468494690079559 ], [ 6.516264411476703, 50.479992942114912 ], [ 6.497159784318563, 50.48757523343486 ], [ 6.498742047492246, 50.506760399687792 ], [ 6.521673768265298, 50.536941327967753 ], [ 6.519275771734097, 50.554445073476515 ], [ 6.547305272477894, 50.563699085646469 ], [ 6.535623932542999, 50.574927620539292 ], [ 6.553226905999948, 50.582514323600442 ], [ 6.539904203152795, 50.597992050794694 ], [ 6.547661078559028, 50.602033545577441 ], [ 6.560746928830254, 50.605508267546213 ], [ 6.559183833155057, 50.626737793099089 ], [ 6.575915101537311, 50.640831289635678 ], [ 6.566873938174048, 50.656040734998626 ], [ 6.601379890018555, 50.673284295577801 ], [ 6.591396104223199, 50.697265575370146 ], [ 6.587600569752316, 50.705943185172636 ], [ 6.612183291269269, 50.71398669663968 ], [ 6.62965649025327, 50.732241220180299 ], [ 6.677063052692484, 50.713490595737589 ], [ 6.698026606776738, 50.728333267515886 ], [ 6.694040297533338, 50.753944972631984 ], [ 6.716236229753672, 50.753220063539992 ], [ 6.723955218765774, 50.746004875250946 ], [ 6.713180117704522, 50.734038064566917 ], [ 6.755559347845196, 50.727327952872734 ], [ 6.776270710184119, 50.717830152528727 ], [ 6.76334908721965, 50.694106409655738 ], [ 6.732456215380637, 50.700739254715657 ], [ 6.710197467489539, 50.683803967948229 ], [ 6.722701342449044, 50.675266681823373 ], [ 6.732797486792786, 50.677010574190525 ], [ 6.712302132269074, 50.643366022321253 ], [ 6.729823239186351, 50.617280183349401 ], [ 6.769450585498049, 50.615612189476188 ], [ 6.769938609852503, 50.602753830941573 ], [ 6.784456972443896, 50.608348212153018 ], [ 6.814418874708129, 50.608110374728454 ], [ 6.822052270166554, 50.59548013658447 ], [ 6.812071429985336, 50.575233925706392 ], [ 6.818450969055042, 50.561762192467683 ], [ 6.832920716939489, 50.566799613022198 ], [ 6.854779252959609, 50.563645725717002 ], [ 6.871654343149875, 50.570186491019697 ], [ 6.894379975069194, 50.561449171156013 ], [ 6.921326524521605, 50.564891752604986 ], [ 6.927491749788744, 50.559164455653082 ], [ 6.930917361246903, 50.534642097040177 ], [ 6.917156081731543, 50.528846281455941 ], [ 6.885942691697751, 50.529122456624663 ], [ 6.885209390178697, 50.520293622152153 ], [ 6.897063476092423, 50.517040545663626 ], [ 6.888714873933756, 50.507122160282236 ], [ 6.905806482965357, 50.502324787141411 ], [ 6.90156960515639, 50.468822729952379 ], [ 6.873530174680924, 50.462600198798562 ], [ 6.870608095548406, 50.456724456387995 ], [ 6.858718894728528, 50.452844650022534 ], [ 6.839150226228532, 50.464937434958358 ], [ 6.812523136219447, 50.471501780823921 ], [ 6.800725908043773, 50.491312378877758 ], [ 6.768492209184803, 50.484299373537944 ], [ 6.751675751912801, 50.490113722460414 ], [ 6.756913751695992, 50.506704292029852 ], [ 6.775663425291879, 50.524487042736382 ], [ 6.763049276084098, 50.528620582246838 ], [ 6.757264113530208, 50.519006013110072 ], [ 6.740721425702748, 50.514867953843883 ], [ 6.739890362922544, 50.524439655609434 ], [ 6.717409538451776, 50.525697962330916 ], [ 6.69105646164643, 50.539353559125459 ], [ 6.670452947900052, 50.5364725436634 ], [ 6.659425620973337, 50.524068467034908 ], [ 6.643136207717159, 50.521929661379936 ], [ 6.636692107773425, 50.530660739775726 ], [ 6.611843939881108, 50.526374232116339 ], [ 6.613454593940792, 50.51412067704765 ], [ 6.601761948115888, 50.512329051761633 ] ] ], [ [ [ 6.548840988007574, 50.755920655316672 ], [ 6.517718883227792, 50.737292573055392 ], [ 6.530420698218152, 50.728700117193448 ], [ 6.520709386869852, 50.72470098864332 ], [ 6.526391516534378, 50.714342911935255 ], [ 6.545399354951377, 50.69973017111414 ], [ 6.510542610235902, 50.693721343769468 ], [ 6.478226548965977, 50.713462619146966 ], [ 6.436961597039232, 50.707343893880811 ], [ 6.41649234104785, 50.730909037820155 ], [ 6.453327954537005, 50.743611030736176 ], [ 6.459301178352649, 50.741548852407895 ], [ 6.48536581430699, 50.758963831321232 ], [ 6.50919951422481, 50.759679458461896 ], [ 6.52484633395239, 50.78511083072906 ], [ 6.538387054978109, 50.779468728561525 ], [ 6.540174702814476, 50.764968993199815 ], [ 6.548840988007574, 50.755920655316672 ] ] ], [ [ [ 5.968841613460924, 50.99589382013891 ], [ 5.95708903913154, 50.984999442725979 ], [ 5.933737958864361, 50.985149019822231 ], [ 5.897556233741158, 50.974987656030947 ], [ 5.893103976719547, 50.98056303629064 ], [ 5.904136512136464, 50.987255854387335 ], [ 5.905018644368325, 51.002273627836537 ], [ 5.879577115399573, 51.017412540244074 ], [ 5.877890083416027, 51.036466759113402 ], [ 5.865998792080314, 51.051130830639799 ], [ 5.892476635565544, 51.053398008718496 ], [ 5.913345722091325, 51.066526705123898 ], [ 5.937466000843841, 51.035056624465881 ], [ 5.95821557400521, 51.035011234701635 ], [ 5.968498116842156, 51.047689457341619 ], [ 5.971426092965099, 51.060883245352251 ], [ 5.994190597503048, 51.081245409244239 ], [ 6.052161385042774, 51.105941394880432 ], [ 6.060423486963903, 51.115793878315543 ], [ 6.080684762470614, 51.122259587096217 ], [ 6.09103366340049, 51.134936357918527 ], [ 6.154601471578561, 51.148051282618532 ], [ 6.155847729533522, 51.141254189597397 ], [ 6.187248866764087, 51.140576464748925 ], [ 6.180135923261928, 51.120575485431644 ], [ 6.200252377371308, 51.106456504177217 ], [ 6.205802009673302, 51.0910960634071 ], [ 6.154071560966793, 51.076101874044419 ], [ 6.151917313191604, 51.06973132808298 ], [ 6.186234219634087, 51.047858717835737 ], [ 6.183660651895091, 51.043056445651466 ], [ 6.213185567824054, 51.02197438153393 ], [ 6.209982072590857, 51.017363208819553 ], [ 6.179414939976859, 51.005836990783891 ], [ 6.160329812956086, 51.012126080575435 ], [ 6.1464227465799, 51.002842609953241 ], [ 6.118589874545735, 51.013239678192726 ], [ 6.104442054558177, 50.998205290166077 ], [ 6.081015940745288, 50.997307544298479 ], [ 6.053481284960772, 51.019884121054389 ], [ 6.057670564489598, 51.024632061416796 ], [ 6.041434782224979, 51.032493664929582 ], [ 6.028027926981395, 51.032619647948067 ], [ 6.016673254794496, 51.040782566601933 ], [ 5.983280980737089, 51.040988936130866 ], [ 5.952266044944759, 51.007904108659076 ], [ 5.968841613460924, 50.99589382013891 ] ] ] ] } },
{ "type": "Feature", "properties": { "n_flats": 2435, "RegioStaR7": 77 }, "geometry": { "type": "MultiPolygon", "coordinates": [ [ [ [ 6.380032579614955, 50.532295942011501 ], [ 6.374373679471041, 50.53698688320209 ], [ 6.357999813155924, 50.529947086778662 ], [ 6.365265898433568, 50.562136949119079 ], [ 6.395677637355852, 50.584301560935906 ], [ 6.390972957074886, 50.596606234779863 ], [ 6.415898658560426, 50.598628705255514 ], [ 6.416921992027838, 50.6051842302738 ], [ 6.389509397965991, 50.6058451470536 ], [ 6.393869189241602, 50.618923021188188 ], [ 6.382041174705979, 50.621016026993928 ], [ 6.395714444143729, 50.631464672598931 ], [ 6.40748880546127, 50.628706505834913 ], [ 6.410307171870622, 50.641828011054933 ], [ 6.406221695940636, 50.645382173958232 ], [ 6.384878768329926, 50.643067628415203 ], [ 6.375858550592676, 50.671690908347188 ], [ 6.335091486735234, 50.650621778405927 ], [ 6.323181889216769, 50.665070843670371 ], [ 6.299685188285589, 50.665553038060267 ], [ 6.287789024172361, 50.672771555518914 ], [ 6.286462674036837, 50.686521169677917 ], [ 6.312326213775309, 50.690137453036606 ], [ 6.308385106862799, 50.70273793828602 ], [ 6.341700255691245, 50.755011417873611 ], [ 6.365209358582539, 50.758565840728807 ], [ 6.40390093284116, 50.773502792317721 ], [ 6.453327954537005, 50.743611030736176 ], [ 6.41649234104785, 50.730909037820155 ], [ 6.436961597039232, 50.707343893880811 ], [ 6.478226548965977, 50.713462619146966 ], [ 6.510542610235902, 50.693721343769468 ], [ 6.545399354951377, 50.69973017111414 ], [ 6.526391516534378, 50.714342911935255 ], [ 6.520709386869852, 50.72470098864332 ], [ 6.530420698218152, 50.728700117193448 ], [ 6.517718883227792, 50.737292573055392 ], [ 6.548840988007574, 50.755920655316672 ], [ 6.540174702814476, 50.764968993199815 ], [ 6.538387054978109, 50.779468728561525 ], [ 6.52484633395239, 50.78511083072906 ], [ 6.521357696917876, 50.798970144343549 ], [ 6.537967937485068, 50.805612260339785 ], [ 6.549442640403194, 50.801768898758979 ], [ 6.571997025732469, 50.80526550752073 ], [ 6.567943461919734, 50.822349236682953 ], [ 6.61636848554468, 50.827302965641664 ], [ 6.628145527231349, 50.823726353971267 ], [ 6.651620456313002, 50.835587216377512 ], [ 6.676848285183181, 50.831411948746869 ], [ 6.683052301192682, 50.836208672593656 ], [ 6.706424167593338, 50.835085785820155 ], [ 6.718451139282928, 50.804395835098987 ], [ 6.707731090549859, 50.803694300213046 ], [ 6.712681705385668, 50.787756155873659 ], [ 6.694923639221243, 50.784525637854664 ], [ 6.682126451109388, 50.768094706220019 ], [ 6.694040297533338, 50.753944972631984 ], [ 6.698026606776738, 50.728333267515886 ], [ 6.677063052692484, 50.713490595737589 ], [ 6.62965649025327, 50.732241220180299 ], [ 6.612183291269269, 50.71398669663968 ], [ 6.587600569752316, 50.705943185172636 ], [ 6.591396104223199, 50.697265575370146 ], [ 6.601379890018555, 50.673284295577801 ], [ 6.566873938174048, 50.656040734998626 ], [ 6.575915101537311, 50.640831289635678 ], [ 6.559183833155057, 50.626737793099089 ], [ 6.560746928830254, 50.605508267546213 ], [ 6.547661078559028, 50.602033545577441 ], [ 6.539904203152795, 50.597992050794694 ], [ 6.553226905999948, 50.582514323600442 ], [ 6.535623932542999, 50.574927620539292 ], [ 6.547305272477894, 50.563699085646469 ], [ 6.519275771734097, 50.554445073476515 ], [ 6.521673768265298, 50.536941327967753 ], [ 6.498742047492246, 50.506760399687792 ], [ 6.497159784318563, 50.48757523343486 ], [ 6.516264411476703, 50.479992942114912 ], [ 6.498068830317238, 50.468494690079559 ], [ 6.511282682521611, 50.460041693195606 ], [ 6.548888180374496, 50.459852279649851 ], [ 6.571763906010741, 50.487207175464846 ], [ 6.571456516503398, 50.497108162099273 ], [ 6.600065179912145, 50.501819736671486 ], [ 6.601761948115888, 50.512329051761633 ], [ 6.613454593940792, 50.51412067704765 ], [ 6.611843939881108, 50.526374232116339 ], [ 6.636692107773425, 50.530660739775726 ], [ 6.643136207717159, 50.521929661379936 ], [ 6.659425620973337, 50.524068467034908 ], [ 6.670452947900052, 50.5364725436634 ], [ 6.69105646164643, 50.539353559125459 ], [ 6.717409538451776, 50.525697962330916 ], [ 6.739890362922544, 50.524439655609434 ], [ 6.740721425702748, 50.514867953843883 ], [ 6.757264113530208, 50.519006013110072 ], [ 6.763049276084098, 50.528620582246838 ], [ 6.775663425291879, 50.524487042736382 ], [ 6.756913751695992, 50.506704292029852 ], [ 6.751675751912801, 50.490113722460414 ], [ 6.768492209184803, 50.484299373537944 ], [ 6.750899187408529, 50.471300347613926 ], [ 6.766275933156539, 50.45805586710437 ], [ 6.74333085888025, 50.440587854132154 ], [ 6.75292330411988, 50.432765960485121 ], [ 6.770327291541507, 50.435682399688943 ], [ 6.770468049789789, 50.425038167331131 ], [ 6.782735560827162, 50.41907026978609 ], [ 6.779151186255257, 50.405166141255634 ], [ 6.769853964435674, 50.392486296418404 ], [ 6.785321179707005, 50.37546475245226 ], [ 6.803584434897603, 50.370017876196378 ], [ 6.801164207519174, 50.362495129948556 ], [ 6.789930339483317, 50.359591921584531 ], [ 6.782792098286706, 50.363094641393801 ], [ 6.732071711125203, 50.352072100484968 ], [ 6.699734278806364, 50.33736225757908 ], [ 6.668266221706908, 50.371971268983479 ], [ 6.655444084524429, 50.367695631878028 ], [ 6.650315531357598, 50.347936435619253 ], [ 6.636563142433506, 50.344798516726065 ], [ 6.623083619822506, 50.353640477379479 ], [ 6.624295733744806, 50.37490194311966 ], [ 6.607612119280478, 50.375368251477816 ], [ 6.598634733355158, 50.388426181062634 ], [ 6.581883106482175, 50.378499853373462 ], [ 6.558897959846016, 50.369156047308309 ], [ 6.529201080137458, 50.369293152033322 ], [ 6.517711708548647, 50.356221744046394 ], [ 6.505986964389482, 50.359639606415257 ], [ 6.504296231349064, 50.352687520506294 ], [ 6.484534880424848, 50.338040137020627 ], [ 6.456096807076979, 50.339895517002951 ], [ 6.460818181407093, 50.360898079945173 ], [ 6.452261143789884, 50.361137426893208 ], [ 6.449017577057133, 50.371800417492416 ], [ 6.423925045311462, 50.36387155634975 ], [ 6.419354538388575, 50.374050631385117 ], [ 6.42188957224126, 50.381264781154215 ], [ 6.414126259177584, 50.390805683364199 ], [ 6.385493659388795, 50.384249188506807 ], [ 6.404775080236594, 50.350622407488167 ], [ 6.41826468572599, 50.332711973014383 ], [ 6.426630944125533, 50.322698944673718 ], [ 6.403891648674646, 50.323268119628736 ], [ 6.403674883372413, 50.335181312954909 ], [ 6.342978525900365, 50.381901108004357 ], [ 6.369004797637111, 50.410350237552407 ], [ 6.373212274379735, 50.453280093148095 ], [ 6.340301023719862, 50.46228737721669 ], [ 6.340867968194561, 50.482567648566445 ], [ 6.350645348250548, 50.488498009686438 ], [ 6.315420618847899, 50.496974266184232 ], [ 6.347511899799154, 50.507598499781018 ], [ 6.366183691728632, 50.51556069943647 ], [ 6.380032579614955, 50.532295942011501 ] ] ], [ [ [ 6.041434782224979, 51.032493664929582 ], [ 6.057670564489598, 51.024632061416796 ], [ 6.053481284960772, 51.019884121054389 ], [ 6.081015940745288, 50.997307544298479 ], [ 6.059368363366556, 50.986352005780688 ], [ 6.035854440380091, 50.95469630729027 ], [ 6.01560597576275, 50.94787758984959 ], [ 6.004387309249956, 50.95744313048673 ], [ 6.025055877687607, 50.983640177834182 ], [ 5.96785228159743, 50.97920820926133 ], [ 5.95708903913154, 50.984999442725979 ], [ 5.968841613460924, 50.99589382013891 ], [ 5.952266044944759, 51.007904108659076 ], [ 5.983280980737089, 51.040988936130866 ], [ 6.016673254794496, 51.040782566601933 ], [ 6.028027926981395, 51.032619647948067 ], [ 6.041434782224979, 51.032493664929582 ] ] ] ] } },
{ "type": "Feature", "properties": { "n_flats": 1471, "RegioStaR7": 75 }, "geometry": { "type": "Polygon", "coordinates": [ [ [ 6.76334908721965, 50.694106409655738 ], [ 6.759604002505205, 50.690529864945262 ], [ 6.769858944566838, 50.687680826644403 ], [ 6.794306504004827, 50.689643630492519 ], [ 6.810941415442588, 50.701235786626171 ], [ 6.840710684883848, 50.703043023459415 ], [ 6.856190681564722, 50.696279662044134 ], [ 6.856049045628069, 50.691554669139279 ], [ 6.875708795913861, 50.690415715017807 ], [ 6.859614021580469, 50.650398398439258 ], [ 6.872348482006875, 50.647348580876553 ], [ 6.869666761739457, 50.641381762874232 ], [ 6.878282857606737, 50.636778558559776 ], [ 6.898882427567127, 50.635449662512698 ], [ 6.916299349685118, 50.629244050868408 ], [ 6.908781063562099, 50.602734244961802 ], [ 6.886040890225611, 50.600942571695256 ], [ 6.894327996488131, 50.573564711046814 ], [ 6.908586165095054, 50.578506555462575 ], [ 6.915655515525361, 50.572553078322414 ], [ 6.92679170650573, 50.578519219450015 ], [ 6.931826407826691, 50.571304284839151 ], [ 6.921326524521605, 50.564891752604986 ], [ 6.894379975069194, 50.561449171156013 ], [ 6.871654343149875, 50.570186491019697 ], [ 6.854779252959609, 50.563645725717002 ], [ 6.832920716939489, 50.566799613022198 ], [ 6.818450969055042, 50.561762192467683 ], [ 6.812071429985336, 50.575233925706392 ], [ 6.822052270166554, 50.59548013658447 ], [ 6.814418874708129, 50.608110374728454 ], [ 6.784456972443896, 50.608348212153018 ], [ 6.769938609852503, 50.602753830941573 ], [ 6.769450585498049, 50.615612189476188 ], [ 6.729823239186351, 50.617280183349401 ], [ 6.712302132269074, 50.643366022321253 ], [ 6.732797486792786, 50.677010574190525 ], [ 6.722701342449044, 50.675266681823373 ], [ 6.710197467489539, 50.683803967948229 ], [ 6.732456215380637, 50.700739254715657 ], [ 6.76334908721965, 50.694106409655738 ] ] ] } },
{ "type": "Feature", "properties": { "n_flats": 4323, "RegioStaR7": 76 }, "geometry": { "type": "MultiPolygon", "coordinates": [ [ [ [ 6.601761948115888, 50.512329051761633 ], [ 6.600065179912145, 50.501819736671486 ], [ 6.571456516503398, 50.497108162099273 ], [ 6.571763906010741, 50.487207175464846 ], [ 6.548888180374496, 50.459852279649851 ], [ 6.511282682521611, 50.460041693195606 ], [ 6.498068830317238, 50.468494690079559 ], [ 6.516264411476703, 50.479992942114912 ], [ 6.497159784318563, 50.48757523343486 ], [ 6.498742047492246, 50.506760399687792 ], [ 6.521673768265298, 50.536941327967753 ], [ 6.519275771734097, 50.554445073476515 ], [ 6.547305272477894, 50.563699085646469 ], [ 6.535623932542999, 50.574927620539292 ], [ 6.553226905999948, 50.582514323600442 ], [ 6.539904203152795, 50.597992050794694 ], [ 6.547661078559028, 50.602033545577441 ], [ 6.560746928830254, 50.605508267546213 ], [ 6.559183833155057, 50.626737793099089 ], [ 6.575915101537311, 50.640831289635678 ], [ 6.566873938174048, 50.656040734998626 ], [ 6.601379890018555, 50.673284295577801 ], [ 6.591396104223199, 50.697265575370146 ], [ 6.587600569752316, 50.705943185172636 ], [ 6.612183291269269, 50.71398669663968 ], [ 6.62965649025327, 50.732241220180299 ], [ 6.677063052692484, 50.713490595737589 ], [ 6.698026606776738, 50.728333267515886 ], [ 6.694040297533338, 50.753944972631984 ], [ 6.716236229753672, 50.753220063539992 ], [ 6.723955218765774, 50.746004875250946 ], [ 6.713180117704522, 50.734038064566917 ], [ 6.755559347845196, 50.727327952872734 ], [ 6.776270710184119, 50.717830152528727 ], [ 6.76334908721965, 50.694106409655738 ], [ 6.732456215380637, 50.700739254715657 ], [ 6.710197467489539, 50.683803967948229 ], [ 6.722701342449044, 50.675266681823373 ], [ 6.732797486792786, 50.677010574190525 ], [ 6.712302132269074, 50.643366022321253 ], [ 6.729823239186351, 50.617280183349401 ], [ 6.769450585498049, 50.615612189476188 ], [ 6.769938609852503, 50.602753830941573 ], [ 6.784456972443896, 50.608348212153018 ], [ 6.814418874708129, 50.608110374728454 ], [ 6.822052270166554, 50.59548013658447 ], [ 6.812071429985336, 50.575233925706392 ], [ 6.818450969055042, 50.561762192467683 ], [ 6.832920716939489, 50.566799613022198 ], [ 6.854779252959609, 50.563645725717002 ], [ 6.871654343149875, 50.570186491019697 ], [ 6.894379975069194, 50.561449171156013 ], [ 6.921326524521605, 50.564891752604986 ], [ 6.927491749788744, 50.559164455653082 ], [ 6.930917361246903, 50.534642097040177 ], [ 6.917156081731543, 50.528846281455941 ], [ 6.885942691697751, 50.529122456624663 ], [ 6.885209390178697, 50.520293622152153 ], [ 6.897063476092423, 50.517040545663626 ], [ 6.888714873933756, 50.507122160282236 ], [ 6.905806482965357, 50.502324787141411 ], [ 6.90156960515639, 50.468822729952379 ], [ 6.873530174680924, 50.462600198798562 ], [ 6.870608095548406, 50.456724456387995 ], [ 6.858718894728528, 50.452844650022534 ], [ 6.839150226228532, 50.464937434958358 ], [ 6.812523136219447, 50.471501780823921 ], [ 6.800725908043773, 50.491312378877758 ], [ 6.768492209184803, 50.484299373537944 ], [ 6.751675751912801, 50.490113722460414 ], [ 6.756913751695992, 50.506704292029852 ], [ 6.775663425291879, 50.524487042736382 ], [ 6.763049276084098, 50.528620582246838 ], [ 6.757264113530208, 50.519006013110072 ], [ 6.740721425702748, 50.514867953843883 ], [ 6.739890362922544, 50.524439655609434 ], [ 6.717409538451776, 50.525697962330916 ], [ 6.69105646164643, 50.539353559125459 ], [ 6.670452947900052, 50.5364725436634 ], [ 6.659425620973337, 50.524068467034908 ], [ 6.643136207717159, 50.521929661379936 ], [ 6.636692107773425, 50.530660739775726 ], [ 6.611843939881108, 50.526374232116339 ], [ 6.613454593940792, 50.51412067704765 ], [ 6.601761948115888, 50.512329051761633 ] ] ], [ [ [ 6.548840988007574, 50.755920655316672 ], [ 6.517718883227792, 50.737292573055392 ], [ 6.530420698218152, 50.728700117193448 ], [ 6.520709386869852, 50.72470098864332 ], [ 6.526391516534378, 50.714342911935255 ], [ 6.545399354951377, 50.69973017111414 ], [ 6.510542610235902, 50.693721343769468 ], [ 6.478226548965977, 50.713462619146966 ], [ 6.436961597039232, 50.707343893880811 ], [ 6.41649234104785, 50.730909037820155 ], [ 6.453327954537005, 50.743611030736176 ], [ 6.459301178352649, 50.741548852407895 ], [ 6.48536581430699, 50.758963831321232 ], [ 6.50919951422481, 50.759679458461896 ], [ 6.52484633395239, 50.78511083072906 ], [ 6.538387054978109, 50.779468728561525 ], [ 6.540174702814476, 50.764968993199815 ], [ 6.548840988007574, 50.755920655316672 ] ] ], [ [ [ 5.968841613460924, 50.99589382013891 ], [ 5.95708903913154, 50.984999442725979 ], [ 5.933737958864361, 50.985149019822231 ], [ 5.897556233741158, 50.974987656030947 ], [ 5.893103976719547, 50.98056303629064 ], [ 5.904136512136464, 50.987255854387335 ], [ 5.905018644368325, 51.002273627836537 ], [ 5.879577115399573, 51.017412540244074 ], [ 5.877890083416027, 51.036466759113402 ], [ 5.865998792080314, 51.051130830639799 ], [ 5.892476635565544, 51.053398008718496 ], [ 5.913345722091325, 51.066526705123898 ], [ 5.937466000843841, 51.035056624465881 ], [ 5.95821557400521, 51.035011234701635 ], [ 5.968498116842156, 51.047689457341619 ], [ 5.971426092965099, 51.060883245352251 ], [ 5.994190597503048, 51.081245409244239 ], [ 6.052161385042774, 51.105941394880432 ], [ 6.060423486963903, 51.115793878315543 ], [ 6.080684762470614, 51.122259587096217 ], [ 6.09103366340049, 51.134936357918527 ], [ 6.154601471578561, 51.148051282618532 ], [ 6.155847729533522, 51.141254189597397 ], [ 6.187248866764087, 51.140576464748925 ], [ 6.180135923261928, 51.120575485431644 ], [ 6.200252377371308, 51.106456504177217 ], [ 6.205802009673302, 51.0910960634071 ], [ 6.154071560966793, 51.076101874044419 ], [ 6.151917313191604, 51.06973132808298 ], [ 6.186234219634087, 51.047858717835737 ], [ 6.183660651895091, 51.043056445651466 ], [ 6.213185567824054, 51.02197438153393 ], [ 6.209982072590857, 51.017363208819553 ], [ 6.179414939976859, 51.005836990783891 ], [ 6.160329812956086, 51.012126080575435 ], [ 6.1464227465799, 51.002842609953241 ], [ 6.118589874545735, 51.013239678192726 ], [ 6.104442054558177, 50.998205290166077 ], [ 6.081015940745288, 50.997307544298479 ], [ 6.053481284960772, 51.019884121054389 ], [ 6.057670564489598, 51.024632061416796 ], [ 6.041434782224979, 51.032493664929582 ], [ 6.028027926981395, 51.032619647948067 ], [ 6.016673254794496, 51.040782566601933 ], [ 5.983280980737089, 51.040988936130866 ], [ 5.952266044944759, 51.007904108659076 ], [ 5.968841613460924, 50.99589382013891 ] ] ] ] } },
{ "type": "Feature", "properties": { "n_flats": 2435, "RegioStaR7": 77 }, "geometry": { "type": "MultiPolygon", "coordinates": [ [ [ [ 6.380032579614955, 50.532295942011501 ], [ 6.374373679471041, 50.53698688320209 ], [ 6.357999813155924, 50.529947086778662 ], [ 6.365265898433568, 50.562136949119079 ], [ 6.395677637355852, 50.584301560935906 ], [ 6.390972957074886, 50.596606234779863 ], [ 6.415898658560426, 50.598628705255514 ], [ 6.416921992027838, 50.6051842302738 ], [ 6.389509397965991, 50.6058451470536 ], [ 6.393869189241602, 50.618923021188188 ], [ 6.382041174705979, 50.621016026993928 ], [ 6.395714444143729, 50.631464672598931 ], [ 6.40748880546127, 50.628706505834913 ], [ 6.410307171870622, 50.641828011054933 ], [ 6.406221695940636, 50.645382173958232 ], [ 6.384878768329926, 50.643067628415203 ], [ 6.375858550592676, 50.671690908347188 ], [ 6.335091486735234, 50.650621778405927 ], [ 6.323181889216769, 50.665070843670371 ], [ 6.299685188285589, 50.665553038060267 ], [ 6.287789024172361, 50.672771555518914 ], [ 6.286462674036837, 50.686521169677917 ], [ 6.312326213775309, 50.690137453036606 ], [ 6.308385106862799, 50.70273793828602 ], [ 6.341700255691245, 50.755011417873611 ], [ 6.365209358582539, 50.758565840728807 ], [ 6.40390093284116, 50.773502792317721 ], [ 6.453327954537005, 50.743611030736176 ], [ 6.41649234104785, 50.730909037820155 ], [ 6.436961597039232, 50.707343893880811 ], [ 6.478226548965977, 50.713462619146966 ], [ 6.510542610235902, 50.693721343769468 ], [ 6.545399354951377, 50.69973017111414 ], [ 6.526391516534378, 50.714342911935255 ], [ 6.520709386869852, 50.72470098864332 ], [ 6.530420698218152, 50.728700117193448 ], [ 6.517718883227792, 50.737292573055392 ], [ 6.548840988007574, 50.755920655316672 ], [ 6.540174702814476, 50.764968993199815 ], [ 6.538387054978109, 50.779468728561525 ], [ 6.52484633395239, 50.78511083072906 ], [ 6.521357696917876, 50.798970144343549 ], [ 6.537967937485068, 50.805612260339785 ], [ 6.549442640403194, 50.801768898758979 ], [ 6.571997025732469, 50.80526550752073 ], [ 6.567943461919734, 50.822349236682953 ], [ 6.61636848554468, 50.827302965641664 ], [ 6.628145527231349, 50.823726353971267 ], [ 6.651620456313002, 50.835587216377512 ], [ 6.676848285183181, 50.831411948746869 ], [ 6.683052301192682, 50.836208672593656 ], [ 6.706424167593338, 50.835085785820155 ], [ 6.718451139282928, 50.804395835098987 ], [ 6.707731090549859, 50.803694300213046 ], [ 6.712681705385668, 50.787756155873659 ], [ 6.694923639221243, 50.784525637854664 ], [ 6.682126451109388, 50.768094706220019 ], [ 6.694040297533338, 50.753944972631984 ], [ 6.698026606776738, 50.728333267515886 ], [ 6.677063052692484, 50.713490595737589 ], [ 6.62965649025327, 50.732241220180299 ], [ 6.612183291269269, 50.71398669663968 ], [ 6.587600569752316, 50.705943185172636 ], [ 6.591396104223199, 50.697265575370146 ], [ 6.601379890018555, 50.673284295577801 ], [ 6.566873938174048, 50.656040734998626 ], [ 6.575915101537311, 50.640831289635678 ], [ 6.559183833155057, 50.626737793099089 ], [ 6.560746928830254, 50.605508267546213 ], [ 6.547661078559028, 50.602033545577441 ], [ 6.539904203152795, 50.597992050794694 ], [ 6.553226905999948, 50.582514323600442 ], [ 6.535623932542999, 50.574927620539292 ], [ 6.547305272477894, 50.563699085646469 ], [ 6.519275771734097, 50.554445073476515 ], [ 6.521673768265298, 50.536941327967753 ], [ 6.498742047492246, 50.506760399687792 ], [ 6.497159784318563, 50.48757523343486 ], [ 6.516264411476703, 50.479992942114912 ], [ 6.498068830317238, 50.468494690079559 ], [ 6.511282682521611, 50.460041693195606 ], [ 6.548888180374496, 50.459852279649851 ], [ 6.571763906010741, 50.487207175464846 ], [ 6.571456516503398, 50.497108162099273 ], [ 6.600065179912145, 50.501819736671486 ], [ 6.601761948115888, 50.512329051761633 ], [ 6.613454593940792, 50.51412067704765 ], [ 6.611843939881108, 50.526374232116339 ], [ 6.636692107773425, 50.530660739775726 ], [ 6.643136207717159, 50.521929661379936 ], [ 6.659425620973337, 50.524068467034908 ], [ 6.670452947900052, 50.5364725436634 ], [ 6.69105646164643, 50.539353559125459 ], [ 6.717409538451776, 50.525697962330916 ], [ 6.739890362922544, 50.524439655609434 ], [ 6.740721425702748, 50.514867953843883 ], [ 6.757264113530208, 50.519006013110072 ], [ 6.763049276084098, 50.528620582246838 ], [ 6.775663425291879, 50.524487042736382 ], [ 6.756913751695992, 50.506704292029852 ], [ 6.751675751912801, 50.490113722460414 ], [ 6.768492209184803, 50.484299373537944 ], [ 6.750899187408529, 50.471300347613926 ], [ 6.766275933156539, 50.45805586710437 ], [ 6.74333085888025, 50.440587854132154 ], [ 6.75292330411988, 50.432765960485121 ], [ 6.770327291541507, 50.435682399688943 ], [ 6.770468049789789, 50.425038167331131 ], [ 6.782735560827162, 50.41907026978609 ], [ 6.779151186255257, 50.405166141255634 ], [ 6.769853964435674, 50.392486296418404 ], [ 6.785321179707005, 50.37546475245226 ], [ 6.803584434897603, 50.370017876196378 ], [ 6.801164207519174, 50.362495129948556 ], [ 6.789930339483317, 50.359591921584531 ], [ 6.782792098286706, 50.363094641393801 ], [ 6.732071711125203, 50.352072100484968 ], [ 6.699734278806364, 50.33736225757908 ], [ 6.668266221706908, 50.371971268983479 ], [ 6.655444084524429, 50.367695631878028 ], [ 6.650315531357598, 50.347936435619253 ], [ 6.636563142433506, 50.344798516726065 ], [ 6.623083619822506, 50.353640477379479 ], [ 6.624295733744806, 50.37490194311966 ], [ 6.607612119280478, 50.375368251477816 ], [ 6.598634733355158, 50.388426181062634 ], [ 6.581883106482175, 50.378499853373462 ], [ 6.558897959846016, 50.369156047308309 ], [ 6.529201080137458, 50.369293152033322 ], [ 6.517711708548647, 50.356221744046394 ], [ 6.505986964389482, 50.359639606415257 ], [ 6.504296231349064, 50.352687520506294 ], [ 6.484534880424848, 50.338040137020627 ], [ 6.456096807076979, 50.339895517002951 ], [ 6.460818181407093, 50.360898079945173 ], [ 6.452261143789884, 50.361137426893208 ], [ 6.449017577057133, 50.371800417492416 ], [ 6.423925045311462, 50.36387155634975 ], [ 6.419354538388575, 50.374050631385117 ], [ 6.42188957224126, 50.381264781154215 ], [ 6.414126259177584, 50.390805683364199 ], [ 6.385493659388795, 50.384249188506807 ], [ 6.404775080236594, 50.350622407488167 ], [ 6.41826468572599, 50.332711973014383 ], [ 6.426630944125533, 50.322698944673718 ], [ 6.403891648674646, 50.323268119628736 ], [ 6.403674883372413, 50.335181312954909 ], [ 6.342978525900365, 50.381901108004357 ], [ 6.369004797637111, 50.410350237552407 ], [ 6.373212274379735, 50.453280093148095 ], [ 6.340301023719862, 50.46228737721669 ], [ 6.340867968194561, 50.482567648566445 ], [ 6.350645348250548, 50.488498009686438 ], [ 6.315420618847899, 50.496974266184232 ], [ 6.347511899799154, 50.507598499781018 ], [ 6.366183691728632, 50.51556069943647 ], [ 6.380032579614955, 50.532295942011501 ] ] ], [ [ [ 6.041434782224979, 51.032493664929582 ], [ 6.057670564489598, 51.024632061416796 ], [ 6.053481284960772, 51.019884121054389 ], [ 6.081015940745288, 50.997307544298479 ], [ 6.059368363366556, 50.986352005780688 ], [ 6.035854440380091, 50.95469630729027 ], [ 6.01560597576275, 50.94787758984959 ], [ 6.004387309249956, 50.95744313048673 ], [ 6.025055877687607, 50.983640177834182 ], [ 5.96785228159743, 50.97920820926133 ], [ 5.95708903913154, 50.984999442725979 ], [ 5.968841613460924, 50.99589382013891 ], [ 5.952266044944759, 51.007904108659076 ], [ 5.983280980737089, 51.040988936130866 ], [ 6.016673254794496, 51.040782566601933 ], [ 6.028027926981395, 51.032619647948067 ], [ 6.041434782224979, 51.032493664929582 ] ] ] ] } },
{ "type": "Feature", "properties": { "n_flats": 218, "RegioStaR7": 75 }, "geometry": { "type": "Polygon", "coordinates": [ [ [ 6.76334908721965, 50.694106409655738 ], [ 6.759604002505205, 50.690529864945262 ], [ 6.769858944566838, 50.687680826644403 ], [ 6.794306504004827, 50.689643630492519 ], [ 6.810941415442588, 50.701235786626171 ], [ 6.840710684883848, 50.703043023459415 ], [ 6.856190681564722, 50.696279662044134 ], [ 6.856049045628069, 50.691554669139279 ], [ 6.875708795913861, 50.690415715017807 ], [ 6.859614021580469, 50.650398398439258 ], [ 6.872348482006875, 50.647348580876553 ], [ 6.869666761739457, 50.641381762874232 ], [ 6.878282857606737, 50.636778558559776 ], [ 6.898882427567127, 50.635449662512698 ], [ 6.916299349685118, 50.629244050868408 ], [ 6.908781063562099, 50.602734244961802 ], [ 6.886040890225611, 50.600942571695256 ], [ 6.894327996488131, 50.573564711046814 ], [ 6.908586165095054, 50.578506555462575 ], [ 6.915655515525361, 50.572553078322414 ], [ 6.92679170650573, 50.578519219450015 ], [ 6.931826407826691, 50.571304284839151 ], [ 6.921326524521605, 50.564891752604986 ], [ 6.894379975069194, 50.561449171156013 ], [ 6.871654343149875, 50.570186491019697 ], [ 6.854779252959609, 50.563645725717002 ], [ 6.832920716939489, 50.566799613022198 ], [ 6.818450969055042, 50.561762192467683 ], [ 6.812071429985336, 50.575233925706392 ], [ 6.822052270166554, 50.59548013658447 ], [ 6.814418874708129, 50.608110374728454 ], [ 6.784456972443896, 50.608348212153018 ], [ 6.769938609852503, 50.602753830941573 ], [ 6.769450585498049, 50.615612189476188 ], [ 6.729823239186351, 50.617280183349401 ], [ 6.712302132269074, 50.643366022321253 ], [ 6.732797486792786, 50.677010574190525 ], [ 6.722701342449044, 50.675266681823373 ], [ 6.710197467489539, 50.683803967948229 ], [ 6.732456215380637, 50.700739254715657 ], [ 6.76334908721965, 50.694106409655738 ] ] ] } },
{ "type": "Feature", "properties": { "n_flats": 641, "RegioStaR7": 76 }, "geometry": { "type": "MultiPolygon", "coordinates": [ [ [ [ 6.601761948115888, 50.512329051761633 ], [ 6.600065179912145, 50.501819736671486 ], [ 6.571456516503398, 50.497108162099273 ], [ 6.571763906010741, 50.487207175464846 ], [ 6.548888180374496, 50.459852279649851 ], [ 6.511282682521611, 50.460041693195606 ], [ 6.498068830317238, 50.468494690079559 ], [ 6.516264411476703, 50.479992942114912 ], [ 6.497159784318563, 50.48757523343486 ], [ 6.498742047492246, 50.506760399687792 ], [ 6.521673768265298, 50.536941327967753 ], [ 6.519275771734097, 50.554445073476515 ], [ 6.547305272477894, 50.563699085646469 ], [ 6.535623932542999, 50.574927620539292 ], [ 6.553226905999948, 50.582514323600442 ], [ 6.539904203152795, 50.597992050794694 ], [ 6.547661078559028, 50.602033545577441 ], [ 6.560746928830254, 50.605508267546213 ], [ 6.559183833155057, 50.626737793099089 ], [ 6.575915101537311, 50.640831289635678 ], [ 6.566873938174048, 50.656040734998626 ], [ 6.601379890018555, 50.673284295577801 ], [ 6.591396104223199, 50.697265575370146 ], [ 6.587600569752316, 50.705943185172636 ], [ 6.612183291269269, 50.71398669663968 ], [ 6.62965649025327, 50.732241220180299 ], [ 6.677063052692484, 50.713490595737589 ], [ 6.698026606776738, 50.728333267515886 ], [ 6.694040297533338, 50.753944972631984 ], [ 6.716236229753672, 50.753220063539992 ], [ 6.723955218765774, 50.746004875250946 ], [ 6.713180117704522, 50.734038064566917 ], [ 6.755559347845196, 50.727327952872734 ], [ 6.776270710184119, 50.717830152528727 ], [ 6.76334908721965, 50.694106409655738 ], [ 6.732456215380637, 50.700739254715657 ], [ 6.710197467489539, 50.683803967948229 ], [ 6.722701342449044, 50.675266681823373 ], [ 6.732797486792786, 50.677010574190525 ], [ 6.712302132269074, 50.643366022321253 ], [ 6.729823239186351, 50.617280183349401 ], [ 6.769450585498049, 50.615612189476188 ], [ 6.769938609852503, 50.602753830941573 ], [ 6.784456972443896, 50.608348212153018 ], [ 6.814418874708129, 50.608110374728454 ], [ 6.822052270166554, 50.59548013658447 ], [ 6.812071429985336, 50.575233925706392 ], [ 6.818450969055042, 50.561762192467683 ], [ 6.832920716939489, 50.566799613022198 ], [ 6.854779252959609, 50.563645725717002 ], [ 6.871654343149875, 50.570186491019697 ], [ 6.894379975069194, 50.561449171156013 ], [ 6.921326524521605, 50.564891752604986 ], [ 6.927491749788744, 50.559164455653082 ], [ 6.930917361246903, 50.534642097040177 ], [ 6.917156081731543, 50.528846281455941 ], [ 6.885942691697751, 50.529122456624663 ], [ 6.885209390178697, 50.520293622152153 ], [ 6.897063476092423, 50.517040545663626 ], [ 6.888714873933756, 50.507122160282236 ], [ 6.905806482965357, 50.502324787141411 ], [ 6.90156960515639, 50.468822729952379 ], [ 6.873530174680924, 50.462600198798562 ], [ 6.870608095548406, 50.456724456387995 ], [ 6.858718894728528, 50.452844650022534 ], [ 6.839150226228532, 50.464937434958358 ], [ 6.812523136219447, 50.471501780823921 ], [ 6.800725908043773, 50.491312378877758 ], [ 6.768492209184803, 50.484299373537944 ], [ 6.751675751912801, 50.490113722460414 ], [ 6.756913751695992, 50.506704292029852 ], [ 6.775663425291879, 50.524487042736382 ], [ 6.763049276084098, 50.528620582246838 ], [ 6.757264113530208, 50.519006013110072 ], [ 6.740721425702748, 50.514867953843883 ], [ 6.739890362922544, 50.524439655609434 ], [ 6.717409538451776, 50.525697962330916 ], [ 6.69105646164643, 50.539353559125459 ], [ 6.670452947900052, 50.5364725436634 ], [ 6.659425620973337, 50.524068467034908 ], [ 6.643136207717159, 50.521929661379936 ], [ 6.636692107773425, 50.530660739775726 ], [ 6.611843939881108, 50.526374232116339 ], [ 6.613454593940792, 50.51412067704765 ], [ 6.601761948115888, 50.512329051761633 ] ] ], [ [ [ 6.548840988007574, 50.755920655316672 ], [ 6.517718883227792, 50.737292573055392 ], [ 6.530420698218152, 50.728700117193448 ], [ 6.520709386869852, 50.72470098864332 ], [ 6.526391516534378, 50.714342911935255 ], [ 6.545399354951377, 50.69973017111414 ], [ 6.510542610235902, 50.693721343769468 ], [ 6.478226548965977, 50.713462619146966 ], [ 6.436961597039232, 50.707343893880811 ], [ 6.41649234104785, 50.730909037820155 ], [ 6.453327954537005, 50.743611030736176 ], [ 6.459301178352649, 50.741548852407895 ], [ 6.48536581430699, 50.758963831321232 ], [ 6.50919951422481, 50.759679458461896 ], [ 6.52484633395239, 50.78511083072906 ], [ 6.538387054978109, 50.779468728561525 ], [ 6.540174702814476, 50.764968993199815 ], [ 6.548840988007574, 50.755920655316672 ] ] ], [ [ [ 5.968841613460924, 50.99589382013891 ], [ 5.95708903913154, 50.984999442725979 ], [ 5.933737958864361, 50.985149019822231 ], [ 5.897556233741158, 50.974987656030947 ], [ 5.893103976719547, 50.98056303629064 ], [ 5.904136512136464, 50.987255854387335 ], [ 5.905018644368325, 51.002273627836537 ], [ 5.879577115399573, 51.017412540244074 ], [ 5.877890083416027, 51.036466759113402 ], [ 5.865998792080314, 51.051130830639799 ], [ 5.892476635565544, 51.053398008718496 ], [ 5.913345722091325, 51.066526705123898 ], [ 5.937466000843841, 51.035056624465881 ], [ 5.95821557400521, 51.035011234701635 ], [ 5.968498116842156, 51.047689457341619 ], [ 5.971426092965099, 51.060883245352251 ], [ 5.994190597503048, 51.081245409244239 ], [ 6.052161385042774, 51.105941394880432 ], [ 6.060423486963903, 51.115793878315543 ], [ 6.080684762470614, 51.122259587096217 ], [ 6.09103366340049, 51.134936357918527 ], [ 6.154601471578561, 51.148051282618532 ], [ 6.155847729533522, 51.141254189597397 ], [ 6.187248866764087, 51.140576464748925 ], [ 6.180135923261928, 51.120575485431644 ], [ 6.200252377371308, 51.106456504177217 ], [ 6.205802009673302, 51.0910960634071 ], [ 6.154071560966793, 51.076101874044419 ], [ 6.151917313191604, 51.06973132808298 ], [ 6.186234219634087, 51.047858717835737 ], [ 6.183660651895091, 51.043056445651466 ], [ 6.213185567824054, 51.02197438153393 ], [ 6.209982072590857, 51.017363208819553 ], [ 6.179414939976859, 51.005836990783891 ], [ 6.160329812956086, 51.012126080575435 ], [ 6.1464227465799, 51.002842609953241 ], [ 6.118589874545735, 51.013239678192726 ], [ 6.104442054558177, 50.998205290166077 ], [ 6.081015940745288, 50.997307544298479 ], [ 6.053481284960772, 51.019884121054389 ], [ 6.057670564489598, 51.024632061416796 ], [ 6.041434782224979, 51.032493664929582 ], [ 6.028027926981395, 51.032619647948067 ], [ 6.016673254794496, 51.040782566601933 ], [ 5.983280980737089, 51.040988936130866 ], [ 5.952266044944759, 51.007904108659076 ], [ 5.968841613460924, 50.99589382013891 ] ] ] ] } },
{ "type": "Feature", "properties": { "n_flats": 361, "RegioStaR7": 77 }, "geometry": { "type": "MultiPolygon", "coordinates": [ [ [ [ 6.380032579614955, 50.532295942011501 ], [ 6.374373679471041, 50.53698688320209 ], [ 6.357999813155924, 50.529947086778662 ], [ 6.365265898433568, 50.562136949119079 ], [ 6.395677637355852, 50.584301560935906 ], [ 6.390972957074886, 50.596606234779863 ], [ 6.415898658560426, 50.598628705255514 ], [ 6.416921992027838, 50.6051842302738 ], [ 6.389509397965991, 50.6058451470536 ], [ 6.393869189241602, 50.618923021188188 ], [ 6.382041174705979, 50.621016026993928 ], [ 6.395714444143729, 50.631464672598931 ], [ 6.40748880546127, 50.628706505834913 ], [ 6.410307171870622, 50.641828011054933 ], [ 6.406221695940636, 50.645382173958232 ], [ 6.384878768329926, 50.643067628415203 ], [ 6.375858550592676, 50.671690908347188 ], [ 6.335091486735234, 50.650621778405927 ], [ 6.323181889216769, 50.665070843670371 ], [ 6.299685188285589, 50.665553038060267 ], [ 6.287789024172361, 50.672771555518914 ], [ 6.286462674036837, 50.686521169677917 ], [ 6.312326213775309, 50.690137453036606 ], [ 6.308385106862799, 50.70273793828602 ], [ 6.341700255691245, 50.755011417873611 ], [ 6.365209358582539, 50.758565840728807 ], [ 6.40390093284116, 50.773502792317721 ], [ 6.453327954537005, 50.743611030736176 ], [ 6.41649234104785, 50.730909037820155 ], [ 6.436961597039232, 50.707343893880811 ], [ 6.478226548965977, 50.713462619146966 ], [ 6.510542610235902, 50.693721343769468 ], [ 6.545399354951377, 50.69973017111414 ], [ 6.526391516534378, 50.714342911935255 ], [ 6.520709386869852, 50.72470098864332 ], [ 6.530420698218152, 50.728700117193448 ], [ 6.517718883227792, 50.737292573055392 ], [ 6.548840988007574, 50.755920655316672 ], [ 6.540174702814476, 50.764968993199815 ], [ 6.538387054978109, 50.779468728561525 ], [ 6.52484633395239, 50.78511083072906 ], [ 6.521357696917876, 50.798970144343549 ], [ 6.537967937485068, 50.805612260339785 ], [ 6.549442640403194, 50.801768898758979 ], [ 6.571997025732469, 50.80526550752073 ], [ 6.567943461919734, 50.822349236682953 ], [ 6.61636848554468, 50.827302965641664 ], [ 6.628145527231349, 50.823726353971267 ], [ 6.651620456313002, 50.835587216377512 ], [ 6.676848285183181, 50.831411948746869 ], [ 6.683052301192682, 50.836208672593656 ], [ 6.706424167593338, 50.835085785820155 ], [ 6.718451139282928, 50.804395835098987 ], [ 6.707731090549859, 50.803694300213046 ], [ 6.712681705385668, 50.787756155873659 ], [ 6.694923639221243, 50.784525637854664 ], [ 6.682126451109388, 50.768094706220019 ], [ 6.694040297533338, 50.753944972631984 ], [ 6.698026606776738, 50.728333267515886 ], [ 6.677063052692484, 50.713490595737589 ], [ 6.62965649025327, 50.732241220180299 ], [ 6.612183291269269, 50.71398669663968 ], [ 6.587600569752316, 50.705943185172636 ], [ 6.591396104223199, 50.697265575370146 ], [ 6.601379890018555, 50.673284295577801 ], [ 6.566873938174048, 50.656040734998626 ], [ 6.575915101537311, 50.640831289635678 ], [ 6.559183833155057, 50.626737793099089 ], [ 6.560746928830254, 50.605508267546213 ], [ 6.547661078559028, 50.602033545577441 ], [ 6.539904203152795, 50.597992050794694 ], [ 6.553226905999948, 50.582514323600442 ], [ 6.535623932542999, 50.574927620539292 ], [ 6.547305272477894, 50.563699085646469 ], [ 6.519275771734097, 50.554445073476515 ], [ 6.521673768265298, 50.536941327967753 ], [ 6.498742047492246, 50.506760399687792 ], [ 6.497159784318563, 50.48757523343486 ], [ 6.516264411476703, 50.479992942114912 ], [ 6.498068830317238, 50.468494690079559 ], [ 6.511282682521611, 50.460041693195606 ], [ 6.548888180374496, 50.459852279649851 ], [ 6.571763906010741, 50.487207175464846 ], [ 6.571456516503398, 50.497108162099273 ], [ 6.600065179912145, 50.501819736671486 ], [ 6.601761948115888, 50.512329051761633 ], [ 6.613454593940792, 50.51412067704765 ], [ 6.611843939881108, 50.526374232116339 ], [ 6.636692107773425, 50.530660739775726 ], [ 6.643136207717159, 50.521929661379936 ], [ 6.659425620973337, 50.524068467034908 ], [ 6.670452947900052, 50.5364725436634 ], [ 6.69105646164643, 50.539353559125459 ], [ 6.717409538451776, 50.525697962330916 ], [ 6.739890362922544, 50.524439655609434 ], [ 6.740721425702748, 50.514867953843883 ], [ 6.757264113530208, 50.519006013110072 ], [ 6.763049276084098, 50.528620582246838 ], [ 6.775663425291879, 50.524487042736382 ], [ 6.756913751695992, 50.506704292029852 ], [ 6.751675751912801, 50.490113722460414 ], [ 6.768492209184803, 50.484299373537944 ], [ 6.750899187408529, 50.471300347613926 ], [ 6.766275933156539, 50.45805586710437 ], [ 6.74333085888025, 50.440587854132154 ], [ 6.75292330411988, 50.432765960485121 ], [ 6.770327291541507, 50.435682399688943 ], [ 6.770468049789789, 50.425038167331131 ], [ 6.782735560827162, 50.41907026978609 ], [ 6.779151186255257, 50.405166141255634 ], [ 6.769853964435674, 50.392486296418404 ], [ 6.785321179707005, 50.37546475245226 ], [ 6.803584434897603, 50.370017876196378 ], [ 6.801164207519174, 50.362495129948556 ], [ 6.789930339483317, 50.359591921584531 ], [ 6.782792098286706, 50.363094641393801 ], [ 6.732071711125203, 50.352072100484968 ], [ 6.699734278806364, 50.33736225757908 ], [ 6.668266221706908, 50.371971268983479 ], [ 6.655444084524429, 50.367695631878028 ], [ 6.650315531357598, 50.347936435619253 ], [ 6.636563142433506, 50.344798516726065 ], [ 6.623083619822506, 50.353640477379479 ], [ 6.624295733744806, 50.37490194311966 ], [ 6.607612119280478, 50.375368251477816 ], [ 6.598634733355158, 50.388426181062634 ], [ 6.581883106482175, 50.378499853373462 ], [ 6.558897959846016, 50.369156047308309 ], [ 6.529201080137458, 50.369293152033322 ], [ 6.517711708548647, 50.356221744046394 ], [ 6.505986964389482, 50.359639606415257 ], [ 6.504296231349064, 50.352687520506294 ], [ 6.484534880424848, 50.338040137020627 ], [ 6.456096807076979, 50.339895517002951 ], [ 6.460818181407093, 50.360898079945173 ], [ 6.452261143789884, 50.361137426893208 ], [ 6.449017577057133, 50.371800417492416 ], [ 6.423925045311462, 50.36387155634975 ], [ 6.419354538388575, 50.374050631385117 ], [ 6.42188957224126, 50.381264781154215 ], [ 6.414126259177584, 50.390805683364199 ], [ 6.385493659388795, 50.384249188506807 ], [ 6.404775080236594, 50.350622407488167 ], [ 6.41826468572599, 50.332711973014383 ], [ 6.426630944125533, 50.322698944673718 ], [ 6.403891648674646, 50.323268119628736 ], [ 6.403674883372413, 50.335181312954909 ], [ 6.342978525900365, 50.381901108004357 ], [ 6.369004797637111, 50.410350237552407 ], [ 6.373212274379735, 50.453280093148095 ], [ 6.340301023719862, 50.46228737721669 ], [ 6.340867968194561, 50.482567648566445 ], [ 6.350645348250548, 50.488498009686438 ], [ 6.315420618847899, 50.496974266184232 ], [ 6.347511899799154, 50.507598499781018 ], [ 6.366183691728632, 50.51556069943647 ], [ 6.380032579614955, 50.532295942011501 ] ] ], [ [ [ 6.041434782224979, 51.032493664929582 ], [ 6.057670564489598, 51.024632061416796 ], [ 6.053481284960772, 51.019884121054389 ], [ 6.081015940745288, 50.997307544298479 ], [ 6.059368363366556, 50.986352005780688 ], [ 6.035854440380091, 50.95469630729027 ], [ 6.01560597576275, 50.94787758984959 ], [ 6.004387309249956, 50.95744313048673 ], [ 6.025055877687607, 50.983640177834182 ], [ 5.96785228159743, 50.97920820926133 ], [ 5.95708903913154, 50.984999442725979 ], [ 5.968841613460924, 50.99589382013891 ], [ 5.952266044944759, 51.007904108659076 ], [ 5.983280980737089, 51.040988936130866 ], [ 6.016673254794496, 51.040782566601933 ], [ 6.028027926981395, 51.032619647948067 ], [ 6.041434782224979, 51.032493664929582 ] ] ] ] } },
{ "type": "Feature", "properties": { "n_flats": 218, "RegioStaR7": 75 }, "geometry": { "type": "Polygon", "coordinates": [ [ [ 6.76334908721965, 50.694106409655738 ], [ 6.759604002505205, 50.690529864945262 ], [ 6.769858944566838, 50.687680826644403 ], [ 6.794306504004827, 50.689643630492519 ], [ 6.810941415442588, 50.701235786626171 ], [ 6.840710684883848, 50.703043023459415 ], [ 6.856190681564722, 50.696279662044134 ], [ 6.856049045628069, 50.691554669139279 ], [ 6.875708795913861, 50.690415715017807 ], [ 6.859614021580469, 50.650398398439258 ], [ 6.872348482006875, 50.647348580876553 ], [ 6.869666761739457, 50.641381762874232 ], [ 6.878282857606737, 50.636778558559776 ], [ 6.898882427567127, 50.635449662512698 ], [ 6.916299349685118, 50.629244050868408 ], [ 6.908781063562099, 50.602734244961802 ], [ 6.886040890225611, 50.600942571695256 ], [ 6.894327996488131, 50.573564711046814 ], [ 6.908586165095054, 50.578506555462575 ], [ 6.915655515525361, 50.572553078322414 ], [ 6.92679170650573, 50.578519219450015 ], [ 6.931826407826691, 50.571304284839151 ], [ 6.921326524521605, 50.564891752604986 ], [ 6.894379975069194, 50.561449171156013 ], [ 6.871654343149875, 50.570186491019697 ], [ 6.854779252959609, 50.563645725717002 ], [ 6.832920716939489, 50.566799613022198 ], [ 6.818450969055042, 50.561762192467683 ], [ 6.812071429985336, 50.575233925706392 ], [ 6.822052270166554, 50.59548013658447 ], [ 6.814418874708129, 50.608110374728454 ], [ 6.784456972443896, 50.608348212153018 ], [ 6.769938609852503, 50.602753830941573 ], [ 6.769450585498049, 50.615612189476188 ], [ 6.729823239186351, 50.617280183349401 ], [ 6.712302132269074, 50.643366022321253 ], [ 6.732797486792786, 50.677010574190525 ], [ 6.722701342449044, 50.675266681823373 ], [ 6.710197467489539, 50.683803967948229 ], [ 6.732456215380637, 50.700739254715657 ], [ 6.76334908721965, 50.694106409655738 ] ] ] } },
{ "type": "Feature", "properties": { "n_flats": 641, "RegioStaR7": 76 }, "geometry": { "type": "MultiPolygon", "coordinates": [ [ [ [ 6.601761948115888, 50.512329051761633 ], [ 6.600065179912145, 50.501819736671486 ], [ 6.571456516503398, 50.497108162099273 ], [ 6.571763906010741, 50.487207175464846 ], [ 6.548888180374496, 50.459852279649851 ], [ 6.511282682521611, 50.460041693195606 ], [ 6.498068830317238, 50.468494690079559 ], [ 6.516264411476703, 50.479992942114912 ], [ 6.497159784318563, 50.48757523343486 ], [ 6.498742047492246, 50.506760399687792 ], [ 6.521673768265298, 50.536941327967753 ], [ 6.519275771734097, 50.554445073476515 ], [ 6.547305272477894, 50.563699085646469 ], [ 6.535623932542999, 50.574927620539292 ], [ 6.553226905999948, 50.582514323600442 ], [ 6.539904203152795, 50.597992050794694 ], [ 6.547661078559028, 50.602033545577441 ], [ 6.560746928830254, 50.605508267546213 ], [ 6.559183833155057, 50.626737793099089 ], [ 6.575915101537311, 50.640831289635678 ], [ 6.566873938174048, 50.656040734998626 ], [ 6.601379890018555, 50.673284295577801 ], [ 6.591396104223199, 50.697265575370146 ], [ 6.587600569752316, 50.705943185172636 ], [ 6.612183291269269, 50.71398669663968 ], [ 6.62965649025327, 50.732241220180299 ], [ 6.677063052692484, 50.713490595737589 ], [ 6.698026606776738, 50.728333267515886 ], [ 6.694040297533338, 50.753944972631984 ], [ 6.716236229753672, 50.753220063539992 ], [ 6.723955218765774, 50.746004875250946 ], [ 6.713180117704522, 50.734038064566917 ], [ 6.755559347845196, 50.727327952872734 ], [ 6.776270710184119, 50.717830152528727 ], [ 6.76334908721965, 50.694106409655738 ], [ 6.732456215380637, 50.700739254715657 ], [ 6.710197467489539, 50.683803967948229 ], [ 6.722701342449044, 50.675266681823373 ], [ 6.732797486792786, 50.677010574190525 ], [ 6.712302132269074, 50.643366022321253 ], [ 6.729823239186351, 50.617280183349401 ], [ 6.769450585498049, 50.615612189476188 ], [ 6.769938609852503, 50.602753830941573 ], [ 6.784456972443896, 50.608348212153018 ], [ 6.814418874708129, 50.608110374728454 ], [ 6.822052270166554, 50.59548013658447 ], [ 6.812071429985336, 50.575233925706392 ], [ 6.818450969055042, 50.561762192467683 ], [ 6.832920716939489, 50.566799613022198 ], [ 6.854779252959609, 50.563645725717002 ], [ 6.871654343149875, 50.570186491019697 ], [ 6.894379975069194, 50.561449171156013 ], [ 6.921326524521605, 50.564891752604986 ], [ 6.927491749788744, 50.559164455653082 ], [ 6.930917361246903, 50.534642097040177 ], [ 6.917156081731543, 50.528846281455941 ], [ 6.885942691697751, 50.529122456624663 ], [ 6.885209390178697, 50.520293622152153 ], [ 6.897063476092423, 50.517040545663626 ], [ 6.888714873933756, 50.507122160282236 ], [ 6.905806482965357, 50.502324787141411 ], [ 6.90156960515639, 50.468822729952379 ], [ 6.873530174680924, 50.462600198798562 ], [ 6.870608095548406, 50.456724456387995 ], [ 6.858718894728528, 50.452844650022534 ], [ 6.839150226228532, 50.464937434958358 ], [ 6.812523136219447, 50.471501780823921 ], [ 6.800725908043773, 50.491312378877758 ], [ 6.768492209184803, 50.484299373537944 ], [ 6.751675751912801, 50.490113722460414 ], [ 6.756913751695992, 50.506704292029852 ], [ 6.775663425291879, 50.524487042736382 ], [ 6.763049276084098, 50.528620582246838 ], [ 6.757264113530208, 50.519006013110072 ], [ 6.740721425702748, 50.514867953843883 ], [ 6.739890362922544, 50.524439655609434 ], [ 6.717409538451776, 50.525697962330916 ], [ 6.69105646164643, 50.539353559125459 ], [ 6.670452947900052, 50.5364725436634 ], [ 6.659425620973337, 50.524068467034908 ], [ 6.643136207717159, 50.521929661379936 ], [ 6.636692107773425, 50.530660739775726 ], [ 6.611843939881108, 50.526374232116339 ], [ 6.613454593940792, 50.51412067704765 ], [ 6.601761948115888, 50.512329051761633 ] ] ], [ [ [ 6.548840988007574, 50.755920655316672 ], [ 6.517718883227792, 50.737292573055392 ], [ 6.530420698218152, 50.728700117193448 ], [ 6.520709386869852, 50.72470098864332 ], [ 6.526391516534378, 50.714342911935255 ], [ 6.545399354951377, 50.69973017111414 ], [ 6.510542610235902, 50.693721343769468 ], [ 6.478226548965977, 50.713462619146966 ], [ 6.436961597039232, 50.707343893880811 ], [ 6.41649234104785, 50.730909037820155 ], [ 6.453327954537005, 50.743611030736176 ], [ 6.459301178352649, 50.741548852407895 ], [ 6.48536581430699, 50.758963831321232 ], [ 6.50919951422481, 50.759679458461896 ], [ 6.52484633395239, 50.78511083072906 ], [ 6.538387054978109, 50.779468728561525 ], [ 6.540174702814476, 50.764968993199815 ], [ 6.548840988007574, 50.755920655316672 ] ] ], [ [ [ 5.968841613460924, 50.99589382013891 ], [ 5.95708903913154, 50.984999442725979 ], [ 5.933737958864361, 50.985149019822231 ], [ 5.897556233741158, 50.974987656030947 ], [ 5.893103976719547, 50.98056303629064 ], [ 5.904136512136464, 50.987255854387335 ], [ 5.905018644368325, 51.002273627836537 ], [ 5.879577115399573, 51.017412540244074 ], [ 5.877890083416027, 51.036466759113402 ], [ 5.865998792080314, 51.051130830639799 ], [ 5.892476635565544, 51.053398008718496 ], [ 5.913345722091325, 51.066526705123898 ], [ 5.937466000843841, 51.035056624465881 ], [ 5.95821557400521, 51.035011234701635 ], [ 5.968498116842156, 51.047689457341619 ], [ 5.971426092965099, 51.060883245352251 ], [ 5.994190597503048, 51.081245409244239 ], [ 6.052161385042774, 51.105941394880432 ], [ 6.060423486963903, 51.115793878315543 ], [ 6.080684762470614, 51.122259587096217 ], [ 6.09103366340049, 51.134936357918527 ], [ 6.154601471578561, 51.148051282618532 ], [ 6.155847729533522, 51.141254189597397 ], [ 6.187248866764087, 51.140576464748925 ], [ 6.180135923261928, 51.120575485431644 ], [ 6.200252377371308, 51.106456504177217 ], [ 6.205802009673302, 51.0910960634071 ], [ 6.154071560966793, 51.076101874044419 ], [ 6.151917313191604, 51.06973132808298 ], [ 6.186234219634087, 51.047858717835737 ], [ 6.183660651895091, 51.043056445651466 ], [ 6.213185567824054, 51.02197438153393 ], [ 6.209982072590857, 51.017363208819553 ], [ 6.179414939976859, 51.005836990783891 ], [ 6.160329812956086, 51.012126080575435 ], [ 6.1464227465799, 51.002842609953241 ], [ 6.118589874545735, 51.013239678192726 ], [ 6.104442054558177, 50.998205290166077 ], [ 6.081015940745288, 50.997307544298479 ], [ 6.053481284960772, 51.019884121054389 ], [ 6.057670564489598, 51.024632061416796 ], [ 6.041434782224979, 51.032493664929582 ], [ 6.028027926981395, 51.032619647948067 ], [ 6.016673254794496, 51.040782566601933 ], [ 5.983280980737089, 51.040988936130866 ], [ 5.952266044944759, 51.007904108659076 ], [ 5.968841613460924, 50.99589382013891 ] ] ] ] } },
{ "type": "Feature", "properties": { "n_flats": 361, "RegioStaR7": 77 }, "geometry": { "type": "MultiPolygon", "coordinates": [ [ [ [ 6.380032579614955, 50.532295942011501 ], [ 6.374373679471041, 50.53698688320209 ], [ 6.357999813155924, 50.529947086778662 ], [ 6.365265898433568, 50.562136949119079 ], [ 6.395677637355852, 50.584301560935906 ], [ 6.390972957074886, 50.596606234779863 ], [ 6.415898658560426, 50.598628705255514 ], [ 6.416921992027838, 50.6051842302738 ], [ 6.389509397965991, 50.6058451470536 ], [ 6.393869189241602, 50.618923021188188 ], [ 6.382041174705979, 50.621016026993928 ], [ 6.395714444143729, 50.631464672598931 ], [ 6.40748880546127, 50.628706505834913 ], [ 6.410307171870622, 50.641828011054933 ], [ 6.406221695940636, 50.645382173958232 ], [ 6.384878768329926, 50.643067628415203 ], [ 6.375858550592676, 50.671690908347188 ], [ 6.335091486735234, 50.650621778405927 ], [ 6.323181889216769, 50.665070843670371 ], [ 6.299685188285589, 50.665553038060267 ], [ 6.287789024172361, 50.672771555518914 ], [ 6.286462674036837, 50.686521169677917 ], [ 6.312326213775309, 50.690137453036606 ], [ 6.308385106862799, 50.70273793828602 ], [ 6.341700255691245, 50.755011417873611 ], [ 6.365209358582539, 50.758565840728807 ], [ 6.40390093284116, 50.773502792317721 ], [ 6.453327954537005, 50.743611030736176 ], [ 6.41649234104785, 50.730909037820155 ], [ 6.436961597039232, 50.707343893880811 ], [ 6.478226548965977, 50.713462619146966 ], [ 6.510542610235902, 50.693721343769468 ], [ 6.545399354951377, 50.69973017111414 ], [ 6.526391516534378, 50.714342911935255 ], [ 6.520709386869852, 50.72470098864332 ], [ 6.530420698218152, 50.728700117193448 ], [ 6.517718883227792, 50.737292573055392 ], [ 6.548840988007574, 50.755920655316672 ], [ 6.540174702814476, 50.764968993199815 ], [ 6.538387054978109, 50.779468728561525 ], [ 6.52484633395239, 50.78511083072906 ], [ 6.521357696917876, 50.798970144343549 ], [ 6.537967937485068, 50.805612260339785 ], [ 6.549442640403194, 50.801768898758979 ], [ 6.571997025732469, 50.80526550752073 ], [ 6.567943461919734, 50.822349236682953 ], [ 6.61636848554468, 50.827302965641664 ], [ 6.628145527231349, 50.823726353971267 ], [ 6.651620456313002, 50.835587216377512 ], [ 6.676848285183181, 50.831411948746869 ], [ 6.683052301192682, 50.836208672593656 ], [ 6.706424167593338, 50.835085785820155 ], [ 6.718451139282928, 50.804395835098987 ], [ 6.707731090549859, 50.803694300213046 ], [ 6.712681705385668, 50.787756155873659 ], [ 6.694923639221243, 50.784525637854664 ], [ 6.682126451109388, 50.768094706220019 ], [ 6.694040297533338, 50.753944972631984 ], [ 6.698026606776738, 50.728333267515886 ], [ 6.677063052692484, 50.713490595737589 ], [ 6.62965649025327, 50.732241220180299 ], [ 6.612183291269269, 50.71398669663968 ], [ 6.587600569752316, 50.705943185172636 ], [ 6.591396104223199, 50.697265575370146 ], [ 6.601379890018555, 50.673284295577801 ], [ 6.566873938174048, 50.656040734998626 ], [ 6.575915101537311, 50.640831289635678 ], [ 6.559183833155057, 50.626737793099089 ], [ 6.560746928830254, 50.605508267546213 ], [ 6.547661078559028, 50.602033545577441 ], [ 6.539904203152795, 50.597992050794694 ], [ 6.553226905999948, 50.582514323600442 ], [ 6.535623932542999, 50.574927620539292 ], [ 6.547305272477894, 50.563699085646469 ], [ 6.519275771734097, 50.554445073476515 ], [ 6.521673768265298, 50.536941327967753 ], [ 6.498742047492246, 50.506760399687792 ], [ 6.497159784318563, 50.48757523343486 ], [ 6.516264411476703, 50.479992942114912 ], [ 6.498068830317238, 50.468494690079559 ], [ 6.511282682521611, 50.460041693195606 ], [ 6.548888180374496, 50.459852279649851 ], [ 6.571763906010741, 50.487207175464846 ], [ 6.571456516503398, 50.497108162099273 ], [ 6.600065179912145, 50.501819736671486 ], [ 6.601761948115888, 50.512329051761633 ], [ 6.613454593940792, 50.51412067704765 ], [ 6.611843939881108, 50.526374232116339 ], [ 6.636692107773425, 50.530660739775726 ], [ 6.643136207717159, 50.521929661379936 ], [ 6.659425620973337, 50.524068467034908 ], [ 6.670452947900052, 50.5364725436634 ], [ 6.69105646164643, 50.539353559125459 ], [ 6.717409538451776, 50.525697962330916 ], [ 6.739890362922544, 50.524439655609434 ], [ 6.740721425702748, 50.514867953843883 ], [ 6.757264113530208, 50.519006013110072 ], [ 6.763049276084098, 50.528620582246838 ], [ 6.775663425291879, 50.524487042736382 ], [ 6.756913751695992, 50.506704292029852 ], [ 6.751675751912801, 50.490113722460414 ], [ 6.768492209184803, 50.484299373537944 ], [ 6.750899187408529, 50.471300347613926 ], [ 6.766275933156539, 50.45805586710437 ], [ 6.74333085888025, 50.440587854132154 ], [ 6.75292330411988, 50.432765960485121 ], [ 6.770327291541507, 50.435682399688943 ], [ 6.770468049789789, 50.425038167331131 ], [ 6.782735560827162, 50.41907026978609 ], [ 6.779151186255257, 50.405166141255634 ], [ 6.769853964435674, 50.392486296418404 ], [ 6.785321179707005, 50.37546475245226 ], [ 6.803584434897603, 50.370017876196378 ], [ 6.801164207519174, 50.362495129948556 ], [ 6.789930339483317, 50.359591921584531 ], [ 6.782792098286706, 50.363094641393801 ], [ 6.732071711125203, 50.352072100484968 ], [ 6.699734278806364, 50.33736225757908 ], [ 6.668266221706908, 50.371971268983479 ], [ 6.655444084524429, 50.367695631878028 ], [ 6.650315531357598, 50.347936435619253 ], [ 6.636563142433506, 50.344798516726065 ], [ 6.623083619822506, 50.353640477379479 ], [ 6.624295733744806, 50.37490194311966 ], [ 6.607612119280478, 50.375368251477816 ], [ 6.598634733355158, 50.388426181062634 ], [ 6.581883106482175, 50.378499853373462 ], [ 6.558897959846016, 50.369156047308309 ], [ 6.529201080137458, 50.369293152033322 ], [ 6.517711708548647, 50.356221744046394 ], [ 6.505986964389482, 50.359639606415257 ], [ 6.504296231349064, 50.352687520506294 ], [ 6.484534880424848, 50.338040137020627 ], [ 6.456096807076979, 50.339895517002951 ], [ 6.460818181407093, 50.360898079945173 ], [ 6.452261143789884, 50.361137426893208 ], [ 6.449017577057133, 50.371800417492416 ], [ 6.423925045311462, 50.36387155634975 ], [ 6.419354538388575, 50.374050631385117 ], [ 6.42188957224126, 50.381264781154215 ], [ 6.414126259177584, 50.390805683364199 ], [ 6.385493659388795, 50.384249188506807 ], [ 6.404775080236594, 50.350622407488167 ], [ 6.41826468572599, 50.332711973014383 ], [ 6.426630944125533, 50.322698944673718 ], [ 6.403891648674646, 50.323268119628736 ], [ 6.403674883372413, 50.335181312954909 ], [ 6.342978525900365, 50.381901108004357 ], [ 6.369004797637111, 50.410350237552407 ], [ 6.373212274379735, 50.453280093148095 ], [ 6.340301023719862, 50.46228737721669 ], [ 6.340867968194561, 50.482567648566445 ], [ 6.350645348250548, 50.488498009686438 ], [ 6.315420618847899, 50.496974266184232 ], [ 6.347511899799154, 50.507598499781018 ], [ 6.366183691728632, 50.51556069943647 ], [ 6.380032579614955, 50.532295942011501 ] ] ], [ [ [ 6.041434782224979, 51.032493664929582 ], [ 6.057670564489598, 51.024632061416796 ], [ 6.053481284960772, 51.019884121054389 ], [ 6.081015940745288, 50.997307544298479 ], [ 6.059368363366556, 50.986352005780688 ], [ 6.035854440380091, 50.95469630729027 ], [ 6.01560597576275, 50.94787758984959 ], [ 6.004387309249956, 50.95744313048673 ], [ 6.025055877687607, 50.983640177834182 ], [ 5.96785228159743, 50.97920820926133 ], [ 5.95708903913154, 50.984999442725979 ], [ 5.968841613460924, 50.99589382013891 ], [ 5.952266044944759, 51.007904108659076 ], [ 5.983280980737089, 51.040988936130866 ], [ 6.016673254794496, 51.040782566601933 ], [ 6.028027926981395, 51.032619647948067 ], [ 6.041434782224979, 51.032493664929582 ] ] ] ] } }
]
}
