{
"type": "FeatureCollection",
"name": "quarters_50-2038",
"crs": { "type": "name", "properties": { "name": "urn:ogc:def:crs:OGC:1.3:CRS84" } },
"features": [
{ "type": "Feature", "properties": { "id": "Aachen_bluecherplatz", "num_cars": 1, "ARS": "053340002002", "AGS": "05334002", "ARS_0": "053340002002", "AGS_0": "05334002", "SDV_ARS": "053340002002", "GEN": "Aachen", "BEZ": "Stadt", "NUTS": "DEA2D", "RegioStaR7": "72", "scenario": 50, "year": 2038 }, "geometry": { "type": "Point", "coordinates": [ 6.10142225676143, 50.779794781518788 ] } },
{ "type": "Feature", "properties": { "id": "Aachen_bluecherplatz", "num_hh": "7", "num_cars": 1, "ARS": "053340002002", "AGS": "05334002", "ARS_0": "053340002002", "AGS_0": "05334002", "SDV_ARS": "053340002002", "GEN": "Aachen", "BEZ": "Stadt", "NUTS": "DEA2D", "RegioStaR7": "72", "scenario": 50, "year": 2038 }, "geometry": { "type": "Point", "coordinates": [ 6.101762390032166, 50.779766729281242 ] } },
{ "type": "Feature", "properties": { "id": "Aachen_bluecherplatz", "num_hh": "8", "num_cars": 1, "ARS": "053340002002", "AGS": "05334002", "ARS_0": "053340002002", "AGS_0": "05334002", "SDV_ARS": "053340002002", "GEN": "Aachen", "BEZ": "Stadt", "NUTS": "DEA2D", "RegioStaR7": "72", "scenario": 50, "year": 2038 }, "geometry": { "type": "Point", "coordinates": [ 6.102072946496747, 50.779748027780208 ] } },
{ "type": "Feature", "properties": { "id": "Aachen_bluecherplatz", "num_hh": "8", "num_cars": 1, "ARS": "053340002002", "AGS": "05334002", "ARS_0": "053340002002", "AGS_0": "05334002", "SDV_ARS": "053340002002", "GEN": "Aachen", "BEZ": "Stadt", "NUTS": "DEA2D", "RegioStaR7": "72", "scenario": 50, "year": 2038 }, "geometry": { "type": "Point", "coordinates": [ 6.102442656573634, 50.779729326271692 ] } },
{ "type": "Feature", "properties": { "id": "Aachen_bluecherplatz", "num_hh": "7", "num_cars": 1, "ARS": "053340002002", "AGS": "05334002", "ARS_0": "053340002002", "AGS_0": "05334002", "SDV_ARS": "053340002002", "GEN": "Aachen", "BEZ": "Stadt", "NUTS": "DEA2D", "RegioStaR7": "72", "scenario": 50, "year": 2038 }, "geometry": { "type": "Point", "coordinates": [ 6.10142225676143, 50.779617117063509 ] } },
{ "type": "Feature", "properties": { "id": "Aachen_bluecherplatz", "num_hh": "8", "num_cars": 1, "ARS": "053340002002", "AGS": "05334002", "ARS_0": "053340002002", "AGS_0": "05334002", "SDV_ARS": "053340002002", "GEN": "Aachen", "BEZ": "Stadt", "NUTS": "DEA2D", "RegioStaR7": "72", "scenario": 50, "year": 2038 }, "geometry": { "type": "Point", "coordinates": [ 6.101732813226014, 50.779448802746401 ] } },
{ "type": "Feature", "properties": { "id": "Aachen_bluecherplatz", "num_hh": "8", "num_cars": 1, "ARS": "053340002002", "AGS": "05334002", "ARS_0": "053340002002", "AGS_0": "05334002", "SDV_ARS": "053340002002", "GEN": "Aachen", "BEZ": "Stadt", "NUTS": "DEA2D", "RegioStaR7": "72", "scenario": 50, "year": 2038 }, "geometry": { "type": "Point", "coordinates": [ 6.102117311705974, 50.779327242029495 ] } },
{ "type": "Feature", "properties": { "id": "Aachen_bluecherplatz", "num_hh": "7", "num_cars": 1, "ARS": "053340002002", "AGS": "05334002", "ARS_0": "053340002002", "AGS_0": "05334002", "SDV_ARS": "053340002002", "GEN": "Aachen", "BEZ": "Stadt", "NUTS": "DEA2D", "RegioStaR7": "72", "scenario": 50, "year": 2038 }, "geometry": { "type": "Point", "coordinates": [ 6.102472233379784, 50.779280487823478 ] } },
{ "type": "Feature", "properties": { "id": "Aachen_south_west", "num_hh": "8", "num_cars": 1, "ARS": "053340002002", "AGS": "05334002", "ARS_0": "053340002002", "AGS_0": "05334002", "SDV_ARS": "053340002002", "GEN": "Aachen", "BEZ": "Stadt", "NUTS": "DEA2D", "RegioStaR7": "72", "scenario": 50, "year": 2038 }, "geometry": { "type": "Point", "coordinates": [ 6.05903499644656, 50.754323431791747 ] } },
{ "type": "Feature", "properties": { "id": "Aachen_south_west", "num_hh": "7", "num_cars": 1, "ARS": "053340002002", "AGS": "05334002", "ARS_0": "053340002002", "AGS_0": "05334002", "SDV_ARS": "053340002002", "GEN": "Aachen", "BEZ": "Stadt", "NUTS": "DEA2D", "RegioStaR7": "72", "scenario": 50, "year": 2038 }, "geometry": { "type": "Point", "coordinates": [ 6.058916689221957, 50.754529259758712 ] } },
{ "type": "Feature", "properties": { "id": "Aachen_south_west", "num_hh": "8", "num_cars": 1, "ARS": "053340002002", "AGS": "05334002", "ARS_0": "053340002002", "AGS_0": "05334002", "SDV_ARS": "053340002002", "GEN": "Aachen", "BEZ": "Stadt", "NUTS": "DEA2D", "RegioStaR7": "72", "scenario": 50, "year": 2038 }, "geometry": { "type": "Point", "coordinates": [ 6.058768805191203, 50.754725731064632 ] } },
{ "type": "Feature", "properties": { "id": "Aachen_south_west", "num_hh": "8", "num_cars": 1, "ARS": "053340002002", "AGS": "05334002", "ARS_0": "053340002002", "AGS_0": "05334002", "SDV_ARS": "053340002002", "GEN": "Aachen", "BEZ": "Stadt", "NUTS": "DEA2D", "RegioStaR7": "72", "scenario": 50, "year": 2038 }, "geometry": { "type": "Point", "coordinates": [ 6.058546979145071, 50.754940912977226 ] } },
{ "type": "Feature", "properties": { "id": "Aachen_south_west", "num_hh": "8", "num_cars": 1, "ARS": "053340002002", "AGS": "05334002", "ARS_0": "053340002002", "AGS_0": "05334002", "SDV_ARS": "053340002002", "GEN": "Aachen", "BEZ": "Stadt", "NUTS": "DEA2D", "RegioStaR7": "72", "scenario": 50, "year": 2038 }, "geometry": { "type": "Point", "coordinates": [ 6.058206845874337, 50.755090604159022 ] } },
{ "type": "Feature", "properties": { "id": "Aachen_south_west", "num_hh": "8", "num_cars": 1, "ARS": "053340002002", "AGS": "05334002", "ARS_0": "053340002002", "AGS_0": "05334002", "SDV_ARS": "053340002002", "GEN": "Aachen", "BEZ": "Stadt", "NUTS": "DEA2D", "RegioStaR7": "72", "scenario": 50, "year": 2038 }, "geometry": { "type": "Point", "coordinates": [ 6.057955443022055, 50.754828644276692 ] } },
{ "type": "Feature", "properties": { "id": "Aachen_south_west", "num_hh": "7", "num_cars": 1, "ARS": "053340002002", "AGS": "05334002", "ARS_0": "053340002002", "AGS_0": "05334002", "SDV_ARS": "053340002002", "GEN": "Aachen", "BEZ": "Stadt", "NUTS": "DEA2D", "RegioStaR7": "72", "scenario": 50, "year": 2038 }, "geometry": { "type": "Point", "coordinates": [ 6.058339941502016, 50.754641529177363 ] } },
{ "type": "Feature", "properties": { "id": "Aachen_south_west", "num_hh": "8", "num_cars": 1, "ARS": "053340002002", "AGS": "05334002", "ARS_0": "053340002002", "AGS_0": "05334002", "SDV_ARS": "053340002002", "GEN": "Aachen", "BEZ": "Stadt", "NUTS": "DEA2D", "RegioStaR7": "72", "scenario": 50, "year": 2038 }, "geometry": { "type": "Point", "coordinates": [ 6.058502613935846, 50.754407634251265 ] } },
{ "type": "Feature", "properties": { "id": "Aachen_south_west", "num_hh": "8", "num_cars": 1, "ARS": "053340002002", "AGS": "05334002", "ARS_0": "053340002002", "AGS_0": "05334002", "SDV_ARS": "053340002002", "GEN": "Aachen", "BEZ": "Stadt", "NUTS": "DEA2D", "RegioStaR7": "72", "scenario": 50, "year": 2038 }, "geometry": { "type": "Point", "coordinates": [ 6.058680074772751, 50.754192449886958 ] } },
{ "type": "Feature", "properties": { "id": "Aachen_south_west", "num_hh": "8", "num_cars": 1, "ARS": "053340002002", "AGS": "05334002", "ARS_0": "053340002002", "AGS_0": "05334002", "SDV_ARS": "053340002002", "GEN": "Aachen", "BEZ": "Stadt", "NUTS": "DEA2D", "RegioStaR7": "72", "scenario": 50, "year": 2038 }, "geometry": { "type": "Point", "coordinates": [ 6.058088538649734, 50.754080179391103 ] } },
{ "type": "Feature", "properties": { "id": "Aachen_south_west", "num_hh": "8", "num_cars": 1, "ARS": "053340002002", "AGS": "05334002", "ARS_0": "053340002002", "AGS_0": "05334002", "SDV_ARS": "053340002002", "GEN": "Aachen", "BEZ": "Stadt", "NUTS": "DEA2D", "RegioStaR7": "72", "scenario": 50, "year": 2038 }, "geometry": { "type": "Point", "coordinates": [ 6.057970231425132, 50.754304720113495 ] } },
{ "type": "Feature", "properties": { "id": "Aachen_south_west", "num_hh": "7", "num_cars": 1, "ARS": "053340002002", "AGS": "05334002", "ARS_0": "053340002002", "AGS_0": "05334002", "SDV_ARS": "053340002002", "GEN": "Aachen", "BEZ": "Stadt", "NUTS": "DEA2D", "RegioStaR7": "72", "scenario": 50, "year": 2038 }, "geometry": { "type": "Point", "coordinates": [ 6.057615309751321, 50.754435701704118 ] } },
{ "type": "Feature", "properties": { "id": "Aachen_south_west", "num_hh": "8", "num_cars": 1, "ARS": "053340002002", "AGS": "05334002", "ARS_0": "053340002002", "AGS_0": "05334002", "SDV_ARS": "053340002002", "GEN": "Aachen", "BEZ": "Stadt", "NUTS": "DEA2D", "RegioStaR7": "72", "scenario": 50, "year": 2038 }, "geometry": { "type": "Point", "coordinates": [ 6.057393483705191, 50.754108247040314 ] } },
{ "type": "Feature", "properties": { "id": "Aachen_south_west", "num_hh": "8", "num_cars": 1, "ARS": "053340002002", "AGS": "05334002", "ARS_0": "053340002002", "AGS_0": "05334002", "SDV_ARS": "053340002002", "GEN": "Aachen", "BEZ": "Stadt", "NUTS": "DEA2D", "RegioStaR7": "72", "scenario": 50, "year": 2038 }, "geometry": { "type": "Point", "coordinates": [ 6.057615309751321, 50.753939840892599 ] } },
{ "type": "Feature", "properties": { "id": "Aachen_south_west", "num_hh": "8", "num_cars": 1, "ARS": "053340002002", "AGS": "05334002", "ARS_0": "053340002002", "AGS_0": "05334002", "SDV_ARS": "053340002002", "GEN": "Aachen", "BEZ": "Stadt", "NUTS": "DEA2D", "RegioStaR7": "72", "scenario": 50, "year": 2038 }, "geometry": { "type": "Point", "coordinates": [ 6.057186446062135, 50.753836925726269 ] } },
{ "type": "Feature", "properties": { "id": "Aachen_laurensberg", "num_hh": "8", "num_cars": 1, "ARS": "053340002002", "AGS": "05334002", "ARS_0": "053340002002", "AGS_0": "05334002", "SDV_ARS": "053340002002", "GEN": "Aachen", "BEZ": "Stadt", "NUTS": "DEA2D", "RegioStaR7": "72", "scenario": 50, "year": 2038 }, "geometry": { "type": "Point", "coordinates": [ 6.061756062612437, 50.796354355502757 ] } },
{ "type": "Feature", "properties": { "id": "Aachen_laurensberg", "num_hh": "7", "num_cars": 1, "ARS": "053340002002", "AGS": "05334002", "ARS_0": "053340002002", "AGS_0": "05334002", "SDV_ARS": "053340002002", "GEN": "Aachen", "BEZ": "Stadt", "NUTS": "DEA2D", "RegioStaR7": "72", "scenario": 50, "year": 2038 }, "geometry": { "type": "Point", "coordinates": [ 6.061756062612437, 50.796461850850868 ] } },
{ "type": "Feature", "properties": { "id": "Aachen_laurensberg", "num_hh": "8", "num_cars": 1, "ARS": "053340002002", "AGS": "05334002", "ARS_0": "053340002002", "AGS_0": "05334002", "SDV_ARS": "053340002002", "GEN": "Aachen", "BEZ": "Stadt", "NUTS": "DEA2D", "RegioStaR7": "72", "scenario": 50, "year": 2038 }, "geometry": { "type": "Point", "coordinates": [ 6.061563813372455, 50.796335660634369 ] } },
{ "type": "Feature", "properties": { "id": "Aachen_laurensberg", "num_hh": "8", "num_cars": 1, "ARS": "053340002002", "AGS": "05334002", "ARS_0": "053340002002", "AGS_0": "05334002", "SDV_ARS": "053340002002", "GEN": "Aachen", "BEZ": "Stadt", "NUTS": "DEA2D", "RegioStaR7": "72", "scenario": 50, "year": 2038 }, "geometry": { "type": "Point", "coordinates": [ 6.061563813372455, 50.79644315598248 ] } },
{ "type": "Feature", "properties": { "id": "Aachen_laurensberg", "num_hh": "7", "num_cars": 1, "ARS": "053340002002", "AGS": "05334002", "ARS_0": "053340002002", "AGS_0": "05334002", "SDV_ARS": "053340002002", "GEN": "Aachen", "BEZ": "Stadt", "NUTS": "DEA2D", "RegioStaR7": "72", "scenario": 50, "year": 2038 }, "geometry": { "type": "Point", "coordinates": [ 6.061341987326325, 50.796312292038365 ] } },
{ "type": "Feature", "properties": { "id": "Aachen_laurensberg", "num_hh": "7", "num_cars": 1, "ARS": "053340002002", "AGS": "05334002", "ARS_0": "053340002002", "AGS_0": "05334002", "SDV_ARS": "053340002002", "GEN": "Aachen", "BEZ": "Stadt", "NUTS": "DEA2D", "RegioStaR7": "72", "scenario": 50, "year": 2038 }, "geometry": { "type": "Point", "coordinates": [ 6.061341987326325, 50.796419787386476 ] } },
{ "type": "Feature", "properties": { "id": "Aachen_laurensberg", "num_hh": "8", "num_cars": 1, "ARS": "053340002002", "AGS": "05334002", "ARS_0": "053340002002", "AGS_0": "05334002", "SDV_ARS": "053340002002", "GEN": "Aachen", "BEZ": "Stadt", "NUTS": "DEA2D", "RegioStaR7": "72", "scenario": 50, "year": 2038 }, "geometry": { "type": "Point", "coordinates": [ 6.061075796070966, 50.79628892343068 ] } },
{ "type": "Feature", "properties": { "id": "Aachen_laurensberg", "num_hh": "8", "num_cars": 1, "ARS": "053340002002", "AGS": "05334002", "ARS_0": "053340002002", "AGS_0": "05334002", "SDV_ARS": "053340002002", "GEN": "Aachen", "BEZ": "Stadt", "NUTS": "DEA2D", "RegioStaR7": "72", "scenario": 50, "year": 2038 }, "geometry": { "type": "Point", "coordinates": [ 6.061075796070966, 50.796396418778791 ] } },
{ "type": "Feature", "properties": { "id": "Aachen_laurensberg", "num_hh": "7", "num_cars": 1, "ARS": "053340002002", "AGS": "05334002", "ARS_0": "053340002002", "AGS_0": "05334002", "SDV_ARS": "053340002002", "GEN": "Aachen", "BEZ": "Stadt", "NUTS": "DEA2D", "RegioStaR7": "72", "scenario": 50, "year": 2038 }, "geometry": { "type": "Point", "coordinates": [ 6.060868758427912, 50.796293597153159 ] } },
{ "type": "Feature", "properties": { "id": "Aachen_laurensberg", "num_hh": "8", "num_cars": 1, "ARS": "053340002002", "AGS": "05334002", "ARS_0": "053340002002", "AGS_0": "05334002", "SDV_ARS": "053340002002", "GEN": "Aachen", "BEZ": "Stadt", "NUTS": "DEA2D", "RegioStaR7": "72", "scenario": 50, "year": 2038 }, "geometry": { "type": "Point", "coordinates": [ 6.060868758427912, 50.79640109250127 ] } },
{ "type": "Feature", "properties": { "id": "Aachen_laurensberg", "num_hh": "7", "num_cars": 1, "ARS": "053340002002", "AGS": "05334002", "ARS_0": "053340002002", "AGS_0": "05334002", "SDV_ARS": "053340002002", "GEN": "Aachen", "BEZ": "Stadt", "NUTS": "DEA2D", "RegioStaR7": "72", "scenario": 50, "year": 2038 }, "geometry": { "type": "Point", "coordinates": [ 6.060587778769479, 50.796274902260464 ] } },
{ "type": "Feature", "properties": { "id": "Aachen_laurensberg", "num_hh": "7", "num_cars": 1, "ARS": "053340002002", "AGS": "05334002", "ARS_0": "053340002002", "AGS_0": "05334002", "SDV_ARS": "053340002002", "GEN": "Aachen", "BEZ": "Stadt", "NUTS": "DEA2D", "RegioStaR7": "72", "scenario": 50, "year": 2038 }, "geometry": { "type": "Point", "coordinates": [ 6.060587778769479, 50.796382397608575 ] } },
{ "type": "Feature", "properties": { "id": "Aachen_laurensberg", "num_hh": "8", "num_cars": 1, "ARS": "053340002002", "AGS": "05334002", "ARS_0": "053340002002", "AGS_0": "05334002", "SDV_ARS": "053340002002", "GEN": "Aachen", "BEZ": "Stadt", "NUTS": "DEA2D", "RegioStaR7": "72", "scenario": 50, "year": 2038 }, "geometry": { "type": "Point", "coordinates": [ 6.060314193312585, 50.796265554811313 ] } },
{ "type": "Feature", "properties": { "id": "Aachen_laurensberg", "num_hh": "8", "num_cars": 1, "ARS": "053340002002", "AGS": "05334002", "ARS_0": "053340002002", "AGS_0": "05334002", "SDV_ARS": "053340002002", "GEN": "Aachen", "BEZ": "Stadt", "NUTS": "DEA2D", "RegioStaR7": "72", "scenario": 50, "year": 2038 }, "geometry": { "type": "Point", "coordinates": [ 6.060314193312585, 50.796373050159424 ] } },
{ "type": "Feature", "properties": { "id": "Aachen_laurensberg", "num_hh": "8", "num_cars": 1, "ARS": "053340002002", "AGS": "05334002", "ARS_0": "053340002002", "AGS_0": "05334002", "SDV_ARS": "053340002002", "GEN": "Aachen", "BEZ": "Stadt", "NUTS": "DEA2D", "RegioStaR7": "72", "scenario": 50, "year": 2038 }, "geometry": { "type": "Point", "coordinates": [ 6.060055396258765, 50.796246859907399 ] } },
{ "type": "Feature", "properties": { "id": "Aachen_laurensberg", "num_hh": "8", "num_cars": 1, "ARS": "053340002002", "AGS": "05334002", "ARS_0": "053340002002", "AGS_0": "05334002", "SDV_ARS": "053340002002", "GEN": "Aachen", "BEZ": "Stadt", "NUTS": "DEA2D", "RegioStaR7": "72", "scenario": 50, "year": 2038 }, "geometry": { "type": "Point", "coordinates": [ 6.060055396258765, 50.796354355255509 ] } },
{ "type": "Feature", "properties": { "id": "Aachen_laurensberg", "num_hh": "8", "num_cars": 1, "ARS": "053340002002", "AGS": "05334002", "ARS_0": "053340002002", "AGS_0": "05334002", "SDV_ARS": "053340002002", "GEN": "Aachen", "BEZ": "Stadt", "NUTS": "DEA2D", "RegioStaR7": "72", "scenario": 50, "year": 2038 }, "geometry": { "type": "Point", "coordinates": [ 6.059818781809558, 50.796237512452642 ] } },
{ "type": "Feature", "properties": { "id": "Aachen_laurensberg", "num_hh": "8", "num_cars": 1, "ARS": "053340002002", "AGS": "05334002", "ARS_0": "053340002002", "AGS_0": "05334002", "SDV_ARS": "053340002002", "GEN": "Aachen", "BEZ": "Stadt", "NUTS": "DEA2D", "RegioStaR7": "72", "scenario": 50, "year": 2038 }, "geometry": { "type": "Point", "coordinates": [ 6.059818781809558, 50.796345007800753 ] } },
{ "type": "Feature", "properties": { "id": "Aachen_laurensberg", "num_hh": "8", "num_cars": 1, "ARS": "053340002002", "AGS": "05334002", "ARS_0": "053340002002", "AGS_0": "05334002", "SDV_ARS": "053340002002", "GEN": "Aachen", "BEZ": "Stadt", "NUTS": "DEA2D", "RegioStaR7": "72", "scenario": 50, "year": 2038 }, "geometry": { "type": "Point", "coordinates": [ 6.059596955763427, 50.796223491267 ] } },
{ "type": "Feature", "properties": { "id": "Aachen_laurensberg", "num_hh": "7", "num_cars": 1, "ARS": "053340002002", "AGS": "05334002", "ARS_0": "053340002002", "AGS_0": "05334002", "SDV_ARS": "053340002002", "GEN": "Aachen", "BEZ": "Stadt", "NUTS": "DEA2D", "RegioStaR7": "72", "scenario": 50, "year": 2038 }, "geometry": { "type": "Point", "coordinates": [ 6.059596955763427, 50.796330986615111 ] } },
{ "type": "Feature", "properties": { "id": "Aachen_prager_ring_1", "num_hh": "7", "num_cars": 1, "ARS": "053340002002", "AGS": "05334002", "ARS_0": "053340002002", "AGS_0": "05334002", "SDV_ARS": "053340002002", "GEN": "Aachen", "BEZ": "Stadt", "NUTS": "DEA2D", "RegioStaR7": "72", "scenario": 50, "year": 2038 }, "geometry": { "type": "Point", "coordinates": [ 6.110679797086633, 50.79343319132159 ] } },
{ "type": "Feature", "properties": { "id": "Aachen_prager_ring_1", "num_hh": "8", "num_cars": 1, "ARS": "053340002002", "AGS": "05334002", "ARS_0": "053340002002", "AGS_0": "05334002", "SDV_ARS": "053340002002", "GEN": "Aachen", "BEZ": "Stadt", "NUTS": "DEA2D", "RegioStaR7": "72", "scenario": 50, "year": 2038 }, "geometry": { "type": "Point", "coordinates": [ 6.110975565148141, 50.793330362995391 ] } },
{ "type": "Feature", "properties": { "id": "Aachen_prager_ring_1", "num_hh": "8", "num_cars": 1, "ARS": "053340002002", "AGS": "05334002", "ARS_0": "053340002002", "AGS_0": "05334002", "SDV_ARS": "053340002002", "GEN": "Aachen", "BEZ": "Stadt", "NUTS": "DEA2D", "RegioStaR7": "72", "scenario": 50, "year": 2038 }, "geometry": { "type": "Point", "coordinates": [ 6.11127133320965, 50.793218186381523 ] } },
{ "type": "Feature", "properties": { "id": "Aachen_prager_ring_1", "num_hh": "7", "num_cars": 1, "ARS": "053340002002", "AGS": "05334002", "ARS_0": "053340002002", "AGS_0": "05334002", "SDV_ARS": "053340002002", "GEN": "Aachen", "BEZ": "Stadt", "NUTS": "DEA2D", "RegioStaR7": "72", "scenario": 50, "year": 2038 }, "geometry": { "type": "Point", "coordinates": [ 6.110960776745066, 50.793638847254201 ] } },
{ "type": "Feature", "properties": { "id": "Aachen_prager_ring_1", "num_hh": "8", "num_cars": 1, "ARS": "053340002002", "AGS": "05334002", "ARS_0": "053340002002", "AGS_0": "05334002", "SDV_ARS": "053340002002", "GEN": "Aachen", "BEZ": "Stadt", "NUTS": "DEA2D", "RegioStaR7": "72", "scenario": 50, "year": 2038 }, "geometry": { "type": "Point", "coordinates": [ 6.111256544806574, 50.793536018928002 ] } },
{ "type": "Feature", "properties": { "id": "Aachen_prager_ring_1", "num_hh": "8", "num_cars": 1, "ARS": "053340002002", "AGS": "05334002", "ARS_0": "053340002002", "AGS_0": "05334002", "SDV_ARS": "053340002002", "GEN": "Aachen", "BEZ": "Stadt", "NUTS": "DEA2D", "RegioStaR7": "72", "scenario": 50, "year": 2038 }, "geometry": { "type": "Point", "coordinates": [ 6.111552312868082, 50.793423842314134 ] } },
{ "type": "Feature", "properties": { "id": "Aachen_prager_ring_1", "num_hh": "8", "num_cars": 1, "ARS": "053340002002", "AGS": "05334002", "ARS_0": "053340002002", "AGS_0": "05334002", "SDV_ARS": "053340002002", "GEN": "Aachen", "BEZ": "Stadt", "NUTS": "DEA2D", "RegioStaR7": "72", "scenario": 50, "year": 2038 }, "geometry": { "type": "Point", "coordinates": [ 6.111226968000423, 50.79390058985971 ] } },
{ "type": "Feature", "properties": { "id": "Aachen_prager_ring_1", "num_hh": "7", "num_cars": 1, "ARS": "053340002002", "AGS": "05334002", "ARS_0": "053340002002", "AGS_0": "05334002", "SDV_ARS": "053340002002", "GEN": "Aachen", "BEZ": "Stadt", "NUTS": "DEA2D", "RegioStaR7": "72", "scenario": 50, "year": 2038 }, "geometry": { "type": "Point", "coordinates": [ 6.111522736061931, 50.793797761533511 ] } },
{ "type": "Feature", "properties": { "id": "Aachen_prager_ring_1", "num_hh": "8", "num_cars": 1, "ARS": "053340002002", "AGS": "05334002", "ARS_0": "053340002002", "AGS_0": "05334002", "SDV_ARS": "053340002002", "GEN": "Aachen", "BEZ": "Stadt", "NUTS": "DEA2D", "RegioStaR7": "72", "scenario": 50, "year": 2038 }, "geometry": { "type": "Point", "coordinates": [ 6.111818504123439, 50.793685584919643 ] } },
{ "type": "Feature", "properties": { "id": "Aachen_prager_ring_1", "num_hh": "7", "num_cars": 1, "ARS": "053340002002", "AGS": "05334002", "ARS_0": "053340002002", "AGS_0": "05334002", "SDV_ARS": "053340002002", "GEN": "Aachen", "BEZ": "Stadt", "NUTS": "DEA2D", "RegioStaR7": "72", "scenario": 50, "year": 2038 }, "geometry": { "type": "Point", "coordinates": [ 6.111611466480383, 50.79416233099947 ] } },
{ "type": "Feature", "properties": { "id": "Aachen_prager_ring_1", "num_hh": "7", "num_cars": 1, "ARS": "053340002002", "AGS": "05334002", "ARS_0": "053340002002", "AGS_0": "05334002", "SDV_ARS": "053340002002", "GEN": "Aachen", "BEZ": "Stadt", "NUTS": "DEA2D", "RegioStaR7": "72", "scenario": 50, "year": 2038 }, "geometry": { "type": "Point", "coordinates": [ 6.111907234541891, 50.794059502673271 ] } },
{ "type": "Feature", "properties": { "id": "Aachen_prager_ring_1", "num_hh": "8", "num_cars": 1, "ARS": "053340002002", "AGS": "05334002", "ARS_0": "053340002002", "AGS_0": "05334002", "SDV_ARS": "053340002002", "GEN": "Aachen", "BEZ": "Stadt", "NUTS": "DEA2D", "RegioStaR7": "72", "scenario": 50, "year": 2038 }, "geometry": { "type": "Point", "coordinates": [ 6.112203002603399, 50.793947326059403 ] } },
{ "type": "Feature", "properties": { "id": "Aachen_prager_ring_1", "num_hh": "7", "num_cars": 1, "ARS": "053340002002", "AGS": "05334002", "ARS_0": "053340002002", "AGS_0": "05334002", "SDV_ARS": "053340002002", "GEN": "Aachen", "BEZ": "Stadt", "NUTS": "DEA2D", "RegioStaR7": "72", "scenario": 50, "year": 2038 }, "geometry": { "type": "Point", "coordinates": [ 6.111951599751118, 50.794367983723859 ] } },
{ "type": "Feature", "properties": { "id": "Aachen_prager_ring_1", "num_hh": "7", "num_cars": 1, "ARS": "053340002002", "AGS": "05334002", "ARS_0": "053340002002", "AGS_0": "05334002", "SDV_ARS": "053340002002", "GEN": "Aachen", "BEZ": "Stadt", "NUTS": "DEA2D", "RegioStaR7": "72", "scenario": 50, "year": 2038 }, "geometry": { "type": "Point", "coordinates": [ 6.112247367812626, 50.79426515539766 ] } },
{ "type": "Feature", "properties": { "id": "Aachen_prager_ring_1", "num_hh": "8", "num_cars": 1, "ARS": "053340002002", "AGS": "05334002", "ARS_0": "053340002002", "AGS_0": "05334002", "SDV_ARS": "053340002002", "GEN": "Aachen", "BEZ": "Stadt", "NUTS": "DEA2D", "RegioStaR7": "72", "scenario": 50, "year": 2038 }, "geometry": { "type": "Point", "coordinates": [ 6.112543135874134, 50.794152978783792 ] } },
{ "type": "Feature", "properties": { "id": "Aachen_prager_ring_1", "num_hh": "7", "num_cars": 1, "ARS": "053340002002", "AGS": "05334002", "ARS_0": "053340002002", "AGS_0": "05334002", "SDV_ARS": "053340002002", "GEN": "Aachen", "BEZ": "Stadt", "NUTS": "DEA2D", "RegioStaR7": "72", "scenario": 50, "year": 2038 }, "geometry": { "type": "Point", "coordinates": [ 6.112188214200324, 50.794629722246192 ] } },
{ "type": "Feature", "properties": { "id": "Aachen_prager_ring_1", "num_hh": "7", "num_cars": 1, "ARS": "053340002002", "AGS": "05334002", "ARS_0": "053340002002", "AGS_0": "05334002", "SDV_ARS": "053340002002", "GEN": "Aachen", "BEZ": "Stadt", "NUTS": "DEA2D", "RegioStaR7": "72", "scenario": 50, "year": 2038 }, "geometry": { "type": "Point", "coordinates": [ 6.112483982261832, 50.794526893919993 ] } },
{ "type": "Feature", "properties": { "id": "Aachen_prager_ring_1", "num_hh": "8", "num_cars": 1, "ARS": "053340002002", "AGS": "05334002", "ARS_0": "053340002002", "AGS_0": "05334002", "SDV_ARS": "053340002002", "GEN": "Aachen", "BEZ": "Stadt", "NUTS": "DEA2D", "RegioStaR7": "72", "scenario": 50, "year": 2038 }, "geometry": { "type": "Point", "coordinates": [ 6.11277975032334, 50.794414717306125 ] } },
{ "type": "Feature", "properties": { "id": "Aachen_prager_ring_1", "num_hh": "7", "num_cars": 1, "ARS": "053340002002", "AGS": "05334002", "ARS_0": "053340002002", "AGS_0": "05334002", "SDV_ARS": "053340002002", "GEN": "Aachen", "BEZ": "Stadt", "NUTS": "DEA2D", "RegioStaR7": "72", "scenario": 50, "year": 2038 }, "geometry": { "type": "Point", "coordinates": [ 6.112454405455681, 50.794826025176043 ] } },
{ "type": "Feature", "properties": { "id": "Aachen_prager_ring_1", "num_hh": "8", "num_cars": 1, "ARS": "053340002002", "AGS": "05334002", "ARS_0": "053340002002", "AGS_0": "05334002", "SDV_ARS": "053340002002", "GEN": "Aachen", "BEZ": "Stadt", "NUTS": "DEA2D", "RegioStaR7": "72", "scenario": 50, "year": 2038 }, "geometry": { "type": "Point", "coordinates": [ 6.112750173517189, 50.794723196849844 ] } },
{ "type": "Feature", "properties": { "id": "Aachen_prager_ring_1", "num_hh": "8", "num_cars": 1, "ARS": "053340002002", "AGS": "05334002", "ARS_0": "053340002002", "AGS_0": "05334002", "SDV_ARS": "053340002002", "GEN": "Aachen", "BEZ": "Stadt", "NUTS": "DEA2D", "RegioStaR7": "72", "scenario": 50, "year": 2038 }, "geometry": { "type": "Point", "coordinates": [ 6.113045941578697, 50.794611020235976 ] } },
{ "type": "Feature", "properties": { "id": "Aachen_hbf", "num_hh": "7", "num_cars": 1, "ARS": "053340002002", "AGS": "05334002", "ARS_0": "053340002002", "AGS_0": "05334002", "SDV_ARS": "053340002002", "GEN": "Aachen", "BEZ": "Stadt", "NUTS": "DEA2D", "RegioStaR7": "72", "scenario": 50, "year": 2038 }, "geometry": { "type": "Point", "coordinates": [ 6.099536735369318, 50.765955969578307 ] } },
{ "type": "Feature", "properties": { "id": "Aachen_hbf", "num_hh": "7", "num_cars": 1, "ARS": "053340002002", "AGS": "05334002", "ARS_0": "053340002002", "AGS_0": "05334002", "SDV_ARS": "053340002002", "GEN": "Aachen", "BEZ": "Stadt", "NUTS": "DEA2D", "RegioStaR7": "72", "scenario": 50, "year": 2038 }, "geometry": { "type": "Point", "coordinates": [ 6.099862080236976, 50.76586243440368 ] } },
{ "type": "Feature", "properties": { "id": "Aachen_hbf", "num_hh": "7", "num_cars": 1, "ARS": "053340002002", "AGS": "05334002", "ARS_0": "053340002002", "AGS_0": "05334002", "SDV_ARS": "053340002002", "GEN": "Aachen", "BEZ": "Stadt", "NUTS": "DEA2D", "RegioStaR7": "72", "scenario": 50, "year": 2038 }, "geometry": { "type": "Point", "coordinates": [ 6.099699407803148, 50.765628595648963 ] } },
{ "type": "Feature", "properties": { "id": "Aachen_hbf", "num_hh": "8", "num_cars": 1, "ARS": "053340002002", "AGS": "05334002", "ARS_0": "053340002002", "AGS_0": "05334002", "SDV_ARS": "053340002002", "GEN": "Aachen", "BEZ": "Stadt", "NUTS": "DEA2D", "RegioStaR7": "72", "scenario": 50, "year": 2038 }, "geometry": { "type": "Point", "coordinates": [ 6.100290943926162, 50.765722131291092 ] } },
{ "type": "Feature", "properties": { "id": "Aachen_hbf", "num_hh": "8", "num_cars": 1, "ARS": "053340002002", "AGS": "05334002", "ARS_0": "053340002002", "AGS_0": "05334002", "SDV_ARS": "053340002002", "GEN": "Aachen", "BEZ": "Stadt", "NUTS": "DEA2D", "RegioStaR7": "72", "scenario": 50, "year": 2038 }, "geometry": { "type": "Point", "coordinates": [ 6.100128271492334, 50.765450877413727 ] } },
{ "type": "Feature", "properties": { "id": "Aachen_hbf", "num_hh": "8", "num_cars": 1, "ARS": "053340002002", "AGS": "05334002", "ARS_0": "053340002002", "AGS_0": "05334002", "SDV_ARS": "053340002002", "GEN": "Aachen", "BEZ": "Stadt", "NUTS": "DEA2D", "RegioStaR7": "72", "scenario": 50, "year": 2038 }, "geometry": { "type": "Point", "coordinates": [ 6.100852903243029, 50.765581827757771 ] } },
{ "type": "Feature", "properties": { "id": "Aachen_hbf", "num_hh": "8", "num_cars": 1, "ARS": "053340002002", "AGS": "05334002", "ARS_0": "053340002002", "AGS_0": "05334002", "SDV_ARS": "053340002002", "GEN": "Aachen", "BEZ": "Stadt", "NUTS": "DEA2D", "RegioStaR7": "72", "scenario": 50, "year": 2038 }, "geometry": { "type": "Point", "coordinates": [ 6.100645865599973, 50.765282512147117 ] } },
{ "type": "Feature", "properties": { "id": "Aachen_hbf", "num_hh": "8", "num_cars": 1, "ARS": "053340002002", "AGS": "05334002", "ARS_0": "053340002002", "AGS_0": "05334002", "SDV_ARS": "053340002002", "GEN": "Aachen", "BEZ": "Stadt", "NUTS": "DEA2D", "RegioStaR7": "72", "scenario": 50, "year": 2038 }, "geometry": { "type": "Point", "coordinates": [ 6.101266978529139, 50.765469584628171 ] } },
{ "type": "Feature", "properties": { "id": "Aachen_hbf", "num_hh": "7", "num_cars": 1, "ARS": "053340002002", "AGS": "05334002", "ARS_0": "053340002002", "AGS_0": "05334002", "SDV_ARS": "053340002002", "GEN": "Aachen", "BEZ": "Stadt", "NUTS": "DEA2D", "RegioStaR7": "72", "scenario": 50, "year": 2038 }, "geometry": { "type": "Point", "coordinates": [ 6.101119094498386, 50.765226390256956 ] } },
{ "type": "Feature", "properties": { "id": "Aachen_hbf", "num_hh": "7", "num_cars": 1, "ARS": "053340002002", "AGS": "05334002", "ARS_0": "053340002002", "AGS_0": "05334002", "SDV_ARS": "053340002002", "GEN": "Aachen", "BEZ": "Stadt", "NUTS": "DEA2D", "RegioStaR7": "72", "scenario": 50, "year": 2038 }, "geometry": { "type": "Point", "coordinates": [ 6.101725419024477, 50.765357341229297 ] } },
{ "type": "Feature", "properties": { "id": "Aachen_hbf", "num_hh": "7", "num_cars": 1, "ARS": "053340002002", "AGS": "05334002", "ARS_0": "053340002002", "AGS_0": "05334002", "SDV_ARS": "053340002002", "GEN": "Aachen", "BEZ": "Stadt", "NUTS": "DEA2D", "RegioStaR7": "72", "scenario": 50, "year": 2038 }, "geometry": { "type": "Point", "coordinates": [ 6.101577534993724, 50.765048670493954 ] } },
{ "type": "Feature", "properties": { "id": "Aachen_hbf", "num_hh": "8", "num_cars": 1, "ARS": "053340002002", "AGS": "05334002", "ARS_0": "053340002002", "AGS_0": "05334002", "SDV_ARS": "053340002002", "GEN": "Aachen", "BEZ": "Stadt", "NUTS": "DEA2D", "RegioStaR7": "72", "scenario": 50, "year": 2038 }, "geometry": { "type": "Point", "coordinates": [ 6.102095129101363, 50.76523574390999 ] } },
{ "type": "Feature", "properties": { "id": "Aachen_hbf", "num_hh": "8", "num_cars": 1, "ARS": "053340002002", "AGS": "05334002", "ARS_0": "053340002002", "AGS_0": "05334002", "SDV_ARS": "053340002002", "GEN": "Aachen", "BEZ": "Stadt", "NUTS": "DEA2D", "RegioStaR7": "72", "scenario": 50, "year": 2038 }, "geometry": { "type": "Point", "coordinates": [ 6.101976821876759, 50.764927072372423 ] } },
{ "type": "Feature", "properties": { "id": "Aachen_hbf", "num_hh": "8", "num_cars": 1, "ARS": "053340002002", "AGS": "05334002", "ARS_0": "053340002002", "AGS_0": "05334002", "SDV_ARS": "053340002002", "GEN": "Aachen", "BEZ": "Stadt", "NUTS": "DEA2D", "RegioStaR7": "72", "scenario": 50, "year": 2038 }, "geometry": { "type": "Point", "coordinates": [ 6.102538781193624, 50.765142207295476 ] } },
{ "type": "Feature", "properties": { "id": "Aachen_hbf", "num_hh": "8", "num_cars": 1, "ARS": "053340002002", "AGS": "05334002", "ARS_0": "053340002002", "AGS_0": "05334002", "SDV_ARS": "053340002002", "GEN": "Aachen", "BEZ": "Stadt", "NUTS": "DEA2D", "RegioStaR7": "72", "scenario": 50, "year": 2038 }, "geometry": { "type": "Point", "coordinates": [ 6.102405685565946, 50.764908364941057 ] } },
{ "type": "Feature", "properties": { "id": "Aachen_hbf", "num_hh": "8", "num_cars": 1, "ARS": "053340002002", "AGS": "05334002", "ARS_0": "053340002002", "AGS_0": "05334002", "SDV_ARS": "053340002002", "GEN": "Aachen", "BEZ": "Stadt", "NUTS": "DEA2D", "RegioStaR7": "72", "scenario": 50, "year": 2038 }, "geometry": { "type": "Point", "coordinates": [ 6.102331743550569, 50.764674521417909 ] } },
{ "type": "Feature", "properties": { "id": "Aachen_hbf", "num_hh": "7", "num_cars": 1, "ARS": "053340002002", "AGS": "05334002", "ARS_0": "053340002002", "AGS_0": "05334002", "SDV_ARS": "053340002002", "GEN": "Aachen", "BEZ": "Stadt", "NUTS": "DEA2D", "RegioStaR7": "72", "scenario": 50, "year": 2038 }, "geometry": { "type": "Point", "coordinates": [ 6.103012010092038, 50.765086085237002 ] } },
{ "type": "Feature", "properties": { "id": "Aachen_hbf", "num_hh": "8", "num_cars": 1, "ARS": "053340002002", "AGS": "05334002", "ARS_0": "053340002002", "AGS_0": "05334002", "SDV_ARS": "053340002002", "GEN": "Aachen", "BEZ": "Stadt", "NUTS": "DEA2D", "RegioStaR7": "72", "scenario": 50, "year": 2038 }, "geometry": { "type": "Point", "coordinates": [ 6.102967644882811, 50.764852242602082 ] } },
{ "type": "Feature", "properties": { "id": "Aachen_hbf", "num_hh": "7", "num_cars": 1, "ARS": "053340002002", "AGS": "05334002", "ARS_0": "053340002002", "AGS_0": "05334002", "SDV_ARS": "053340002002", "GEN": "Aachen", "BEZ": "Stadt", "NUTS": "DEA2D", "RegioStaR7": "72", "scenario": 50, "year": 2038 }, "geometry": { "type": "Point", "coordinates": [ 6.102864126061283, 50.764609045021984 ] } },
{ "type": "Feature", "properties": { "id": "Aachen_hbf", "num_hh": "7", "num_cars": 1, "ARS": "053340002002", "AGS": "05334002", "ARS_0": "053340002002", "AGS_0": "05334002", "SDV_ARS": "053340002002", "GEN": "Aachen", "BEZ": "Stadt", "NUTS": "DEA2D", "RegioStaR7": "72", "scenario": 50, "year": 2038 }, "geometry": { "type": "Point", "coordinates": [ 6.103411296975074, 50.764964487212708 ] } },
{ "type": "Feature", "properties": { "id": "Aachen_hbf", "num_hh": "7", "num_cars": 1, "ARS": "053340002002", "AGS": "05334002", "ARS_0": "053340002002", "AGS_0": "05334002", "SDV_ARS": "053340002002", "GEN": "Aachen", "BEZ": "Stadt", "NUTS": "DEA2D", "RegioStaR7": "72", "scenario": 50, "year": 2038 }, "geometry": { "type": "Point", "coordinates": [ 6.103470450587375, 50.764683875181277 ] } },
{ "type": "Feature", "properties": { "id": "Aachen_hbf", "num_hh": "7", "num_cars": 1, "ARS": "053340002002", "AGS": "05334002", "ARS_0": "053340002002", "AGS_0": "05334002", "SDV_ARS": "053340002002", "GEN": "Aachen", "BEZ": "Stadt", "NUTS": "DEA2D", "RegioStaR7": "72", "scenario": 50, "year": 2038 }, "geometry": { "type": "Point", "coordinates": [ 6.103914102679637, 50.765020609417036 ] } },
{ "type": "Feature", "properties": { "id": "Aachen_hbf", "num_hh": "7", "num_cars": 1, "ARS": "053340002002", "AGS": "05334002", "ARS_0": "053340002002", "AGS_0": "05334002", "SDV_ARS": "053340002002", "GEN": "Aachen", "BEZ": "Stadt", "NUTS": "DEA2D", "RegioStaR7": "72", "scenario": 50, "year": 2038 }, "geometry": { "type": "Point", "coordinates": [ 6.103988044695014, 50.764796120195804 ] } },
{ "type": "Feature", "properties": { "id": "Moenchengladbach_neusser_str", "num_hh": "8", "num_cars": 1, "ARS": "051160000000", "AGS": "05116000", "ARS_0": "051160000000", "AGS_0": "05116000", "SDV_ARS": "051160000000", "GEN": "Mönchengladbach", "BEZ": "Stadt", "NUTS": "DEA15", "RegioStaR7": "72", "scenario": 50, "year": 2038 }, "geometry": { "type": "Point", "coordinates": [ 6.46907674561902, 51.202569673568334 ] } },
{ "type": "Feature", "properties": { "id": "Moenchengladbach_neusser_str", "num_hh": "8", "num_cars": 1, "ARS": "051160000000", "AGS": "05116000", "ARS_0": "051160000000", "AGS_0": "05116000", "SDV_ARS": "051160000000", "GEN": "Mönchengladbach", "BEZ": "Stadt", "NUTS": "DEA15", "RegioStaR7": "72", "scenario": 50, "year": 2038 }, "geometry": { "type": "Point", "coordinates": [ 6.469106322425171, 51.202402886115507 ] } },
{ "type": "Feature", "properties": { "id": "Moenchengladbach_neusser_str", "num_hh": "8", "num_cars": 1, "ARS": "051160000000", "AGS": "05116000", "ARS_0": "051160000000", "AGS_0": "05116000", "SDV_ARS": "051160000000", "GEN": "Mönchengladbach", "BEZ": "Stadt", "NUTS": "DEA15", "RegioStaR7": "72", "scenario": 50, "year": 2038 }, "geometry": { "type": "Point", "coordinates": [ 6.469135899231322, 51.202199033964135 ] } },
{ "type": "Feature", "properties": { "id": "Moenchengladbach_neusser_str", "num_hh": "8", "num_cars": 1, "ARS": "051160000000", "AGS": "05116000", "ARS_0": "051160000000", "AGS_0": "05116000", "SDV_ARS": "051160000000", "GEN": "Mönchengladbach", "BEZ": "Stadt", "NUTS": "DEA15", "RegioStaR7": "72", "scenario": 50, "year": 2038 }, "geometry": { "type": "Point", "coordinates": [ 6.469150687634397, 51.202050777287397 ] } },
{ "type": "Feature", "properties": { "id": "Moenchengladbach_neusser_str", "num_hh": "7", "num_cars": 1, "ARS": "051160000000", "AGS": "05116000", "ARS_0": "051160000000", "AGS_0": "05116000", "SDV_ARS": "051160000000", "GEN": "Mönchengladbach", "BEZ": "Stadt", "NUTS": "DEA15", "RegioStaR7": "72", "scenario": 50, "year": 2038 }, "geometry": { "type": "Point", "coordinates": [ 6.46946124409898, 51.20256040751206 ] } },
{ "type": "Feature", "properties": { "id": "Moenchengladbach_neusser_str", "num_hh": "7", "num_cars": 1, "ARS": "051160000000", "AGS": "05116000", "ARS_0": "051160000000", "AGS_0": "05116000", "SDV_ARS": "051160000000", "GEN": "Mönchengladbach", "BEZ": "Stadt", "NUTS": "DEA15", "RegioStaR7": "72", "scenario": 50, "year": 2038 }, "geometry": { "type": "Point", "coordinates": [ 6.469490820905131, 51.202393620059233 ] } },
{ "type": "Feature", "properties": { "id": "Moenchengladbach_neusser_str", "num_hh": "8", "num_cars": 1, "ARS": "051160000000", "AGS": "05116000", "ARS_0": "051160000000", "AGS_0": "05116000", "SDV_ARS": "051160000000", "GEN": "Mönchengladbach", "BEZ": "Stadt", "NUTS": "DEA15", "RegioStaR7": "72", "scenario": 50, "year": 2038 }, "geometry": { "type": "Point", "coordinates": [ 6.469520397711282, 51.202189767907861 ] } },
{ "type": "Feature", "properties": { "id": "Moenchengladbach_neusser_str", "num_hh": "8", "num_cars": 1, "ARS": "051160000000", "AGS": "05116000", "ARS_0": "051160000000", "AGS_0": "05116000", "SDV_ARS": "051160000000", "GEN": "Mönchengladbach", "BEZ": "Stadt", "NUTS": "DEA15", "RegioStaR7": "72", "scenario": 50, "year": 2038 }, "geometry": { "type": "Point", "coordinates": [ 6.469535186114357, 51.202041511231123 ] } },
{ "type": "Feature", "properties": { "id": "Moenchengladbach_neusser_str", "num_hh": "7", "num_cars": 1, "ARS": "051160000000", "AGS": "05116000", "ARS_0": "051160000000", "AGS_0": "05116000", "SDV_ARS": "051160000000", "GEN": "Mönchengladbach", "BEZ": "Stadt", "NUTS": "DEA15", "RegioStaR7": "72", "scenario": 50, "year": 2038 }, "geometry": { "type": "Point", "coordinates": [ 6.469949261400469, 51.20256040751206 ] } },
{ "type": "Feature", "properties": { "id": "Moenchengladbach_neusser_str", "num_hh": "7", "num_cars": 1, "ARS": "051160000000", "AGS": "05116000", "ARS_0": "051160000000", "AGS_0": "05116000", "SDV_ARS": "051160000000", "GEN": "Mönchengladbach", "BEZ": "Stadt", "NUTS": "DEA15", "RegioStaR7": "72", "scenario": 50, "year": 2038 }, "geometry": { "type": "Point", "coordinates": [ 6.46997883820662, 51.202393620059233 ] } },
{ "type": "Feature", "properties": { "id": "Moenchengladbach_neusser_str", "num_hh": "7", "num_cars": 1, "ARS": "051160000000", "AGS": "05116000", "ARS_0": "051160000000", "AGS_0": "05116000", "SDV_ARS": "051160000000", "GEN": "Mönchengladbach", "BEZ": "Stadt", "NUTS": "DEA15", "RegioStaR7": "72", "scenario": 50, "year": 2038 }, "geometry": { "type": "Point", "coordinates": [ 6.470008415012771, 51.202189767907861 ] } },
{ "type": "Feature", "properties": { "id": "Moenchengladbach_neusser_str", "num_hh": "8", "num_cars": 1, "ARS": "051160000000", "AGS": "05116000", "ARS_0": "051160000000", "AGS_0": "05116000", "SDV_ARS": "051160000000", "GEN": "Mönchengladbach", "BEZ": "Stadt", "NUTS": "DEA15", "RegioStaR7": "72", "scenario": 50, "year": 2038 }, "geometry": { "type": "Point", "coordinates": [ 6.470023203415846, 51.202041511231123 ] } },
{ "type": "Feature", "properties": { "id": "Moenchengladbach_neusser_str", "num_hh": "8", "num_cars": 1, "ARS": "051160000000", "AGS": "05116000", "ARS_0": "051160000000", "AGS_0": "05116000", "SDV_ARS": "051160000000", "GEN": "Mönchengladbach", "BEZ": "Stadt", "NUTS": "DEA15", "RegioStaR7": "72", "scenario": 50, "year": 2038 }, "geometry": { "type": "Point", "coordinates": [ 6.47039291349273, 51.202532609332053 ] } },
{ "type": "Feature", "properties": { "id": "Moenchengladbach_neusser_str", "num_hh": "8", "num_cars": 1, "ARS": "051160000000", "AGS": "05116000", "ARS_0": "051160000000", "AGS_0": "05116000", "SDV_ARS": "051160000000", "GEN": "Mönchengladbach", "BEZ": "Stadt", "NUTS": "DEA15", "RegioStaR7": "72", "scenario": 50, "year": 2038 }, "geometry": { "type": "Point", "coordinates": [ 6.470422490298881, 51.202365821879226 ] } },
{ "type": "Feature", "properties": { "id": "Moenchengladbach_neusser_str", "num_hh": "8", "num_cars": 1, "ARS": "051160000000", "AGS": "05116000", "ARS_0": "051160000000", "AGS_0": "05116000", "SDV_ARS": "051160000000", "GEN": "Mönchengladbach", "BEZ": "Stadt", "NUTS": "DEA15", "RegioStaR7": "72", "scenario": 50, "year": 2038 }, "geometry": { "type": "Point", "coordinates": [ 6.470452067105032, 51.202161969727854 ] } },
{ "type": "Feature", "properties": { "id": "Moenchengladbach_neusser_str", "num_hh": "7", "num_cars": 1, "ARS": "051160000000", "AGS": "05116000", "ARS_0": "051160000000", "AGS_0": "05116000", "SDV_ARS": "051160000000", "GEN": "Mönchengladbach", "BEZ": "Stadt", "NUTS": "DEA15", "RegioStaR7": "72", "scenario": 50, "year": 2038 }, "geometry": { "type": "Point", "coordinates": [ 6.470466855508107, 51.202013713051116 ] } },
{ "type": "Feature", "properties": { "id": "Moenchengladbach_neusser_str", "num_hh": "8", "num_cars": 1, "ARS": "051160000000", "AGS": "05116000", "ARS_0": "051160000000", "AGS_0": "05116000", "SDV_ARS": "051160000000", "GEN": "Mönchengladbach", "BEZ": "Stadt", "NUTS": "DEA15", "RegioStaR7": "72", "scenario": 50, "year": 2038 }, "geometry": { "type": "Point", "coordinates": [ 6.470821777181917, 51.202884718372651 ] } },
{ "type": "Feature", "properties": { "id": "Moenchengladbach_neusser_str", "num_hh": "8", "num_cars": 1, "ARS": "051160000000", "AGS": "05116000", "ARS_0": "051160000000", "AGS_0": "05116000", "SDV_ARS": "051160000000", "GEN": "Mönchengladbach", "BEZ": "Stadt", "NUTS": "DEA15", "RegioStaR7": "72", "scenario": 50, "year": 2038 }, "geometry": { "type": "Point", "coordinates": [ 6.470851353988068, 51.202717930919825 ] } },
{ "type": "Feature", "properties": { "id": "Moenchengladbach_neusser_str", "num_hh": "8", "num_cars": 1, "ARS": "051160000000", "AGS": "05116000", "ARS_0": "051160000000", "AGS_0": "05116000", "SDV_ARS": "051160000000", "GEN": "Mönchengladbach", "BEZ": "Stadt", "NUTS": "DEA15", "RegioStaR7": "72", "scenario": 50, "year": 2038 }, "geometry": { "type": "Point", "coordinates": [ 6.470880930794219, 51.202514078768452 ] } },
{ "type": "Feature", "properties": { "id": "Moenchengladbach_neusser_str", "num_hh": "7", "num_cars": 1, "ARS": "051160000000", "AGS": "05116000", "ARS_0": "051160000000", "AGS_0": "05116000", "SDV_ARS": "051160000000", "GEN": "Mönchengladbach", "BEZ": "Stadt", "NUTS": "DEA15", "RegioStaR7": "72", "scenario": 50, "year": 2038 }, "geometry": { "type": "Point", "coordinates": [ 6.470895719197294, 51.202365822091714 ] } },
{ "type": "Feature", "properties": { "id": "Moenchengladbach_neusser_str", "num_hh": "8", "num_cars": 1, "ARS": "051160000000", "AGS": "05116000", "ARS_0": "051160000000", "AGS_0": "05116000", "SDV_ARS": "051160000000", "GEN": "Mönchengladbach", "BEZ": "Stadt", "NUTS": "DEA15", "RegioStaR7": "72", "scenario": 50, "year": 2038 }, "geometry": { "type": "Point", "coordinates": [ 6.470245029461976, 51.203227558799647 ] } },
{ "type": "Feature", "properties": { "id": "Moenchengladbach_neusser_str", "num_hh": "7", "num_cars": 1, "ARS": "051160000000", "AGS": "05116000", "ARS_0": "051160000000", "AGS_0": "05116000", "SDV_ARS": "051160000000", "GEN": "Mönchengladbach", "BEZ": "Stadt", "NUTS": "DEA15", "RegioStaR7": "72", "scenario": 50, "year": 2038 }, "geometry": { "type": "Point", "coordinates": [ 6.470274606268127, 51.20306077134682 ] } },
{ "type": "Feature", "properties": { "id": "Moenchengladbach_neusser_str", "num_hh": "8", "num_cars": 1, "ARS": "051160000000", "AGS": "05116000", "ARS_0": "051160000000", "AGS_0": "05116000", "SDV_ARS": "051160000000", "GEN": "Mönchengladbach", "BEZ": "Stadt", "NUTS": "DEA15", "RegioStaR7": "72", "scenario": 50, "year": 2038 }, "geometry": { "type": "Point", "coordinates": [ 6.470304183074278, 51.202856919195447 ] } },
{ "type": "Feature", "properties": { "id": "Moenchengladbach_neusser_str", "num_hh": "8", "num_cars": 1, "ARS": "051160000000", "AGS": "05116000", "ARS_0": "051160000000", "AGS_0": "05116000", "SDV_ARS": "051160000000", "GEN": "Mönchengladbach", "BEZ": "Stadt", "NUTS": "DEA15", "RegioStaR7": "72", "scenario": 50, "year": 2038 }, "geometry": { "type": "Point", "coordinates": [ 6.470318971477353, 51.20270866251871 ] } },
{ "type": "Feature", "properties": { "id": "Moenchengladbach_neusser_str", "num_hh": "7", "num_cars": 1, "ARS": "051160000000", "AGS": "05116000", "ARS_0": "051160000000", "AGS_0": "05116000", "SDV_ARS": "051160000000", "GEN": "Mönchengladbach", "BEZ": "Stadt", "NUTS": "DEA15", "RegioStaR7": "72", "scenario": 50, "year": 2038 }, "geometry": { "type": "Point", "coordinates": [ 6.469816165772789, 51.203246090641926 ] } },
{ "type": "Feature", "properties": { "id": "Moenchengladbach_neusser_str", "num_hh": "8", "num_cars": 1, "ARS": "051160000000", "AGS": "05116000", "ARS_0": "051160000000", "AGS_0": "05116000", "SDV_ARS": "051160000000", "GEN": "Mönchengladbach", "BEZ": "Stadt", "NUTS": "DEA15", "RegioStaR7": "72", "scenario": 50, "year": 2038 }, "geometry": { "type": "Point", "coordinates": [ 6.46984574257894, 51.203079303189099 ] } },
{ "type": "Feature", "properties": { "id": "Moenchengladbach_neusser_str", "num_hh": "8", "num_cars": 1, "ARS": "051160000000", "AGS": "05116000", "ARS_0": "051160000000", "AGS_0": "05116000", "SDV_ARS": "051160000000", "GEN": "Mönchengladbach", "BEZ": "Stadt", "NUTS": "DEA15", "RegioStaR7": "72", "scenario": 50, "year": 2038 }, "geometry": { "type": "Point", "coordinates": [ 6.469875319385091, 51.202875451037727 ] } },
{ "type": "Feature", "properties": { "id": "Moenchengladbach_neusser_str", "num_hh": "8", "num_cars": 1, "ARS": "051160000000", "AGS": "05116000", "ARS_0": "051160000000", "AGS_0": "05116000", "SDV_ARS": "051160000000", "GEN": "Mönchengladbach", "BEZ": "Stadt", "NUTS": "DEA15", "RegioStaR7": "72", "scenario": 50, "year": 2038 }, "geometry": { "type": "Point", "coordinates": [ 6.469890107788166, 51.202727194360989 ] } },
{ "type": "Feature", "properties": { "id": "Kornelienmuenster_station_south", "num_hh": "7", "num_cars": 1, "ARS": "053340002002", "AGS": "05334002", "ARS_0": "053340002002", "AGS_0": "05334002", "SDV_ARS": "053340002002", "GEN": "Aachen", "BEZ": "Stadt", "NUTS": "DEA2D", "RegioStaR7": "72", "scenario": 50, "year": 2038 }, "geometry": { "type": "Point", "coordinates": [ 6.181360969585516, 50.726830250466264 ] } },
{ "type": "Feature", "properties": { "id": "Kornelienmuenster_station_south", "num_hh": "7", "num_cars": 1, "ARS": "053340002002", "AGS": "05334002", "ARS_0": "053340002002", "AGS_0": "05334002", "SDV_ARS": "053340002002", "GEN": "Aachen", "BEZ": "Stadt", "NUTS": "DEA2D", "RegioStaR7": "72", "scenario": 50, "year": 2038 }, "geometry": { "type": "Point", "coordinates": [ 6.181124355136308, 50.726717914373275 ] } },
{ "type": "Feature", "properties": { "id": "Kornelienmuenster_station_south", "num_hh": "8", "num_cars": 1, "ARS": "053340002002", "AGS": "05334002", "ARS_0": "053340002002", "AGS_0": "05334002", "SDV_ARS": "053340002002", "GEN": "Aachen", "BEZ": "Stadt", "NUTS": "DEA2D", "RegioStaR7": "72", "scenario": 50, "year": 2038 }, "geometry": { "type": "Point", "coordinates": [ 6.180813798671726, 50.726568132496958 ] } },
{ "type": "Feature", "properties": { "id": "Kornelienmuenster_station_south", "num_hh": "7", "num_cars": 1, "ARS": "053340002002", "AGS": "05334002", "ARS_0": "053340002002", "AGS_0": "05334002", "SDV_ARS": "053340002002", "GEN": "Aachen", "BEZ": "Stadt", "NUTS": "DEA2D", "RegioStaR7": "72", "scenario": 50, "year": 2038 }, "geometry": { "type": "Point", "coordinates": [ 6.180562395819443, 50.726446434369876 ] } },
{ "type": "Feature", "properties": { "id": "Kornelienmuenster_station_south", "num_hh": "7", "num_cars": 1, "ARS": "053340002002", "AGS": "05334002", "ARS_0": "053340002002", "AGS_0": "05334002", "SDV_ARS": "053340002002", "GEN": "Aachen", "BEZ": "Stadt", "NUTS": "DEA2D", "RegioStaR7": "72", "scenario": 50, "year": 2038 }, "geometry": { "type": "Point", "coordinates": [ 6.180325781370237, 50.726315374494874 ] } },
{ "type": "Feature", "properties": { "id": "Kornelienmuenster_station_south", "num_hh": "7", "num_cars": 1, "ARS": "053340002002", "AGS": "05334002", "ARS_0": "053340002002", "AGS_0": "05334002", "SDV_ARS": "053340002002", "GEN": "Aachen", "BEZ": "Stadt", "NUTS": "DEA2D", "RegioStaR7": "72", "scenario": 50, "year": 2038 }, "geometry": { "type": "Point", "coordinates": [ 6.18137575798859, 50.726437070549466 ] } },
{ "type": "Feature", "properties": { "id": "Kornelienmuenster_station_south", "num_hh": "8", "num_cars": 1, "ARS": "053340002002", "AGS": "05334002", "ARS_0": "053340002002", "AGS_0": "05334002", "SDV_ARS": "053340002002", "GEN": "Aachen", "BEZ": "Stadt", "NUTS": "DEA2D", "RegioStaR7": "72", "scenario": 50, "year": 2038 }, "geometry": { "type": "Point", "coordinates": [ 6.181065201524008, 50.726287288673149 ] } },
{ "type": "Feature", "properties": { "id": "Kornelienmuenster_station_south", "num_hh": "7", "num_cars": 1, "ARS": "053340002002", "AGS": "05334002", "ARS_0": "053340002002", "AGS_0": "05334002", "SDV_ARS": "053340002002", "GEN": "Aachen", "BEZ": "Stadt", "NUTS": "DEA2D", "RegioStaR7": "72", "scenario": 50, "year": 2038 }, "geometry": { "type": "Point", "coordinates": [ 6.180813798671725, 50.726165590546067 ] } },
{ "type": "Feature", "properties": { "id": "Kornelienmuenster_station_south", "num_hh": "7", "num_cars": 1, "ARS": "053340002002", "AGS": "05334002", "ARS_0": "053340002002", "AGS_0": "05334002", "SDV_ARS": "053340002002", "GEN": "Aachen", "BEZ": "Stadt", "NUTS": "DEA2D", "RegioStaR7": "72", "scenario": 50, "year": 2038 }, "geometry": { "type": "Point", "coordinates": [ 6.180577184222519, 50.726034530671065 ] } },
{ "type": "Feature", "properties": { "id": "Kornelienmuenster_station_south", "num_hh": "8", "num_cars": 1, "ARS": "053340002002", "AGS": "05334002", "ARS_0": "053340002002", "AGS_0": "05334002", "SDV_ARS": "053340002002", "GEN": "Aachen", "BEZ": "Stadt", "NUTS": "DEA2D", "RegioStaR7": "72", "scenario": 50, "year": 2038 }, "geometry": { "type": "Point", "coordinates": [ 6.181612372437797, 50.726549406642455 ] } },
{ "type": "Feature", "properties": { "id": "Kornelienmuenster_station_south", "num_hh": "7", "num_cars": 1, "ARS": "053340002002", "AGS": "05334002", "ARS_0": "053340002002", "AGS_0": "05334002", "SDV_ARS": "053340002002", "GEN": "Aachen", "BEZ": "Stadt", "NUTS": "DEA2D", "RegioStaR7": "72", "scenario": 50, "year": 2038 }, "geometry": { "type": "Point", "coordinates": [ 6.181627160840872, 50.726137501948529 ] } },
{ "type": "Feature", "properties": { "id": "Kornelienmuenster_station_south", "num_hh": "8", "num_cars": 1, "ARS": "053340002002", "AGS": "05334002", "ARS_0": "053340002002", "AGS_0": "05334002", "SDV_ARS": "053340002002", "GEN": "Aachen", "BEZ": "Stadt", "NUTS": "DEA2D", "RegioStaR7": "72", "scenario": 50, "year": 2038 }, "geometry": { "type": "Point", "coordinates": [ 6.181316604376289, 50.725987720072212 ] } },
{ "type": "Feature", "properties": { "id": "Kornelienmuenster_station_south", "num_hh": "8", "num_cars": 1, "ARS": "053340002002", "AGS": "05334002", "ARS_0": "053340002002", "AGS_0": "05334002", "SDV_ARS": "053340002002", "GEN": "Aachen", "BEZ": "Stadt", "NUTS": "DEA2D", "RegioStaR7": "72", "scenario": 50, "year": 2038 }, "geometry": { "type": "Point", "coordinates": [ 6.181065201524007, 50.72586602194513 ] } },
{ "type": "Feature", "properties": { "id": "Kornelienmuenster_station_south", "num_hh": "8", "num_cars": 1, "ARS": "053340002002", "AGS": "05334002", "ARS_0": "053340002002", "AGS_0": "05334002", "SDV_ARS": "053340002002", "GEN": "Aachen", "BEZ": "Stadt", "NUTS": "DEA2D", "RegioStaR7": "72", "scenario": 50, "year": 2038 }, "geometry": { "type": "Point", "coordinates": [ 6.1808285870748, 50.725734962070128 ] } },
{ "type": "Feature", "properties": { "id": "Kornelienmuenster_station_south", "num_hh": "8", "num_cars": 1, "ARS": "053340002002", "AGS": "05334002", "ARS_0": "053340002002", "AGS_0": "05334002", "SDV_ARS": "053340002002", "GEN": "Aachen", "BEZ": "Stadt", "NUTS": "DEA2D", "RegioStaR7": "72", "scenario": 50, "year": 2038 }, "geometry": { "type": "Point", "coordinates": [ 6.181863775290079, 50.726249838041518 ] } },
{ "type": "Feature", "properties": { "id": "Kornelienmuenster_station_south", "num_hh": "8", "num_cars": 1, "ARS": "053340002002", "AGS": "05334002", "ARS_0": "053340002002", "AGS_0": "05334002", "SDV_ARS": "053340002002", "GEN": "Aachen", "BEZ": "Stadt", "NUTS": "DEA2D", "RegioStaR7": "72", "scenario": 50, "year": 2038 }, "geometry": { "type": "Point", "coordinates": [ 6.182869386699206, 50.72736384877939 ] } },
{ "type": "Feature", "properties": { "id": "Kornelienmuenster_station_south", "num_hh": "7", "num_cars": 1, "ARS": "053340002002", "AGS": "05334002", "ARS_0": "053340002002", "AGS_0": "05334002", "SDV_ARS": "053340002002", "GEN": "Aachen", "BEZ": "Stadt", "NUTS": "DEA2D", "RegioStaR7": "72", "scenario": 50, "year": 2038 }, "geometry": { "type": "Point", "coordinates": [ 6.182558830234623, 50.727214066903073 ] } },
{ "type": "Feature", "properties": { "id": "Kornelienmuenster_station_south", "num_hh": "7", "num_cars": 1, "ARS": "053340002002", "AGS": "05334002", "ARS_0": "053340002002", "AGS_0": "05334002", "SDV_ARS": "053340002002", "GEN": "Aachen", "BEZ": "Stadt", "NUTS": "DEA2D", "RegioStaR7": "72", "scenario": 50, "year": 2038 }, "geometry": { "type": "Point", "coordinates": [ 6.182307427382341, 50.727092368775992 ] } },
{ "type": "Feature", "properties": { "id": "Kornelienmuenster_station_south", "num_hh": "8", "num_cars": 1, "ARS": "053340002002", "AGS": "05334002", "ARS_0": "053340002002", "AGS_0": "05334002", "SDV_ARS": "053340002002", "GEN": "Aachen", "BEZ": "Stadt", "NUTS": "DEA2D", "RegioStaR7": "72", "scenario": 50, "year": 2038 }, "geometry": { "type": "Point", "coordinates": [ 6.182070812933135, 50.726961308900989 ] } },
{ "type": "Feature", "properties": { "id": "Kornelienmuenster_station_south", "num_hh": "7", "num_cars": 1, "ARS": "053340002002", "AGS": "05334002", "ARS_0": "053340002002", "AGS_0": "05334002", "SDV_ARS": "053340002002", "GEN": "Aachen", "BEZ": "Stadt", "NUTS": "DEA2D", "RegioStaR7": "72", "scenario": 50, "year": 2038 }, "geometry": { "type": "Point", "coordinates": [ 6.183106001148413, 50.72747618487238 ] } },
{ "type": "Feature", "properties": { "id": "Kornelienmuenster_station_south", "num_hh": "8", "num_cars": 1, "ARS": "053340002002", "AGS": "05334002", "ARS_0": "053340002002", "AGS_0": "05334002", "SDV_ARS": "053340002002", "GEN": "Aachen", "BEZ": "Stadt", "NUTS": "DEA2D", "RegioStaR7": "72", "scenario": 50, "year": 2038 }, "geometry": { "type": "Point", "coordinates": [ 6.183401769209921, 50.727129815603043 ] } },
{ "type": "Feature", "properties": { "id": "Kornelienmuenster_station_south", "num_hh": "8", "num_cars": 1, "ARS": "053340002002", "AGS": "05334002", "ARS_0": "053340002002", "AGS_0": "05334002", "SDV_ARS": "053340002002", "GEN": "Aachen", "BEZ": "Stadt", "NUTS": "DEA2D", "RegioStaR7": "72", "scenario": 50, "year": 2038 }, "geometry": { "type": "Point", "coordinates": [ 6.183091212745339, 50.726980033726726 ] } },
{ "type": "Feature", "properties": { "id": "Kornelienmuenster_station_south", "num_hh": "8", "num_cars": 1, "ARS": "053340002002", "AGS": "05334002", "ARS_0": "053340002002", "AGS_0": "05334002", "SDV_ARS": "053340002002", "GEN": "Aachen", "BEZ": "Stadt", "NUTS": "DEA2D", "RegioStaR7": "72", "scenario": 50, "year": 2038 }, "geometry": { "type": "Point", "coordinates": [ 6.182839809893056, 50.726858335599644 ] } },
{ "type": "Feature", "properties": { "id": "Kornelienmuenster_station_south", "num_hh": "7", "num_cars": 1, "ARS": "053340002002", "AGS": "05334002", "ARS_0": "053340002002", "AGS_0": "05334002", "SDV_ARS": "053340002002", "GEN": "Aachen", "BEZ": "Stadt", "NUTS": "DEA2D", "RegioStaR7": "72", "scenario": 50, "year": 2038 }, "geometry": { "type": "Point", "coordinates": [ 6.18260319544385, 50.726727275724642 ] } },
{ "type": "Feature", "properties": { "id": "Kornelienmuenster_station_south", "num_hh": "8", "num_cars": 1, "ARS": "053340002002", "AGS": "05334002", "ARS_0": "053340002002", "AGS_0": "05334002", "SDV_ARS": "053340002002", "GEN": "Aachen", "BEZ": "Stadt", "NUTS": "DEA2D", "RegioStaR7": "72", "scenario": 50, "year": 2038 }, "geometry": { "type": "Point", "coordinates": [ 6.183638383659129, 50.727242151696032 ] } },
{ "type": "Feature", "properties": { "id": "Kornelienmuenster_station_south", "num_hh": "8", "num_cars": 1, "ARS": "053340002002", "AGS": "05334002", "ARS_0": "053340002002", "AGS_0": "05334002", "SDV_ARS": "053340002002", "GEN": "Aachen", "BEZ": "Stadt", "NUTS": "DEA2D", "RegioStaR7": "72", "scenario": 50, "year": 2038 }, "geometry": { "type": "Point", "coordinates": [ 6.184570053052877, 50.727672770782114 ] } },
{ "type": "Feature", "properties": { "id": "Kornelienmuenster_station_south", "num_hh": "8", "num_cars": 1, "ARS": "053340002002", "AGS": "05334002", "ARS_0": "053340002002", "AGS_0": "05334002", "SDV_ARS": "053340002002", "GEN": "Aachen", "BEZ": "Stadt", "NUTS": "DEA2D", "RegioStaR7": "72", "scenario": 50, "year": 2038 }, "geometry": { "type": "Point", "coordinates": [ 6.184259496588294, 50.727522988905797 ] } },
{ "type": "Feature", "properties": { "id": "Kornelienmuenster_station_south", "num_hh": "8", "num_cars": 1, "ARS": "053340002002", "AGS": "05334002", "ARS_0": "053340002002", "AGS_0": "05334002", "SDV_ARS": "053340002002", "GEN": "Aachen", "BEZ": "Stadt", "NUTS": "DEA2D", "RegioStaR7": "72", "scenario": 50, "year": 2038 }, "geometry": { "type": "Point", "coordinates": [ 6.184008093736011, 50.727401290778715 ] } },
{ "type": "Feature", "properties": { "id": "Kornelienmuenster_station_south", "num_hh": "7", "num_cars": 1, "ARS": "053340002002", "AGS": "05334002", "ARS_0": "053340002002", "AGS_0": "05334002", "SDV_ARS": "053340002002", "GEN": "Aachen", "BEZ": "Stadt", "NUTS": "DEA2D", "RegioStaR7": "72", "scenario": 50, "year": 2038 }, "geometry": { "type": "Point", "coordinates": [ 6.184806667502084, 50.727785106875103 ] } },
{ "type": "Feature", "properties": { "id": "Eilendorf_station", "num_hh": "7", "num_cars": 1, "ARS": "053340002002", "AGS": "05334002", "ARS_0": "053340002002", "AGS_0": "05334002", "SDV_ARS": "053340002002", "GEN": "Aachen", "BEZ": "Stadt", "NUTS": "DEA2D", "RegioStaR7": "72", "scenario": 50, "year": 2038 }, "geometry": { "type": "Point", "coordinates": [ 6.151495789574743, 50.78536048117877 ] } },
{ "type": "Feature", "properties": { "id": "Eilendorf_station", "num_hh": "8", "num_cars": 1, "ARS": "053340002002", "AGS": "05334002", "ARS_0": "053340002002", "AGS_0": "05334002", "SDV_ARS": "053340002002", "GEN": "Aachen", "BEZ": "Stadt", "NUTS": "DEA2D", "RegioStaR7": "72", "scenario": 50, "year": 2038 }, "geometry": { "type": "Point", "coordinates": [ 6.151200021513234, 50.785313733005019 ] } },
{ "type": "Feature", "properties": { "id": "Eilendorf_station", "num_hh": "7", "num_cars": 1, "ARS": "053340002002", "AGS": "05334002", "ARS_0": "053340002002", "AGS_0": "05334002", "SDV_ARS": "053340002002", "GEN": "Aachen", "BEZ": "Stadt", "NUTS": "DEA2D", "RegioStaR7": "72", "scenario": 50, "year": 2038 }, "geometry": { "type": "Point", "coordinates": [ 6.150815523033274, 50.785266984784521 ] } },
{ "type": "Feature", "properties": { "id": "Eilendorf_station", "num_hh": "7", "num_cars": 1, "ARS": "053340002002", "AGS": "05334002", "ARS_0": "053340002002", "AGS_0": "05334002", "SDV_ARS": "053340002002", "GEN": "Aachen", "BEZ": "Stadt", "NUTS": "DEA2D", "RegioStaR7": "72", "scenario": 50, "year": 2038 }, "geometry": { "type": "Point", "coordinates": [ 6.150445812956389, 50.785201537197295 ] } },
{ "type": "Feature", "properties": { "id": "Eilendorf_station", "num_hh": "8", "num_cars": 1, "ARS": "053340002002", "AGS": "05334002", "ARS_0": "053340002002", "AGS_0": "05334002", "SDV_ARS": "053340002002", "GEN": "Aachen", "BEZ": "Stadt", "NUTS": "DEA2D", "RegioStaR7": "72", "scenario": 50, "year": 2038 }, "geometry": { "type": "Point", "coordinates": [ 6.151096502691707, 50.785453977386062 ] } },
{ "type": "Feature", "properties": { "id": "Eilendorf_station", "num_hh": "8", "num_cars": 1, "ARS": "053340002002", "AGS": "05334002", "ARS_0": "053340002002", "AGS_0": "05334002", "SDV_ARS": "053340002002", "GEN": "Aachen", "BEZ": "Stadt", "NUTS": "DEA2D", "RegioStaR7": "72", "scenario": 50, "year": 2038 }, "geometry": { "type": "Point", "coordinates": [ 6.150712004211746, 50.785407229305783 ] } },
{ "type": "Feature", "properties": { "id": "Eilendorf_station", "num_hh": "7", "num_cars": 1, "ARS": "053340002002", "AGS": "05334002", "ARS_0": "053340002002", "AGS_0": "05334002", "SDV_ARS": "053340002002", "GEN": "Aachen", "BEZ": "Stadt", "NUTS": "DEA2D", "RegioStaR7": "72", "scenario": 50, "year": 2038 }, "geometry": { "type": "Point", "coordinates": [ 6.150460601359464, 50.785547473406375 ] } },
{ "type": "Feature", "properties": { "id": "Eilendorf_station", "num_hh": "7", "num_cars": 1, "ARS": "053340002002", "AGS": "05334002", "ARS_0": "053340002002", "AGS_0": "05334002", "SDV_ARS": "053340002002", "GEN": "Aachen", "BEZ": "Stadt", "NUTS": "DEA2D", "RegioStaR7": "72", "scenario": 50, "year": 2038 }, "geometry": { "type": "Point", "coordinates": [ 6.150416236150239, 50.785781212639158 ] } },
{ "type": "Feature", "properties": { "id": "Eilendorf_station", "num_hh": "8", "num_cars": 1, "ARS": "053340002002", "AGS": "05334002", "ARS_0": "053340002002", "AGS_0": "05334002", "SDV_ARS": "053340002002", "GEN": "Aachen", "BEZ": "Stadt", "NUTS": "DEA2D", "RegioStaR7": "72", "scenario": 50, "year": 2038 }, "geometry": { "type": "Point", "coordinates": [ 6.150519754971766, 50.786099096120445 ] } },
{ "type": "Feature", "properties": { "id": "Eilendorf_station", "num_hh": "8", "num_cars": 1, "ARS": "053340002002", "AGS": "05334002", "ARS_0": "053340002002", "AGS_0": "05334002", "SDV_ARS": "053340002002", "GEN": "Aachen", "BEZ": "Stadt", "NUTS": "DEA2D", "RegioStaR7": "72", "scenario": 50, "year": 2038 }, "geometry": { "type": "Point", "coordinates": [ 6.150992983870179, 50.786080397151956 ] } },
{ "type": "Feature", "properties": { "id": "Eilendorf_station", "num_hh": "7", "num_cars": 1, "ARS": "053340002002", "AGS": "05334002", "ARS_0": "053340002002", "AGS_0": "05334002", "SDV_ARS": "053340002002", "GEN": "Aachen", "BEZ": "Stadt", "NUTS": "DEA2D", "RegioStaR7": "72", "scenario": 50, "year": 2038 }, "geometry": { "type": "Point", "coordinates": [ 6.151140867900933, 50.786220639233257 ] } },
{ "type": "Feature", "properties": { "id": "Eilendorf_station", "num_hh": "8", "num_cars": 1, "ARS": "053340002002", "AGS": "05334002", "ARS_0": "053340002002", "AGS_0": "05334002", "SDV_ARS": "053340002002", "GEN": "Aachen", "BEZ": "Stadt", "NUTS": "DEA2D", "RegioStaR7": "72", "scenario": 50, "year": 2038 }, "geometry": { "type": "Point", "coordinates": [ 6.150741581017897, 50.786286085393911 ] } },
{ "type": "Feature", "properties": { "id": "Eilendorf_station", "num_hh": "8", "num_cars": 1, "ARS": "053340002002", "AGS": "05334002", "ARS_0": "053340002002", "AGS_0": "05334002", "SDV_ARS": "053340002002", "GEN": "Aachen", "BEZ": "Stadt", "NUTS": "DEA2D", "RegioStaR7": "72", "scenario": 50, "year": 2038 }, "geometry": { "type": "Point", "coordinates": [ 6.150697215808671, 50.786575917289795 ] } },
{ "type": "Feature", "properties": { "id": "Eilendorf_station", "num_hh": "8", "num_cars": 1, "ARS": "053340002002", "AGS": "05334002", "ARS_0": "053340002002", "AGS_0": "05334002", "SDV_ARS": "053340002002", "GEN": "Aachen", "BEZ": "Stadt", "NUTS": "DEA2D", "RegioStaR7": "72", "scenario": 50, "year": 2038 }, "geometry": { "type": "Point", "coordinates": [ 6.151037349079405, 50.786585266675878 ] } },
{ "type": "Feature", "properties": { "id": "Eilendorf_station", "num_hh": "7", "num_cars": 1, "ARS": "053340002002", "AGS": "05334002", "ARS_0": "053340002002", "AGS_0": "05334002", "SDV_ARS": "053340002002", "GEN": "Aachen", "BEZ": "Stadt", "NUTS": "DEA2D", "RegioStaR7": "72", "scenario": 50, "year": 2038 }, "geometry": { "type": "Point", "coordinates": [ 6.150948618660952, 50.786809651380921 ] } },
{ "type": "Feature", "properties": { "id": "Eilendorf_station", "num_hh": "7", "num_cars": 1, "ARS": "053340002002", "AGS": "05334002", "ARS_0": "053340002002", "AGS_0": "05334002", "SDV_ARS": "053340002002", "GEN": "Aachen", "BEZ": "Stadt", "NUTS": "DEA2D", "RegioStaR7": "72", "scenario": 50, "year": 2038 }, "geometry": { "type": "Point", "coordinates": [ 6.150238775313333, 50.785332432280136 ] } },
{ "type": "Feature", "properties": { "id": "Eilendorf_station", "num_hh": "8", "num_cars": 1, "ARS": "053340002002", "AGS": "05334002", "ARS_0": "053340002002", "AGS_0": "05334002", "SDV_ARS": "053340002002", "GEN": "Aachen", "BEZ": "Stadt", "NUTS": "DEA2D", "RegioStaR7": "72", "scenario": 50, "year": 2038 }, "geometry": { "type": "Point", "coordinates": [ 6.151924653263929, 50.78739865610779 ] } },
{ "type": "Feature", "properties": { "id": "Eilendorf_station", "num_hh": "8", "num_cars": 1, "ARS": "053340002002", "AGS": "05334002", "ARS_0": "053340002002", "AGS_0": "05334002", "SDV_ARS": "053340002002", "GEN": "Aachen", "BEZ": "Stadt", "NUTS": "DEA2D", "RegioStaR7": "72", "scenario": 50, "year": 2038 }, "geometry": { "type": "Point", "coordinates": [ 6.152279574937739, 50.787473449827836 ] } },
{ "type": "Feature", "properties": { "id": "Eilendorf_station", "num_hh": "8", "num_cars": 1, "ARS": "053340002002", "AGS": "05334002", "ARS_0": "053340002002", "AGS_0": "05334002", "SDV_ARS": "053340002002", "GEN": "Aachen", "BEZ": "Stadt", "NUTS": "DEA2D", "RegioStaR7": "72", "scenario": 50, "year": 2038 }, "geometry": { "type": "Point", "coordinates": [ 6.152649285014624, 50.787585640183536 ] } },
{ "type": "Feature", "properties": { "id": "Eilendorf_station", "num_hh": "7", "num_cars": 1, "ARS": "053340002002", "AGS": "05334002", "ARS_0": "053340002002", "AGS_0": "05334002", "SDV_ARS": "053340002002", "GEN": "Aachen", "BEZ": "Stadt", "NUTS": "DEA2D", "RegioStaR7": "72", "scenario": 50, "year": 2038 }, "geometry": { "type": "Point", "coordinates": [ 6.153004206688435, 50.787679131940955 ] } },
{ "type": "Feature", "properties": { "id": "Eilendorf_station", "num_hh": "8", "num_cars": 1, "ARS": "053340002002", "AGS": "05334002", "ARS_0": "053340002002", "AGS_0": "05334002", "SDV_ARS": "053340002002", "GEN": "Aachen", "BEZ": "Stadt", "NUTS": "DEA2D", "RegioStaR7": "72", "scenario": 50, "year": 2038 }, "geometry": { "type": "Point", "coordinates": [ 6.153270397943791, 50.787810020087235 ] } },
{ "type": "Feature", "properties": { "id": "Eilendorf_station", "num_hh": "7", "num_cars": 1, "ARS": "053340002002", "AGS": "05334002", "ARS_0": "053340002002", "AGS_0": "05334002", "SDV_ARS": "053340002002", "GEN": "Aachen", "BEZ": "Stadt", "NUTS": "DEA2D", "RegioStaR7": "72", "scenario": 50, "year": 2038 }, "geometry": { "type": "Point", "coordinates": [ 6.153033783494585, 50.788071795280445 ] } },
{ "type": "Feature", "properties": { "id": "Eilendorf_station", "num_hh": "8", "num_cars": 1, "ARS": "053340002002", "AGS": "05334002", "ARS_0": "053340002002", "AGS_0": "05334002", "SDV_ARS": "053340002002", "GEN": "Aachen", "BEZ": "Stadt", "NUTS": "DEA2D", "RegioStaR7": "72", "scenario": 50, "year": 2038 }, "geometry": { "type": "Point", "coordinates": [ 6.152560554596171, 50.787903511395939 ] } },
{ "type": "Feature", "properties": { "id": "Eilendorf_station", "num_hh": "8", "num_cars": 1, "ARS": "053340002002", "AGS": "05334002", "ARS_0": "053340002002", "AGS_0": "05334002", "SDV_ARS": "053340002002", "GEN": "Aachen", "BEZ": "Stadt", "NUTS": "DEA2D", "RegioStaR7": "72", "scenario": 50, "year": 2038 }, "geometry": { "type": "Point", "coordinates": [ 6.152176056116211, 50.787810020087235 ] } },
{ "type": "Feature", "properties": { "id": "Eilendorf_station", "num_hh": "7", "num_cars": 1, "ARS": "053340002002", "AGS": "05334002", "ARS_0": "053340002002", "AGS_0": "05334002", "SDV_ARS": "053340002002", "GEN": "Aachen", "BEZ": "Stadt", "NUTS": "DEA2D", "RegioStaR7": "72", "scenario": 50, "year": 2038 }, "geometry": { "type": "Point", "coordinates": [ 6.151850711248552, 50.787697830270005 ] } },
{ "type": "Feature", "properties": { "id": "Eilendorf_station", "num_hh": "7", "num_cars": 1, "ARS": "053340002002", "AGS": "05334002", "ARS_0": "053340002002", "AGS_0": "05334002", "SDV_ARS": "053340002002", "GEN": "Aachen", "BEZ": "Stadt", "NUTS": "DEA2D", "RegioStaR7": "72", "scenario": 50, "year": 2038 }, "geometry": { "type": "Point", "coordinates": [ 6.152161267713136, 50.788146587923556 ] } },
{ "type": "Feature", "properties": { "id": "Eilendorf_station", "num_hh": "7", "num_cars": 1, "ARS": "053340002002", "AGS": "05334002", "ARS_0": "053340002002", "AGS_0": "05334002", "SDV_ARS": "053340002002", "GEN": "Aachen", "BEZ": "Stadt", "NUTS": "DEA2D", "RegioStaR7": "72", "scenario": 50, "year": 2038 }, "geometry": { "type": "Point", "coordinates": [ 6.152649285014624, 50.788399012210625 ] } },
{ "type": "Feature", "properties": { "id": "Eilendorf_station", "num_hh": "8", "num_cars": 1, "ARS": "053340002002", "AGS": "05334002", "ARS_0": "053340002002", "AGS_0": "05334002", "SDV_ARS": "053340002002", "GEN": "Aachen", "BEZ": "Stadt", "NUTS": "DEA2D", "RegioStaR7": "72", "scenario": 50, "year": 2038 }, "geometry": { "type": "Point", "coordinates": [ 6.153033783494585, 50.78841771025175 ] } },
{ "type": "Feature", "properties": { "id": "Eilendorf_station", "num_hh": "8", "num_cars": 1, "ARS": "053340002002", "AGS": "05334002", "ARS_0": "053340002002", "AGS_0": "05334002", "SDV_ARS": "053340002002", "GEN": "Aachen", "BEZ": "Stadt", "NUTS": "DEA2D", "RegioStaR7": "72", "scenario": 50, "year": 2038 }, "geometry": { "type": "Point", "coordinates": [ 6.152678861820775, 50.788127889773989 ] } },
{ "type": "Feature", "properties": { "id": "Neuss_sued", "num_hh": "7", "num_cars": 1, "ARS": "051620024024", "AGS": "05162024", "ARS_0": "051620024024", "AGS_0": "05162024", "SDV_ARS": "051620024024", "GEN": "Neuss", "BEZ": "Stadt", "NUTS": "DEA1D", "RegioStaR7": "72", "scenario": 50, "year": 2038 }, "geometry": { "type": "Point", "coordinates": [ 6.692858558056784, 51.18338631636523 ] } },
{ "type": "Feature", "properties": { "id": "Neuss_sued", "num_hh": "8", "num_cars": 1, "ARS": "051620024024", "AGS": "05162024", "ARS_0": "051620024024", "AGS_0": "05162024", "SDV_ARS": "051620024024", "GEN": "Neuss", "BEZ": "Stadt", "NUTS": "DEA1D", "RegioStaR7": "72", "scenario": 50, "year": 2038 }, "geometry": { "type": "Point", "coordinates": [ 6.693065595699841, 51.183553172665142 ] } },
{ "type": "Feature", "properties": { "id": "Neuss_sued", "num_hh": "8", "num_cars": 1, "ARS": "051620024024", "AGS": "05162024", "ARS_0": "051620024024", "AGS_0": "05162024", "SDV_ARS": "051620024024", "GEN": "Neuss", "BEZ": "Stadt", "NUTS": "DEA1D", "RegioStaR7": "72", "scenario": 50, "year": 2038 }, "geometry": { "type": "Point", "coordinates": [ 6.69325784493982, 51.183710758616023 ] } },
{ "type": "Feature", "properties": { "id": "Neuss_sued", "num_hh": "8", "num_cars": 1, "ARS": "051620024024", "AGS": "05162024", "ARS_0": "051620024024", "AGS_0": "05162024", "SDV_ARS": "051620024024", "GEN": "Neuss", "BEZ": "Stadt", "NUTS": "DEA1D", "RegioStaR7": "72", "scenario": 50, "year": 2038 }, "geometry": { "type": "Point", "coordinates": [ 6.692444482770672, 51.183590251842922 ] } },
{ "type": "Feature", "properties": { "id": "Neuss_sued", "num_hh": "8", "num_cars": 1, "ARS": "051620024024", "AGS": "05162024", "ARS_0": "051620024024", "AGS_0": "05162024", "SDV_ARS": "051620024024", "GEN": "Neuss", "BEZ": "Stadt", "NUTS": "DEA1D", "RegioStaR7": "72", "scenario": 50, "year": 2038 }, "geometry": { "type": "Point", "coordinates": [ 6.69265152041373, 51.183757108142835 ] } },
{ "type": "Feature", "properties": { "id": "Neuss_sued", "num_hh": "8", "num_cars": 1, "ARS": "051620024024", "AGS": "05162024", "ARS_0": "051620024024", "AGS_0": "05162024", "SDV_ARS": "051620024024", "GEN": "Neuss", "BEZ": "Stadt", "NUTS": "DEA1D", "RegioStaR7": "72", "scenario": 50, "year": 2038 }, "geometry": { "type": "Point", "coordinates": [ 6.692843769653709, 51.183914694093716 ] } },
{ "type": "Feature", "properties": { "id": "Neuss_sued", "num_hh": "8", "num_cars": 1, "ARS": "051620024024", "AGS": "05162024", "ARS_0": "051620024024", "AGS_0": "05162024", "SDV_ARS": "051620024024", "GEN": "Neuss", "BEZ": "Stadt", "NUTS": "DEA1D", "RegioStaR7": "72", "scenario": 50, "year": 2038 }, "geometry": { "type": "Point", "coordinates": [ 6.692119137903015, 51.18377564694876 ] } },
{ "type": "Feature", "properties": { "id": "Neuss_sued", "num_hh": "8", "num_cars": 1, "ARS": "051620024024", "AGS": "05162024", "ARS_0": "051620024024", "AGS_0": "05162024", "SDV_ARS": "051620024024", "GEN": "Neuss", "BEZ": "Stadt", "NUTS": "DEA1D", "RegioStaR7": "72", "scenario": 50, "year": 2038 }, "geometry": { "type": "Point", "coordinates": [ 6.692326175546072, 51.183942503248673 ] } },
{ "type": "Feature", "properties": { "id": "Neuss_sued", "num_hh": "8", "num_cars": 1, "ARS": "051620024024", "AGS": "05162024", "ARS_0": "051620024024", "AGS_0": "05162024", "SDV_ARS": "051620024024", "GEN": "Neuss", "BEZ": "Stadt", "NUTS": "DEA1D", "RegioStaR7": "72", "scenario": 50, "year": 2038 }, "geometry": { "type": "Point", "coordinates": [ 6.692518424786051, 51.184100089199553 ] } },
{ "type": "Feature", "properties": { "id": "Neuss_sued", "num_hh": "8", "num_cars": 1, "ARS": "051620024024", "AGS": "05162024", "ARS_0": "051620024024", "AGS_0": "05162024", "SDV_ARS": "051620024024", "GEN": "Neuss", "BEZ": "Stadt", "NUTS": "DEA1D", "RegioStaR7": "72", "scenario": 50, "year": 2038 }, "geometry": { "type": "Point", "coordinates": [ 6.691690274213828, 51.184025929158814 ] } },
{ "type": "Feature", "properties": { "id": "Neuss_sued", "num_hh": "8", "num_cars": 1, "ARS": "051620024024", "AGS": "05162024", "ARS_0": "051620024024", "AGS_0": "05162024", "SDV_ARS": "051620024024", "GEN": "Neuss", "BEZ": "Stadt", "NUTS": "DEA1D", "RegioStaR7": "72", "scenario": 50, "year": 2038 }, "geometry": { "type": "Point", "coordinates": [ 6.691897311856885, 51.184192785458727 ] } },
{ "type": "Feature", "properties": { "id": "Neuss_sued", "num_hh": "8", "num_cars": 1, "ARS": "051620024024", "AGS": "05162024", "ARS_0": "051620024024", "AGS_0": "05162024", "SDV_ARS": "051620024024", "GEN": "Neuss", "BEZ": "Stadt", "NUTS": "DEA1D", "RegioStaR7": "72", "scenario": 50, "year": 2038 }, "geometry": { "type": "Point", "coordinates": [ 6.692089561096864, 51.184350371409607 ] } },
{ "type": "Feature", "properties": { "id": "Neuss_sued", "num_hh": "8", "num_cars": 1, "ARS": "051620024024", "AGS": "05162024", "ARS_0": "051620024024", "AGS_0": "05162024", "SDV_ARS": "051620024024", "GEN": "Neuss", "BEZ": "Stadt", "NUTS": "DEA1D", "RegioStaR7": "72", "scenario": 50, "year": 2038 }, "geometry": { "type": "Point", "coordinates": [ 6.691335352540018, 51.184239131451001 ] } },
{ "type": "Feature", "properties": { "id": "Neuss_sued", "num_hh": "8", "num_cars": 1, "ARS": "051620024024", "AGS": "05162024", "ARS_0": "051620024024", "AGS_0": "05162024", "SDV_ARS": "051620024024", "GEN": "Neuss", "BEZ": "Stadt", "NUTS": "DEA1D", "RegioStaR7": "72", "scenario": 50, "year": 2038 }, "geometry": { "type": "Point", "coordinates": [ 6.691542390183075, 51.184405987750914 ] } },
{ "type": "Feature", "properties": { "id": "Neuss_sued", "num_hh": "8", "num_cars": 1, "ARS": "051620024024", "AGS": "05162024", "ARS_0": "051620024024", "AGS_0": "05162024", "SDV_ARS": "051620024024", "GEN": "Neuss", "BEZ": "Stadt", "NUTS": "DEA1D", "RegioStaR7": "72", "scenario": 50, "year": 2038 }, "geometry": { "type": "Point", "coordinates": [ 6.691734639423054, 51.184563573701794 ] } },
{ "type": "Feature", "properties": { "id": "Neuss_sued", "num_hh": "8", "num_cars": 1, "ARS": "051620024024", "AGS": "05162024", "ARS_0": "051620024024", "AGS_0": "05162024", "SDV_ARS": "051620024024", "GEN": "Neuss", "BEZ": "Stadt", "NUTS": "DEA1D", "RegioStaR7": "72", "scenario": 50, "year": 2038 }, "geometry": { "type": "Point", "coordinates": [ 6.690950854060057, 51.18449868073656 ] } },
{ "type": "Feature", "properties": { "id": "Neuss_sued", "num_hh": "8", "num_cars": 1, "ARS": "051620024024", "AGS": "05162024", "ARS_0": "051620024024", "AGS_0": "05162024", "SDV_ARS": "051620024024", "GEN": "Neuss", "BEZ": "Stadt", "NUTS": "DEA1D", "RegioStaR7": "72", "scenario": 50, "year": 2038 }, "geometry": { "type": "Point", "coordinates": [ 6.691157891703114, 51.184665537036473 ] } },
{ "type": "Feature", "properties": { "id": "Neuss_sued", "num_hh": "8", "num_cars": 1, "ARS": "051620024024", "AGS": "05162024", "ARS_0": "051620024024", "AGS_0": "05162024", "SDV_ARS": "051620024024", "GEN": "Neuss", "BEZ": "Stadt", "NUTS": "DEA1D", "RegioStaR7": "72", "scenario": 50, "year": 2038 }, "geometry": { "type": "Point", "coordinates": [ 6.691350140943094, 51.184823122987353 ] } },
{ "type": "Feature", "properties": { "id": "Neuss_sued", "num_hh": "7", "num_cars": 1, "ARS": "051620024024", "AGS": "05162024", "ARS_0": "051620024024", "AGS_0": "05162024", "SDV_ARS": "051620024024", "GEN": "Neuss", "BEZ": "Stadt", "NUTS": "DEA1D", "RegioStaR7": "72", "scenario": 50, "year": 2038 }, "geometry": { "type": "Point", "coordinates": [ 6.690640297595474, 51.184711880842066 ] } },
{ "type": "Feature", "properties": { "id": "Neuss_sued", "num_hh": "8", "num_cars": 1, "ARS": "051620024024", "AGS": "05162024", "ARS_0": "051620024024", "AGS_0": "05162024", "SDV_ARS": "051620024024", "GEN": "Neuss", "BEZ": "Stadt", "NUTS": "DEA1D", "RegioStaR7": "72", "scenario": 50, "year": 2038 }, "geometry": { "type": "Point", "coordinates": [ 6.690847335238531, 51.184878737141979 ] } },
{ "type": "Feature", "properties": { "id": "Neuss_sued", "num_hh": "8", "num_cars": 1, "ARS": "051620024024", "AGS": "05162024", "ARS_0": "051620024024", "AGS_0": "05162024", "SDV_ARS": "051620024024", "GEN": "Neuss", "BEZ": "Stadt", "NUTS": "DEA1D", "RegioStaR7": "72", "scenario": 50, "year": 2038 }, "geometry": { "type": "Point", "coordinates": [ 6.69103958447851, 51.185036323092859 ] } },
{ "type": "Feature", "properties": { "id": "Neuss_sued", "num_hh": "8", "num_cars": 1, "ARS": "051620024024", "AGS": "05162024", "ARS_0": "051620024024", "AGS_0": "05162024", "SDV_ARS": "051620024024", "GEN": "Neuss", "BEZ": "Stadt", "NUTS": "DEA1D", "RegioStaR7": "72", "scenario": 50, "year": 2038 }, "geometry": { "type": "Point", "coordinates": [ 6.690270587518589, 51.184925079961417 ] } },
{ "type": "Feature", "properties": { "id": "Neuss_sued", "num_hh": "7", "num_cars": 1, "ARS": "051620024024", "AGS": "05162024", "ARS_0": "051620024024", "AGS_0": "05162024", "SDV_ARS": "051620024024", "GEN": "Neuss", "BEZ": "Stadt", "NUTS": "DEA1D", "RegioStaR7": "72", "scenario": 50, "year": 2038 }, "geometry": { "type": "Point", "coordinates": [ 6.690477625161646, 51.18509193626133 ] } },
{ "type": "Feature", "properties": { "id": "Neuss_sued", "num_hh": "8", "num_cars": 1, "ARS": "051620024024", "AGS": "05162024", "ARS_0": "051620024024", "AGS_0": "05162024", "SDV_ARS": "051620024024", "GEN": "Neuss", "BEZ": "Stadt", "NUTS": "DEA1D", "RegioStaR7": "72", "scenario": 50, "year": 2038 }, "geometry": { "type": "Point", "coordinates": [ 6.690669874401626, 51.18524952221221 ] } },
{ "type": "Feature", "properties": { "id": "Neuss_sued", "num_hh": "7", "num_cars": 1, "ARS": "051620024024", "AGS": "05162024", "ARS_0": "051620024024", "AGS_0": "05162024", "SDV_ARS": "051620024024", "GEN": "Neuss", "BEZ": "Stadt", "NUTS": "DEA1D", "RegioStaR7": "72", "scenario": 50, "year": 2038 }, "geometry": { "type": "Point", "coordinates": [ 6.689886089038629, 51.185166086474062 ] } },
{ "type": "Feature", "properties": { "id": "Neuss_sued", "num_hh": "7", "num_cars": 1, "ARS": "051620024024", "AGS": "05162024", "ARS_0": "051620024024", "AGS_0": "05162024", "SDV_ARS": "051620024024", "GEN": "Neuss", "BEZ": "Stadt", "NUTS": "DEA1D", "RegioStaR7": "72", "scenario": 50, "year": 2038 }, "geometry": { "type": "Point", "coordinates": [ 6.690093126681687, 51.185332942773975 ] } },
{ "type": "Feature", "properties": { "id": "Neuss_sued", "num_hh": "8", "num_cars": 1, "ARS": "051620024024", "AGS": "05162024", "ARS_0": "051620024024", "AGS_0": "05162024", "SDV_ARS": "051620024024", "GEN": "Neuss", "BEZ": "Stadt", "NUTS": "DEA1D", "RegioStaR7": "72", "scenario": 50, "year": 2038 }, "geometry": { "type": "Point", "coordinates": [ 6.690285375921666, 51.185490528724856 ] } },
{ "type": "Feature", "properties": { "id": "Neuss_sued", "num_hh": "7", "num_cars": 1, "ARS": "051620024024", "AGS": "05162024", "ARS_0": "051620024024", "AGS_0": "05162024", "SDV_ARS": "051620024024", "GEN": "Neuss", "BEZ": "Stadt", "NUTS": "DEA1D", "RegioStaR7": "72", "scenario": 50, "year": 2038 }, "geometry": { "type": "Point", "coordinates": [ 6.689575532574045, 51.18536074466045 ] } },
{ "type": "Feature", "properties": { "id": "Neuss_sued", "num_hh": "8", "num_cars": 1, "ARS": "051620024024", "AGS": "05162024", "ARS_0": "051620024024", "AGS_0": "05162024", "SDV_ARS": "051620024024", "GEN": "Neuss", "BEZ": "Stadt", "NUTS": "DEA1D", "RegioStaR7": "72", "scenario": 50, "year": 2038 }, "geometry": { "type": "Point", "coordinates": [ 6.689782570217102, 51.185527600960363 ] } },
{ "type": "Feature", "properties": { "id": "Neuss_sued", "num_hh": "8", "num_cars": 1, "ARS": "051620024024", "AGS": "05162024", "ARS_0": "051620024024", "AGS_0": "05162024", "SDV_ARS": "051620024024", "GEN": "Neuss", "BEZ": "Stadt", "NUTS": "DEA1D", "RegioStaR7": "72", "scenario": 50, "year": 2038 }, "geometry": { "type": "Point", "coordinates": [ 6.689974819457081, 51.185685186911243 ] } },
{ "type": "Feature", "properties": { "id": "Neuss_sued", "num_hh": "8", "num_cars": 1, "ARS": "051620024024", "AGS": "05162024", "ARS_0": "051620024024", "AGS_0": "05162024", "SDV_ARS": "051620024024", "GEN": "Neuss", "BEZ": "Stadt", "NUTS": "DEA1D", "RegioStaR7": "72", "scenario": 50, "year": 2038 }, "geometry": { "type": "Point", "coordinates": [ 6.690004396263232, 51.184804572004545 ] } },
{ "type": "Feature", "properties": { "id": "Neuss_sued", "num_hh": "8", "num_cars": 1, "ARS": "051620024024", "AGS": "05162024", "ARS_0": "051620024024", "AGS_0": "05162024", "SDV_ARS": "051620024024", "GEN": "Neuss", "BEZ": "Stadt", "NUTS": "DEA1D", "RegioStaR7": "72", "scenario": 50, "year": 2038 }, "geometry": { "type": "Point", "coordinates": [ 6.689649474589422, 51.185017774296732 ] } },
{ "type": "Feature", "properties": { "id": "Neuss_sued", "num_hh": "7", "num_cars": 1, "ARS": "051620024024", "AGS": "05162024", "ARS_0": "051620024024", "AGS_0": "05162024", "SDV_ARS": "051620024024", "GEN": "Neuss", "BEZ": "Stadt", "NUTS": "DEA1D", "RegioStaR7": "72", "scenario": 50, "year": 2038 }, "geometry": { "type": "Point", "coordinates": [ 6.690714239610851, 51.184341095704745 ] } },
{ "type": "Feature", "properties": { "id": "Neuss_sued", "num_hh": "8", "num_cars": 1, "ARS": "051620024024", "AGS": "05162024", "ARS_0": "051620024024", "AGS_0": "05162024", "SDV_ARS": "051620024024", "GEN": "Neuss", "BEZ": "Stadt", "NUTS": "DEA1D", "RegioStaR7": "72", "scenario": 50, "year": 2038 }, "geometry": { "type": "Point", "coordinates": [ 6.690359317937041, 51.184554297996932 ] } },
{ "type": "Feature", "properties": { "id": "Neuss_sued", "num_hh": "7", "num_cars": 1, "ARS": "051620024024", "AGS": "05162024", "ARS_0": "051620024024", "AGS_0": "05162024", "SDV_ARS": "051620024024", "GEN": "Neuss", "BEZ": "Stadt", "NUTS": "DEA1D", "RegioStaR7": "72", "scenario": 50, "year": 2038 }, "geometry": { "type": "Point", "coordinates": [ 6.691394506152319, 51.183877614744482 ] } },
{ "type": "Feature", "properties": { "id": "Neuss_sued", "num_hh": "8", "num_cars": 1, "ARS": "051620024024", "AGS": "05162024", "ARS_0": "051620024024", "AGS_0": "05162024", "SDV_ARS": "051620024024", "GEN": "Neuss", "BEZ": "Stadt", "NUTS": "DEA1D", "RegioStaR7": "72", "scenario": 50, "year": 2038 }, "geometry": { "type": "Point", "coordinates": [ 6.691039584478509, 51.184090817036669 ] } },
{ "type": "Feature", "properties": { "id": "Neuss_sued", "num_hh": "8", "num_cars": 1, "ARS": "051620024024", "AGS": "05162024", "ARS_0": "051620024024", "AGS_0": "05162024", "SDV_ARS": "051620024024", "GEN": "Neuss", "BEZ": "Stadt", "NUTS": "DEA1D", "RegioStaR7": "72", "scenario": 50, "year": 2038 }, "geometry": { "type": "Point", "coordinates": [ 6.690033973069383, 51.184378173980228 ] } },
{ "type": "Feature", "properties": { "id": "Neuss_sued", "num_hh": "8", "num_cars": 1, "ARS": "051620024024", "AGS": "05162024", "ARS_0": "051620024024", "AGS_0": "05162024", "SDV_ARS": "051620024024", "GEN": "Neuss", "BEZ": "Stadt", "NUTS": "DEA1D", "RegioStaR7": "72", "scenario": 50, "year": 2038 }, "geometry": { "type": "Point", "coordinates": [ 6.689679051395573, 51.184591376272415 ] } },
{ "type": "Feature", "properties": { "id": "Aachen_pariser_ring", "num_hh": "7", "num_cars": 1, "ARS": "053340002002", "AGS": "05334002", "ARS_0": "053340002002", "AGS_0": "05334002", "SDV_ARS": "053340002002", "GEN": "Aachen", "BEZ": "Stadt", "NUTS": "DEA2D", "RegioStaR7": "72", "scenario": 50, "year": 2038 }, "geometry": { "type": "Point", "coordinates": [ 6.056003373816104, 50.785131414634954 ] } },
{ "type": "Feature", "properties": { "id": "Aachen_pariser_ring", "num_hh": "7", "num_cars": 1, "ARS": "053340002002", "AGS": "05334002", "ARS_0": "053340002002", "AGS_0": "05334002", "SDV_ARS": "053340002002", "GEN": "Aachen", "BEZ": "Stadt", "NUTS": "DEA2D", "RegioStaR7": "72", "scenario": 50, "year": 2038 }, "geometry": { "type": "Point", "coordinates": [ 6.056195623056083, 50.785262311170548 ] } },
{ "type": "Feature", "properties": { "id": "Aachen_pariser_ring", "num_hh": "7", "num_cars": 1, "ARS": "053340002002", "AGS": "05334002", "ARS_0": "053340002002", "AGS_0": "05334002", "SDV_ARS": "053340002002", "GEN": "Aachen", "BEZ": "Stadt", "NUTS": "DEA2D", "RegioStaR7": "72", "scenario": 50, "year": 2038 }, "geometry": { "type": "Point", "coordinates": [ 6.056358295489914, 50.785421256471103 ] } },
{ "type": "Feature", "properties": { "id": "Aachen_pariser_ring", "num_hh": "7", "num_cars": 1, "ARS": "053340002002", "AGS": "05334002", "ARS_0": "053340002002", "AGS_0": "05334002", "SDV_ARS": "053340002002", "GEN": "Aachen", "BEZ": "Stadt", "NUTS": "DEA2D", "RegioStaR7": "72", "scenario": 50, "year": 2038 }, "geometry": { "type": "Point", "coordinates": [ 6.056580121536045, 50.785580201231319 ] } },
{ "type": "Feature", "properties": { "id": "Aachen_pariser_ring", "num_hh": "7", "num_cars": 1, "ARS": "053340002002", "AGS": "05334002", "ARS_0": "053340002002", "AGS_0": "05334002", "SDV_ARS": "053340002002", "GEN": "Aachen", "BEZ": "Stadt", "NUTS": "DEA2D", "RegioStaR7": "72", "scenario": 50, "year": 2038 }, "geometry": { "type": "Point", "coordinates": [ 6.056772370776025, 50.785729795806141 ] } },
{ "type": "Feature", "properties": { "id": "Aachen_pariser_ring", "num_hh": "8", "num_cars": 1, "ARS": "053340002002", "AGS": "05334002", "ARS_0": "053340002002", "AGS_0": "05334002", "SDV_ARS": "053340002002", "GEN": "Aachen", "BEZ": "Stadt", "NUTS": "DEA2D", "RegioStaR7": "72", "scenario": 50, "year": 2038 }, "geometry": { "type": "Point", "coordinates": [ 6.055648452142293, 50.785327757455526 ] } },
{ "type": "Feature", "properties": { "id": "Aachen_pariser_ring", "num_hh": "7", "num_cars": 1, "ARS": "053340002002", "AGS": "05334002", "ARS_0": "053340002002", "AGS_0": "05334002", "SDV_ARS": "053340002002", "GEN": "Aachen", "BEZ": "Stadt", "NUTS": "DEA2D", "RegioStaR7": "72", "scenario": 50, "year": 2038 }, "geometry": { "type": "Point", "coordinates": [ 6.055840701382272, 50.785458653991121 ] } },
{ "type": "Feature", "properties": { "id": "Aachen_pariser_ring", "num_hh": "8", "num_cars": 1, "ARS": "053340002002", "AGS": "05334002", "ARS_0": "053340002002", "AGS_0": "05334002", "SDV_ARS": "053340002002", "GEN": "Aachen", "BEZ": "Stadt", "NUTS": "DEA2D", "RegioStaR7": "72", "scenario": 50, "year": 2038 }, "geometry": { "type": "Point", "coordinates": [ 6.056003373816103, 50.785617599291676 ] } },
{ "type": "Feature", "properties": { "id": "Aachen_pariser_ring", "num_hh": "8", "num_cars": 1, "ARS": "053340002002", "AGS": "05334002", "ARS_0": "053340002002", "AGS_0": "05334002", "SDV_ARS": "053340002002", "GEN": "Aachen", "BEZ": "Stadt", "NUTS": "DEA2D", "RegioStaR7": "72", "scenario": 50, "year": 2038 }, "geometry": { "type": "Point", "coordinates": [ 6.056225199862234, 50.785776544051892 ] } },
{ "type": "Feature", "properties": { "id": "Aachen_pariser_ring", "num_hh": "8", "num_cars": 1, "ARS": "053340002002", "AGS": "05334002", "ARS_0": "053340002002", "AGS_0": "05334002", "SDV_ARS": "053340002002", "GEN": "Aachen", "BEZ": "Stadt", "NUTS": "DEA2D", "RegioStaR7": "72", "scenario": 50, "year": 2038 }, "geometry": { "type": "Point", "coordinates": [ 6.056417449102214, 50.785926138626714 ] } },
{ "type": "Feature", "properties": { "id": "Aachen_pariser_ring", "num_hh": "7", "num_cars": 1, "ARS": "053340002002", "AGS": "05334002", "ARS_0": "053340002002", "AGS_0": "05334002", "SDV_ARS": "053340002002", "GEN": "Aachen", "BEZ": "Stadt", "NUTS": "DEA2D", "RegioStaR7": "72", "scenario": 50, "year": 2038 }, "geometry": { "type": "Point", "coordinates": [ 6.055323107274635, 50.785570847424317 ] } },
{ "type": "Feature", "properties": { "id": "Aachen_pariser_ring", "num_hh": "8", "num_cars": 1, "ARS": "053340002002", "AGS": "05334002", "ARS_0": "053340002002", "AGS_0": "05334002", "SDV_ARS": "053340002002", "GEN": "Aachen", "BEZ": "Stadt", "NUTS": "DEA2D", "RegioStaR7": "72", "scenario": 50, "year": 2038 }, "geometry": { "type": "Point", "coordinates": [ 6.055515356514614, 50.785701743959912 ] } },
{ "type": "Feature", "properties": { "id": "Aachen_pariser_ring", "num_hh": "8", "num_cars": 1, "ARS": "053340002002", "AGS": "05334002", "ARS_0": "053340002002", "AGS_0": "05334002", "SDV_ARS": "053340002002", "GEN": "Aachen", "BEZ": "Stadt", "NUTS": "DEA2D", "RegioStaR7": "72", "scenario": 50, "year": 2038 }, "geometry": { "type": "Point", "coordinates": [ 6.055678028948445, 50.785860689260467 ] } },
{ "type": "Feature", "properties": { "id": "Aachen_pariser_ring", "num_hh": "8", "num_cars": 1, "ARS": "053340002002", "AGS": "05334002", "ARS_0": "053340002002", "AGS_0": "05334002", "SDV_ARS": "053340002002", "GEN": "Aachen", "BEZ": "Stadt", "NUTS": "DEA2D", "RegioStaR7": "72", "scenario": 50, "year": 2038 }, "geometry": { "type": "Point", "coordinates": [ 6.055899854994576, 50.786019634020683 ] } },
{ "type": "Feature", "properties": { "id": "Aachen_pariser_ring", "num_hh": "8", "num_cars": 1, "ARS": "053340002002", "AGS": "05334002", "ARS_0": "053340002002", "AGS_0": "05334002", "SDV_ARS": "053340002002", "GEN": "Aachen", "BEZ": "Stadt", "NUTS": "DEA2D", "RegioStaR7": "72", "scenario": 50, "year": 2038 }, "geometry": { "type": "Point", "coordinates": [ 6.056092104234556, 50.786169228595504 ] } },
{ "type": "Feature", "properties": { "id": "Aachen_pariser_ring", "num_hh": "7", "num_cars": 1, "ARS": "053340002002", "AGS": "05334002", "ARS_0": "053340002002", "AGS_0": "05334002", "SDV_ARS": "053340002002", "GEN": "Aachen", "BEZ": "Stadt", "NUTS": "DEA2D", "RegioStaR7": "72", "scenario": 50, "year": 2038 }, "geometry": { "type": "Point", "coordinates": [ 6.054997762406976, 50.785823285669522 ] } },
{ "type": "Feature", "properties": { "id": "Aachen_pariser_ring", "num_hh": "8", "num_cars": 1, "ARS": "053340002002", "AGS": "05334002", "ARS_0": "053340002002", "AGS_0": "05334002", "SDV_ARS": "053340002002", "GEN": "Aachen", "BEZ": "Stadt", "NUTS": "DEA2D", "RegioStaR7": "72", "scenario": 50, "year": 2038 }, "geometry": { "type": "Point", "coordinates": [ 6.055190011646955, 50.785954182205117 ] } },
{ "type": "Feature", "properties": { "id": "Aachen_pariser_ring", "num_hh": "8", "num_cars": 1, "ARS": "053340002002", "AGS": "05334002", "ARS_0": "053340002002", "AGS_0": "05334002", "SDV_ARS": "053340002002", "GEN": "Aachen", "BEZ": "Stadt", "NUTS": "DEA2D", "RegioStaR7": "72", "scenario": 50, "year": 2038 }, "geometry": { "type": "Point", "coordinates": [ 6.055352684080786, 50.786113127505672 ] } },
{ "type": "Feature", "properties": { "id": "Aachen_pariser_ring", "num_hh": "7", "num_cars": 1, "ARS": "053340002002", "AGS": "05334002", "ARS_0": "053340002002", "AGS_0": "05334002", "SDV_ARS": "053340002002", "GEN": "Aachen", "BEZ": "Stadt", "NUTS": "DEA2D", "RegioStaR7": "72", "scenario": 50, "year": 2038 }, "geometry": { "type": "Point", "coordinates": [ 6.055574510126917, 50.786272072265888 ] } },
{ "type": "Feature", "properties": { "id": "Aachen_pariser_ring", "num_hh": "8", "num_cars": 1, "ARS": "053340002002", "AGS": "05334002", "ARS_0": "053340002002", "AGS_0": "05334002", "SDV_ARS": "053340002002", "GEN": "Aachen", "BEZ": "Stadt", "NUTS": "DEA2D", "RegioStaR7": "72", "scenario": 50, "year": 2038 }, "geometry": { "type": "Point", "coordinates": [ 6.055766759366897, 50.78642166684071 ] } },
{ "type": "Feature", "properties": { "id": "Aachen_pariser_ring", "num_hh": "7", "num_cars": 1, "ARS": "053340002002", "AGS": "05334002", "ARS_0": "053340002002", "AGS_0": "05334002", "SDV_ARS": "053340002002", "GEN": "Aachen", "BEZ": "Stadt", "NUTS": "DEA2D", "RegioStaR7": "72", "scenario": 50, "year": 2038 }, "geometry": { "type": "Point", "coordinates": [ 6.054731571151619, 50.786094421525803 ] } },
{ "type": "Feature", "properties": { "id": "Aachen_pariser_ring", "num_hh": "8", "num_cars": 1, "ARS": "053340002002", "AGS": "05334002", "ARS_0": "053340002002", "AGS_0": "05334002", "SDV_ARS": "053340002002", "GEN": "Aachen", "BEZ": "Stadt", "NUTS": "DEA2D", "RegioStaR7": "72", "scenario": 50, "year": 2038 }, "geometry": { "type": "Point", "coordinates": [ 6.054923820391598, 50.786225318061398 ] } },
{ "type": "Feature", "properties": { "id": "Aachen_pariser_ring", "num_hh": "8", "num_cars": 1, "ARS": "053340002002", "AGS": "05334002", "ARS_0": "053340002002", "AGS_0": "05334002", "SDV_ARS": "053340002002", "GEN": "Aachen", "BEZ": "Stadt", "NUTS": "DEA2D", "RegioStaR7": "72", "scenario": 50, "year": 2038 }, "geometry": { "type": "Point", "coordinates": [ 6.055086492825429, 50.786384263361953 ] } },
{ "type": "Feature", "properties": { "id": "Aachen_pariser_ring", "num_hh": "7", "num_cars": 1, "ARS": "053340002002", "AGS": "05334002", "ARS_0": "053340002002", "AGS_0": "05334002", "SDV_ARS": "053340002002", "GEN": "Aachen", "BEZ": "Stadt", "NUTS": "DEA2D", "RegioStaR7": "72", "scenario": 50, "year": 2038 }, "geometry": { "type": "Point", "coordinates": [ 6.05530831887156, 50.786543208122168 ] } },
{ "type": "Feature", "properties": { "id": "Aachen_pariser_ring", "num_hh": "8", "num_cars": 1, "ARS": "053340002002", "AGS": "05334002", "ARS_0": "053340002002", "AGS_0": "05334002", "SDV_ARS": "053340002002", "GEN": "Aachen", "BEZ": "Stadt", "NUTS": "DEA2D", "RegioStaR7": "72", "scenario": 50, "year": 2038 }, "geometry": { "type": "Point", "coordinates": [ 6.055500568111539, 50.78669280269699 ] } },
{ "type": "Feature", "properties": { "id": "Aachen_pariser_ring", "num_hh": "8", "num_cars": 1, "ARS": "053340002002", "AGS": "05334002", "ARS_0": "053340002002", "AGS_0": "05334002", "SDV_ARS": "053340002002", "GEN": "Aachen", "BEZ": "Stadt", "NUTS": "DEA2D", "RegioStaR7": "72", "scenario": 50, "year": 2038 }, "geometry": { "type": "Point", "coordinates": [ 6.054317495865507, 50.786309459190299 ] } },
{ "type": "Feature", "properties": { "id": "Aachen_pariser_ring", "num_hh": "8", "num_cars": 1, "ARS": "053340002002", "AGS": "05334002", "ARS_0": "053340002002", "AGS_0": "05334002", "SDV_ARS": "053340002002", "GEN": "Aachen", "BEZ": "Stadt", "NUTS": "DEA2D", "RegioStaR7": "72", "scenario": 50, "year": 2038 }, "geometry": { "type": "Point", "coordinates": [ 6.054509745105486, 50.786440355725894 ] } },
{ "type": "Feature", "properties": { "id": "Aachen_pariser_ring", "num_hh": "8", "num_cars": 1, "ARS": "053340002002", "AGS": "05334002", "ARS_0": "053340002002", "AGS_0": "05334002", "SDV_ARS": "053340002002", "GEN": "Aachen", "BEZ": "Stadt", "NUTS": "DEA2D", "RegioStaR7": "72", "scenario": 50, "year": 2038 }, "geometry": { "type": "Point", "coordinates": [ 6.054672417539317, 50.786599301026449 ] } },
{ "type": "Feature", "properties": { "id": "Aachen_pariser_ring", "num_hh": "8", "num_cars": 1, "ARS": "053340002002", "AGS": "05334002", "ARS_0": "053340002002", "AGS_0": "05334002", "SDV_ARS": "053340002002", "GEN": "Aachen", "BEZ": "Stadt", "NUTS": "DEA2D", "RegioStaR7": "72", "scenario": 50, "year": 2038 }, "geometry": { "type": "Point", "coordinates": [ 6.054894243585448, 50.786758245786665 ] } },
{ "type": "Feature", "properties": { "id": "Aachen_pariser_ring", "num_hh": "7", "num_cars": 1, "ARS": "053340002002", "AGS": "05334002", "ARS_0": "053340002002", "AGS_0": "05334002", "SDV_ARS": "053340002002", "GEN": "Aachen", "BEZ": "Stadt", "NUTS": "DEA2D", "RegioStaR7": "72", "scenario": 50, "year": 2038 }, "geometry": { "type": "Point", "coordinates": [ 6.055086492825428, 50.786907840361486 ] } },
{ "type": "Feature", "properties": { "id": "Aachen_pariser_ring", "num_hh": "7", "num_cars": 1, "ARS": "053340002002", "AGS": "05334002", "ARS_0": "053340002002", "AGS_0": "05334002", "SDV_ARS": "053340002002", "GEN": "Aachen", "BEZ": "Stadt", "NUTS": "DEA2D", "RegioStaR7": "72", "scenario": 50, "year": 2038 }, "geometry": { "type": "Point", "coordinates": [ 6.054036516207074, 50.786515146465618 ] } },
{ "type": "Feature", "properties": { "id": "Aachen_pariser_ring", "num_hh": "7", "num_cars": 1, "ARS": "053340002002", "AGS": "05334002", "ARS_0": "053340002002", "AGS_0": "05334002", "SDV_ARS": "053340002002", "GEN": "Aachen", "BEZ": "Stadt", "NUTS": "DEA2D", "RegioStaR7": "72", "scenario": 50, "year": 2038 }, "geometry": { "type": "Point", "coordinates": [ 6.054228765447053, 50.786646043001213 ] } },
{ "type": "Feature", "properties": { "id": "Aachen_pariser_ring", "num_hh": "8", "num_cars": 1, "ARS": "053340002002", "AGS": "05334002", "ARS_0": "053340002002", "AGS_0": "05334002", "SDV_ARS": "053340002002", "GEN": "Aachen", "BEZ": "Stadt", "NUTS": "DEA2D", "RegioStaR7": "72", "scenario": 50, "year": 2038 }, "geometry": { "type": "Point", "coordinates": [ 6.054391437880884, 50.786804988301768 ] } },
{ "type": "Feature", "properties": { "id": "Aachen_pariser_ring", "num_hh": "7", "num_cars": 1, "ARS": "053340002002", "AGS": "05334002", "ARS_0": "053340002002", "AGS_0": "05334002", "SDV_ARS": "053340002002", "GEN": "Aachen", "BEZ": "Stadt", "NUTS": "DEA2D", "RegioStaR7": "72", "scenario": 50, "year": 2038 }, "geometry": { "type": "Point", "coordinates": [ 6.054613263927015, 50.786963933061983 ] } },
{ "type": "Feature", "properties": { "id": "Aachen_pariser_ring", "num_hh": "7", "num_cars": 1, "ARS": "053340002002", "AGS": "05334002", "ARS_0": "053340002002", "AGS_0": "05334002", "SDV_ARS": "053340002002", "GEN": "Aachen", "BEZ": "Stadt", "NUTS": "DEA2D", "RegioStaR7": "72", "scenario": 50, "year": 2038 }, "geometry": { "type": "Point", "coordinates": [ 6.054805513166995, 50.787113527636805 ] } },
{ "type": "Feature", "properties": { "id": "Aachen_pariser_ring", "num_hh": "8", "num_cars": 1, "ARS": "053340002002", "AGS": "05334002", "ARS_0": "053340002002", "AGS_0": "05334002", "SDV_ARS": "053340002002", "GEN": "Aachen", "BEZ": "Stadt", "NUTS": "DEA2D", "RegioStaR7": "72", "scenario": 50, "year": 2038 }, "geometry": { "type": "Point", "coordinates": [ 6.053681594533265, 50.786711483475152 ] } },
{ "type": "Feature", "properties": { "id": "Aachen_pariser_ring", "num_hh": "8", "num_cars": 1, "ARS": "053340002002", "AGS": "05334002", "ARS_0": "053340002002", "AGS_0": "05334002", "SDV_ARS": "053340002002", "GEN": "Aachen", "BEZ": "Stadt", "NUTS": "DEA2D", "RegioStaR7": "72", "scenario": 50, "year": 2038 }, "geometry": { "type": "Point", "coordinates": [ 6.053873843773244, 50.786842380010746 ] } },
{ "type": "Feature", "properties": { "id": "Aachen_pariser_ring", "num_hh": "7", "num_cars": 1, "ARS": "053340002002", "AGS": "05334002", "ARS_0": "053340002002", "AGS_0": "05334002", "SDV_ARS": "053340002002", "GEN": "Aachen", "BEZ": "Stadt", "NUTS": "DEA2D", "RegioStaR7": "72", "scenario": 50, "year": 2038 }, "geometry": { "type": "Point", "coordinates": [ 6.054036516207075, 50.787001325311302 ] } },
{ "type": "Feature", "properties": { "id": "Aachen_pariser_ring", "num_hh": "7", "num_cars": 1, "ARS": "053340002002", "AGS": "05334002", "ARS_0": "053340002002", "AGS_0": "05334002", "SDV_ARS": "053340002002", "GEN": "Aachen", "BEZ": "Stadt", "NUTS": "DEA2D", "RegioStaR7": "72", "scenario": 50, "year": 2038 }, "geometry": { "type": "Point", "coordinates": [ 6.054258342253206, 50.787160270071517 ] } },
{ "type": "Feature", "properties": { "id": "Aachen_pariser_ring", "num_hh": "8", "num_cars": 1, "ARS": "053340002002", "AGS": "05334002", "ARS_0": "053340002002", "AGS_0": "05334002", "SDV_ARS": "053340002002", "GEN": "Aachen", "BEZ": "Stadt", "NUTS": "DEA2D", "RegioStaR7": "72", "scenario": 50, "year": 2038 }, "geometry": { "type": "Point", "coordinates": [ 6.054450591493186, 50.787309864646339 ] } },
{ "type": "Feature", "properties": { "id": "Aachen_pariser_ring", "num_hh": "8", "num_cars": 1, "ARS": "053340002002", "AGS": "05334002", "ARS_0": "053340002002", "AGS_0": "05334002", "SDV_ARS": "053340002002", "GEN": "Aachen", "BEZ": "Stadt", "NUTS": "DEA2D", "RegioStaR7": "72", "scenario": 50, "year": 2038 }, "geometry": { "type": "Point", "coordinates": [ 6.053385826471757, 50.78689847033673 ] } },
{ "type": "Feature", "properties": { "id": "Aachen_pariser_ring", "num_hh": "7", "num_cars": 1, "ARS": "053340002002", "AGS": "05334002", "ARS_0": "053340002002", "AGS_0": "05334002", "SDV_ARS": "053340002002", "GEN": "Aachen", "BEZ": "Stadt", "NUTS": "DEA2D", "RegioStaR7": "72", "scenario": 50, "year": 2038 }, "geometry": { "type": "Point", "coordinates": [ 6.053578075711736, 50.787029366872325 ] } },
{ "type": "Feature", "properties": { "id": "Aachen_pariser_ring", "num_hh": "7", "num_cars": 1, "ARS": "053340002002", "AGS": "05334002", "ARS_0": "053340002002", "AGS_0": "05334002", "SDV_ARS": "053340002002", "GEN": "Aachen", "BEZ": "Stadt", "NUTS": "DEA2D", "RegioStaR7": "72", "scenario": 50, "year": 2038 }, "geometry": { "type": "Point", "coordinates": [ 6.053740748145567, 50.78718831217288 ] } },
{ "type": "Feature", "properties": { "id": "Aachen_pariser_ring", "num_hh": "8", "num_cars": 1, "ARS": "053340002002", "AGS": "05334002", "ARS_0": "053340002002", "AGS_0": "05334002", "SDV_ARS": "053340002002", "GEN": "Aachen", "BEZ": "Stadt", "NUTS": "DEA2D", "RegioStaR7": "72", "scenario": 50, "year": 2038 }, "geometry": { "type": "Point", "coordinates": [ 6.053962574191698, 50.787347256933096 ] } },
{ "type": "Feature", "properties": { "id": "Aachen_pariser_ring", "num_hh": "7", "num_cars": 1, "ARS": "053340002002", "AGS": "05334002", "ARS_0": "053340002002", "AGS_0": "05334002", "SDV_ARS": "053340002002", "GEN": "Aachen", "BEZ": "Stadt", "NUTS": "DEA2D", "RegioStaR7": "72", "scenario": 50, "year": 2038 }, "geometry": { "type": "Point", "coordinates": [ 6.054154823431678, 50.787496851507917 ] } },
{ "type": "Feature", "properties": { "id": "Aachen_richterich", "num_hh": "8", "num_cars": 1, "ARS": "053340002002", "AGS": "05334002", "ARS_0": "053340002002", "AGS_0": "05334002", "SDV_ARS": "053340002002", "GEN": "Aachen", "BEZ": "Stadt", "NUTS": "DEA2D", "RegioStaR7": "72", "scenario": 50, "year": 2038 }, "geometry": { "type": "Point", "coordinates": [ 6.058243816882027, 50.811120966551506 ] } },
{ "type": "Feature", "properties": { "id": "Aachen_richterich", "num_hh": "8", "num_cars": 1, "ARS": "053340002002", "AGS": "05334002", "ARS_0": "053340002002", "AGS_0": "05334002", "SDV_ARS": "053340002002", "GEN": "Aachen", "BEZ": "Stadt", "NUTS": "DEA2D", "RegioStaR7": "72", "scenario": 50, "year": 2038 }, "geometry": { "type": "Point", "coordinates": [ 6.05794804882052, 50.811148999981626 ] } },
{ "type": "Feature", "properties": { "id": "Aachen_richterich", "num_hh": "7", "num_cars": 1, "ARS": "053340002002", "AGS": "05334002", "ARS_0": "053340002002", "AGS_0": "05334002", "SDV_ARS": "053340002002", "GEN": "Aachen", "BEZ": "Stadt", "NUTS": "DEA2D", "RegioStaR7": "72", "scenario": 50, "year": 2038 }, "geometry": { "type": "Point", "coordinates": [ 6.05759312714671, 50.811186377862292 ] } },
{ "type": "Feature", "properties": { "id": "Aachen_richterich", "num_hh": "8", "num_cars": 1, "ARS": "053340002002", "AGS": "05334002", "ARS_0": "053340002002", "AGS_0": "05334002", "SDV_ARS": "053340002002", "GEN": "Aachen", "BEZ": "Stadt", "NUTS": "DEA2D", "RegioStaR7": "72", "scenario": 50, "year": 2038 }, "geometry": { "type": "Point", "coordinates": [ 6.05726778227905, 50.811223755713051 ] } },
{ "type": "Feature", "properties": { "id": "Aachen_richterich", "num_hh": "7", "num_cars": 1, "ARS": "053340002002", "AGS": "05334002", "ARS_0": "053340002002", "AGS_0": "05334002", "SDV_ARS": "053340002002", "GEN": "Aachen", "BEZ": "Stadt", "NUTS": "DEA2D", "RegioStaR7": "72", "scenario": 50, "year": 2038 }, "geometry": { "type": "Point", "coordinates": [ 6.056957225814468, 50.81126113353389 ] } },
{ "type": "Feature", "properties": { "id": "Aachen_richterich", "num_hh": "7", "num_cars": 1, "ARS": "053340002002", "AGS": "05334002", "ARS_0": "053340002002", "AGS_0": "05334002", "SDV_ARS": "053340002002", "GEN": "Aachen", "BEZ": "Stadt", "NUTS": "DEA2D", "RegioStaR7": "72", "scenario": 50, "year": 2038 }, "geometry": { "type": "Point", "coordinates": [ 6.056543150528356, 50.811298511324821 ] } },
{ "type": "Feature", "properties": { "id": "Aachen_richterich", "num_hh": "8", "num_cars": 1, "ARS": "053340002002", "AGS": "05334002", "ARS_0": "053340002002", "AGS_0": "05334002", "SDV_ARS": "053340002002", "GEN": "Aachen", "BEZ": "Stadt", "NUTS": "DEA2D", "RegioStaR7": "72", "scenario": 50, "year": 2038 }, "geometry": { "type": "Point", "coordinates": [ 6.058406489315856, 50.81138261025059 ] } },
{ "type": "Feature", "properties": { "id": "Aachen_richterich", "num_hh": "8", "num_cars": 1, "ARS": "053340002002", "AGS": "05334002", "ARS_0": "053340002002", "AGS_0": "05334002", "SDV_ARS": "053340002002", "GEN": "Aachen", "BEZ": "Stadt", "NUTS": "DEA2D", "RegioStaR7": "72", "scenario": 50, "year": 2038 }, "geometry": { "type": "Point", "coordinates": [ 6.058110721254349, 50.811410643680709 ] } },
{ "type": "Feature", "properties": { "id": "Aachen_richterich", "num_hh": "8", "num_cars": 1, "ARS": "053340002002", "AGS": "05334002", "ARS_0": "053340002002", "AGS_0": "05334002", "SDV_ARS": "053340002002", "GEN": "Aachen", "BEZ": "Stadt", "NUTS": "DEA2D", "RegioStaR7": "72", "scenario": 50, "year": 2038 }, "geometry": { "type": "Point", "coordinates": [ 6.057755799580539, 50.811448021561375 ] } },
{ "type": "Feature", "properties": { "id": "Aachen_richterich", "num_hh": "8", "num_cars": 1, "ARS": "053340002002", "AGS": "05334002", "ARS_0": "053340002002", "AGS_0": "05334002", "SDV_ARS": "053340002002", "GEN": "Aachen", "BEZ": "Stadt", "NUTS": "DEA2D", "RegioStaR7": "72", "scenario": 50, "year": 2038 }, "geometry": { "type": "Point", "coordinates": [ 6.057430454712879, 50.811485399412135 ] } },
{ "type": "Feature", "properties": { "id": "Aachen_richterich", "num_hh": "7", "num_cars": 1, "ARS": "053340002002", "AGS": "05334002", "ARS_0": "053340002002", "AGS_0": "05334002", "SDV_ARS": "053340002002", "GEN": "Aachen", "BEZ": "Stadt", "NUTS": "DEA2D", "RegioStaR7": "72", "scenario": 50, "year": 2038 }, "geometry": { "type": "Point", "coordinates": [ 6.057119898248297, 50.811522777232973 ] } },
{ "type": "Feature", "properties": { "id": "Aachen_richterich", "num_hh": "8", "num_cars": 1, "ARS": "053340002002", "AGS": "05334002", "ARS_0": "053340002002", "AGS_0": "05334002", "SDV_ARS": "053340002002", "GEN": "Aachen", "BEZ": "Stadt", "NUTS": "DEA2D", "RegioStaR7": "72", "scenario": 50, "year": 2038 }, "geometry": { "type": "Point", "coordinates": [ 6.056705822962185, 50.811560155023905 ] } },
{ "type": "Feature", "properties": { "id": "Aachen_richterich", "num_hh": "7", "num_cars": 1, "ARS": "053340002002", "AGS": "05334002", "ARS_0": "053340002002", "AGS_0": "05334002", "SDV_ARS": "053340002002", "GEN": "Aachen", "BEZ": "Stadt", "NUTS": "DEA2D", "RegioStaR7": "72", "scenario": 50, "year": 2038 }, "geometry": { "type": "Point", "coordinates": [ 6.058480431331233, 50.811700318486302 ] } },
{ "type": "Feature", "properties": { "id": "Aachen_richterich", "num_hh": "8", "num_cars": 1, "ARS": "053340002002", "AGS": "05334002", "ARS_0": "053340002002", "AGS_0": "05334002", "SDV_ARS": "053340002002", "GEN": "Aachen", "BEZ": "Stadt", "NUTS": "DEA2D", "RegioStaR7": "72", "scenario": 50, "year": 2038 }, "geometry": { "type": "Point", "coordinates": [ 6.058184663269726, 50.811728351916422 ] } },
{ "type": "Feature", "properties": { "id": "Aachen_richterich", "num_hh": "8", "num_cars": 1, "ARS": "053340002002", "AGS": "05334002", "ARS_0": "053340002002", "AGS_0": "05334002", "SDV_ARS": "053340002002", "GEN": "Aachen", "BEZ": "Stadt", "NUTS": "DEA2D", "RegioStaR7": "72", "scenario": 50, "year": 2038 }, "geometry": { "type": "Point", "coordinates": [ 6.057829741595916, 50.811765729797088 ] } },
{ "type": "Feature", "properties": { "id": "Aachen_richterich", "num_hh": "8", "num_cars": 1, "ARS": "053340002002", "AGS": "05334002", "ARS_0": "053340002002", "AGS_0": "05334002", "SDV_ARS": "053340002002", "GEN": "Aachen", "BEZ": "Stadt", "NUTS": "DEA2D", "RegioStaR7": "72", "scenario": 50, "year": 2038 }, "geometry": { "type": "Point", "coordinates": [ 6.057504396728256, 50.811803107647847 ] } },
{ "type": "Feature", "properties": { "id": "Aachen_richterich", "num_hh": "8", "num_cars": 1, "ARS": "053340002002", "AGS": "05334002", "ARS_0": "053340002002", "AGS_0": "05334002", "SDV_ARS": "053340002002", "GEN": "Aachen", "BEZ": "Stadt", "NUTS": "DEA2D", "RegioStaR7": "72", "scenario": 50, "year": 2038 }, "geometry": { "type": "Point", "coordinates": [ 6.057193840263674, 50.811840485468686 ] } },
{ "type": "Feature", "properties": { "id": "Aachen_richterich", "num_hh": "7", "num_cars": 1, "ARS": "053340002002", "AGS": "05334002", "ARS_0": "053340002002", "AGS_0": "05334002", "SDV_ARS": "053340002002", "GEN": "Aachen", "BEZ": "Stadt", "NUTS": "DEA2D", "RegioStaR7": "72", "scenario": 50, "year": 2038 }, "geometry": { "type": "Point", "coordinates": [ 6.056779764977562, 50.811877863259618 ] } },
{ "type": "Feature", "properties": { "id": "Aachen_richterich", "num_hh": "8", "num_cars": 1, "ARS": "053340002002", "AGS": "05334002", "ARS_0": "053340002002", "AGS_0": "05334002", "SDV_ARS": "053340002002", "GEN": "Aachen", "BEZ": "Stadt", "NUTS": "DEA2D", "RegioStaR7": "72", "scenario": 50, "year": 2038 }, "geometry": { "type": "Point", "coordinates": [ 6.058583950152761, 50.812064745860376 ] } },
{ "type": "Feature", "properties": { "id": "Aachen_richterich", "num_hh": "8", "num_cars": 1, "ARS": "053340002002", "AGS": "05334002", "ARS_0": "053340002002", "AGS_0": "05334002", "SDV_ARS": "053340002002", "GEN": "Aachen", "BEZ": "Stadt", "NUTS": "DEA2D", "RegioStaR7": "72", "scenario": 50, "year": 2038 }, "geometry": { "type": "Point", "coordinates": [ 6.058288182091253, 50.812092779290495 ] } },
{ "type": "Feature", "properties": { "id": "Aachen_richterich", "num_hh": "8", "num_cars": 1, "ARS": "053340002002", "AGS": "05334002", "ARS_0": "053340002002", "AGS_0": "05334002", "SDV_ARS": "053340002002", "GEN": "Aachen", "BEZ": "Stadt", "NUTS": "DEA2D", "RegioStaR7": "72", "scenario": 50, "year": 2038 }, "geometry": { "type": "Point", "coordinates": [ 6.057933260417443, 50.812130157171161 ] } },
{ "type": "Feature", "properties": { "id": "Aachen_richterich", "num_hh": "8", "num_cars": 1, "ARS": "053340002002", "AGS": "05334002", "ARS_0": "053340002002", "AGS_0": "05334002", "SDV_ARS": "053340002002", "GEN": "Aachen", "BEZ": "Stadt", "NUTS": "DEA2D", "RegioStaR7": "72", "scenario": 50, "year": 2038 }, "geometry": { "type": "Point", "coordinates": [ 6.057607915549784, 50.812167535021921 ] } },
{ "type": "Feature", "properties": { "id": "Aachen_richterich", "num_hh": "7", "num_cars": 1, "ARS": "053340002002", "AGS": "05334002", "ARS_0": "053340002002", "AGS_0": "05334002", "SDV_ARS": "053340002002", "GEN": "Aachen", "BEZ": "Stadt", "NUTS": "DEA2D", "RegioStaR7": "72", "scenario": 50, "year": 2038 }, "geometry": { "type": "Point", "coordinates": [ 6.057297359085202, 50.812204912842759 ] } },
{ "type": "Feature", "properties": { "id": "Aachen_richterich", "num_hh": "8", "num_cars": 1, "ARS": "053340002002", "AGS": "05334002", "ARS_0": "053340002002", "AGS_0": "05334002", "SDV_ARS": "053340002002", "GEN": "Aachen", "BEZ": "Stadt", "NUTS": "DEA2D", "RegioStaR7": "72", "scenario": 50, "year": 2038 }, "geometry": { "type": "Point", "coordinates": [ 6.056883283799089, 50.812242290633691 ] } },
{ "type": "Feature", "properties": { "id": "Aachen_richterich", "num_hh": "7", "num_cars": 1, "ARS": "053340002002", "AGS": "05334002", "ARS_0": "053340002002", "AGS_0": "05334002", "SDV_ARS": "053340002002", "GEN": "Aachen", "BEZ": "Stadt", "NUTS": "DEA2D", "RegioStaR7": "72", "scenario": 50, "year": 2038 }, "geometry": { "type": "Point", "coordinates": [ 6.05874662258659, 50.812401137835899 ] } },
{ "type": "Feature", "properties": { "id": "Aachen_richterich", "num_hh": "8", "num_cars": 1, "ARS": "053340002002", "AGS": "05334002", "ARS_0": "053340002002", "AGS_0": "05334002", "SDV_ARS": "053340002002", "GEN": "Aachen", "BEZ": "Stadt", "NUTS": "DEA2D", "RegioStaR7": "72", "scenario": 50, "year": 2038 }, "geometry": { "type": "Point", "coordinates": [ 6.058450854525083, 50.812429171266018 ] } },
{ "type": "Feature", "properties": { "id": "Aachen_richterich", "num_hh": "8", "num_cars": 1, "ARS": "053340002002", "AGS": "05334002", "ARS_0": "053340002002", "AGS_0": "05334002", "SDV_ARS": "053340002002", "GEN": "Aachen", "BEZ": "Stadt", "NUTS": "DEA2D", "RegioStaR7": "72", "scenario": 50, "year": 2038 }, "geometry": { "type": "Point", "coordinates": [ 6.058095932851273, 50.812466549146684 ] } },
{ "type": "Feature", "properties": { "id": "Aachen_richterich", "num_hh": "7", "num_cars": 1, "ARS": "053340002002", "AGS": "05334002", "ARS_0": "053340002002", "AGS_0": "05334002", "SDV_ARS": "053340002002", "GEN": "Aachen", "BEZ": "Stadt", "NUTS": "DEA2D", "RegioStaR7": "72", "scenario": 50, "year": 2038 }, "geometry": { "type": "Point", "coordinates": [ 6.057770587983613, 50.812503926997444 ] } },
{ "type": "Feature", "properties": { "id": "Aachen_richterich", "num_hh": "8", "num_cars": 1, "ARS": "053340002002", "AGS": "05334002", "ARS_0": "053340002002", "AGS_0": "05334002", "SDV_ARS": "053340002002", "GEN": "Aachen", "BEZ": "Stadt", "NUTS": "DEA2D", "RegioStaR7": "72", "scenario": 50, "year": 2038 }, "geometry": { "type": "Point", "coordinates": [ 6.057460031519032, 50.812541304818282 ] } },
{ "type": "Feature", "properties": { "id": "Aachen_richterich", "num_hh": "7", "num_cars": 1, "ARS": "053340002002", "AGS": "05334002", "ARS_0": "053340002002", "AGS_0": "05334002", "SDV_ARS": "053340002002", "GEN": "Aachen", "BEZ": "Stadt", "NUTS": "DEA2D", "RegioStaR7": "72", "scenario": 50, "year": 2038 }, "geometry": { "type": "Point", "coordinates": [ 6.057045956232919, 50.812578682609214 ] } },
{ "type": "Feature", "properties": { "id": "Aachen_richterich", "num_hh": "7", "num_cars": 1, "ARS": "053340002002", "AGS": "05334002", "ARS_0": "053340002002", "AGS_0": "05334002", "SDV_ARS": "053340002002", "GEN": "Aachen", "BEZ": "Stadt", "NUTS": "DEA2D", "RegioStaR7": "72", "scenario": 50, "year": 2038 }, "geometry": { "type": "Point", "coordinates": [ 6.05743045471288, 50.812802936187147 ] } },
{ "type": "Feature", "properties": { "id": "Aachen_richterich", "num_hh": "8", "num_cars": 1, "ARS": "053340002002", "AGS": "05334002", "ARS_0": "053340002002", "AGS_0": "05334002", "SDV_ARS": "053340002002", "GEN": "Aachen", "BEZ": "Stadt", "NUTS": "DEA2D", "RegioStaR7": "72", "scenario": 50, "year": 2038 }, "geometry": { "type": "Point", "coordinates": [ 6.057134686651373, 50.812830969617266 ] } },
{ "type": "Feature", "properties": { "id": "Aachen_richterich", "num_hh": "8", "num_cars": 1, "ARS": "053340002002", "AGS": "05334002", "ARS_0": "053340002002", "AGS_0": "05334002", "SDV_ARS": "053340002002", "GEN": "Aachen", "BEZ": "Stadt", "NUTS": "DEA2D", "RegioStaR7": "72", "scenario": 50, "year": 2038 }, "geometry": { "type": "Point", "coordinates": [ 6.056779764977563, 50.812868347497933 ] } },
{ "type": "Feature", "properties": { "id": "Aachen_richterich", "num_hh": "8", "num_cars": 1, "ARS": "053340002002", "AGS": "05334002", "ARS_0": "053340002002", "AGS_0": "05334002", "SDV_ARS": "053340002002", "GEN": "Aachen", "BEZ": "Stadt", "NUTS": "DEA2D", "RegioStaR7": "72", "scenario": 50, "year": 2038 }, "geometry": { "type": "Point", "coordinates": [ 6.056454420109903, 50.812905725348692 ] } },
{ "type": "Feature", "properties": { "id": "Aachen_richterich", "num_hh": "7", "num_cars": 1, "ARS": "053340002002", "AGS": "05334002", "ARS_0": "053340002002", "AGS_0": "05334002", "SDV_ARS": "053340002002", "GEN": "Aachen", "BEZ": "Stadt", "NUTS": "DEA2D", "RegioStaR7": "72", "scenario": 50, "year": 2038 }, "geometry": { "type": "Point", "coordinates": [ 6.056143863645321, 50.81294310316953 ] } },
{ "type": "Feature", "properties": { "id": "Aachen_richterich", "num_hh": "7", "num_cars": 1, "ARS": "053340002002", "AGS": "05334002", "ARS_0": "053340002002", "AGS_0": "05334002", "SDV_ARS": "053340002002", "GEN": "Aachen", "BEZ": "Stadt", "NUTS": "DEA2D", "RegioStaR7": "72", "scenario": 50, "year": 2038 }, "geometry": { "type": "Point", "coordinates": [ 6.057149475054447, 50.8131206347621 ] } },
{ "type": "Feature", "properties": { "id": "Aachen_richterich", "num_hh": "8", "num_cars": 1, "ARS": "053340002002", "AGS": "05334002", "ARS_0": "053340002002", "AGS_0": "05334002", "SDV_ARS": "053340002002", "GEN": "Aachen", "BEZ": "Stadt", "NUTS": "DEA2D", "RegioStaR7": "72", "scenario": 50, "year": 2038 }, "geometry": { "type": "Point", "coordinates": [ 6.05685370699294, 50.81314866819222 ] } },
{ "type": "Feature", "properties": { "id": "Aachen_richterich", "num_hh": "8", "num_cars": 1, "ARS": "053340002002", "AGS": "05334002", "ARS_0": "053340002002", "AGS_0": "05334002", "SDV_ARS": "053340002002", "GEN": "Aachen", "BEZ": "Stadt", "NUTS": "DEA2D", "RegioStaR7": "72", "scenario": 50, "year": 2038 }, "geometry": { "type": "Point", "coordinates": [ 6.05649878531913, 50.813186046072886 ] } },
{ "type": "Feature", "properties": { "id": "Aachen_richterich", "num_hh": "7", "num_cars": 1, "ARS": "053340002002", "AGS": "05334002", "ARS_0": "053340002002", "AGS_0": "05334002", "SDV_ARS": "053340002002", "GEN": "Aachen", "BEZ": "Stadt", "NUTS": "DEA2D", "RegioStaR7": "72", "scenario": 50, "year": 2038 }, "geometry": { "type": "Point", "coordinates": [ 6.05617344045147, 50.813223423923645 ] } },
{ "type": "Feature", "properties": { "id": "Aachen_richterich", "num_hh": "8", "num_cars": 1, "ARS": "053340002002", "AGS": "05334002", "ARS_0": "053340002002", "AGS_0": "05334002", "SDV_ARS": "053340002002", "GEN": "Aachen", "BEZ": "Stadt", "NUTS": "DEA2D", "RegioStaR7": "72", "scenario": 50, "year": 2038 }, "geometry": { "type": "Point", "coordinates": [ 6.055862883986888, 50.813260801744484 ] } },
{ "type": "Feature", "properties": { "id": "Aachen_richterich", "num_hh": "7", "num_cars": 1, "ARS": "053340002002", "AGS": "05334002", "ARS_0": "053340002002", "AGS_0": "05334002", "SDV_ARS": "053340002002", "GEN": "Aachen", "BEZ": "Stadt", "NUTS": "DEA2D", "RegioStaR7": "72", "scenario": 50, "year": 2038 }, "geometry": { "type": "Point", "coordinates": [ 6.056883283799091, 50.813438331176108 ] } },
{ "type": "Feature", "properties": { "id": "Aachen_richterich", "num_hh": "8", "num_cars": 1, "ARS": "053340002002", "AGS": "05334002", "ARS_0": "053340002002", "AGS_0": "05334002", "SDV_ARS": "053340002002", "GEN": "Aachen", "BEZ": "Stadt", "NUTS": "DEA2D", "RegioStaR7": "72", "scenario": 50, "year": 2038 }, "geometry": { "type": "Point", "coordinates": [ 6.056587515737584, 50.813466364606228 ] } },
{ "type": "Feature", "properties": { "id": "Aachen_richterich", "num_hh": "7", "num_cars": 1, "ARS": "053340002002", "AGS": "05334002", "ARS_0": "053340002002", "AGS_0": "05334002", "SDV_ARS": "053340002002", "GEN": "Aachen", "BEZ": "Stadt", "NUTS": "DEA2D", "RegioStaR7": "72", "scenario": 50, "year": 2038 }, "geometry": { "type": "Point", "coordinates": [ 6.056232594063774, 50.813503742486894 ] } },
{ "type": "Feature", "properties": { "id": "Aachen_richterich", "num_hh": "7", "num_cars": 1, "ARS": "053340002002", "AGS": "05334002", "ARS_0": "053340002002", "AGS_0": "05334002", "SDV_ARS": "053340002002", "GEN": "Aachen", "BEZ": "Stadt", "NUTS": "DEA2D", "RegioStaR7": "72", "scenario": 50, "year": 2038 }, "geometry": { "type": "Point", "coordinates": [ 6.055907249196114, 50.813541120337653 ] } },
{ "type": "Feature", "properties": { "id": "Aachen_richterich", "num_hh": "7", "num_cars": 1, "ARS": "053340002002", "AGS": "05334002", "ARS_0": "053340002002", "AGS_0": "05334002", "SDV_ARS": "053340002002", "GEN": "Aachen", "BEZ": "Stadt", "NUTS": "DEA2D", "RegioStaR7": "72", "scenario": 50, "year": 2038 }, "geometry": { "type": "Point", "coordinates": [ 6.056705822962186, 50.812597365369491 ] } },
{ "type": "Feature", "properties": { "id": "Aachen_richterich", "num_hh": "8", "num_cars": 1, "ARS": "053340002002", "AGS": "05334002", "ARS_0": "053340002002", "AGS_0": "05334002", "SDV_ARS": "053340002002", "GEN": "Aachen", "BEZ": "Stadt", "NUTS": "DEA2D", "RegioStaR7": "72", "scenario": 50, "year": 2038 }, "geometry": { "type": "Point", "coordinates": [ 6.056410054900678, 50.812625398799611 ] } },
{ "type": "Feature", "properties": { "id": "Aachen_richterich", "num_hh": "8", "num_cars": 1, "ARS": "053340002002", "AGS": "05334002", "ARS_0": "053340002002", "AGS_0": "05334002", "SDV_ARS": "053340002002", "GEN": "Aachen", "BEZ": "Stadt", "NUTS": "DEA2D", "RegioStaR7": "72", "scenario": 50, "year": 2038 }, "geometry": { "type": "Point", "coordinates": [ 6.056055133226868, 50.812662776680277 ] } },
{ "type": "Feature", "properties": { "id": "Neuss_holtzheim_station", "num_hh": "8", "num_cars": 1, "ARS": "051620024024", "AGS": "05162024", "ARS_0": "051620024024", "AGS_0": "05162024", "SDV_ARS": "051620024024", "GEN": "Neuss", "BEZ": "Stadt", "NUTS": "DEA1D", "RegioStaR7": "72", "scenario": 50, "year": 2038 }, "geometry": { "type": "Point", "coordinates": [ 6.667747849634752, 51.167691013346563 ] } },
{ "type": "Feature", "properties": { "id": "Neuss_holtzheim_station", "num_hh": "8", "num_cars": 1, "ARS": "051620024024", "AGS": "05162024", "ARS_0": "051620024024", "AGS_0": "05162024", "SDV_ARS": "051620024024", "GEN": "Neuss", "BEZ": "Stadt", "NUTS": "DEA1D", "RegioStaR7": "72", "scenario": 50, "year": 2038 }, "geometry": { "type": "Point", "coordinates": [ 6.668087982905488, 51.167644648477548 ] } },
{ "type": "Feature", "properties": { "id": "Neuss_holtzheim_station", "num_hh": "7", "num_cars": 1, "ARS": "051620024024", "AGS": "05162024", "ARS_0": "051620024024", "AGS_0": "05162024", "SDV_ARS": "051620024024", "GEN": "Neuss", "BEZ": "Stadt", "NUTS": "DEA1D", "RegioStaR7": "72", "scenario": 50, "year": 2038 }, "geometry": { "type": "Point", "coordinates": [ 6.668428116176221, 51.167598283561922 ] } },
{ "type": "Feature", "properties": { "id": "Neuss_holtzheim_station", "num_hh": "8", "num_cars": 1, "ARS": "051620024024", "AGS": "05162024", "ARS_0": "051620024024", "AGS_0": "05162024", "SDV_ARS": "051620024024", "GEN": "Neuss", "BEZ": "Stadt", "NUTS": "DEA1D", "RegioStaR7": "72", "scenario": 50, "year": 2038 }, "geometry": { "type": "Point", "coordinates": [ 6.668738672640805, 51.167551918599699 ] } },
{ "type": "Feature", "properties": { "id": "Neuss_holtzheim_station", "num_hh": "8", "num_cars": 1, "ARS": "051620024024", "AGS": "05162024", "ARS_0": "051620024024", "AGS_0": "05162024", "SDV_ARS": "051620024024", "GEN": "Neuss", "BEZ": "Stadt", "NUTS": "DEA1D", "RegioStaR7": "72", "scenario": 50, "year": 2038 }, "geometry": { "type": "Point", "coordinates": [ 6.669078805911539, 51.167477734563171 ] } },
{ "type": "Feature", "properties": { "id": "Neuss_holtzheim_station", "num_hh": "7", "num_cars": 1, "ARS": "051620024024", "AGS": "05162024", "ARS_0": "051620024024", "AGS_0": "05162024", "SDV_ARS": "051620024024", "GEN": "Neuss", "BEZ": "Stadt", "NUTS": "DEA1D", "RegioStaR7": "72", "scenario": 50, "year": 2038 }, "geometry": { "type": "Point", "coordinates": [ 6.669433727585348, 51.167440642500168 ] } },
{ "type": "Feature", "properties": { "id": "Neuss_holtzheim_station", "num_hh": "8", "num_cars": 1, "ARS": "051620024024", "AGS": "05162024", "ARS_0": "051620024024", "AGS_0": "05162024", "SDV_ARS": "051620024024", "GEN": "Neuss", "BEZ": "Stadt", "NUTS": "DEA1D", "RegioStaR7": "72", "scenario": 50, "year": 2038 }, "geometry": { "type": "Point", "coordinates": [ 6.66782179165013, 51.167987747225489 ] } },
{ "type": "Feature", "properties": { "id": "Neuss_holtzheim_station", "num_hh": "8", "num_cars": 1, "ARS": "051620024024", "AGS": "05162024", "ARS_0": "051620024024", "AGS_0": "05162024", "SDV_ARS": "051620024024", "GEN": "Neuss", "BEZ": "Stadt", "NUTS": "DEA1D", "RegioStaR7": "72", "scenario": 50, "year": 2038 }, "geometry": { "type": "Point", "coordinates": [ 6.668161924920866, 51.167941382356474 ] } },
{ "type": "Feature", "properties": { "id": "Neuss_holtzheim_station", "num_hh": "8", "num_cars": 1, "ARS": "051620024024", "AGS": "05162024", "ARS_0": "051620024024", "AGS_0": "05162024", "SDV_ARS": "051620024024", "GEN": "Neuss", "BEZ": "Stadt", "NUTS": "DEA1D", "RegioStaR7": "72", "scenario": 50, "year": 2038 }, "geometry": { "type": "Point", "coordinates": [ 6.668502058191599, 51.167895017440848 ] } },
{ "type": "Feature", "properties": { "id": "Neuss_holtzheim_station", "num_hh": "7", "num_cars": 1, "ARS": "051620024024", "AGS": "05162024", "ARS_0": "051620024024", "AGS_0": "05162024", "SDV_ARS": "051620024024", "GEN": "Neuss", "BEZ": "Stadt", "NUTS": "DEA1D", "RegioStaR7": "72", "scenario": 50, "year": 2038 }, "geometry": { "type": "Point", "coordinates": [ 6.668812614656183, 51.167848652478625 ] } },
{ "type": "Feature", "properties": { "id": "Neuss_holtzheim_station", "num_hh": "8", "num_cars": 1, "ARS": "051620024024", "AGS": "05162024", "ARS_0": "051620024024", "AGS_0": "05162024", "SDV_ARS": "051620024024", "GEN": "Neuss", "BEZ": "Stadt", "NUTS": "DEA1D", "RegioStaR7": "72", "scenario": 50, "year": 2038 }, "geometry": { "type": "Point", "coordinates": [ 6.669152747926917, 51.167774468442097 ] } },
{ "type": "Feature", "properties": { "id": "Neuss_holtzheim_station", "num_hh": "8", "num_cars": 1, "ARS": "051620024024", "AGS": "05162024", "ARS_0": "051620024024", "AGS_0": "05162024", "SDV_ARS": "051620024024", "GEN": "Neuss", "BEZ": "Stadt", "NUTS": "DEA1D", "RegioStaR7": "72", "scenario": 50, "year": 2038 }, "geometry": { "type": "Point", "coordinates": [ 6.669507669600726, 51.167737376379094 ] } },
{ "type": "Feature", "properties": { "id": "Neuss_holtzheim_station", "num_hh": "8", "num_cars": 1, "ARS": "051620024024", "AGS": "05162024", "ARS_0": "051620024024", "AGS_0": "05162024", "SDV_ARS": "051620024024", "GEN": "Neuss", "BEZ": "Stadt", "NUTS": "DEA1D", "RegioStaR7": "72", "scenario": 50, "year": 2038 }, "geometry": { "type": "Point", "coordinates": [ 6.667925310471658, 51.168247387803454 ] } },
{ "type": "Feature", "properties": { "id": "Neuss_holtzheim_station", "num_hh": "8", "num_cars": 1, "ARS": "051620024024", "AGS": "05162024", "ARS_0": "051620024024", "AGS_0": "05162024", "SDV_ARS": "051620024024", "GEN": "Neuss", "BEZ": "Stadt", "NUTS": "DEA1D", "RegioStaR7": "72", "scenario": 50, "year": 2038 }, "geometry": { "type": "Point", "coordinates": [ 6.668265443742393, 51.16820102293444 ] } },
{ "type": "Feature", "properties": { "id": "Neuss_holtzheim_station", "num_hh": "8", "num_cars": 1, "ARS": "051620024024", "AGS": "05162024", "ARS_0": "051620024024", "AGS_0": "05162024", "SDV_ARS": "051620024024", "GEN": "Neuss", "BEZ": "Stadt", "NUTS": "DEA1D", "RegioStaR7": "72", "scenario": 50, "year": 2038 }, "geometry": { "type": "Point", "coordinates": [ 6.668605577013127, 51.168154658018814 ] } },
{ "type": "Feature", "properties": { "id": "Neuss_holtzheim_station", "num_hh": "8", "num_cars": 1, "ARS": "051620024024", "AGS": "05162024", "ARS_0": "051620024024", "AGS_0": "05162024", "SDV_ARS": "051620024024", "GEN": "Neuss", "BEZ": "Stadt", "NUTS": "DEA1D", "RegioStaR7": "72", "scenario": 50, "year": 2038 }, "geometry": { "type": "Point", "coordinates": [ 6.66891613347771, 51.168108293056591 ] } },
{ "type": "Feature", "properties": { "id": "Neuss_holtzheim_station", "num_hh": "8", "num_cars": 1, "ARS": "051620024024", "AGS": "05162024", "ARS_0": "051620024024", "AGS_0": "05162024", "SDV_ARS": "051620024024", "GEN": "Neuss", "BEZ": "Stadt", "NUTS": "DEA1D", "RegioStaR7": "72", "scenario": 50, "year": 2038 }, "geometry": { "type": "Point", "coordinates": [ 6.669256266748445, 51.168034109020063 ] } },
{ "type": "Feature", "properties": { "id": "Neuss_holtzheim_station", "num_hh": "8", "num_cars": 1, "ARS": "051620024024", "AGS": "05162024", "ARS_0": "051620024024", "AGS_0": "05162024", "SDV_ARS": "051620024024", "GEN": "Neuss", "BEZ": "Stadt", "NUTS": "DEA1D", "RegioStaR7": "72", "scenario": 50, "year": 2038 }, "geometry": { "type": "Point", "coordinates": [ 6.669611188422254, 51.167997016957059 ] } },
{ "type": "Feature", "properties": { "id": "Neuss_holtzheim_station", "num_hh": "7", "num_cars": 1, "ARS": "051620024024", "AGS": "05162024", "ARS_0": "051620024024", "AGS_0": "05162024", "SDV_ARS": "051620024024", "GEN": "Neuss", "BEZ": "Stadt", "NUTS": "DEA1D", "RegioStaR7": "72", "scenario": 50, "year": 2038 }, "geometry": { "type": "Point", "coordinates": [ 6.66804361769626, 51.168534845309743 ] } },
{ "type": "Feature", "properties": { "id": "Neuss_holtzheim_station", "num_hh": "7", "num_cars": 1, "ARS": "051620024024", "AGS": "05162024", "ARS_0": "051620024024", "AGS_0": "05162024", "SDV_ARS": "051620024024", "GEN": "Neuss", "BEZ": "Stadt", "NUTS": "DEA1D", "RegioStaR7": "72", "scenario": 50, "year": 2038 }, "geometry": { "type": "Point", "coordinates": [ 6.668383750966996, 51.168488480440729 ] } },
{ "type": "Feature", "properties": { "id": "Neuss_holtzheim_station", "num_hh": "8", "num_cars": 1, "ARS": "051620024024", "AGS": "05162024", "ARS_0": "051620024024", "AGS_0": "05162024", "SDV_ARS": "051620024024", "GEN": "Neuss", "BEZ": "Stadt", "NUTS": "DEA1D", "RegioStaR7": "72", "scenario": 50, "year": 2038 }, "geometry": { "type": "Point", "coordinates": [ 6.668723884237729, 51.168442115525103 ] } },
{ "type": "Feature", "properties": { "id": "Neuss_holtzheim_station", "num_hh": "8", "num_cars": 1, "ARS": "051620024024", "AGS": "05162024", "ARS_0": "051620024024", "AGS_0": "05162024", "SDV_ARS": "051620024024", "GEN": "Neuss", "BEZ": "Stadt", "NUTS": "DEA1D", "RegioStaR7": "72", "scenario": 50, "year": 2038 }, "geometry": { "type": "Point", "coordinates": [ 6.669034440702313, 51.16839575056288 ] } },
{ "type": "Feature", "properties": { "id": "Neuss_holtzheim_station", "num_hh": "8", "num_cars": 1, "ARS": "051620024024", "AGS": "05162024", "ARS_0": "051620024024", "AGS_0": "05162024", "SDV_ARS": "051620024024", "GEN": "Neuss", "BEZ": "Stadt", "NUTS": "DEA1D", "RegioStaR7": "72", "scenario": 50, "year": 2038 }, "geometry": { "type": "Point", "coordinates": [ 6.669374573973047, 51.168321566526352 ] } },
{ "type": "Feature", "properties": { "id": "Neuss_holtzheim_station", "num_hh": "7", "num_cars": 1, "ARS": "051620024024", "AGS": "05162024", "ARS_0": "051620024024", "AGS_0": "05162024", "SDV_ARS": "051620024024", "GEN": "Neuss", "BEZ": "Stadt", "NUTS": "DEA1D", "RegioStaR7": "72", "scenario": 50, "year": 2038 }, "geometry": { "type": "Point", "coordinates": [ 6.669729495646856, 51.168284474463348 ] } },
{ "type": "Feature", "properties": { "id": "Neuss_holtzheim_station", "num_hh": "8", "num_cars": 1, "ARS": "051620024024", "AGS": "05162024", "ARS_0": "051620024024", "AGS_0": "05162024", "SDV_ARS": "051620024024", "GEN": "Neuss", "BEZ": "Stadt", "NUTS": "DEA1D", "RegioStaR7": "72", "scenario": 50, "year": 2038 }, "geometry": { "type": "Point", "coordinates": [ 6.668250655339317, 51.16878521006506 ] } },
{ "type": "Feature", "properties": { "id": "Neuss_holtzheim_station", "num_hh": "7", "num_cars": 1, "ARS": "051620024024", "AGS": "05162024", "ARS_0": "051620024024", "AGS_0": "05162024", "SDV_ARS": "051620024024", "GEN": "Neuss", "BEZ": "Stadt", "NUTS": "DEA1D", "RegioStaR7": "72", "scenario": 50, "year": 2038 }, "geometry": { "type": "Point", "coordinates": [ 6.668590788610053, 51.168738845196046 ] } },
{ "type": "Feature", "properties": { "id": "Neuss_holtzheim_station", "num_hh": "7", "num_cars": 1, "ARS": "051620024024", "AGS": "05162024", "ARS_0": "051620024024", "AGS_0": "05162024", "SDV_ARS": "051620024024", "GEN": "Neuss", "BEZ": "Stadt", "NUTS": "DEA1D", "RegioStaR7": "72", "scenario": 50, "year": 2038 }, "geometry": { "type": "Point", "coordinates": [ 6.668930921880786, 51.16869248028042 ] } },
{ "type": "Feature", "properties": { "id": "Neuss_holtzheim_station", "num_hh": "7", "num_cars": 1, "ARS": "051620024024", "AGS": "05162024", "ARS_0": "051620024024", "AGS_0": "05162024", "SDV_ARS": "051620024024", "GEN": "Neuss", "BEZ": "Stadt", "NUTS": "DEA1D", "RegioStaR7": "72", "scenario": 50, "year": 2038 }, "geometry": { "type": "Point", "coordinates": [ 6.66924147834537, 51.168646115318197 ] } },
{ "type": "Feature", "properties": { "id": "Neuss_holtzheim_station", "num_hh": "7", "num_cars": 1, "ARS": "051620024024", "AGS": "05162024", "ARS_0": "051620024024", "AGS_0": "05162024", "SDV_ARS": "051620024024", "GEN": "Neuss", "BEZ": "Stadt", "NUTS": "DEA1D", "RegioStaR7": "72", "scenario": 50, "year": 2038 }, "geometry": { "type": "Point", "coordinates": [ 6.669581611616104, 51.168571931281669 ] } },
{ "type": "Feature", "properties": { "id": "Neuss_holtzheim_station", "num_hh": "7", "num_cars": 1, "ARS": "051620024024", "AGS": "05162024", "ARS_0": "051620024024", "AGS_0": "05162024", "SDV_ARS": "051620024024", "GEN": "Neuss", "BEZ": "Stadt", "NUTS": "DEA1D", "RegioStaR7": "72", "scenario": 50, "year": 2038 }, "geometry": { "type": "Point", "coordinates": [ 6.669936533289913, 51.168534839218665 ] } },
{ "type": "Feature", "properties": { "id": "Neuss_holtzheim_station", "num_hh": "8", "num_cars": 1, "ARS": "051620024024", "AGS": "05162024", "ARS_0": "051620024024", "AGS_0": "05162024", "SDV_ARS": "051620024024", "GEN": "Neuss", "BEZ": "Stadt", "NUTS": "DEA1D", "RegioStaR7": "72", "scenario": 50, "year": 2038 }, "geometry": { "type": "Point", "coordinates": [ 6.668221078533166, 51.169044846153497 ] } },
{ "type": "Feature", "properties": { "id": "Neuss_holtzheim_station", "num_hh": "8", "num_cars": 1, "ARS": "051620024024", "AGS": "05162024", "ARS_0": "051620024024", "AGS_0": "05162024", "SDV_ARS": "051620024024", "GEN": "Neuss", "BEZ": "Stadt", "NUTS": "DEA1D", "RegioStaR7": "72", "scenario": 50, "year": 2038 }, "geometry": { "type": "Point", "coordinates": [ 6.668561211803901, 51.168998481284483 ] } },
{ "type": "Feature", "properties": { "id": "Neuss_holtzheim_station", "num_hh": "7", "num_cars": 1, "ARS": "051620024024", "AGS": "05162024", "ARS_0": "051620024024", "AGS_0": "05162024", "SDV_ARS": "051620024024", "GEN": "Neuss", "BEZ": "Stadt", "NUTS": "DEA1D", "RegioStaR7": "72", "scenario": 50, "year": 2038 }, "geometry": { "type": "Point", "coordinates": [ 6.668901345074635, 51.168952116368857 ] } },
{ "type": "Feature", "properties": { "id": "Neuss_holtzheim_station", "num_hh": "8", "num_cars": 1, "ARS": "051620024024", "AGS": "05162024", "ARS_0": "051620024024", "AGS_0": "05162024", "SDV_ARS": "051620024024", "GEN": "Neuss", "BEZ": "Stadt", "NUTS": "DEA1D", "RegioStaR7": "72", "scenario": 50, "year": 2038 }, "geometry": { "type": "Point", "coordinates": [ 6.669211901539218, 51.168905751406633 ] } },
{ "type": "Feature", "properties": { "id": "Neuss_holtzheim_station", "num_hh": "8", "num_cars": 1, "ARS": "051620024024", "AGS": "05162024", "ARS_0": "051620024024", "AGS_0": "05162024", "SDV_ARS": "051620024024", "GEN": "Neuss", "BEZ": "Stadt", "NUTS": "DEA1D", "RegioStaR7": "72", "scenario": 50, "year": 2038 }, "geometry": { "type": "Point", "coordinates": [ 6.669552034809953, 51.168831567370106 ] } },
{ "type": "Feature", "properties": { "id": "Neuss_holtzheim_station", "num_hh": "7", "num_cars": 1, "ARS": "051620024024", "AGS": "05162024", "ARS_0": "051620024024", "AGS_0": "05162024", "SDV_ARS": "051620024024", "GEN": "Neuss", "BEZ": "Stadt", "NUTS": "DEA1D", "RegioStaR7": "72", "scenario": 50, "year": 2038 }, "geometry": { "type": "Point", "coordinates": [ 6.669906956483762, 51.168794475307102 ] } },
{ "type": "Feature", "properties": { "id": "Neuss_holtzheim_station", "num_hh": "7", "num_cars": 1, "ARS": "051620024024", "AGS": "05162024", "ARS_0": "051620024024", "AGS_0": "05162024", "SDV_ARS": "051620024024", "GEN": "Neuss", "BEZ": "Stadt", "NUTS": "DEA1D", "RegioStaR7": "72", "scenario": 50, "year": 2038 }, "geometry": { "type": "Point", "coordinates": [ 6.668428116176221, 51.169323026054784 ] } },
{ "type": "Feature", "properties": { "id": "Neuss_holtzheim_station", "num_hh": "8", "num_cars": 1, "ARS": "051620024024", "AGS": "05162024", "ARS_0": "051620024024", "AGS_0": "05162024", "SDV_ARS": "051620024024", "GEN": "Neuss", "BEZ": "Stadt", "NUTS": "DEA1D", "RegioStaR7": "72", "scenario": 50, "year": 2038 }, "geometry": { "type": "Point", "coordinates": [ 6.668768249446956, 51.169276661185769 ] } },
{ "type": "Feature", "properties": { "id": "Neuss_holtzheim_station", "num_hh": "8", "num_cars": 1, "ARS": "051620024024", "AGS": "05162024", "ARS_0": "051620024024", "AGS_0": "05162024", "SDV_ARS": "051620024024", "GEN": "Neuss", "BEZ": "Stadt", "NUTS": "DEA1D", "RegioStaR7": "72", "scenario": 50, "year": 2038 }, "geometry": { "type": "Point", "coordinates": [ 6.66910838271769, 51.169230296270143 ] } },
{ "type": "Feature", "properties": { "id": "Neuss_holtzheim_station", "num_hh": "8", "num_cars": 1, "ARS": "051620024024", "AGS": "05162024", "ARS_0": "051620024024", "AGS_0": "05162024", "SDV_ARS": "051620024024", "GEN": "Neuss", "BEZ": "Stadt", "NUTS": "DEA1D", "RegioStaR7": "72", "scenario": 50, "year": 2038 }, "geometry": { "type": "Point", "coordinates": [ 6.669418939182274, 51.16918393130792 ] } },
{ "type": "Feature", "properties": { "id": "Neuss_holtzheim_station", "num_hh": "7", "num_cars": 1, "ARS": "051620024024", "AGS": "05162024", "ARS_0": "051620024024", "AGS_0": "05162024", "SDV_ARS": "051620024024", "GEN": "Neuss", "BEZ": "Stadt", "NUTS": "DEA1D", "RegioStaR7": "72", "scenario": 50, "year": 2038 }, "geometry": { "type": "Point", "coordinates": [ 6.669759072453008, 51.169109747271392 ] } },
{ "type": "Feature", "properties": { "id": "Neuss_holtzheim_station", "num_hh": "8", "num_cars": 1, "ARS": "051620024024", "AGS": "05162024", "ARS_0": "051620024024", "AGS_0": "05162024", "SDV_ARS": "051620024024", "GEN": "Neuss", "BEZ": "Stadt", "NUTS": "DEA1D", "RegioStaR7": "72", "scenario": 50, "year": 2038 }, "geometry": { "type": "Point", "coordinates": [ 6.670113994126817, 51.169072655208389 ] } },
{ "type": "Feature", "properties": { "id": "Neuss_holtzheim_station", "num_hh": "7", "num_cars": 1, "ARS": "051620024024", "AGS": "05162024", "ARS_0": "051620024024", "AGS_0": "05162024", "SDV_ARS": "051620024024", "GEN": "Neuss", "BEZ": "Stadt", "NUTS": "DEA1D", "RegioStaR7": "72", "scenario": 50, "year": 2038 }, "geometry": { "type": "Point", "coordinates": [ 6.668531634997749, 51.169582659115406 ] } },
{ "type": "Feature", "properties": { "id": "Neuss_holtzheim_station", "num_hh": "7", "num_cars": 1, "ARS": "051620024024", "AGS": "05162024", "ARS_0": "051620024024", "AGS_0": "05162024", "SDV_ARS": "051620024024", "GEN": "Neuss", "BEZ": "Stadt", "NUTS": "DEA1D", "RegioStaR7": "72", "scenario": 50, "year": 2038 }, "geometry": { "type": "Point", "coordinates": [ 6.668871768268485, 51.169536294246392 ] } },
{ "type": "Feature", "properties": { "id": "Neuss_holtzheim_station", "num_hh": "8", "num_cars": 1, "ARS": "051620024024", "AGS": "05162024", "ARS_0": "051620024024", "AGS_0": "05162024", "SDV_ARS": "051620024024", "GEN": "Neuss", "BEZ": "Stadt", "NUTS": "DEA1D", "RegioStaR7": "72", "scenario": 50, "year": 2038 }, "geometry": { "type": "Point", "coordinates": [ 6.669211901539218, 51.169489929330766 ] } },
{ "type": "Feature", "properties": { "id": "Neuss_holtzheim_station", "num_hh": "7", "num_cars": 1, "ARS": "051620024024", "AGS": "05162024", "ARS_0": "051620024024", "AGS_0": "05162024", "SDV_ARS": "051620024024", "GEN": "Neuss", "BEZ": "Stadt", "NUTS": "DEA1D", "RegioStaR7": "72", "scenario": 50, "year": 2038 }, "geometry": { "type": "Point", "coordinates": [ 6.669522458003802, 51.169443564368542 ] } },
{ "type": "Feature", "properties": { "id": "Neuss_holtzheim_station", "num_hh": "8", "num_cars": 1, "ARS": "051620024024", "AGS": "05162024", "ARS_0": "051620024024", "AGS_0": "05162024", "SDV_ARS": "051620024024", "GEN": "Neuss", "BEZ": "Stadt", "NUTS": "DEA1D", "RegioStaR7": "72", "scenario": 50, "year": 2038 }, "geometry": { "type": "Point", "coordinates": [ 6.669862591274536, 51.169369380332014 ] } },
{ "type": "Feature", "properties": { "id": "Neuss_holtzheim_station", "num_hh": "7", "num_cars": 1, "ARS": "051620024024", "AGS": "05162024", "ARS_0": "051620024024", "AGS_0": "05162024", "SDV_ARS": "051620024024", "GEN": "Neuss", "BEZ": "Stadt", "NUTS": "DEA1D", "RegioStaR7": "72", "scenario": 50, "year": 2038 }, "geometry": { "type": "Point", "coordinates": [ 6.670217512948345, 51.169332288269011 ] } },
{ "type": "Feature", "properties": { "id": "Neuss_holtzheim_station", "num_hh": "8", "num_cars": 1, "ARS": "051620024024", "AGS": "05162024", "ARS_0": "051620024024", "AGS_0": "05162024", "SDV_ARS": "051620024024", "GEN": "Neuss", "BEZ": "Stadt", "NUTS": "DEA1D", "RegioStaR7": "72", "scenario": 50, "year": 2038 }, "geometry": { "type": "Point", "coordinates": [ 6.66875346104388, 51.169851563244428 ] } },
{ "type": "Feature", "properties": { "id": "Neuss_holtzheim_station", "num_hh": "8", "num_cars": 1, "ARS": "051620024024", "AGS": "05162024", "ARS_0": "051620024024", "AGS_0": "05162024", "SDV_ARS": "051620024024", "GEN": "Neuss", "BEZ": "Stadt", "NUTS": "DEA1D", "RegioStaR7": "72", "scenario": 50, "year": 2038 }, "geometry": { "type": "Point", "coordinates": [ 6.669093594314615, 51.169805198375414 ] } },
{ "type": "Feature", "properties": { "id": "Neuss_holtzheim_station", "num_hh": "8", "num_cars": 1, "ARS": "051620024024", "AGS": "05162024", "ARS_0": "051620024024", "AGS_0": "05162024", "SDV_ARS": "051620024024", "GEN": "Neuss", "BEZ": "Stadt", "NUTS": "DEA1D", "RegioStaR7": "72", "scenario": 50, "year": 2038 }, "geometry": { "type": "Point", "coordinates": [ 6.669433727585349, 51.169758833459788 ] } },
{ "type": "Feature", "properties": { "id": "Neuss_holtzheim_station", "num_hh": "8", "num_cars": 1, "ARS": "051620024024", "AGS": "05162024", "ARS_0": "051620024024", "AGS_0": "05162024", "SDV_ARS": "051620024024", "GEN": "Neuss", "BEZ": "Stadt", "NUTS": "DEA1D", "RegioStaR7": "72", "scenario": 50, "year": 2038 }, "geometry": { "type": "Point", "coordinates": [ 6.669744284049933, 51.169712468497565 ] } },
{ "type": "Feature", "properties": { "id": "Neuss_holtzheim_station", "num_hh": "8", "num_cars": 1, "ARS": "051620024024", "AGS": "05162024", "ARS_0": "051620024024", "AGS_0": "05162024", "SDV_ARS": "051620024024", "GEN": "Neuss", "BEZ": "Stadt", "NUTS": "DEA1D", "RegioStaR7": "72", "scenario": 50, "year": 2038 }, "geometry": { "type": "Point", "coordinates": [ 6.670084417320667, 51.169638284461037 ] } },
{ "type": "Feature", "properties": { "id": "Neuss_holtzheim_station", "num_hh": "8", "num_cars": 1, "ARS": "051620024024", "AGS": "05162024", "ARS_0": "051620024024", "AGS_0": "05162024", "SDV_ARS": "051620024024", "GEN": "Neuss", "BEZ": "Stadt", "NUTS": "DEA1D", "RegioStaR7": "72", "scenario": 50, "year": 2038 }, "geometry": { "type": "Point", "coordinates": [ 6.670439338994476, 51.169601192398034 ] } },
{ "type": "Feature", "properties": { "id": "Aachen_madrider_ring", "num_hh": "8", "num_cars": 1, "ARS": "053340002002", "AGS": "05334002", "ARS_0": "053340002002", "AGS_0": "05334002", "SDV_ARS": "053340002002", "GEN": "Aachen", "BEZ": "Stadt", "NUTS": "DEA2D", "RegioStaR7": "72", "scenario": 50, "year": 2038 }, "geometry": { "type": "Point", "coordinates": [ 6.129024811101671, 50.76721867663862 ] } },
{ "type": "Feature", "properties": { "id": "Aachen_madrider_ring", "num_hh": "8", "num_cars": 1, "ARS": "053340002002", "AGS": "05334002", "ARS_0": "053340002002", "AGS_0": "05334002", "SDV_ARS": "053340002002", "GEN": "Aachen", "BEZ": "Stadt", "NUTS": "DEA2D", "RegioStaR7": "72", "scenario": 50, "year": 2038 }, "geometry": { "type": "Point", "coordinates": [ 6.129305790760104, 50.767106437368618 ] } },
{ "type": "Feature", "properties": { "id": "Aachen_madrider_ring", "num_hh": "7", "num_cars": 1, "ARS": "053340002002", "AGS": "05334002", "ARS_0": "053340002002", "AGS_0": "05334002", "SDV_ARS": "053340002002", "GEN": "Aachen", "BEZ": "Stadt", "NUTS": "DEA2D", "RegioStaR7": "72", "scenario": 50, "year": 2038 }, "geometry": { "type": "Point", "coordinates": [ 6.129645924030838, 50.766984844522256 ] } },
{ "type": "Feature", "properties": { "id": "Aachen_madrider_ring", "num_hh": "8", "num_cars": 1, "ARS": "053340002002", "AGS": "05334002", "ARS_0": "053340002002", "AGS_0": "05334002", "SDV_ARS": "053340002002", "GEN": "Aachen", "BEZ": "Stadt", "NUTS": "DEA2D", "RegioStaR7": "72", "scenario": 50, "year": 2038 }, "geometry": { "type": "Point", "coordinates": [ 6.129941692092347, 50.766863251359865 ] } },
{ "type": "Feature", "properties": { "id": "Aachen_madrider_ring", "num_hh": "8", "num_cars": 1, "ARS": "053340002002", "AGS": "05334002", "ARS_0": "053340002002", "AGS_0": "05334002", "SDV_ARS": "053340002002", "GEN": "Aachen", "BEZ": "Stadt", "NUTS": "DEA2D", "RegioStaR7": "72", "scenario": 50, "year": 2038 }, "geometry": { "type": "Point", "coordinates": [ 6.130178306541553, 50.766732304523877 ] } },
{ "type": "Feature", "properties": { "id": "Aachen_madrider_ring", "num_hh": "8", "num_cars": 1, "ARS": "053340002002", "AGS": "05334002", "ARS_0": "053340002002", "AGS_0": "05334002", "SDV_ARS": "053340002002", "GEN": "Aachen", "BEZ": "Stadt", "NUTS": "DEA2D", "RegioStaR7": "72", "scenario": 50, "year": 2038 }, "geometry": { "type": "Point", "coordinates": [ 6.130503651409211, 50.766620064087022 ] } },
{ "type": "Feature", "properties": { "id": "Aachen_madrider_ring", "num_hh": "8", "num_cars": 1, "ARS": "053340002002", "AGS": "05334002", "ARS_0": "053340002002", "AGS_0": "05334002", "SDV_ARS": "053340002002", "GEN": "Aachen", "BEZ": "Stadt", "NUTS": "DEA2D", "RegioStaR7": "72", "scenario": 50, "year": 2038 }, "geometry": { "type": "Point", "coordinates": [ 6.130769842664568, 50.766507823380906 ] } },
{ "type": "Feature", "properties": { "id": "Aachen_madrider_ring", "num_hh": "7", "num_cars": 1, "ARS": "053340002002", "AGS": "05334002", "ARS_0": "053340002002", "AGS_0": "05334002", "SDV_ARS": "053340002002", "GEN": "Aachen", "BEZ": "Stadt", "NUTS": "DEA2D", "RegioStaR7": "72", "scenario": 50, "year": 2038 }, "geometry": { "type": "Point", "coordinates": [ 6.131095187532227, 50.766386228978739 ] } },
{ "type": "Feature", "properties": { "id": "Aachen_madrider_ring", "num_hh": "8", "num_cars": 1, "ARS": "053340002002", "AGS": "05334002", "ARS_0": "053340002002", "AGS_0": "05334002", "SDV_ARS": "053340002002", "GEN": "Aachen", "BEZ": "Stadt", "NUTS": "DEA2D", "RegioStaR7": "72", "scenario": 50, "year": 2038 }, "geometry": { "type": "Point", "coordinates": [ 6.131420532399887, 50.766273987711628 ] } },
{ "type": "Feature", "properties": { "id": "Aachen_madrider_ring", "num_hh": "7", "num_cars": 1, "ARS": "053340002002", "AGS": "05334002", "ARS_0": "053340002002", "AGS_0": "05334002", "SDV_ARS": "053340002002", "GEN": "Aachen", "BEZ": "Stadt", "NUTS": "DEA2D", "RegioStaR7": "72", "scenario": 50, "year": 2038 }, "geometry": { "type": "Point", "coordinates": [ 6.131775454073696, 50.766143039226328 ] } },
{ "type": "Feature", "properties": { "id": "Aachen_madrider_ring", "num_hh": "8", "num_cars": 1, "ARS": "053340002002", "AGS": "05334002", "ARS_0": "053340002002", "AGS_0": "05334002", "SDV_ARS": "053340002002", "GEN": "Aachen", "BEZ": "Stadt", "NUTS": "DEA2D", "RegioStaR7": "72", "scenario": 50, "year": 2038 }, "geometry": { "type": "Point", "coordinates": [ 6.12935015596933, 50.767471213961109 ] } },
{ "type": "Feature", "properties": { "id": "Aachen_madrider_ring", "num_hh": "7", "num_cars": 1, "ARS": "053340002002", "AGS": "05334002", "ARS_0": "053340002002", "AGS_0": "05334002", "SDV_ARS": "053340002002", "GEN": "Aachen", "BEZ": "Stadt", "NUTS": "DEA2D", "RegioStaR7": "72", "scenario": 50, "year": 2038 }, "geometry": { "type": "Point", "coordinates": [ 6.129631135627762, 50.767358974691106 ] } },
{ "type": "Feature", "properties": { "id": "Aachen_madrider_ring", "num_hh": "8", "num_cars": 1, "ARS": "053340002002", "AGS": "05334002", "ARS_0": "053340002002", "AGS_0": "05334002", "SDV_ARS": "053340002002", "GEN": "Aachen", "BEZ": "Stadt", "NUTS": "DEA2D", "RegioStaR7": "72", "scenario": 50, "year": 2038 }, "geometry": { "type": "Point", "coordinates": [ 6.129971268898496, 50.767237381844744 ] } },
{ "type": "Feature", "properties": { "id": "Aachen_madrider_ring", "num_hh": "7", "num_cars": 1, "ARS": "053340002002", "AGS": "05334002", "ARS_0": "053340002002", "AGS_0": "05334002", "SDV_ARS": "053340002002", "GEN": "Aachen", "BEZ": "Stadt", "NUTS": "DEA2D", "RegioStaR7": "72", "scenario": 50, "year": 2038 }, "geometry": { "type": "Point", "coordinates": [ 6.130267036960005, 50.767115788682354 ] } },
{ "type": "Feature", "properties": { "id": "Aachen_madrider_ring", "num_hh": "7", "num_cars": 1, "ARS": "053340002002", "AGS": "05334002", "ARS_0": "053340002002", "AGS_0": "05334002", "SDV_ARS": "053340002002", "GEN": "Aachen", "BEZ": "Stadt", "NUTS": "DEA2D", "RegioStaR7": "72", "scenario": 50, "year": 2038 }, "geometry": { "type": "Point", "coordinates": [ 6.130503651409211, 50.766984841846366 ] } },
{ "type": "Feature", "properties": { "id": "Aachen_madrider_ring", "num_hh": "7", "num_cars": 1, "ARS": "053340002002", "AGS": "05334002", "ARS_0": "053340002002", "AGS_0": "05334002", "SDV_ARS": "053340002002", "GEN": "Aachen", "BEZ": "Stadt", "NUTS": "DEA2D", "RegioStaR7": "72", "scenario": 50, "year": 2038 }, "geometry": { "type": "Point", "coordinates": [ 6.130828996276869, 50.76687260140951 ] } },
{ "type": "Feature", "properties": { "id": "Aachen_madrider_ring", "num_hh": "8", "num_cars": 1, "ARS": "053340002002", "AGS": "05334002", "ARS_0": "053340002002", "AGS_0": "05334002", "SDV_ARS": "053340002002", "GEN": "Aachen", "BEZ": "Stadt", "NUTS": "DEA2D", "RegioStaR7": "72", "scenario": 50, "year": 2038 }, "geometry": { "type": "Point", "coordinates": [ 6.131095187532226, 50.766760360703394 ] } },
{ "type": "Feature", "properties": { "id": "Aachen_madrider_ring", "num_hh": "7", "num_cars": 1, "ARS": "053340002002", "AGS": "05334002", "ARS_0": "053340002002", "AGS_0": "05334002", "SDV_ARS": "053340002002", "GEN": "Aachen", "BEZ": "Stadt", "NUTS": "DEA2D", "RegioStaR7": "72", "scenario": 50, "year": 2038 }, "geometry": { "type": "Point", "coordinates": [ 6.131420532399885, 50.766638766301227 ] } },
{ "type": "Feature", "properties": { "id": "Aachen_madrider_ring", "num_hh": "8", "num_cars": 1, "ARS": "053340002002", "AGS": "05334002", "ARS_0": "053340002002", "AGS_0": "05334002", "SDV_ARS": "053340002002", "GEN": "Aachen", "BEZ": "Stadt", "NUTS": "DEA2D", "RegioStaR7": "72", "scenario": 50, "year": 2038 }, "geometry": { "type": "Point", "coordinates": [ 6.131745877267545, 50.766526525034116 ] } },
{ "type": "Feature", "properties": { "id": "Aachen_madrider_ring", "num_hh": "7", "num_cars": 1, "ARS": "053340002002", "AGS": "05334002", "ARS_0": "053340002002", "AGS_0": "05334002", "SDV_ARS": "053340002002", "GEN": "Aachen", "BEZ": "Stadt", "NUTS": "DEA2D", "RegioStaR7": "72", "scenario": 50, "year": 2038 }, "geometry": { "type": "Point", "coordinates": [ 6.132100798941354, 50.766395576548817 ] } },
{ "type": "Feature", "properties": { "id": "Aachen_madrider_ring", "num_hh": "8", "num_cars": 1, "ARS": "053340002002", "AGS": "05334002", "ARS_0": "053340002002", "AGS_0": "05334002", "SDV_ARS": "053340002002", "GEN": "Aachen", "BEZ": "Stadt", "NUTS": "DEA2D", "RegioStaR7": "72", "scenario": 50, "year": 2038 }, "geometry": { "type": "Point", "coordinates": [ 6.129719866046216, 50.767714396761029 ] } },
{ "type": "Feature", "properties": { "id": "Aachen_madrider_ring", "num_hh": "7", "num_cars": 1, "ARS": "053340002002", "AGS": "05334002", "ARS_0": "053340002002", "AGS_0": "05334002", "SDV_ARS": "053340002002", "GEN": "Aachen", "BEZ": "Stadt", "NUTS": "DEA2D", "RegioStaR7": "72", "scenario": 50, "year": 2038 }, "geometry": { "type": "Point", "coordinates": [ 6.130000845704648, 50.767602157491027 ] } },
{ "type": "Feature", "properties": { "id": "Aachen_madrider_ring", "num_hh": "8", "num_cars": 1, "ARS": "053340002002", "AGS": "05334002", "ARS_0": "053340002002", "AGS_0": "05334002", "SDV_ARS": "053340002002", "GEN": "Aachen", "BEZ": "Stadt", "NUTS": "DEA2D", "RegioStaR7": "72", "scenario": 50, "year": 2038 }, "geometry": { "type": "Point", "coordinates": [ 6.130340978975382, 50.767480564644664 ] } },
{ "type": "Feature", "properties": { "id": "Aachen_madrider_ring", "num_hh": "7", "num_cars": 1, "ARS": "053340002002", "AGS": "05334002", "ARS_0": "053340002002", "AGS_0": "05334002", "SDV_ARS": "053340002002", "GEN": "Aachen", "BEZ": "Stadt", "NUTS": "DEA2D", "RegioStaR7": "72", "scenario": 50, "year": 2038 }, "geometry": { "type": "Point", "coordinates": [ 6.130636747036891, 50.767358971482274 ] } },
{ "type": "Feature", "properties": { "id": "Aachen_madrider_ring", "num_hh": "8", "num_cars": 1, "ARS": "053340002002", "AGS": "05334002", "ARS_0": "053340002002", "AGS_0": "05334002", "SDV_ARS": "053340002002", "GEN": "Aachen", "BEZ": "Stadt", "NUTS": "DEA2D", "RegioStaR7": "72", "scenario": 50, "year": 2038 }, "geometry": { "type": "Point", "coordinates": [ 6.130873361486097, 50.767228024646286 ] } },
{ "type": "Feature", "properties": { "id": "Aachen_madrider_ring", "num_hh": "7", "num_cars": 1, "ARS": "053340002002", "AGS": "05334002", "ARS_0": "053340002002", "AGS_0": "05334002", "SDV_ARS": "053340002002", "GEN": "Aachen", "BEZ": "Stadt", "NUTS": "DEA2D", "RegioStaR7": "72", "scenario": 50, "year": 2038 }, "geometry": { "type": "Point", "coordinates": [ 6.131198706353755, 50.76711578420943 ] } },
{ "type": "Feature", "properties": { "id": "Aachen_madrider_ring", "num_hh": "7", "num_cars": 1, "ARS": "053340002002", "AGS": "05334002", "ARS_0": "053340002002", "AGS_0": "05334002", "SDV_ARS": "053340002002", "GEN": "Aachen", "BEZ": "Stadt", "NUTS": "DEA2D", "RegioStaR7": "72", "scenario": 50, "year": 2038 }, "geometry": { "type": "Point", "coordinates": [ 6.131464897609113, 50.767003543503314 ] } },
{ "type": "Feature", "properties": { "id": "Aachen_madrider_ring", "num_hh": "8", "num_cars": 1, "ARS": "053340002002", "AGS": "05334002", "ARS_0": "053340002002", "AGS_0": "05334002", "SDV_ARS": "053340002002", "GEN": "Aachen", "BEZ": "Stadt", "NUTS": "DEA2D", "RegioStaR7": "72", "scenario": 50, "year": 2038 }, "geometry": { "type": "Point", "coordinates": [ 6.131790242476772, 50.766881949101148 ] } },
{ "type": "Feature", "properties": { "id": "Aachen_madrider_ring", "num_hh": "8", "num_cars": 1, "ARS": "053340002002", "AGS": "05334002", "ARS_0": "053340002002", "AGS_0": "05334002", "SDV_ARS": "053340002002", "GEN": "Aachen", "BEZ": "Stadt", "NUTS": "DEA2D", "RegioStaR7": "72", "scenario": 50, "year": 2038 }, "geometry": { "type": "Point", "coordinates": [ 6.132115587344432, 50.766769707834037 ] } },
{ "type": "Feature", "properties": { "id": "Aachen_madrider_ring", "num_hh": "8", "num_cars": 1, "ARS": "053340002002", "AGS": "05334002", "ARS_0": "053340002002", "AGS_0": "05334002", "SDV_ARS": "053340002002", "GEN": "Aachen", "BEZ": "Stadt", "NUTS": "DEA2D", "RegioStaR7": "72", "scenario": 50, "year": 2038 }, "geometry": { "type": "Point", "coordinates": [ 6.132470509018241, 50.766638759348737 ] } },
{ "type": "Feature", "properties": { "id": "Aachen_madrider_ring", "num_hh": "7", "num_cars": 1, "ARS": "053340002002", "AGS": "05334002", "ARS_0": "053340002002", "AGS_0": "05334002", "SDV_ARS": "053340002002", "GEN": "Aachen", "BEZ": "Stadt", "NUTS": "DEA2D", "RegioStaR7": "72", "scenario": 50, "year": 2038 }, "geometry": { "type": "Point", "coordinates": [ 6.130000845704648, 50.76799499072866 ] } },
{ "type": "Feature", "properties": { "id": "Aachen_madrider_ring", "num_hh": "8", "num_cars": 1, "ARS": "053340002002", "AGS": "05334002", "ARS_0": "053340002002", "AGS_0": "05334002", "SDV_ARS": "053340002002", "GEN": "Aachen", "BEZ": "Stadt", "NUTS": "DEA2D", "RegioStaR7": "72", "scenario": 50, "year": 2038 }, "geometry": { "type": "Point", "coordinates": [ 6.130281825363081, 50.767882751458657 ] } },
{ "type": "Feature", "properties": { "id": "Aachen_madrider_ring", "num_hh": "7", "num_cars": 1, "ARS": "053340002002", "AGS": "05334002", "ARS_0": "053340002002", "AGS_0": "05334002", "SDV_ARS": "053340002002", "GEN": "Aachen", "BEZ": "Stadt", "NUTS": "DEA2D", "RegioStaR7": "72", "scenario": 50, "year": 2038 }, "geometry": { "type": "Point", "coordinates": [ 6.130621958633815, 50.767761158612295 ] } },
{ "type": "Feature", "properties": { "id": "Aachen_madrider_ring", "num_hh": "8", "num_cars": 1, "ARS": "053340002002", "AGS": "05334002", "ARS_0": "053340002002", "AGS_0": "05334002", "SDV_ARS": "053340002002", "GEN": "Aachen", "BEZ": "Stadt", "NUTS": "DEA2D", "RegioStaR7": "72", "scenario": 50, "year": 2038 }, "geometry": { "type": "Point", "coordinates": [ 6.130917726695324, 50.767639565449905 ] } },
{ "type": "Feature", "properties": { "id": "Aachen_madrider_ring", "num_hh": "8", "num_cars": 1, "ARS": "053340002002", "AGS": "05334002", "ARS_0": "053340002002", "AGS_0": "05334002", "SDV_ARS": "053340002002", "GEN": "Aachen", "BEZ": "Stadt", "NUTS": "DEA2D", "RegioStaR7": "72", "scenario": 50, "year": 2038 }, "geometry": { "type": "Point", "coordinates": [ 6.13115434114453, 50.767508618613917 ] } },
{ "type": "Feature", "properties": { "id": "Aachen_madrider_ring", "num_hh": "7", "num_cars": 1, "ARS": "053340002002", "AGS": "05334002", "ARS_0": "053340002002", "AGS_0": "05334002", "SDV_ARS": "053340002002", "GEN": "Aachen", "BEZ": "Stadt", "NUTS": "DEA2D", "RegioStaR7": "72", "scenario": 50, "year": 2038 }, "geometry": { "type": "Point", "coordinates": [ 6.131479686012188, 50.767396378177061 ] } },
{ "type": "Feature", "properties": { "id": "Aachen_madrider_ring", "num_hh": "8", "num_cars": 1, "ARS": "053340002002", "AGS": "05334002", "ARS_0": "053340002002", "AGS_0": "05334002", "SDV_ARS": "053340002002", "GEN": "Aachen", "BEZ": "Stadt", "NUTS": "DEA2D", "RegioStaR7": "72", "scenario": 50, "year": 2038 }, "geometry": { "type": "Point", "coordinates": [ 6.131745877267545, 50.767284137470945 ] } },
{ "type": "Feature", "properties": { "id": "Aachen_madrider_ring", "num_hh": "7", "num_cars": 1, "ARS": "053340002002", "AGS": "05334002", "ARS_0": "053340002002", "AGS_0": "05334002", "SDV_ARS": "053340002002", "GEN": "Aachen", "BEZ": "Stadt", "NUTS": "DEA2D", "RegioStaR7": "72", "scenario": 50, "year": 2038 }, "geometry": { "type": "Point", "coordinates": [ 6.132071222135204, 50.767162543068778 ] } },
{ "type": "Feature", "properties": { "id": "Aachen_madrider_ring", "num_hh": "8", "num_cars": 1, "ARS": "053340002002", "AGS": "05334002", "ARS_0": "053340002002", "AGS_0": "05334002", "SDV_ARS": "053340002002", "GEN": "Aachen", "BEZ": "Stadt", "NUTS": "DEA2D", "RegioStaR7": "72", "scenario": 50, "year": 2038 }, "geometry": { "type": "Point", "coordinates": [ 6.132396567002864, 50.767050301801667 ] } },
{ "type": "Feature", "properties": { "id": "Aachen_madrider_ring", "num_hh": "7", "num_cars": 1, "ARS": "053340002002", "AGS": "05334002", "ARS_0": "053340002002", "AGS_0": "05334002", "SDV_ARS": "053340002002", "GEN": "Aachen", "BEZ": "Stadt", "NUTS": "DEA2D", "RegioStaR7": "72", "scenario": 50, "year": 2038 }, "geometry": { "type": "Point", "coordinates": [ 6.132751488676673, 50.766919353316368 ] } },
{ "type": "Feature", "properties": { "id": "Aachen_madrider_ring", "num_hh": "8", "num_cars": 1, "ARS": "053340002002", "AGS": "05334002", "ARS_0": "053340002002", "AGS_0": "05334002", "SDV_ARS": "053340002002", "GEN": "Aachen", "BEZ": "Stadt", "NUTS": "DEA2D", "RegioStaR7": "72", "scenario": 50, "year": 2038 }, "geometry": { "type": "Point", "coordinates": [ 6.130400132587684, 50.768238170805951 ] } },
{ "type": "Feature", "properties": { "id": "Aachen_madrider_ring", "num_hh": "8", "num_cars": 1, "ARS": "053340002002", "AGS": "05334002", "ARS_0": "053340002002", "AGS_0": "05334002", "SDV_ARS": "053340002002", "GEN": "Aachen", "BEZ": "Stadt", "NUTS": "DEA2D", "RegioStaR7": "72", "scenario": 50, "year": 2038 }, "geometry": { "type": "Point", "coordinates": [ 6.130681112246116, 50.768125931535948 ] } },
{ "type": "Feature", "properties": { "id": "Aachen_madrider_ring", "num_hh": "8", "num_cars": 1, "ARS": "053340002002", "AGS": "05334002", "ARS_0": "053340002002", "AGS_0": "05334002", "SDV_ARS": "053340002002", "GEN": "Aachen", "BEZ": "Stadt", "NUTS": "DEA2D", "RegioStaR7": "72", "scenario": 50, "year": 2038 }, "geometry": { "type": "Point", "coordinates": [ 6.13102124551685, 50.768004338689586 ] } },
{ "type": "Feature", "properties": { "id": "Aachen_madrider_ring", "num_hh": "7", "num_cars": 1, "ARS": "053340002002", "AGS": "05334002", "ARS_0": "053340002002", "AGS_0": "05334002", "SDV_ARS": "053340002002", "GEN": "Aachen", "BEZ": "Stadt", "NUTS": "DEA2D", "RegioStaR7": "72", "scenario": 50, "year": 2038 }, "geometry": { "type": "Point", "coordinates": [ 6.131317013578359, 50.767882745527196 ] } },
{ "type": "Feature", "properties": { "id": "Aachen_madrider_ring", "num_hh": "8", "num_cars": 1, "ARS": "053340002002", "AGS": "05334002", "ARS_0": "053340002002", "AGS_0": "05334002", "SDV_ARS": "053340002002", "GEN": "Aachen", "BEZ": "Stadt", "NUTS": "DEA2D", "RegioStaR7": "72", "scenario": 50, "year": 2038 }, "geometry": { "type": "Point", "coordinates": [ 6.131553628027565, 50.767751798691208 ] } },
{ "type": "Feature", "properties": { "id": "Aachen_madrider_ring", "num_hh": "8", "num_cars": 1, "ARS": "053340002002", "AGS": "05334002", "ARS_0": "053340002002", "AGS_0": "05334002", "SDV_ARS": "053340002002", "GEN": "Aachen", "BEZ": "Stadt", "NUTS": "DEA2D", "RegioStaR7": "72", "scenario": 50, "year": 2038 }, "geometry": { "type": "Point", "coordinates": [ 6.131878972895223, 50.767639558254352 ] } },
{ "type": "Feature", "properties": { "id": "Aachen_madrider_ring", "num_hh": "8", "num_cars": 1, "ARS": "053340002002", "AGS": "05334002", "ARS_0": "053340002002", "AGS_0": "05334002", "SDV_ARS": "053340002002", "GEN": "Aachen", "BEZ": "Stadt", "NUTS": "DEA2D", "RegioStaR7": "72", "scenario": 50, "year": 2038 }, "geometry": { "type": "Point", "coordinates": [ 6.132145164150581, 50.767527317548236 ] } },
{ "type": "Feature", "properties": { "id": "Aachen_madrider_ring", "num_hh": "8", "num_cars": 1, "ARS": "053340002002", "AGS": "05334002", "ARS_0": "053340002002", "AGS_0": "05334002", "SDV_ARS": "053340002002", "GEN": "Aachen", "BEZ": "Stadt", "NUTS": "DEA2D", "RegioStaR7": "72", "scenario": 50, "year": 2038 }, "geometry": { "type": "Point", "coordinates": [ 6.13247050901824, 50.767405723146069 ] } },
{ "type": "Feature", "properties": { "id": "Aachen_madrider_ring", "num_hh": "7", "num_cars": 1, "ARS": "053340002002", "AGS": "05334002", "ARS_0": "053340002002", "AGS_0": "05334002", "SDV_ARS": "053340002002", "GEN": "Aachen", "BEZ": "Stadt", "NUTS": "DEA2D", "RegioStaR7": "72", "scenario": 50, "year": 2038 }, "geometry": { "type": "Point", "coordinates": [ 6.1327958538859, 50.767293481878959 ] } },
{ "type": "Feature", "properties": { "id": "Aachen_madrider_ring", "num_hh": "7", "num_cars": 1, "ARS": "053340002002", "AGS": "05334002", "ARS_0": "053340002002", "AGS_0": "05334002", "SDV_ARS": "053340002002", "GEN": "Aachen", "BEZ": "Stadt", "NUTS": "DEA2D", "RegioStaR7": "72", "scenario": 50, "year": 2038 }, "geometry": { "type": "Point", "coordinates": [ 6.133150775559709, 50.767162533393659 ] } },
{ "type": "Feature", "properties": { "id": "Aachen_madrider_ring", "num_hh": "8", "num_cars": 1, "ARS": "053340002002", "AGS": "05334002", "ARS_0": "053340002002", "AGS_0": "05334002", "SDV_ARS": "053340002002", "GEN": "Aachen", "BEZ": "Stadt", "NUTS": "DEA2D", "RegioStaR7": "72", "scenario": 50, "year": 2038 }, "geometry": { "type": "Point", "coordinates": [ 6.130917726695323, 50.768406525503579 ] } },
{ "type": "Feature", "properties": { "id": "Aachen_madrider_ring", "num_hh": "7", "num_cars": 1, "ARS": "053340002002", "AGS": "05334002", "ARS_0": "053340002002", "AGS_0": "05334002", "SDV_ARS": "053340002002", "GEN": "Aachen", "BEZ": "Stadt", "NUTS": "DEA2D", "RegioStaR7": "72", "scenario": 50, "year": 2038 }, "geometry": { "type": "Point", "coordinates": [ 6.131198706353755, 50.768294286233576 ] } },
{ "type": "Feature", "properties": { "id": "Aachen_madrider_ring", "num_hh": "7", "num_cars": 1, "ARS": "053340002002", "AGS": "05334002", "ARS_0": "053340002002", "AGS_0": "05334002", "SDV_ARS": "053340002002", "GEN": "Aachen", "BEZ": "Stadt", "NUTS": "DEA2D", "RegioStaR7": "72", "scenario": 50, "year": 2038 }, "geometry": { "type": "Point", "coordinates": [ 6.131538839624489, 50.768172693387214 ] } },
{ "type": "Feature", "properties": { "id": "Aachen_madrider_ring", "num_hh": "7", "num_cars": 1, "ARS": "053340002002", "AGS": "05334002", "ARS_0": "053340002002", "AGS_0": "05334002", "SDV_ARS": "053340002002", "GEN": "Aachen", "BEZ": "Stadt", "NUTS": "DEA2D", "RegioStaR7": "72", "scenario": 50, "year": 2038 }, "geometry": { "type": "Point", "coordinates": [ 6.131834607685998, 50.768051100224824 ] } },
{ "type": "Feature", "properties": { "id": "Aachen_madrider_ring", "num_hh": "8", "num_cars": 1, "ARS": "053340002002", "AGS": "05334002", "ARS_0": "053340002002", "AGS_0": "05334002", "SDV_ARS": "053340002002", "GEN": "Aachen", "BEZ": "Stadt", "NUTS": "DEA2D", "RegioStaR7": "72", "scenario": 50, "year": 2038 }, "geometry": { "type": "Point", "coordinates": [ 6.132071222135204, 50.767920153388836 ] } },
{ "type": "Feature", "properties": { "id": "Aachen_madrider_ring", "num_hh": "8", "num_cars": 1, "ARS": "053340002002", "AGS": "05334002", "ARS_0": "053340002002", "AGS_0": "05334002", "SDV_ARS": "053340002002", "GEN": "Aachen", "BEZ": "Stadt", "NUTS": "DEA2D", "RegioStaR7": "72", "scenario": 50, "year": 2038 }, "geometry": { "type": "Point", "coordinates": [ 6.132396567002862, 50.76780791295198 ] } },
{ "type": "Feature", "properties": { "id": "Aachen_madrider_ring", "num_hh": "8", "num_cars": 1, "ARS": "053340002002", "AGS": "05334002", "ARS_0": "053340002002", "AGS_0": "05334002", "SDV_ARS": "053340002002", "GEN": "Aachen", "BEZ": "Stadt", "NUTS": "DEA2D", "RegioStaR7": "72", "scenario": 50, "year": 2038 }, "geometry": { "type": "Point", "coordinates": [ 6.13266275825822, 50.767695672245864 ] } },
{ "type": "Feature", "properties": { "id": "Aachen_madrider_ring", "num_hh": "7", "num_cars": 1, "ARS": "053340002002", "AGS": "05334002", "ARS_0": "053340002002", "AGS_0": "05334002", "SDV_ARS": "053340002002", "GEN": "Aachen", "BEZ": "Stadt", "NUTS": "DEA2D", "RegioStaR7": "72", "scenario": 50, "year": 2038 }, "geometry": { "type": "Point", "coordinates": [ 6.132988103125879, 50.767574077843697 ] } },
{ "type": "Feature", "properties": { "id": "Aachen_madrider_ring", "num_hh": "8", "num_cars": 1, "ARS": "053340002002", "AGS": "05334002", "ARS_0": "053340002002", "AGS_0": "05334002", "SDV_ARS": "053340002002", "GEN": "Aachen", "BEZ": "Stadt", "NUTS": "DEA2D", "RegioStaR7": "72", "scenario": 50, "year": 2038 }, "geometry": { "type": "Point", "coordinates": [ 6.133313447993539, 50.767461836576587 ] } },
{ "type": "Feature", "properties": { "id": "Aachen_madrider_ring", "num_hh": "7", "num_cars": 1, "ARS": "053340002002", "AGS": "05334002", "ARS_0": "053340002002", "AGS_0": "05334002", "SDV_ARS": "053340002002", "GEN": "Aachen", "BEZ": "Stadt", "NUTS": "DEA2D", "RegioStaR7": "72", "scenario": 50, "year": 2038 }, "geometry": { "type": "Point", "coordinates": [ 6.133668369667348, 50.767330888091287 ] } },
{ "type": "Feature", "properties": { "id": "Rheydt_odenkirchen", "num_hh": "8", "num_cars": 1, "ARS": "051160000000", "AGS": "05116000", "ARS_0": "051160000000", "AGS_0": "05116000", "SDV_ARS": "051160000000", "GEN": "Mönchengladbach", "BEZ": "Stadt", "NUTS": "DEA15", "RegioStaR7": "72", "scenario": 50, "year": 2038 }, "geometry": { "type": "Point", "coordinates": [ 6.440697800117322, 51.138636614964895 ] } },
{ "type": "Feature", "properties": { "id": "Rheydt_odenkirchen", "num_hh": "7", "num_cars": 1, "ARS": "051160000000", "AGS": "05116000", "ARS_0": "051160000000", "AGS_0": "05116000", "SDV_ARS": "051160000000", "GEN": "Mönchengladbach", "BEZ": "Stadt", "NUTS": "DEA15", "RegioStaR7": "72", "scenario": 50, "year": 2038 }, "geometry": { "type": "Point", "coordinates": [ 6.440594281295795, 51.138413923040964 ] } },
{ "type": "Feature", "properties": { "id": "Rheydt_odenkirchen", "num_hh": "7", "num_cars": 1, "ARS": "051160000000", "AGS": "05116000", "ARS_0": "051160000000", "AGS_0": "05116000", "SDV_ARS": "051160000000", "GEN": "Mönchengladbach", "BEZ": "Stadt", "NUTS": "DEA15", "RegioStaR7": "72", "scenario": 50, "year": 2038 }, "geometry": { "type": "Point", "coordinates": [ 6.440490762474266, 51.138191230042892 ] } },
{ "type": "Feature", "properties": { "id": "Rheydt_odenkirchen", "num_hh": "8", "num_cars": 1, "ARS": "051160000000", "AGS": "05116000", "ARS_0": "051160000000", "AGS_0": "05116000", "SDV_ARS": "051160000000", "GEN": "Mönchengladbach", "BEZ": "Stadt", "NUTS": "DEA15", "RegioStaR7": "72", "scenario": 50, "year": 2038 }, "geometry": { "type": "Point", "coordinates": [ 6.440372455249663, 51.137996372788429 ] } },
{ "type": "Feature", "properties": { "id": "Rheydt_odenkirchen", "num_hh": "7", "num_cars": 1, "ARS": "051160000000", "AGS": "05116000", "ARS_0": "051160000000", "AGS_0": "05116000", "SDV_ARS": "051160000000", "GEN": "Mönchengladbach", "BEZ": "Stadt", "NUTS": "DEA15", "RegioStaR7": "72", "scenario": 50, "year": 2038 }, "geometry": { "type": "Point", "coordinates": [ 6.440254148025059, 51.137782956756595 ] } },
{ "type": "Feature", "properties": { "id": "Rheydt_odenkirchen", "num_hh": "8", "num_cars": 1, "ARS": "051160000000", "AGS": "05116000", "ARS_0": "051160000000", "AGS_0": "05116000", "SDV_ARS": "051160000000", "GEN": "Mönchengladbach", "BEZ": "Stadt", "NUTS": "DEA15", "RegioStaR7": "72", "scenario": 50, "year": 2038 }, "geometry": { "type": "Point", "coordinates": [ 6.440121052397381, 51.137541702663142 ] } },
{ "type": "Feature", "properties": { "id": "Rheydt_odenkirchen", "num_hh": "8", "num_cars": 1, "ARS": "051160000000", "AGS": "05116000", "ARS_0": "051160000000", "AGS_0": "05116000", "SDV_ARS": "051160000000", "GEN": "Mönchengladbach", "BEZ": "Stadt", "NUTS": "DEA15", "RegioStaR7": "72", "scenario": 50, "year": 2038 }, "geometry": { "type": "Point", "coordinates": [ 6.439958379963552, 51.137291168231783 ] } },
{ "type": "Feature", "properties": { "id": "Rheydt_odenkirchen", "num_hh": "8", "num_cars": 1, "ARS": "051160000000", "AGS": "05116000", "ARS_0": "051160000000", "AGS_0": "05116000", "SDV_ARS": "051160000000", "GEN": "Mönchengladbach", "BEZ": "Stadt", "NUTS": "DEA15", "RegioStaR7": "72", "scenario": 50, "year": 2038 }, "geometry": { "type": "Point", "coordinates": [ 6.439766130723572, 51.13699423677491 ] } },
{ "type": "Feature", "properties": { "id": "Rheydt_odenkirchen", "num_hh": "8", "num_cars": 1, "ARS": "051160000000", "AGS": "05116000", "ARS_0": "051160000000", "AGS_0": "05116000", "SDV_ARS": "051160000000", "GEN": "Mönchengladbach", "BEZ": "Stadt", "NUTS": "DEA15", "RegioStaR7": "72", "scenario": 50, "year": 2038 }, "geometry": { "type": "Point", "coordinates": [ 6.43954430467744, 51.136715861799786 ] } },
{ "type": "Feature", "properties": { "id": "Rheydt_odenkirchen", "num_hh": "8", "num_cars": 1, "ARS": "051160000000", "AGS": "05116000", "ARS_0": "051160000000", "AGS_0": "05116000", "SDV_ARS": "051160000000", "GEN": "Mönchengladbach", "BEZ": "Stadt", "NUTS": "DEA15", "RegioStaR7": "72", "scenario": 50, "year": 2038 }, "geometry": { "type": "Point", "coordinates": [ 6.439396420646686, 51.136474602130377 ] } },
{ "type": "Feature", "properties": { "id": "Rheydt_odenkirchen", "num_hh": "8", "num_cars": 1, "ARS": "051160000000", "AGS": "05116000", "ARS_0": "051160000000", "AGS_0": "05116000", "SDV_ARS": "051160000000", "GEN": "Mönchengladbach", "BEZ": "Stadt", "NUTS": "DEA15", "RegioStaR7": "72", "scenario": 50, "year": 2038 }, "geometry": { "type": "Point", "coordinates": [ 6.440180206009683, 51.138766524148195 ] } },
{ "type": "Feature", "properties": { "id": "Rheydt_odenkirchen", "num_hh": "8", "num_cars": 1, "ARS": "051160000000", "AGS": "05116000", "ARS_0": "051160000000", "AGS_0": "05116000", "SDV_ARS": "051160000000", "GEN": "Mönchengladbach", "BEZ": "Stadt", "NUTS": "DEA15", "RegioStaR7": "72", "scenario": 50, "year": 2038 }, "geometry": { "type": "Point", "coordinates": [ 6.440076687188156, 51.138543832224265 ] } },
{ "type": "Feature", "properties": { "id": "Rheydt_odenkirchen", "num_hh": "8", "num_cars": 1, "ARS": "051160000000", "AGS": "05116000", "ARS_0": "051160000000", "AGS_0": "05116000", "SDV_ARS": "051160000000", "GEN": "Mönchengladbach", "BEZ": "Stadt", "NUTS": "DEA15", "RegioStaR7": "72", "scenario": 50, "year": 2038 }, "geometry": { "type": "Point", "coordinates": [ 6.439973168366627, 51.138321139226193 ] } },
{ "type": "Feature", "properties": { "id": "Rheydt_odenkirchen", "num_hh": "8", "num_cars": 1, "ARS": "051160000000", "AGS": "05116000", "ARS_0": "051160000000", "AGS_0": "05116000", "SDV_ARS": "051160000000", "GEN": "Mönchengladbach", "BEZ": "Stadt", "NUTS": "DEA15", "RegioStaR7": "72", "scenario": 50, "year": 2038 }, "geometry": { "type": "Point", "coordinates": [ 6.439854861142024, 51.138126281971729 ] } },
{ "type": "Feature", "properties": { "id": "Rheydt_odenkirchen", "num_hh": "8", "num_cars": 1, "ARS": "051160000000", "AGS": "05116000", "ARS_0": "051160000000", "AGS_0": "05116000", "SDV_ARS": "051160000000", "GEN": "Mönchengladbach", "BEZ": "Stadt", "NUTS": "DEA15", "RegioStaR7": "72", "scenario": 50, "year": 2038 }, "geometry": { "type": "Point", "coordinates": [ 6.43973655391742, 51.137912865939896 ] } },
{ "type": "Feature", "properties": { "id": "Rheydt_odenkirchen", "num_hh": "8", "num_cars": 1, "ARS": "051160000000", "AGS": "05116000", "ARS_0": "051160000000", "AGS_0": "05116000", "SDV_ARS": "051160000000", "GEN": "Mönchengladbach", "BEZ": "Stadt", "NUTS": "DEA15", "RegioStaR7": "72", "scenario": 50, "year": 2038 }, "geometry": { "type": "Point", "coordinates": [ 6.439603458289742, 51.137671611846443 ] } },
{ "type": "Feature", "properties": { "id": "Rheydt_odenkirchen", "num_hh": "7", "num_cars": 1, "ARS": "051160000000", "AGS": "05116000", "ARS_0": "051160000000", "AGS_0": "05116000", "SDV_ARS": "051160000000", "GEN": "Mönchengladbach", "BEZ": "Stadt", "NUTS": "DEA15", "RegioStaR7": "72", "scenario": 50, "year": 2038 }, "geometry": { "type": "Point", "coordinates": [ 6.439440785855913, 51.137421077415084 ] } },
{ "type": "Feature", "properties": { "id": "Rheydt_odenkirchen", "num_hh": "7", "num_cars": 1, "ARS": "051160000000", "AGS": "05116000", "ARS_0": "051160000000", "AGS_0": "05116000", "SDV_ARS": "051160000000", "GEN": "Mönchengladbach", "BEZ": "Stadt", "NUTS": "DEA15", "RegioStaR7": "72", "scenario": 50, "year": 2038 }, "geometry": { "type": "Point", "coordinates": [ 6.439248536615933, 51.137124145958211 ] } },
{ "type": "Feature", "properties": { "id": "Rheydt_odenkirchen", "num_hh": "8", "num_cars": 1, "ARS": "051160000000", "AGS": "05116000", "ARS_0": "051160000000", "AGS_0": "05116000", "SDV_ARS": "051160000000", "GEN": "Mönchengladbach", "BEZ": "Stadt", "NUTS": "DEA15", "RegioStaR7": "72", "scenario": 50, "year": 2038 }, "geometry": { "type": "Point", "coordinates": [ 6.439026710569801, 51.136845770983086 ] } },
{ "type": "Feature", "properties": { "id": "Rheydt_odenkirchen", "num_hh": "8", "num_cars": 1, "ARS": "051160000000", "AGS": "05116000", "ARS_0": "051160000000", "AGS_0": "05116000", "SDV_ARS": "051160000000", "GEN": "Mönchengladbach", "BEZ": "Stadt", "NUTS": "DEA15", "RegioStaR7": "72", "scenario": 50, "year": 2038 }, "geometry": { "type": "Point", "coordinates": [ 6.438878826539047, 51.136604511313678 ] } },
{ "type": "Feature", "properties": { "id": "Rheydt_odenkirchen", "num_hh": "7", "num_cars": 1, "ARS": "051160000000", "AGS": "05116000", "ARS_0": "051160000000", "AGS_0": "05116000", "SDV_ARS": "051160000000", "GEN": "Mönchengladbach", "BEZ": "Stadt", "NUTS": "DEA15", "RegioStaR7": "72", "scenario": 50, "year": 2038 }, "geometry": { "type": "Point", "coordinates": [ 6.439766130723571, 51.138952108061716 ] } },
{ "type": "Feature", "properties": { "id": "Rheydt_odenkirchen", "num_hh": "7", "num_cars": 1, "ARS": "051160000000", "AGS": "05116000", "ARS_0": "051160000000", "AGS_0": "05116000", "SDV_ARS": "051160000000", "GEN": "Mönchengladbach", "BEZ": "Stadt", "NUTS": "DEA15", "RegioStaR7": "72", "scenario": 50, "year": 2038 }, "geometry": { "type": "Point", "coordinates": [ 6.439662611902044, 51.138729416137785 ] } },
{ "type": "Feature", "properties": { "id": "Rheydt_odenkirchen", "num_hh": "8", "num_cars": 1, "ARS": "051160000000", "AGS": "05116000", "ARS_0": "051160000000", "AGS_0": "05116000", "SDV_ARS": "051160000000", "GEN": "Mönchengladbach", "BEZ": "Stadt", "NUTS": "DEA15", "RegioStaR7": "72", "scenario": 50, "year": 2038 }, "geometry": { "type": "Point", "coordinates": [ 6.439559093080515, 51.138506723139713 ] } },
{ "type": "Feature", "properties": { "id": "Rheydt_odenkirchen", "num_hh": "8", "num_cars": 1, "ARS": "051160000000", "AGS": "05116000", "ARS_0": "051160000000", "AGS_0": "05116000", "SDV_ARS": "051160000000", "GEN": "Mönchengladbach", "BEZ": "Stadt", "NUTS": "DEA15", "RegioStaR7": "72", "scenario": 50, "year": 2038 }, "geometry": { "type": "Point", "coordinates": [ 6.439440785855912, 51.13831186588525 ] } },
{ "type": "Feature", "properties": { "id": "Rheydt_odenkirchen", "num_hh": "8", "num_cars": 1, "ARS": "051160000000", "AGS": "05116000", "ARS_0": "051160000000", "AGS_0": "05116000", "SDV_ARS": "051160000000", "GEN": "Mönchengladbach", "BEZ": "Stadt", "NUTS": "DEA15", "RegioStaR7": "72", "scenario": 50, "year": 2038 }, "geometry": { "type": "Point", "coordinates": [ 6.439322478631309, 51.138098449853416 ] } },
{ "type": "Feature", "properties": { "id": "Rheydt_odenkirchen", "num_hh": "7", "num_cars": 1, "ARS": "051160000000", "AGS": "05116000", "ARS_0": "051160000000", "AGS_0": "05116000", "SDV_ARS": "051160000000", "GEN": "Mönchengladbach", "BEZ": "Stadt", "NUTS": "DEA15", "RegioStaR7": "72", "scenario": 50, "year": 2038 }, "geometry": { "type": "Point", "coordinates": [ 6.43918938300363, 51.137857195759963 ] } },
{ "type": "Feature", "properties": { "id": "Rheydt_odenkirchen", "num_hh": "8", "num_cars": 1, "ARS": "051160000000", "AGS": "05116000", "ARS_0": "051160000000", "AGS_0": "05116000", "SDV_ARS": "051160000000", "GEN": "Mönchengladbach", "BEZ": "Stadt", "NUTS": "DEA15", "RegioStaR7": "72", "scenario": 50, "year": 2038 }, "geometry": { "type": "Point", "coordinates": [ 6.439026710569801, 51.137606661328604 ] } },
{ "type": "Feature", "properties": { "id": "Rheydt_odenkirchen", "num_hh": "8", "num_cars": 1, "ARS": "051160000000", "AGS": "05116000", "ARS_0": "051160000000", "AGS_0": "05116000", "SDV_ARS": "051160000000", "GEN": "Mönchengladbach", "BEZ": "Stadt", "NUTS": "DEA15", "RegioStaR7": "72", "scenario": 50, "year": 2038 }, "geometry": { "type": "Point", "coordinates": [ 6.438834461329821, 51.137309729871731 ] } },
{ "type": "Feature", "properties": { "id": "Rheydt_odenkirchen", "num_hh": "8", "num_cars": 1, "ARS": "051160000000", "AGS": "05116000", "ARS_0": "051160000000", "AGS_0": "05116000", "SDV_ARS": "051160000000", "GEN": "Mönchengladbach", "BEZ": "Stadt", "NUTS": "DEA15", "RegioStaR7": "72", "scenario": 50, "year": 2038 }, "geometry": { "type": "Point", "coordinates": [ 6.43861263528369, 51.137031354896607 ] } },
{ "type": "Feature", "properties": { "id": "Rheydt_odenkirchen", "num_hh": "8", "num_cars": 1, "ARS": "051160000000", "AGS": "05116000", "ARS_0": "051160000000", "AGS_0": "05116000", "SDV_ARS": "051160000000", "GEN": "Mönchengladbach", "BEZ": "Stadt", "NUTS": "DEA15", "RegioStaR7": "72", "scenario": 50, "year": 2038 }, "geometry": { "type": "Point", "coordinates": [ 6.438464751252935, 51.136790095227198 ] } },
{ "type": "Feature", "properties": { "id": "Rheydt_odenkirchen", "num_hh": "8", "num_cars": 1, "ARS": "051160000000", "AGS": "05116000", "ARS_0": "051160000000", "AGS_0": "05116000", "SDV_ARS": "051160000000", "GEN": "Mönchengladbach", "BEZ": "Stadt", "NUTS": "DEA15", "RegioStaR7": "72", "scenario": 50, "year": 2038 }, "geometry": { "type": "Point", "coordinates": [ 6.439307690228233, 51.139072737205481 ] } },
{ "type": "Feature", "properties": { "id": "Rheydt_odenkirchen", "num_hh": "7", "num_cars": 1, "ARS": "051160000000", "AGS": "05116000", "ARS_0": "051160000000", "AGS_0": "05116000", "SDV_ARS": "051160000000", "GEN": "Mönchengladbach", "BEZ": "Stadt", "NUTS": "DEA15", "RegioStaR7": "72", "scenario": 50, "year": 2038 }, "geometry": { "type": "Point", "coordinates": [ 6.439204171406706, 51.138850045281551 ] } },
{ "type": "Feature", "properties": { "id": "Rheydt_odenkirchen", "num_hh": "8", "num_cars": 1, "ARS": "051160000000", "AGS": "05116000", "ARS_0": "051160000000", "AGS_0": "05116000", "SDV_ARS": "051160000000", "GEN": "Mönchengladbach", "BEZ": "Stadt", "NUTS": "DEA15", "RegioStaR7": "72", "scenario": 50, "year": 2038 }, "geometry": { "type": "Point", "coordinates": [ 6.439100652585177, 51.138627352283478 ] } },
{ "type": "Feature", "properties": { "id": "Rheydt_odenkirchen", "num_hh": "7", "num_cars": 1, "ARS": "051160000000", "AGS": "05116000", "ARS_0": "051160000000", "AGS_0": "05116000", "SDV_ARS": "051160000000", "GEN": "Mönchengladbach", "BEZ": "Stadt", "NUTS": "DEA15", "RegioStaR7": "72", "scenario": 50, "year": 2038 }, "geometry": { "type": "Point", "coordinates": [ 6.438982345360574, 51.138432495029015 ] } },
{ "type": "Feature", "properties": { "id": "Rheydt_odenkirchen", "num_hh": "8", "num_cars": 1, "ARS": "051160000000", "AGS": "05116000", "ARS_0": "051160000000", "AGS_0": "05116000", "SDV_ARS": "051160000000", "GEN": "Mönchengladbach", "BEZ": "Stadt", "NUTS": "DEA15", "RegioStaR7": "72", "scenario": 50, "year": 2038 }, "geometry": { "type": "Point", "coordinates": [ 6.438864038135971, 51.138219078997182 ] } },
{ "type": "Feature", "properties": { "id": "Rheydt_odenkirchen", "num_hh": "8", "num_cars": 1, "ARS": "051160000000", "AGS": "05116000", "ARS_0": "051160000000", "AGS_0": "05116000", "SDV_ARS": "051160000000", "GEN": "Mönchengladbach", "BEZ": "Stadt", "NUTS": "DEA15", "RegioStaR7": "72", "scenario": 50, "year": 2038 }, "geometry": { "type": "Point", "coordinates": [ 6.438730942508292, 51.137977824903729 ] } },
{ "type": "Feature", "properties": { "id": "Rheydt_odenkirchen", "num_hh": "8", "num_cars": 1, "ARS": "051160000000", "AGS": "05116000", "ARS_0": "051160000000", "AGS_0": "05116000", "SDV_ARS": "051160000000", "GEN": "Mönchengladbach", "BEZ": "Stadt", "NUTS": "DEA15", "RegioStaR7": "72", "scenario": 50, "year": 2038 }, "geometry": { "type": "Point", "coordinates": [ 6.438568270074463, 51.13772729047237 ] } },
{ "type": "Feature", "properties": { "id": "Rheydt_odenkirchen", "num_hh": "8", "num_cars": 1, "ARS": "051160000000", "AGS": "05116000", "ARS_0": "051160000000", "AGS_0": "05116000", "SDV_ARS": "051160000000", "GEN": "Mönchengladbach", "BEZ": "Stadt", "NUTS": "DEA15", "RegioStaR7": "72", "scenario": 50, "year": 2038 }, "geometry": { "type": "Point", "coordinates": [ 6.438376020834483, 51.137430359015497 ] } },
{ "type": "Feature", "properties": { "id": "Rheydt_odenkirchen", "num_hh": "7", "num_cars": 1, "ARS": "051160000000", "AGS": "05116000", "ARS_0": "051160000000", "AGS_0": "05116000", "SDV_ARS": "051160000000", "GEN": "Mönchengladbach", "BEZ": "Stadt", "NUTS": "DEA15", "RegioStaR7": "72", "scenario": 50, "year": 2038 }, "geometry": { "type": "Point", "coordinates": [ 6.438154194788352, 51.137151984040372 ] } },
{ "type": "Feature", "properties": { "id": "Rheydt_odenkirchen", "num_hh": "8", "num_cars": 1, "ARS": "051160000000", "AGS": "05116000", "ARS_0": "051160000000", "AGS_0": "05116000", "SDV_ARS": "051160000000", "GEN": "Mönchengladbach", "BEZ": "Stadt", "NUTS": "DEA15", "RegioStaR7": "72", "scenario": 50, "year": 2038 }, "geometry": { "type": "Point", "coordinates": [ 6.438006310757597, 51.136910724370964 ] } },
{ "type": "Feature", "properties": { "id": "Rheydt_odenkirchen", "num_hh": "8", "num_cars": 1, "ARS": "051160000000", "AGS": "05116000", "ARS_0": "051160000000", "AGS_0": "05116000", "SDV_ARS": "051160000000", "GEN": "Mönchengladbach", "BEZ": "Stadt", "NUTS": "DEA15", "RegioStaR7": "72", "scenario": 50, "year": 2038 }, "geometry": { "type": "Point", "coordinates": [ 6.438686577299067, 51.139202645161696 ] } },
{ "type": "Feature", "properties": { "id": "Rheydt_odenkirchen", "num_hh": "8", "num_cars": 1, "ARS": "051160000000", "AGS": "05116000", "ARS_0": "051160000000", "AGS_0": "05116000", "SDV_ARS": "051160000000", "GEN": "Mönchengladbach", "BEZ": "Stadt", "NUTS": "DEA15", "RegioStaR7": "72", "scenario": 50, "year": 2038 }, "geometry": { "type": "Point", "coordinates": [ 6.43858305847754, 51.138979953237765 ] } },
{ "type": "Feature", "properties": { "id": "Rheydt_odenkirchen", "num_hh": "8", "num_cars": 1, "ARS": "051160000000", "AGS": "05116000", "ARS_0": "051160000000", "AGS_0": "05116000", "SDV_ARS": "051160000000", "GEN": "Mönchengladbach", "BEZ": "Stadt", "NUTS": "DEA15", "RegioStaR7": "72", "scenario": 50, "year": 2038 }, "geometry": { "type": "Point", "coordinates": [ 6.438479539656011, 51.138757260239693 ] } },
{ "type": "Feature", "properties": { "id": "Rheydt_odenkirchen", "num_hh": "7", "num_cars": 1, "ARS": "051160000000", "AGS": "05116000", "ARS_0": "051160000000", "AGS_0": "05116000", "SDV_ARS": "051160000000", "GEN": "Mönchengladbach", "BEZ": "Stadt", "NUTS": "DEA15", "RegioStaR7": "72", "scenario": 50, "year": 2038 }, "geometry": { "type": "Point", "coordinates": [ 6.438361232431408, 51.138562402985229 ] } },
{ "type": "Feature", "properties": { "id": "Rheydt_odenkirchen", "num_hh": "8", "num_cars": 1, "ARS": "051160000000", "AGS": "05116000", "ARS_0": "051160000000", "AGS_0": "05116000", "SDV_ARS": "051160000000", "GEN": "Mönchengladbach", "BEZ": "Stadt", "NUTS": "DEA15", "RegioStaR7": "72", "scenario": 50, "year": 2038 }, "geometry": { "type": "Point", "coordinates": [ 6.438242925206804, 51.138348986953396 ] } },
{ "type": "Feature", "properties": { "id": "Rheydt_odenkirchen", "num_hh": "8", "num_cars": 1, "ARS": "051160000000", "AGS": "05116000", "ARS_0": "051160000000", "AGS_0": "05116000", "SDV_ARS": "051160000000", "GEN": "Mönchengladbach", "BEZ": "Stadt", "NUTS": "DEA15", "RegioStaR7": "72", "scenario": 50, "year": 2038 }, "geometry": { "type": "Point", "coordinates": [ 6.438109829579126, 51.138107732859943 ] } },
{ "type": "Feature", "properties": { "id": "Rheydt_odenkirchen", "num_hh": "7", "num_cars": 1, "ARS": "051160000000", "AGS": "05116000", "ARS_0": "051160000000", "AGS_0": "05116000", "SDV_ARS": "051160000000", "GEN": "Mönchengladbach", "BEZ": "Stadt", "NUTS": "DEA15", "RegioStaR7": "72", "scenario": 50, "year": 2038 }, "geometry": { "type": "Point", "coordinates": [ 6.437947157145297, 51.137857198428584 ] } },
{ "type": "Feature", "properties": { "id": "Rheydt_odenkirchen", "num_hh": "7", "num_cars": 1, "ARS": "051160000000", "AGS": "05116000", "ARS_0": "051160000000", "AGS_0": "05116000", "SDV_ARS": "051160000000", "GEN": "Mönchengladbach", "BEZ": "Stadt", "NUTS": "DEA15", "RegioStaR7": "72", "scenario": 50, "year": 2038 }, "geometry": { "type": "Point", "coordinates": [ 6.437754907905317, 51.137560266971711 ] } },
{ "type": "Feature", "properties": { "id": "Rheydt_odenkirchen", "num_hh": "8", "num_cars": 1, "ARS": "051160000000", "AGS": "05116000", "ARS_0": "051160000000", "AGS_0": "05116000", "SDV_ARS": "051160000000", "GEN": "Mönchengladbach", "BEZ": "Stadt", "NUTS": "DEA15", "RegioStaR7": "72", "scenario": 50, "year": 2038 }, "geometry": { "type": "Point", "coordinates": [ 6.437533081859185, 51.137281891996587 ] } },
{ "type": "Feature", "properties": { "id": "Rheydt_odenkirchen", "num_hh": "8", "num_cars": 1, "ARS": "051160000000", "AGS": "05116000", "ARS_0": "051160000000", "AGS_0": "05116000", "SDV_ARS": "051160000000", "GEN": "Mönchengladbach", "BEZ": "Stadt", "NUTS": "DEA15", "RegioStaR7": "72", "scenario": 50, "year": 2038 }, "geometry": { "type": "Point", "coordinates": [ 6.437385197828431, 51.137040632327178 ] } },
{ "type": "Feature", "properties": { "id": "Rheydt_odenkirchen", "num_hh": "8", "num_cars": 1, "ARS": "051160000000", "AGS": "05116000", "ARS_0": "051160000000", "AGS_0": "05116000", "SDV_ARS": "051160000000", "GEN": "Mönchengladbach", "BEZ": "Stadt", "NUTS": "DEA15", "RegioStaR7": "72", "scenario": 50, "year": 2038 }, "geometry": { "type": "Point", "coordinates": [ 6.438154194788352, 51.139341831852029 ] } },
{ "type": "Feature", "properties": { "id": "Rheydt_odenkirchen", "num_hh": "7", "num_cars": 1, "ARS": "051160000000", "AGS": "05116000", "ARS_0": "051160000000", "AGS_0": "05116000", "SDV_ARS": "051160000000", "GEN": "Mönchengladbach", "BEZ": "Stadt", "NUTS": "DEA15", "RegioStaR7": "72", "scenario": 50, "year": 2038 }, "geometry": { "type": "Point", "coordinates": [ 6.438050675966825, 51.139119139928098 ] } },
{ "type": "Feature", "properties": { "id": "Rheydt_odenkirchen", "num_hh": "8", "num_cars": 1, "ARS": "051160000000", "AGS": "05116000", "ARS_0": "051160000000", "AGS_0": "05116000", "SDV_ARS": "051160000000", "GEN": "Mönchengladbach", "BEZ": "Stadt", "NUTS": "DEA15", "RegioStaR7": "72", "scenario": 50, "year": 2038 }, "geometry": { "type": "Point", "coordinates": [ 6.437947157145296, 51.138896446930026 ] } },
{ "type": "Feature", "properties": { "id": "Rheydt_odenkirchen", "num_hh": "8", "num_cars": 1, "ARS": "051160000000", "AGS": "05116000", "ARS_0": "051160000000", "AGS_0": "05116000", "SDV_ARS": "051160000000", "GEN": "Mönchengladbach", "BEZ": "Stadt", "NUTS": "DEA15", "RegioStaR7": "72", "scenario": 50, "year": 2038 }, "geometry": { "type": "Point", "coordinates": [ 6.437828849920693, 51.138701589675563 ] } },
{ "type": "Feature", "properties": { "id": "Rheydt_odenkirchen", "num_hh": "8", "num_cars": 1, "ARS": "051160000000", "AGS": "05116000", "ARS_0": "051160000000", "AGS_0": "05116000", "SDV_ARS": "051160000000", "GEN": "Mönchengladbach", "BEZ": "Stadt", "NUTS": "DEA15", "RegioStaR7": "72", "scenario": 50, "year": 2038 }, "geometry": { "type": "Point", "coordinates": [ 6.43771054269609, 51.138488173643729 ] } },
{ "type": "Feature", "properties": { "id": "Rheydt_odenkirchen", "num_hh": "7", "num_cars": 1, "ARS": "051160000000", "AGS": "05116000", "ARS_0": "051160000000", "AGS_0": "05116000", "SDV_ARS": "051160000000", "GEN": "Mönchengladbach", "BEZ": "Stadt", "NUTS": "DEA15", "RegioStaR7": "72", "scenario": 50, "year": 2038 }, "geometry": { "type": "Point", "coordinates": [ 6.437577447068412, 51.138246919550276 ] } },
{ "type": "Feature", "properties": { "id": "Rheydt_odenkirchen", "num_hh": "8", "num_cars": 1, "ARS": "051160000000", "AGS": "05116000", "ARS_0": "051160000000", "AGS_0": "05116000", "SDV_ARS": "051160000000", "GEN": "Mönchengladbach", "BEZ": "Stadt", "NUTS": "DEA15", "RegioStaR7": "72", "scenario": 50, "year": 2038 }, "geometry": { "type": "Point", "coordinates": [ 6.437414774634583, 51.137996385118917 ] } },
{ "type": "Feature", "properties": { "id": "Rheydt_odenkirchen", "num_hh": "8", "num_cars": 1, "ARS": "051160000000", "AGS": "05116000", "ARS_0": "051160000000", "AGS_0": "05116000", "SDV_ARS": "051160000000", "GEN": "Mönchengladbach", "BEZ": "Stadt", "NUTS": "DEA15", "RegioStaR7": "72", "scenario": 50, "year": 2038 }, "geometry": { "type": "Point", "coordinates": [ 6.437222525394603, 51.137699453662044 ] } },
{ "type": "Feature", "properties": { "id": "Rheydt_odenkirchen", "num_hh": "7", "num_cars": 1, "ARS": "051160000000", "AGS": "05116000", "ARS_0": "051160000000", "AGS_0": "05116000", "SDV_ARS": "051160000000", "GEN": "Mönchengladbach", "BEZ": "Stadt", "NUTS": "DEA15", "RegioStaR7": "72", "scenario": 50, "year": 2038 }, "geometry": { "type": "Point", "coordinates": [ 6.437000699348471, 51.13742107868692 ] } },
{ "type": "Feature", "properties": { "id": "Rheydt_odenkirchen", "num_hh": "8", "num_cars": 1, "ARS": "051160000000", "AGS": "05116000", "ARS_0": "051160000000", "AGS_0": "05116000", "SDV_ARS": "051160000000", "GEN": "Mönchengladbach", "BEZ": "Stadt", "NUTS": "DEA15", "RegioStaR7": "72", "scenario": 50, "year": 2038 }, "geometry": { "type": "Point", "coordinates": [ 6.436852815317716, 51.137179819017511 ] } },
{ "type": "Feature", "properties": { "id": "Rheydt_odenkirchen", "num_hh": "8", "num_cars": 1, "ARS": "051160000000", "AGS": "05116000", "ARS_0": "051160000000", "AGS_0": "05116000", "SDV_ARS": "051160000000", "GEN": "Mönchengladbach", "BEZ": "Stadt", "NUTS": "DEA15", "RegioStaR7": "72", "scenario": 50, "year": 2038 }, "geometry": { "type": "Point", "coordinates": [ 6.437488716649959, 51.139406785497258 ] } },
{ "type": "Feature", "properties": { "id": "Rheydt_odenkirchen", "num_hh": "8", "num_cars": 1, "ARS": "051160000000", "AGS": "05116000", "ARS_0": "051160000000", "AGS_0": "05116000", "SDV_ARS": "051160000000", "GEN": "Mönchengladbach", "BEZ": "Stadt", "NUTS": "DEA15", "RegioStaR7": "72", "scenario": 50, "year": 2038 }, "geometry": { "type": "Point", "coordinates": [ 6.437385197828432, 51.139184093573327 ] } },
{ "type": "Feature", "properties": { "id": "Rheydt_odenkirchen", "num_hh": "8", "num_cars": 1, "ARS": "051160000000", "AGS": "05116000", "ARS_0": "051160000000", "AGS_0": "05116000", "SDV_ARS": "051160000000", "GEN": "Mönchengladbach", "BEZ": "Stadt", "NUTS": "DEA15", "RegioStaR7": "72", "scenario": 50, "year": 2038 }, "geometry": { "type": "Point", "coordinates": [ 6.437281679006903, 51.138961400575255 ] } },
{ "type": "Feature", "properties": { "id": "Rheydt_odenkirchen", "num_hh": "8", "num_cars": 1, "ARS": "051160000000", "AGS": "05116000", "ARS_0": "051160000000", "AGS_0": "05116000", "SDV_ARS": "051160000000", "GEN": "Mönchengladbach", "BEZ": "Stadt", "NUTS": "DEA15", "RegioStaR7": "72", "scenario": 50, "year": 2038 }, "geometry": { "type": "Point", "coordinates": [ 6.4371633717823, 51.138766543320791 ] } },
{ "type": "Feature", "properties": { "id": "Rheydt_odenkirchen", "num_hh": "8", "num_cars": 1, "ARS": "051160000000", "AGS": "05116000", "ARS_0": "051160000000", "AGS_0": "05116000", "SDV_ARS": "051160000000", "GEN": "Mönchengladbach", "BEZ": "Stadt", "NUTS": "DEA15", "RegioStaR7": "72", "scenario": 50, "year": 2038 }, "geometry": { "type": "Point", "coordinates": [ 6.437045064557696, 51.138553127288958 ] } },
{ "type": "Feature", "properties": { "id": "Rheydt_odenkirchen", "num_hh": "7", "num_cars": 1, "ARS": "051160000000", "AGS": "05116000", "ARS_0": "051160000000", "AGS_0": "05116000", "SDV_ARS": "051160000000", "GEN": "Mönchengladbach", "BEZ": "Stadt", "NUTS": "DEA15", "RegioStaR7": "72", "scenario": 50, "year": 2038 }, "geometry": { "type": "Point", "coordinates": [ 6.436911968930018, 51.138311873195505 ] } },
{ "type": "Feature", "properties": { "id": "Rheydt_odenkirchen", "num_hh": "8", "num_cars": 1, "ARS": "051160000000", "AGS": "05116000", "ARS_0": "051160000000", "AGS_0": "05116000", "SDV_ARS": "051160000000", "GEN": "Mönchengladbach", "BEZ": "Stadt", "NUTS": "DEA15", "RegioStaR7": "72", "scenario": 50, "year": 2038 }, "geometry": { "type": "Point", "coordinates": [ 6.436749296496189, 51.138061338764146 ] } },
{ "type": "Feature", "properties": { "id": "Rheydt_odenkirchen", "num_hh": "7", "num_cars": 1, "ARS": "051160000000", "AGS": "05116000", "ARS_0": "051160000000", "AGS_0": "05116000", "SDV_ARS": "051160000000", "GEN": "Mönchengladbach", "BEZ": "Stadt", "NUTS": "DEA15", "RegioStaR7": "72", "scenario": 50, "year": 2038 }, "geometry": { "type": "Point", "coordinates": [ 6.436557047256209, 51.137764407307273 ] } },
{ "type": "Feature", "properties": { "id": "Rheydt_odenkirchen", "num_hh": "8", "num_cars": 1, "ARS": "051160000000", "AGS": "05116000", "ARS_0": "051160000000", "AGS_0": "05116000", "SDV_ARS": "051160000000", "GEN": "Mönchengladbach", "BEZ": "Stadt", "NUTS": "DEA15", "RegioStaR7": "72", "scenario": 50, "year": 2038 }, "geometry": { "type": "Point", "coordinates": [ 6.436335221210078, 51.137486032332149 ] } },
{ "type": "Feature", "properties": { "id": "Rheydt_odenkirchen", "num_hh": "8", "num_cars": 1, "ARS": "051160000000", "AGS": "05116000", "ARS_0": "051160000000", "AGS_0": "05116000", "SDV_ARS": "051160000000", "GEN": "Mönchengladbach", "BEZ": "Stadt", "NUTS": "DEA15", "RegioStaR7": "72", "scenario": 50, "year": 2038 }, "geometry": { "type": "Point", "coordinates": [ 6.436187337179323, 51.13724477266274 ] } },
{ "type": "Feature", "properties": { "id": "Neuss_norf", "num_hh": "7", "num_cars": 1, "ARS": "051620024024", "AGS": "05162024", "ARS_0": "051620024024", "AGS_0": "05162024", "SDV_ARS": "051620024024", "GEN": "Neuss", "BEZ": "Stadt", "NUTS": "DEA1D", "RegioStaR7": "72", "scenario": 50, "year": 2038 }, "geometry": { "type": "Point", "coordinates": [ 6.728106716787008, 51.161915911440317 ] } },
{ "type": "Feature", "properties": { "id": "Neuss_norf", "num_hh": "8", "num_cars": 1, "ARS": "051620024024", "AGS": "05162024", "ARS_0": "051620024024", "AGS_0": "05162024", "SDV_ARS": "051620024024", "GEN": "Neuss", "BEZ": "Stadt", "NUTS": "DEA1D", "RegioStaR7": "72", "scenario": 50, "year": 2038 }, "geometry": { "type": "Point", "coordinates": [ 6.727940347252409, 51.161811577409559 ] } },
{ "type": "Feature", "properties": { "id": "Neuss_norf", "num_hh": "8", "num_cars": 1, "ARS": "051620024024", "AGS": "05162024", "ARS_0": "051620024024", "AGS_0": "05162024", "SDV_ARS": "051620024024", "GEN": "Neuss", "BEZ": "Stadt", "NUTS": "DEA1D", "RegioStaR7": "72", "scenario": 50, "year": 2038 }, "geometry": { "type": "Point", "coordinates": [ 6.727696338601666, 51.161665509370053 ] } },
{ "type": "Feature", "properties": { "id": "Neuss_norf", "num_hh": "8", "num_cars": 1, "ARS": "051620024024", "AGS": "05162024", "ARS_0": "051620024024", "AGS_0": "05162024", "SDV_ARS": "051620024024", "GEN": "Neuss", "BEZ": "Stadt", "NUTS": "DEA1D", "RegioStaR7": "72", "scenario": 50, "year": 2038 }, "geometry": { "type": "Point", "coordinates": [ 6.72751887776476, 51.161540307825213 ] } },
{ "type": "Feature", "properties": { "id": "Neuss_norf", "num_hh": "8", "num_cars": 1, "ARS": "051620024024", "AGS": "05162024", "ARS_0": "051620024024", "AGS_0": "05162024", "SDV_ARS": "051620024024", "GEN": "Neuss", "BEZ": "Stadt", "NUTS": "DEA1D", "RegioStaR7": "72", "scenario": 50, "year": 2038 }, "geometry": { "type": "Point", "coordinates": [ 6.727319234323243, 51.161449884275939 ] } },
{ "type": "Feature", "properties": { "id": "Neuss_norf", "num_hh": "8", "num_cars": 1, "ARS": "051620024024", "AGS": "05162024", "ARS_0": "051620024024", "AGS_0": "05162024", "SDV_ARS": "051620024024", "GEN": "Neuss", "BEZ": "Stadt", "NUTS": "DEA1D", "RegioStaR7": "72", "scenario": 50, "year": 2038 }, "geometry": { "type": "Point", "coordinates": [ 6.727097408277111, 51.161324682145874 ] } },
{ "type": "Feature", "properties": { "id": "Neuss_norf", "num_hh": "8", "num_cars": 1, "ARS": "051620024024", "AGS": "05162024", "ARS_0": "051620024024", "AGS_0": "05162024", "SDV_ARS": "051620024024", "GEN": "Neuss", "BEZ": "Stadt", "NUTS": "DEA1D", "RegioStaR7": "72", "scenario": 50, "year": 2038 }, "geometry": { "type": "Point", "coordinates": [ 6.726886673533287, 51.161199479675986 ] } },
{ "type": "Feature", "properties": { "id": "Neuss_norf", "num_hh": "7", "num_cars": 1, "ARS": "051620024024", "AGS": "05162024", "ARS_0": "051620024024", "AGS_0": "05162024", "SDV_ARS": "051620024024", "GEN": "Neuss", "BEZ": "Stadt", "NUTS": "DEA1D", "RegioStaR7": "72", "scenario": 50, "year": 2038 }, "geometry": { "type": "Point", "coordinates": [ 6.726653756184849, 51.161060365422031 ] } },
{ "type": "Feature", "properties": { "id": "Neuss_norf", "num_hh": "7", "num_cars": 1, "ARS": "051620024024", "AGS": "05162024", "ARS_0": "051620024024", "AGS_0": "05162024", "SDV_ARS": "051620024024", "GEN": "Neuss", "BEZ": "Stadt", "NUTS": "DEA1D", "RegioStaR7": "72", "scenario": 50, "year": 2038 }, "geometry": { "type": "Point", "coordinates": [ 6.727818342927037, 51.162117627002104 ] } },
{ "type": "Feature", "properties": { "id": "Neuss_norf", "num_hh": "7", "num_cars": 1, "ARS": "051620024024", "AGS": "05162024", "ARS_0": "051620024024", "AGS_0": "05162024", "SDV_ARS": "051620024024", "GEN": "Neuss", "BEZ": "Stadt", "NUTS": "DEA1D", "RegioStaR7": "72", "scenario": 50, "year": 2038 }, "geometry": { "type": "Point", "coordinates": [ 6.727651973392438, 51.162013292971345 ] } },
{ "type": "Feature", "properties": { "id": "Neuss_norf", "num_hh": "8", "num_cars": 1, "ARS": "051620024024", "AGS": "05162024", "ARS_0": "051620024024", "AGS_0": "05162024", "SDV_ARS": "051620024024", "GEN": "Neuss", "BEZ": "Stadt", "NUTS": "DEA1D", "RegioStaR7": "72", "scenario": 50, "year": 2038 }, "geometry": { "type": "Point", "coordinates": [ 6.727407964741695, 51.161867224931839 ] } },
{ "type": "Feature", "properties": { "id": "Neuss_norf", "num_hh": "7", "num_cars": 1, "ARS": "051620024024", "AGS": "05162024", "ARS_0": "051620024024", "AGS_0": "05162024", "SDV_ARS": "051620024024", "GEN": "Neuss", "BEZ": "Stadt", "NUTS": "DEA1D", "RegioStaR7": "72", "scenario": 50, "year": 2038 }, "geometry": { "type": "Point", "coordinates": [ 6.727230503904789, 51.161742023386999 ] } },
{ "type": "Feature", "properties": { "id": "Neuss_norf", "num_hh": "7", "num_cars": 1, "ARS": "051620024024", "AGS": "05162024", "ARS_0": "051620024024", "AGS_0": "05162024", "SDV_ARS": "051620024024", "GEN": "Neuss", "BEZ": "Stadt", "NUTS": "DEA1D", "RegioStaR7": "72", "scenario": 50, "year": 2038 }, "geometry": { "type": "Point", "coordinates": [ 6.727030860463272, 51.161651599837725 ] } },
{ "type": "Feature", "properties": { "id": "Neuss_norf", "num_hh": "8", "num_cars": 1, "ARS": "051620024024", "AGS": "05162024", "ARS_0": "051620024024", "AGS_0": "05162024", "SDV_ARS": "051620024024", "GEN": "Neuss", "BEZ": "Stadt", "NUTS": "DEA1D", "RegioStaR7": "72", "scenario": 50, "year": 2038 }, "geometry": { "type": "Point", "coordinates": [ 6.726809034417141, 51.161526397707661 ] } },
{ "type": "Feature", "properties": { "id": "Neuss_norf", "num_hh": "7", "num_cars": 1, "ARS": "051620024024", "AGS": "05162024", "ARS_0": "051620024024", "AGS_0": "05162024", "SDV_ARS": "051620024024", "GEN": "Neuss", "BEZ": "Stadt", "NUTS": "DEA1D", "RegioStaR7": "72", "scenario": 50, "year": 2038 }, "geometry": { "type": "Point", "coordinates": [ 6.726598299673316, 51.161401195237772 ] } },
{ "type": "Feature", "properties": { "id": "Neuss_norf", "num_hh": "8", "num_cars": 1, "ARS": "051620024024", "AGS": "05162024", "ARS_0": "051620024024", "AGS_0": "05162024", "SDV_ARS": "051620024024", "GEN": "Neuss", "BEZ": "Stadt", "NUTS": "DEA1D", "RegioStaR7": "72", "scenario": 50, "year": 2038 }, "geometry": { "type": "Point", "coordinates": [ 6.726365382324878, 51.161262080983818 ] } },
{ "type": "Feature", "properties": { "id": "Neuss_norf", "num_hh": "8", "num_cars": 1, "ARS": "051620024024", "AGS": "05162024", "ARS_0": "051620024024", "AGS_0": "05162024", "SDV_ARS": "051620024024", "GEN": "Neuss", "BEZ": "Stadt", "NUTS": "DEA1D", "RegioStaR7": "72", "scenario": 50, "year": 2038 }, "geometry": { "type": "Point", "coordinates": [ 6.727507786462454, 51.162305430352951 ] } },
{ "type": "Feature", "properties": { "id": "Neuss_norf", "num_hh": "8", "num_cars": 1, "ARS": "051620024024", "AGS": "05162024", "ARS_0": "051620024024", "AGS_0": "05162024", "SDV_ARS": "051620024024", "GEN": "Neuss", "BEZ": "Stadt", "NUTS": "DEA1D", "RegioStaR7": "72", "scenario": 50, "year": 2038 }, "geometry": { "type": "Point", "coordinates": [ 6.727341416927855, 51.162201096322192 ] } },
{ "type": "Feature", "properties": { "id": "Neuss_norf", "num_hh": "8", "num_cars": 1, "ARS": "051620024024", "AGS": "05162024", "ARS_0": "051620024024", "AGS_0": "05162024", "SDV_ARS": "051620024024", "GEN": "Neuss", "BEZ": "Stadt", "NUTS": "DEA1D", "RegioStaR7": "72", "scenario": 50, "year": 2038 }, "geometry": { "type": "Point", "coordinates": [ 6.727097408277111, 51.162055028282687 ] } },
{ "type": "Feature", "properties": { "id": "Neuss_norf", "num_hh": "7", "num_cars": 1, "ARS": "051620024024", "AGS": "05162024", "ARS_0": "051620024024", "AGS_0": "05162024", "SDV_ARS": "051620024024", "GEN": "Neuss", "BEZ": "Stadt", "NUTS": "DEA1D", "RegioStaR7": "72", "scenario": 50, "year": 2038 }, "geometry": { "type": "Point", "coordinates": [ 6.726919947440206, 51.161929826737847 ] } },
{ "type": "Feature", "properties": { "id": "Neuss_norf", "num_hh": "8", "num_cars": 1, "ARS": "051620024024", "AGS": "05162024", "ARS_0": "051620024024", "AGS_0": "05162024", "SDV_ARS": "051620024024", "GEN": "Neuss", "BEZ": "Stadt", "NUTS": "DEA1D", "RegioStaR7": "72", "scenario": 50, "year": 2038 }, "geometry": { "type": "Point", "coordinates": [ 6.726720303998689, 51.161839403188573 ] } },
{ "type": "Feature", "properties": { "id": "Neuss_norf", "num_hh": "8", "num_cars": 1, "ARS": "051620024024", "AGS": "05162024", "ARS_0": "051620024024", "AGS_0": "05162024", "SDV_ARS": "051620024024", "GEN": "Neuss", "BEZ": "Stadt", "NUTS": "DEA1D", "RegioStaR7": "72", "scenario": 50, "year": 2038 }, "geometry": { "type": "Point", "coordinates": [ 6.726498477952557, 51.161714201058508 ] } },
{ "type": "Feature", "properties": { "id": "Neuss_norf", "num_hh": "8", "num_cars": 1, "ARS": "051620024024", "AGS": "05162024", "ARS_0": "051620024024", "AGS_0": "05162024", "SDV_ARS": "051620024024", "GEN": "Neuss", "BEZ": "Stadt", "NUTS": "DEA1D", "RegioStaR7": "72", "scenario": 50, "year": 2038 }, "geometry": { "type": "Point", "coordinates": [ 6.726287743208733, 51.16158899858862 ] } },
{ "type": "Feature", "properties": { "id": "Neuss_norf", "num_hh": "8", "num_cars": 1, "ARS": "051620024024", "AGS": "05162024", "ARS_0": "051620024024", "AGS_0": "05162024", "SDV_ARS": "051620024024", "GEN": "Neuss", "BEZ": "Stadt", "NUTS": "DEA1D", "RegioStaR7": "72", "scenario": 50, "year": 2038 }, "geometry": { "type": "Point", "coordinates": [ 6.726054825860294, 51.161449884334665 ] } },
{ "type": "Feature", "properties": { "id": "Neuss_norf", "num_hh": "8", "num_cars": 1, "ARS": "051620024024", "AGS": "05162024", "ARS_0": "051620024024", "AGS_0": "05162024", "SDV_ARS": "051620024024", "GEN": "Neuss", "BEZ": "Stadt", "NUTS": "DEA1D", "RegioStaR7": "72", "scenario": 50, "year": 2038 }, "geometry": { "type": "Point", "coordinates": [ 6.727152864788644, 51.162514099846064 ] } },
{ "type": "Feature", "properties": { "id": "Neuss_norf", "num_hh": "8", "num_cars": 1, "ARS": "051620024024", "AGS": "05162024", "ARS_0": "051620024024", "AGS_0": "05162024", "SDV_ARS": "051620024024", "GEN": "Neuss", "BEZ": "Stadt", "NUTS": "DEA1D", "RegioStaR7": "72", "scenario": 50, "year": 2038 }, "geometry": { "type": "Point", "coordinates": [ 6.726986495254045, 51.162409765815305 ] } },
{ "type": "Feature", "properties": { "id": "Neuss_norf", "num_hh": "8", "num_cars": 1, "ARS": "051620024024", "AGS": "05162024", "ARS_0": "051620024024", "AGS_0": "05162024", "SDV_ARS": "051620024024", "GEN": "Neuss", "BEZ": "Stadt", "NUTS": "DEA1D", "RegioStaR7": "72", "scenario": 50, "year": 2038 }, "geometry": { "type": "Point", "coordinates": [ 6.726742486603301, 51.162263697775799 ] } },
{ "type": "Feature", "properties": { "id": "Neuss_norf", "num_hh": "7", "num_cars": 1, "ARS": "051620024024", "AGS": "05162024", "ARS_0": "051620024024", "AGS_0": "05162024", "SDV_ARS": "051620024024", "GEN": "Neuss", "BEZ": "Stadt", "NUTS": "DEA1D", "RegioStaR7": "72", "scenario": 50, "year": 2038 }, "geometry": { "type": "Point", "coordinates": [ 6.726565025766396, 51.162138496230959 ] } },
{ "type": "Feature", "properties": { "id": "Neuss_norf", "num_hh": "7", "num_cars": 1, "ARS": "051620024024", "AGS": "05162024", "ARS_0": "051620024024", "AGS_0": "05162024", "SDV_ARS": "051620024024", "GEN": "Neuss", "BEZ": "Stadt", "NUTS": "DEA1D", "RegioStaR7": "72", "scenario": 50, "year": 2038 }, "geometry": { "type": "Point", "coordinates": [ 6.726365382324879, 51.162048072681685 ] } },
{ "type": "Feature", "properties": { "id": "Neuss_norf", "num_hh": "8", "num_cars": 1, "ARS": "051620024024", "AGS": "05162024", "ARS_0": "051620024024", "AGS_0": "05162024", "SDV_ARS": "051620024024", "GEN": "Neuss", "BEZ": "Stadt", "NUTS": "DEA1D", "RegioStaR7": "72", "scenario": 50, "year": 2038 }, "geometry": { "type": "Point", "coordinates": [ 6.726143556278747, 51.161922870551621 ] } },
{ "type": "Feature", "properties": { "id": "Neuss_norf", "num_hh": "7", "num_cars": 1, "ARS": "051620024024", "AGS": "05162024", "ARS_0": "051620024024", "AGS_0": "05162024", "SDV_ARS": "051620024024", "GEN": "Neuss", "BEZ": "Stadt", "NUTS": "DEA1D", "RegioStaR7": "72", "scenario": 50, "year": 2038 }, "geometry": { "type": "Point", "coordinates": [ 6.725932821534923, 51.161797668081732 ] } },
{ "type": "Feature", "properties": { "id": "Neuss_norf", "num_hh": "8", "num_cars": 1, "ARS": "051620024024", "AGS": "05162024", "ARS_0": "051620024024", "AGS_0": "05162024", "SDV_ARS": "051620024024", "GEN": "Neuss", "BEZ": "Stadt", "NUTS": "DEA1D", "RegioStaR7": "72", "scenario": 50, "year": 2038 }, "geometry": { "type": "Point", "coordinates": [ 6.725699904186484, 51.161658553827777 ] } },
{ "type": "Feature", "properties": { "id": "Neuss_norf", "num_hh": "8", "num_cars": 1, "ARS": "051620024024", "AGS": "05162024", "ARS_0": "051620024024", "AGS_0": "05162024", "SDV_ARS": "051620024024", "GEN": "Neuss", "BEZ": "Stadt", "NUTS": "DEA1D", "RegioStaR7": "72", "scenario": 50, "year": 2038 }, "geometry": { "type": "Point", "coordinates": [ 6.726709212696383, 51.162771457587603 ] } },
{ "type": "Feature", "properties": { "id": "Neuss_norf", "num_hh": "8", "num_cars": 1, "ARS": "051620024024", "AGS": "05162024", "ARS_0": "051620024024", "AGS_0": "05162024", "SDV_ARS": "051620024024", "GEN": "Neuss", "BEZ": "Stadt", "NUTS": "DEA1D", "RegioStaR7": "72", "scenario": 50, "year": 2038 }, "geometry": { "type": "Point", "coordinates": [ 6.726542843161784, 51.162667123556844 ] } },
{ "type": "Feature", "properties": { "id": "Neuss_norf", "num_hh": "7", "num_cars": 1, "ARS": "051620024024", "AGS": "05162024", "ARS_0": "051620024024", "AGS_0": "05162024", "SDV_ARS": "051620024024", "GEN": "Neuss", "BEZ": "Stadt", "NUTS": "DEA1D", "RegioStaR7": "72", "scenario": 50, "year": 2038 }, "geometry": { "type": "Point", "coordinates": [ 6.726298834511041, 51.162521055517338 ] } },
{ "type": "Feature", "properties": { "id": "Neuss_norf", "num_hh": "7", "num_cars": 1, "ARS": "051620024024", "AGS": "05162024", "ARS_0": "051620024024", "AGS_0": "05162024", "SDV_ARS": "051620024024", "GEN": "Neuss", "BEZ": "Stadt", "NUTS": "DEA1D", "RegioStaR7": "72", "scenario": 50, "year": 2038 }, "geometry": { "type": "Point", "coordinates": [ 6.726121373674135, 51.162395853972498 ] } },
{ "type": "Feature", "properties": { "id": "Neuss_norf", "num_hh": "8", "num_cars": 1, "ARS": "051620024024", "AGS": "05162024", "ARS_0": "051620024024", "AGS_0": "05162024", "SDV_ARS": "051620024024", "GEN": "Neuss", "BEZ": "Stadt", "NUTS": "DEA1D", "RegioStaR7": "72", "scenario": 50, "year": 2038 }, "geometry": { "type": "Point", "coordinates": [ 6.725921730232618, 51.162305430423224 ] } },
{ "type": "Feature", "properties": { "id": "Neuss_norf", "num_hh": "8", "num_cars": 1, "ARS": "051620024024", "AGS": "05162024", "ARS_0": "051620024024", "AGS_0": "05162024", "SDV_ARS": "051620024024", "GEN": "Neuss", "BEZ": "Stadt", "NUTS": "DEA1D", "RegioStaR7": "72", "scenario": 50, "year": 2038 }, "geometry": { "type": "Point", "coordinates": [ 6.725699904186486, 51.16218022829316 ] } },
{ "type": "Feature", "properties": { "id": "Neuss_norf", "num_hh": "8", "num_cars": 1, "ARS": "051620024024", "AGS": "05162024", "ARS_0": "051620024024", "AGS_0": "05162024", "SDV_ARS": "051620024024", "GEN": "Neuss", "BEZ": "Stadt", "NUTS": "DEA1D", "RegioStaR7": "72", "scenario": 50, "year": 2038 }, "geometry": { "type": "Point", "coordinates": [ 6.725489169442662, 51.162055025823271 ] } },
{ "type": "Feature", "properties": { "id": "Neuss_norf", "num_hh": "8", "num_cars": 1, "ARS": "051620024024", "AGS": "05162024", "ARS_0": "051620024024", "AGS_0": "05162024", "SDV_ARS": "051620024024", "GEN": "Neuss", "BEZ": "Stadt", "NUTS": "DEA1D", "RegioStaR7": "72", "scenario": 50, "year": 2038 }, "geometry": { "type": "Point", "coordinates": [ 6.725256252094224, 51.161915911569317 ] } },
{ "type": "Feature", "properties": { "id": "Neuss_norf", "num_hh": "8", "num_cars": 1, "ARS": "051620024024", "AGS": "05162024", "ARS_0": "051620024024", "AGS_0": "05162024", "SDV_ARS": "051620024024", "GEN": "Neuss", "BEZ": "Stadt", "NUTS": "DEA1D", "RegioStaR7": "72", "scenario": 50, "year": 2038 }, "geometry": { "type": "Point", "coordinates": [ 6.72626556060412, 51.163014902778372 ] } },
{ "type": "Feature", "properties": { "id": "Neuss_norf", "num_hh": "8", "num_cars": 1, "ARS": "051620024024", "AGS": "05162024", "ARS_0": "051620024024", "AGS_0": "05162024", "SDV_ARS": "051620024024", "GEN": "Neuss", "BEZ": "Stadt", "NUTS": "DEA1D", "RegioStaR7": "72", "scenario": 50, "year": 2038 }, "geometry": { "type": "Point", "coordinates": [ 6.726099191069522, 51.162910568747613 ] } },
{ "type": "Feature", "properties": { "id": "Neuss_norf", "num_hh": "8", "num_cars": 1, "ARS": "051620024024", "AGS": "05162024", "ARS_0": "051620024024", "AGS_0": "05162024", "SDV_ARS": "051620024024", "GEN": "Neuss", "BEZ": "Stadt", "NUTS": "DEA1D", "RegioStaR7": "72", "scenario": 50, "year": 2038 }, "geometry": { "type": "Point", "coordinates": [ 6.725855182418778, 51.162764500708107 ] } },
{ "type": "Feature", "properties": { "id": "Neuss_norf", "num_hh": "7", "num_cars": 1, "ARS": "051620024024", "AGS": "05162024", "ARS_0": "051620024024", "AGS_0": "05162024", "SDV_ARS": "051620024024", "GEN": "Neuss", "BEZ": "Stadt", "NUTS": "DEA1D", "RegioStaR7": "72", "scenario": 50, "year": 2038 }, "geometry": { "type": "Point", "coordinates": [ 6.725677721581873, 51.162639299163267 ] } },
{ "type": "Feature", "properties": { "id": "Neuss_norf", "num_hh": "7", "num_cars": 1, "ARS": "051620024024", "AGS": "05162024", "ARS_0": "051620024024", "AGS_0": "05162024", "SDV_ARS": "051620024024", "GEN": "Neuss", "BEZ": "Stadt", "NUTS": "DEA1D", "RegioStaR7": "72", "scenario": 50, "year": 2038 }, "geometry": { "type": "Point", "coordinates": [ 6.725478078140355, 51.162548875613993 ] } },
{ "type": "Feature", "properties": { "id": "Neuss_norf", "num_hh": "8", "num_cars": 1, "ARS": "051620024024", "AGS": "05162024", "ARS_0": "051620024024", "AGS_0": "05162024", "SDV_ARS": "051620024024", "GEN": "Neuss", "BEZ": "Stadt", "NUTS": "DEA1D", "RegioStaR7": "72", "scenario": 50, "year": 2038 }, "geometry": { "type": "Point", "coordinates": [ 6.725256252094224, 51.162423673483929 ] } },
{ "type": "Feature", "properties": { "id": "Neuss_norf", "num_hh": "7", "num_cars": 1, "ARS": "051620024024", "AGS": "05162024", "ARS_0": "051620024024", "AGS_0": "05162024", "SDV_ARS": "051620024024", "GEN": "Neuss", "BEZ": "Stadt", "NUTS": "DEA1D", "RegioStaR7": "72", "scenario": 50, "year": 2038 }, "geometry": { "type": "Point", "coordinates": [ 6.7250455173504, 51.16229847101404 ] } },
{ "type": "Feature", "properties": { "id": "Neuss_norf", "num_hh": "7", "num_cars": 1, "ARS": "051620024024", "AGS": "05162024", "ARS_0": "051620024024", "AGS_0": "05162024", "SDV_ARS": "051620024024", "GEN": "Neuss", "BEZ": "Stadt", "NUTS": "DEA1D", "RegioStaR7": "72", "scenario": 50, "year": 2038 }, "geometry": { "type": "Point", "coordinates": [ 6.724812600001961, 51.162159356760085 ] } },
{ "type": "Feature", "properties": { "id": "Neuss_norf", "num_hh": "8", "num_cars": 1, "ARS": "051620024024", "AGS": "05162024", "ARS_0": "051620024024", "AGS_0": "05162024", "SDV_ARS": "051620024024", "GEN": "Neuss", "BEZ": "Stadt", "NUTS": "DEA1D", "RegioStaR7": "72", "scenario": 50, "year": 2038 }, "geometry": { "type": "Point", "coordinates": [ 6.725877365023392, 51.163286168763285 ] } },
{ "type": "Feature", "properties": { "id": "Neuss_norf", "num_hh": "7", "num_cars": 1, "ARS": "051620024024", "AGS": "05162024", "ARS_0": "051620024024", "AGS_0": "05162024", "SDV_ARS": "051620024024", "GEN": "Neuss", "BEZ": "Stadt", "NUTS": "DEA1D", "RegioStaR7": "72", "scenario": 50, "year": 2038 }, "geometry": { "type": "Point", "coordinates": [ 6.725710995488793, 51.163181834732526 ] } },
{ "type": "Feature", "properties": { "id": "Neuss_norf", "num_hh": "7", "num_cars": 1, "ARS": "051620024024", "AGS": "05162024", "ARS_0": "051620024024", "AGS_0": "05162024", "SDV_ARS": "051620024024", "GEN": "Neuss", "BEZ": "Stadt", "NUTS": "DEA1D", "RegioStaR7": "72", "scenario": 50, "year": 2038 }, "geometry": { "type": "Point", "coordinates": [ 6.725466986838049, 51.163035766693021 ] } },
{ "type": "Feature", "properties": { "id": "Neuss_norf", "num_hh": "8", "num_cars": 1, "ARS": "051620024024", "AGS": "05162024", "ARS_0": "051620024024", "AGS_0": "05162024", "SDV_ARS": "051620024024", "GEN": "Neuss", "BEZ": "Stadt", "NUTS": "DEA1D", "RegioStaR7": "72", "scenario": 50, "year": 2038 }, "geometry": { "type": "Point", "coordinates": [ 6.725289526001144, 51.162910565148181 ] } },
{ "type": "Feature", "properties": { "id": "Neuss_norf", "num_hh": "8", "num_cars": 1, "ARS": "051620024024", "AGS": "05162024", "ARS_0": "051620024024", "AGS_0": "05162024", "SDV_ARS": "051620024024", "GEN": "Neuss", "BEZ": "Stadt", "NUTS": "DEA1D", "RegioStaR7": "72", "scenario": 50, "year": 2038 }, "geometry": { "type": "Point", "coordinates": [ 6.725089882559627, 51.162820141598907 ] } },
{ "type": "Feature", "properties": { "id": "Neuss_norf", "num_hh": "8", "num_cars": 1, "ARS": "051620024024", "AGS": "05162024", "ARS_0": "051620024024", "AGS_0": "05162024", "SDV_ARS": "051620024024", "GEN": "Neuss", "BEZ": "Stadt", "NUTS": "DEA1D", "RegioStaR7": "72", "scenario": 50, "year": 2038 }, "geometry": { "type": "Point", "coordinates": [ 6.724868056513495, 51.162694939468842 ] } },
{ "type": "Feature", "properties": { "id": "Neuss_norf", "num_hh": "7", "num_cars": 1, "ARS": "051620024024", "AGS": "05162024", "ARS_0": "051620024024", "AGS_0": "05162024", "SDV_ARS": "051620024024", "GEN": "Neuss", "BEZ": "Stadt", "NUTS": "DEA1D", "RegioStaR7": "72", "scenario": 50, "year": 2038 }, "geometry": { "type": "Point", "coordinates": [ 6.724657321769671, 51.162569736998954 ] } },
{ "type": "Feature", "properties": { "id": "Neuss_norf", "num_hh": "8", "num_cars": 1, "ARS": "051620024024", "AGS": "05162024", "ARS_0": "051620024024", "AGS_0": "05162024", "SDV_ARS": "051620024024", "GEN": "Neuss", "BEZ": "Stadt", "NUTS": "DEA1D", "RegioStaR7": "72", "scenario": 50, "year": 2038 }, "geometry": { "type": "Point", "coordinates": [ 6.724424404421232, 51.162430622744999 ] } },
{ "type": "Feature", "properties": { "id": "Neuss_norf", "num_hh": "8", "num_cars": 1, "ARS": "051620024024", "AGS": "05162024", "ARS_0": "051620024024", "AGS_0": "05162024", "SDV_ARS": "051620024024", "GEN": "Neuss", "BEZ": "Stadt", "NUTS": "DEA1D", "RegioStaR7": "72", "scenario": 50, "year": 2038 }, "geometry": { "type": "Point", "coordinates": [ 6.725622265070339, 51.163661765185815 ] } },
{ "type": "Feature", "properties": { "id": "Neuss_norf", "num_hh": "8", "num_cars": 1, "ARS": "051620024024", "AGS": "05162024", "ARS_0": "051620024024", "AGS_0": "05162024", "SDV_ARS": "051620024024", "GEN": "Neuss", "BEZ": "Stadt", "NUTS": "DEA1D", "RegioStaR7": "72", "scenario": 50, "year": 2038 }, "geometry": { "type": "Point", "coordinates": [ 6.725455895535741, 51.163557431155056 ] } },
{ "type": "Feature", "properties": { "id": "Neuss_norf", "num_hh": "7", "num_cars": 1, "ARS": "051620024024", "AGS": "05162024", "ARS_0": "051620024024", "AGS_0": "05162024", "SDV_ARS": "051620024024", "GEN": "Neuss", "BEZ": "Stadt", "NUTS": "DEA1D", "RegioStaR7": "72", "scenario": 50, "year": 2038 }, "geometry": { "type": "Point", "coordinates": [ 6.725211886884997, 51.16341136311555 ] } },
{ "type": "Feature", "properties": { "id": "Neuss_norf", "num_hh": "8", "num_cars": 1, "ARS": "051620024024", "AGS": "05162024", "ARS_0": "051620024024", "AGS_0": "05162024", "SDV_ARS": "051620024024", "GEN": "Neuss", "BEZ": "Stadt", "NUTS": "DEA1D", "RegioStaR7": "72", "scenario": 50, "year": 2038 }, "geometry": { "type": "Point", "coordinates": [ 6.725034426048092, 51.16328616157071 ] } },
{ "type": "Feature", "properties": { "id": "Neuss_norf", "num_hh": "8", "num_cars": 1, "ARS": "051620024024", "AGS": "05162024", "ARS_0": "051620024024", "AGS_0": "05162024", "SDV_ARS": "051620024024", "GEN": "Neuss", "BEZ": "Stadt", "NUTS": "DEA1D", "RegioStaR7": "72", "scenario": 50, "year": 2038 }, "geometry": { "type": "Point", "coordinates": [ 6.724834782606575, 51.163195738021436 ] } },
{ "type": "Feature", "properties": { "id": "Neuss_norf", "num_hh": "7", "num_cars": 1, "ARS": "051620024024", "AGS": "05162024", "ARS_0": "051620024024", "AGS_0": "05162024", "SDV_ARS": "051620024024", "GEN": "Neuss", "BEZ": "Stadt", "NUTS": "DEA1D", "RegioStaR7": "72", "scenario": 50, "year": 2038 }, "geometry": { "type": "Point", "coordinates": [ 6.724612956560443, 51.163070535891372 ] } },
{ "type": "Feature", "properties": { "id": "Neuss_norf", "num_hh": "7", "num_cars": 1, "ARS": "051620024024", "AGS": "05162024", "ARS_0": "051620024024", "AGS_0": "05162024", "SDV_ARS": "051620024024", "GEN": "Neuss", "BEZ": "Stadt", "NUTS": "DEA1D", "RegioStaR7": "72", "scenario": 50, "year": 2038 }, "geometry": { "type": "Point", "coordinates": [ 6.724402221816619, 51.162945333421483 ] } },
{ "type": "Feature", "properties": { "id": "Neuss_norf", "num_hh": "8", "num_cars": 1, "ARS": "051620024024", "AGS": "05162024", "ARS_0": "051620024024", "AGS_0": "05162024", "SDV_ARS": "051620024024", "GEN": "Neuss", "BEZ": "Stadt", "NUTS": "DEA1D", "RegioStaR7": "72", "scenario": 50, "year": 2038 }, "geometry": { "type": "Point", "coordinates": [ 6.72416930446818, 51.162806219167528 ] } },
{ "type": "Feature", "properties": { "id": "Neuss_norf", "num_hh": "7", "num_cars": 1, "ARS": "051620024024", "AGS": "05162024", "ARS_0": "051620024024", "AGS_0": "05162024", "SDV_ARS": "051620024024", "GEN": "Neuss", "BEZ": "Stadt", "NUTS": "DEA1D", "RegioStaR7": "72", "scenario": 50, "year": 2038 }, "geometry": { "type": "Point", "coordinates": [ 6.725356073814982, 51.163946938204859 ] } },
{ "type": "Feature", "properties": { "id": "Neuss_norf", "num_hh": "8", "num_cars": 1, "ARS": "051620024024", "AGS": "05162024", "ARS_0": "051620024024", "AGS_0": "05162024", "SDV_ARS": "051620024024", "GEN": "Neuss", "BEZ": "Stadt", "NUTS": "DEA1D", "RegioStaR7": "72", "scenario": 50, "year": 2038 }, "geometry": { "type": "Point", "coordinates": [ 6.725189704280384, 51.1638426041741 ] } },
{ "type": "Feature", "properties": { "id": "Neuss_norf", "num_hh": "7", "num_cars": 1, "ARS": "051620024024", "AGS": "05162024", "ARS_0": "051620024024", "AGS_0": "05162024", "SDV_ARS": "051620024024", "GEN": "Neuss", "BEZ": "Stadt", "NUTS": "DEA1D", "RegioStaR7": "72", "scenario": 50, "year": 2038 }, "geometry": { "type": "Point", "coordinates": [ 6.72494569562964, 51.163696536134594 ] } },
{ "type": "Feature", "properties": { "id": "Neuss_norf", "num_hh": "7", "num_cars": 1, "ARS": "051620024024", "AGS": "05162024", "ARS_0": "051620024024", "AGS_0": "05162024", "SDV_ARS": "051620024024", "GEN": "Neuss", "BEZ": "Stadt", "NUTS": "DEA1D", "RegioStaR7": "72", "scenario": 50, "year": 2038 }, "geometry": { "type": "Point", "coordinates": [ 6.724768234792735, 51.163571334589754 ] } },
{ "type": "Feature", "properties": { "id": "Neuss_norf", "num_hh": "8", "num_cars": 1, "ARS": "051620024024", "AGS": "05162024", "ARS_0": "051620024024", "AGS_0": "05162024", "SDV_ARS": "051620024024", "GEN": "Neuss", "BEZ": "Stadt", "NUTS": "DEA1D", "RegioStaR7": "72", "scenario": 50, "year": 2038 }, "geometry": { "type": "Point", "coordinates": [ 6.724568591351217, 51.16348091104048 ] } },
{ "type": "Feature", "properties": { "id": "Neuss_norf", "num_hh": "7", "num_cars": 1, "ARS": "051620024024", "AGS": "05162024", "ARS_0": "051620024024", "AGS_0": "05162024", "SDV_ARS": "051620024024", "GEN": "Neuss", "BEZ": "Stadt", "NUTS": "DEA1D", "RegioStaR7": "72", "scenario": 50, "year": 2038 }, "geometry": { "type": "Point", "coordinates": [ 6.724346765305086, 51.163355708910416 ] } },
{ "type": "Feature", "properties": { "id": "Neuss_norf", "num_hh": "7", "num_cars": 1, "ARS": "051620024024", "AGS": "05162024", "ARS_0": "051620024024", "AGS_0": "05162024", "SDV_ARS": "051620024024", "GEN": "Neuss", "BEZ": "Stadt", "NUTS": "DEA1D", "RegioStaR7": "72", "scenario": 50, "year": 2038 }, "geometry": { "type": "Point", "coordinates": [ 6.724136030561262, 51.163230506440527 ] } },
{ "type": "Feature", "properties": { "id": "Neuss_norf", "num_hh": "8", "num_cars": 1, "ARS": "051620024024", "AGS": "05162024", "ARS_0": "051620024024", "AGS_0": "05162024", "SDV_ARS": "051620024024", "GEN": "Neuss", "BEZ": "Stadt", "NUTS": "DEA1D", "RegioStaR7": "72", "scenario": 50, "year": 2038 }, "geometry": { "type": "Point", "coordinates": [ 6.725001152141172, 51.164169511043532 ] } },
{ "type": "Feature", "properties": { "id": "Neuss_norf", "num_hh": "7", "num_cars": 1, "ARS": "051620024024", "AGS": "05162024", "ARS_0": "051620024024", "AGS_0": "05162024", "SDV_ARS": "051620024024", "GEN": "Neuss", "BEZ": "Stadt", "NUTS": "DEA1D", "RegioStaR7": "72", "scenario": 50, "year": 2038 }, "geometry": { "type": "Point", "coordinates": [ 6.724834782606574, 51.164065177012773 ] } },
{ "type": "Feature", "properties": { "id": "Neuss_norf", "num_hh": "7", "num_cars": 1, "ARS": "051620024024", "AGS": "05162024", "ARS_0": "051620024024", "AGS_0": "05162024", "SDV_ARS": "051620024024", "GEN": "Neuss", "BEZ": "Stadt", "NUTS": "DEA1D", "RegioStaR7": "72", "scenario": 50, "year": 2038 }, "geometry": { "type": "Point", "coordinates": [ 6.72459077395583, 51.163919108973268 ] } },
{ "type": "Feature", "properties": { "id": "Neuss_norf", "num_hh": "7", "num_cars": 1, "ARS": "051620024024", "AGS": "05162024", "ARS_0": "051620024024", "AGS_0": "05162024", "SDV_ARS": "051620024024", "GEN": "Neuss", "BEZ": "Stadt", "NUTS": "DEA1D", "RegioStaR7": "72", "scenario": 50, "year": 2038 }, "geometry": { "type": "Point", "coordinates": [ 6.724413313118925, 51.163793907428428 ] } },
{ "type": "Feature", "properties": { "id": "Neuss_norf", "num_hh": "8", "num_cars": 1, "ARS": "051620024024", "AGS": "05162024", "ARS_0": "051620024024", "AGS_0": "05162024", "SDV_ARS": "051620024024", "GEN": "Neuss", "BEZ": "Stadt", "NUTS": "DEA1D", "RegioStaR7": "72", "scenario": 50, "year": 2038 }, "geometry": { "type": "Point", "coordinates": [ 6.724213669677408, 51.163703483879154 ] } },
{ "type": "Feature", "properties": { "id": "Neuss_norf", "num_hh": "8", "num_cars": 1, "ARS": "051620024024", "AGS": "05162024", "ARS_0": "051620024024", "AGS_0": "05162024", "SDV_ARS": "051620024024", "GEN": "Neuss", "BEZ": "Stadt", "NUTS": "DEA1D", "RegioStaR7": "72", "scenario": 50, "year": 2038 }, "geometry": { "type": "Point", "coordinates": [ 6.723991843631276, 51.163578281749089 ] } },
{ "type": "Feature", "properties": { "id": "Neuss_hbf", "num_hh": "7", "num_cars": 1, "ARS": "051620024024", "AGS": "05162024", "ARS_0": "051620024024", "AGS_0": "05162024", "SDV_ARS": "051620024024", "GEN": "Neuss", "BEZ": "Stadt", "NUTS": "DEA1D", "RegioStaR7": "72", "scenario": 50, "year": 2038 }, "geometry": { "type": "Point", "coordinates": [ 6.682536252710152, 51.204655623965451 ] } },
{ "type": "Feature", "properties": { "id": "Neuss_hbf", "num_hh": "8", "num_cars": 1, "ARS": "051620024024", "AGS": "05162024", "ARS_0": "051620024024", "AGS_0": "05162024", "SDV_ARS": "051620024024", "GEN": "Neuss", "BEZ": "Stadt", "NUTS": "DEA1D", "RegioStaR7": "72", "scenario": 50, "year": 2038 }, "geometry": { "type": "Point", "coordinates": [ 6.682817232368585, 51.204785341221672 ] } },
{ "type": "Feature", "properties": { "id": "Neuss_hbf", "num_hh": "8", "num_cars": 1, "ARS": "051620024024", "AGS": "05162024", "ARS_0": "051620024024", "AGS_0": "05162024", "SDV_ARS": "051620024024", "GEN": "Neuss", "BEZ": "Stadt", "NUTS": "DEA1D", "RegioStaR7": "72", "scenario": 50, "year": 2038 }, "geometry": { "type": "Point", "coordinates": [ 6.683083423623942, 51.204915058112555 ] } },
{ "type": "Feature", "properties": { "id": "Neuss_hbf", "num_hh": "8", "num_cars": 1, "ARS": "051620024024", "AGS": "05162024", "ARS_0": "051620024024", "AGS_0": "05162024", "SDV_ARS": "051620024024", "GEN": "Neuss", "BEZ": "Stadt", "NUTS": "DEA1D", "RegioStaR7": "72", "scenario": 50, "year": 2038 }, "geometry": { "type": "Point", "coordinates": [ 6.683379191685449, 51.20506330554052 ] } },
{ "type": "Feature", "properties": { "id": "Neuss_hbf", "num_hh": "8", "num_cars": 1, "ARS": "051620024024", "AGS": "05162024", "ARS_0": "051620024024", "AGS_0": "05162024", "SDV_ARS": "051620024024", "GEN": "Neuss", "BEZ": "Stadt", "NUTS": "DEA1D", "RegioStaR7": "72", "scenario": 50, "year": 2038 }, "geometry": { "type": "Point", "coordinates": [ 6.683098212027017, 51.205230083326633 ] } },
{ "type": "Feature", "properties": { "id": "Neuss_hbf", "num_hh": "7", "num_cars": 1, "ARS": "051620024024", "AGS": "05162024", "ARS_0": "051620024024", "AGS_0": "05162024", "SDV_ARS": "051620024024", "GEN": "Neuss", "BEZ": "Stadt", "NUTS": "DEA1D", "RegioStaR7": "72", "scenario": 50, "year": 2038 }, "geometry": { "type": "Point", "coordinates": [ 6.682817232368585, 51.205072570988932 ] } },
{ "type": "Feature", "properties": { "id": "Neuss_hbf", "num_hh": "7", "num_cars": 1, "ARS": "051620024024", "AGS": "05162024", "ARS_0": "051620024024", "AGS_0": "05162024", "SDV_ARS": "051620024024", "GEN": "Neuss", "BEZ": "Stadt", "NUTS": "DEA1D", "RegioStaR7": "72", "scenario": 50, "year": 2038 }, "geometry": { "type": "Point", "coordinates": [ 6.682551041113228, 51.204933589067146 ] } },
{ "type": "Feature", "properties": { "id": "Neuss_hbf", "num_hh": "8", "num_cars": 1, "ARS": "051620024024", "AGS": "05162024", "ARS_0": "051620024024", "AGS_0": "05162024", "SDV_ARS": "051620024024", "GEN": "Neuss", "BEZ": "Stadt", "NUTS": "DEA1D", "RegioStaR7": "72", "scenario": 50, "year": 2038 }, "geometry": { "type": "Point", "coordinates": [ 6.68228484985787, 51.204831668724637 ] } },
{ "type": "Feature", "properties": { "id": "Neuss_hbf", "num_hh": "7", "num_cars": 1, "ARS": "051620024024", "AGS": "05162024", "ARS_0": "051620024024", "AGS_0": "05162024", "SDV_ARS": "051620024024", "GEN": "Neuss", "BEZ": "Stadt", "NUTS": "DEA1D", "RegioStaR7": "72", "scenario": 50, "year": 2038 }, "geometry": { "type": "Point", "coordinates": [ 6.681915139780985, 51.204646358433173 ] } },
{ "type": "Feature", "properties": { "id": "Neuss_hbf", "num_hh": "7", "num_cars": 1, "ARS": "051620024024", "AGS": "05162024", "ARS_0": "051620024024", "AGS_0": "05162024", "SDV_ARS": "051620024024", "GEN": "Neuss", "BEZ": "Stadt", "NUTS": "DEA1D", "RegioStaR7": "72", "scenario": 50, "year": 2038 }, "geometry": { "type": "Point", "coordinates": [ 6.682787655562434, 51.205387595125664 ] } },
{ "type": "Feature", "properties": { "id": "Neuss_hbf", "num_hh": "8", "num_cars": 1, "ARS": "051620024024", "AGS": "05162024", "ARS_0": "051620024024", "AGS_0": "05162024", "SDV_ARS": "051620024024", "GEN": "Neuss", "BEZ": "Stadt", "NUTS": "DEA1D", "RegioStaR7": "72", "scenario": 50, "year": 2038 }, "geometry": { "type": "Point", "coordinates": [ 6.682521464307076, 51.205248614154478 ] } },
{ "type": "Feature", "properties": { "id": "Neuss_hbf", "num_hh": "8", "num_cars": 1, "ARS": "051620024024", "AGS": "05162024", "ARS_0": "051620024024", "AGS_0": "05162024", "SDV_ARS": "051620024024", "GEN": "Neuss", "BEZ": "Stadt", "NUTS": "DEA1D", "RegioStaR7": "72", "scenario": 50, "year": 2038 }, "geometry": { "type": "Point", "coordinates": [ 6.682225696245569, 51.20509110188015 ] } },
{ "type": "Feature", "properties": { "id": "Neuss_hbf", "num_hh": "8", "num_cars": 1, "ARS": "051620024024", "AGS": "05162024", "ARS_0": "051620024024", "AGS_0": "05162024", "SDV_ARS": "051620024024", "GEN": "Neuss", "BEZ": "Stadt", "NUTS": "DEA1D", "RegioStaR7": "72", "scenario": 50, "year": 2038 }, "geometry": { "type": "Point", "coordinates": [ 6.681870774571759, 51.204952120014283 ] } },
{ "type": "Feature", "properties": { "id": "Neuss_hbf", "num_hh": "7", "num_cars": 1, "ARS": "051620024024", "AGS": "05162024", "ARS_0": "051620024024", "AGS_0": "05162024", "SDV_ARS": "051620024024", "GEN": "Neuss", "BEZ": "Stadt", "NUTS": "DEA1D", "RegioStaR7": "72", "scenario": 50, "year": 2038 }, "geometry": { "type": "Point", "coordinates": [ 6.6815454297041, 51.204766810207431 ] } },
{ "type": "Feature", "properties": { "id": "Neuss_hbf", "num_hh": "8", "num_cars": 1, "ARS": "051620024024", "AGS": "05162024", "ARS_0": "051620024024", "AGS_0": "05162024", "SDV_ARS": "051620024024", "GEN": "Neuss", "BEZ": "Stadt", "NUTS": "DEA1D", "RegioStaR7": "72", "scenario": 50, "year": 2038 }, "geometry": { "type": "Point", "coordinates": [ 6.682299638260946, 51.205396860508827 ] } },
{ "type": "Feature", "properties": { "id": "Neuss_hbf", "num_hh": "8", "num_cars": 1, "ARS": "051620024024", "AGS": "05162024", "ARS_0": "051620024024", "AGS_0": "05162024", "SDV_ARS": "051620024024", "GEN": "Neuss", "BEZ": "Stadt", "NUTS": "DEA1D", "RegioStaR7": "72", "scenario": 50, "year": 2038 }, "geometry": { "type": "Point", "coordinates": [ 6.681989081796362, 51.205248614154478 ] } },
{ "type": "Feature", "properties": { "id": "Neuss_hbf", "num_hh": "8", "num_cars": 1, "ARS": "051620024024", "AGS": "05162024", "ARS_0": "051620024024", "AGS_0": "05162024", "SDV_ARS": "051620024024", "GEN": "Neuss", "BEZ": "Stadt", "NUTS": "DEA1D", "RegioStaR7": "72", "scenario": 50, "year": 2038 }, "geometry": { "type": "Point", "coordinates": [ 6.681634160122552, 51.20509110188015 ] } },
{ "type": "Feature", "properties": { "id": "Neuss_hbf", "num_hh": "7", "num_cars": 1, "ARS": "051620024024", "AGS": "05162024", "ARS_0": "051620024024", "AGS_0": "05162024", "SDV_ARS": "051620024024", "GEN": "Neuss", "BEZ": "Stadt", "NUTS": "DEA1D", "RegioStaR7": "72", "scenario": 50, "year": 2038 }, "geometry": { "type": "Point", "coordinates": [ 6.681279238448743, 51.204933589067146 ] } },
{ "type": "Feature", "properties": { "id": "Neuss_hbf", "num_hh": "7", "num_cars": 1, "ARS": "051620024024", "AGS": "05162024", "ARS_0": "051620024024", "AGS_0": "05162024", "SDV_ARS": "051620024024", "GEN": "Neuss", "BEZ": "Stadt", "NUTS": "DEA1D", "RegioStaR7": "72", "scenario": 50, "year": 2038 }, "geometry": { "type": "Point", "coordinates": [ 6.680791221147254, 51.205109632763907 ] } },
{ "type": "Feature", "properties": { "id": "Neuss_hbf", "num_hh": "8", "num_cars": 1, "ARS": "051620024024", "AGS": "05162024", "ARS_0": "051620024024", "AGS_0": "05162024", "SDV_ARS": "051620024024", "GEN": "Neuss", "BEZ": "Stadt", "NUTS": "DEA1D", "RegioStaR7": "72", "scenario": 50, "year": 2038 }, "geometry": { "type": "Point", "coordinates": [ 6.681175719627215, 51.205285675787799 ] } },
{ "type": "Feature", "properties": { "id": "Neuss_hbf", "num_hh": "8", "num_cars": 1, "ARS": "051620024024", "AGS": "05162024", "ARS_0": "051620024024", "AGS_0": "05162024", "SDV_ARS": "051620024024", "GEN": "Neuss", "BEZ": "Stadt", "NUTS": "DEA1D", "RegioStaR7": "72", "scenario": 50, "year": 2038 }, "geometry": { "type": "Point", "coordinates": [ 6.681530641301024, 51.20543392202287 ] } },
{ "type": "Feature", "properties": { "id": "Neuss_hbf", "num_hh": "8", "num_cars": 1, "ARS": "051620024024", "AGS": "05162024", "ARS_0": "051620024024", "AGS_0": "05162024", "SDV_ARS": "051620024024", "GEN": "Neuss", "BEZ": "Stadt", "NUTS": "DEA1D", "RegioStaR7": "72", "scenario": 50, "year": 2038 }, "geometry": { "type": "Point", "coordinates": [ 6.681841197765608, 51.205600698466974 ] } },
{ "type": "Feature", "properties": { "id": "Neuss_hbf", "num_hh": "8", "num_cars": 1, "ARS": "051620024024", "AGS": "05162024", "ARS_0": "051620024024", "AGS_0": "05162024", "SDV_ARS": "051620024024", "GEN": "Neuss", "BEZ": "Stadt", "NUTS": "DEA1D", "RegioStaR7": "72", "scenario": 50, "year": 2038 }, "geometry": { "type": "Point", "coordinates": [ 6.682270061454795, 51.20576747430718 ] } },
{ "type": "Feature", "properties": { "id": "Neuss_hbf", "num_hh": "8", "num_cars": 1, "ARS": "051620024024", "AGS": "05162024", "ARS_0": "051620024024", "AGS_0": "05162024", "SDV_ARS": "051620024024", "GEN": "Neuss", "BEZ": "Stadt", "NUTS": "DEA1D", "RegioStaR7": "72", "scenario": 50, "year": 2038 }, "geometry": { "type": "Point", "coordinates": [ 6.682551041113228, 51.205915718991491 ] } },
{ "type": "Feature", "properties": { "id": "Neuss_hbf", "num_hh": "8", "num_cars": 1, "ARS": "051620024024", "AGS": "05162024", "ARS_0": "051620024024", "AGS_0": "05162024", "SDV_ARS": "051620024024", "GEN": "Neuss", "BEZ": "Stadt", "NUTS": "DEA1D", "RegioStaR7": "72", "scenario": 50, "year": 2038 }, "geometry": { "type": "Point", "coordinates": [ 6.682358791873247, 51.20620294170952 ] } },
{ "type": "Feature", "properties": { "id": "Neuss_hbf", "num_hh": "7", "num_cars": 1, "ARS": "051620024024", "AGS": "05162024", "ARS_0": "051620024024", "AGS_0": "05162024", "SDV_ARS": "051620024024", "GEN": "Neuss", "BEZ": "Stadt", "NUTS": "DEA1D", "RegioStaR7": "72", "scenario": 50, "year": 2038 }, "geometry": { "type": "Point", "coordinates": [ 6.682048235408663, 51.206054697949682 ] } },
{ "type": "Feature", "properties": { "id": "Neuss_hbf", "num_hh": "8", "num_cars": 1, "ARS": "051620024024", "AGS": "05162024", "ARS_0": "051620024024", "AGS_0": "05162024", "SDV_ARS": "051620024024", "GEN": "Neuss", "BEZ": "Stadt", "NUTS": "DEA1D", "RegioStaR7": "72", "scenario": 50, "year": 2038 }, "geometry": { "type": "Point", "coordinates": [ 6.681648948525628, 51.205915718991491 ] } },
{ "type": "Feature", "properties": { "id": "Neuss_hbf", "num_hh": "8", "num_cars": 1, "ARS": "051620024024", "AGS": "05162024", "ARS_0": "051620024024", "AGS_0": "05162024", "SDV_ARS": "051620024024", "GEN": "Neuss", "BEZ": "Stadt", "NUTS": "DEA1D", "RegioStaR7": "72", "scenario": 50, "year": 2038 }, "geometry": { "type": "Point", "coordinates": [ 6.681338392061045, 51.205730413061545 ] } },
{ "type": "Feature", "properties": { "id": "Neuss_hbf", "num_hh": "8", "num_cars": 1, "ARS": "051620024024", "AGS": "05162024", "ARS_0": "051620024024", "AGS_0": "05162024", "SDV_ARS": "051620024024", "GEN": "Neuss", "BEZ": "Stadt", "NUTS": "DEA1D", "RegioStaR7": "72", "scenario": 50, "year": 2038 }, "geometry": { "type": "Point", "coordinates": [ 6.681042623999537, 51.205563637087138 ] } },
{ "type": "Feature", "properties": { "id": "Neuss_hbf", "num_hh": "8", "num_cars": 1, "ARS": "051620024024", "AGS": "05162024", "ARS_0": "051620024024", "AGS_0": "05162024", "SDV_ARS": "051620024024", "GEN": "Neuss", "BEZ": "Stadt", "NUTS": "DEA1D", "RegioStaR7": "72", "scenario": 50, "year": 2038 }, "geometry": { "type": "Point", "coordinates": [ 6.680687702325726, 51.205387595125664 ] } },
{ "type": "Feature", "properties": { "id": "Neuss_hbf", "num_hh": "7", "num_cars": 1, "ARS": "051620024024", "AGS": "05162024", "ARS_0": "051620024024", "AGS_0": "05162024", "SDV_ARS": "051620024024", "GEN": "Neuss", "BEZ": "Stadt", "NUTS": "DEA1D", "RegioStaR7": "72", "scenario": 50, "year": 2038 }, "geometry": { "type": "Point", "coordinates": [ 6.680406722667294, 51.205230083326633 ] } },
{ "type": "Feature", "properties": { "id": "Neuss_hbf", "num_hh": "8", "num_cars": 1, "ARS": "051620024024", "AGS": "05162024", "ARS_0": "051620024024", "AGS_0": "05162024", "SDV_ARS": "051620024024", "GEN": "Neuss", "BEZ": "Stadt", "NUTS": "DEA1D", "RegioStaR7": "72", "scenario": 50, "year": 2038 }, "geometry": { "type": "Point", "coordinates": [ 6.68009616620271, 51.205378329740626 ] } },
{ "type": "Feature", "properties": { "id": "Neuss_hbf", "num_hh": "7", "num_cars": 1, "ARS": "051620024024", "AGS": "05162024", "ARS_0": "051620024024", "AGS_0": "05162024", "SDV_ARS": "051620024024", "GEN": "Neuss", "BEZ": "Stadt", "NUTS": "DEA1D", "RegioStaR7": "72", "scenario": 50, "year": 2038 }, "geometry": { "type": "Point", "coordinates": [ 6.68042151107037, 51.205600698466974 ] } },
{ "type": "Feature", "properties": { "id": "Neuss_hbf", "num_hh": "7", "num_cars": 1, "ARS": "051620024024", "AGS": "05162024", "ARS_0": "051620024024", "AGS_0": "05162024", "SDV_ARS": "051620024024", "GEN": "Neuss", "BEZ": "Stadt", "NUTS": "DEA1D", "RegioStaR7": "72", "scenario": 50, "year": 2038 }, "geometry": { "type": "Point", "coordinates": [ 6.680732067534954, 51.205721147745471 ] } },
{ "type": "Feature", "properties": { "id": "Neuss_hbf", "num_hh": "8", "num_cars": 1, "ARS": "051620024024", "AGS": "05162024", "ARS_0": "051620024024", "AGS_0": "05162024", "SDV_ARS": "051620024024", "GEN": "Neuss", "BEZ": "Stadt", "NUTS": "DEA1D", "RegioStaR7": "72", "scenario": 50, "year": 2038 }, "geometry": { "type": "Point", "coordinates": [ 6.681027835596461, 51.205841596708979 ] } },
{ "type": "Feature", "properties": { "id": "Neuss_hbf", "num_hh": "8", "num_cars": 1, "ARS": "051620024024", "AGS": "05162024", "ARS_0": "051620024024", "AGS_0": "05162024", "SDV_ARS": "051620024024", "GEN": "Neuss", "BEZ": "Stadt", "NUTS": "DEA1D", "RegioStaR7": "72", "scenario": 50, "year": 2038 }, "geometry": { "type": "Point", "coordinates": [ 6.681412334076422, 51.206017636935179 ] } },
{ "type": "Feature", "properties": { "id": "Neuss_hbf", "num_hh": "7", "num_cars": 1, "ARS": "051620024024", "AGS": "05162024", "ARS_0": "051620024024", "AGS_0": "05162024", "SDV_ARS": "051620024024", "GEN": "Neuss", "BEZ": "Stadt", "NUTS": "DEA1D", "RegioStaR7": "72", "scenario": 50, "year": 2038 }, "geometry": { "type": "Point", "coordinates": [ 6.681782044153306, 51.206184411265632 ] } },
{ "type": "Feature", "properties": { "id": "Neuss_hbf", "num_hh": "8", "num_cars": 1, "ARS": "051620024024", "AGS": "05162024", "ARS_0": "051620024024", "AGS_0": "05162024", "SDV_ARS": "051620024024", "GEN": "Neuss", "BEZ": "Stadt", "NUTS": "DEA1D", "RegioStaR7": "72", "scenario": 50, "year": 2038 }, "geometry": { "type": "Point", "coordinates": [ 6.682166542633268, 51.206341919801005 ] } },
{ "type": "Feature", "properties": { "id": "Neuss_hbf", "num_hh": "7", "num_cars": 1, "ARS": "051620024024", "AGS": "05162024", "ARS_0": "051620024024", "AGS_0": "05162024", "SDV_ARS": "051620024024", "GEN": "Neuss", "BEZ": "Stadt", "NUTS": "DEA1D", "RegioStaR7": "72", "scenario": 50, "year": 2038 }, "geometry": { "type": "Point", "coordinates": [ 6.681722890541005, 51.206564283875089 ] } },
{ "type": "Feature", "properties": { "id": "Neuss_hbf", "num_hh": "7", "num_cars": 1, "ARS": "051620024024", "AGS": "05162024", "ARS_0": "051620024024", "AGS_0": "05162024", "SDV_ARS": "051620024024", "GEN": "Neuss", "BEZ": "Stadt", "NUTS": "DEA1D", "RegioStaR7": "72", "scenario": 50, "year": 2038 }, "geometry": { "type": "Point", "coordinates": [ 6.681427122479497, 51.206443836801562 ] } },
{ "type": "Feature", "properties": { "id": "Neuss_hbf", "num_hh": "7", "num_cars": 1, "ARS": "051620024024", "AGS": "05162024", "ARS_0": "051620024024", "AGS_0": "05162024", "SDV_ARS": "051620024024", "GEN": "Neuss", "BEZ": "Stadt", "NUTS": "DEA1D", "RegioStaR7": "72", "scenario": 50, "year": 2038 }, "geometry": { "type": "Point", "coordinates": [ 6.681190508030291, 51.206314124216263 ] } },
{ "type": "Feature", "properties": { "id": "Neuss_hbf", "num_hh": "8", "num_cars": 1, "ARS": "051620024024", "AGS": "05162024", "ARS_0": "051620024024", "AGS_0": "05162024", "SDV_ARS": "051620024024", "GEN": "Neuss", "BEZ": "Stadt", "NUTS": "DEA1D", "RegioStaR7": "72", "scenario": 50, "year": 2038 }, "geometry": { "type": "Point", "coordinates": [ 6.680776432744179, 51.206128819889251 ] } },
{ "type": "Feature", "properties": { "id": "Neuss_hbf", "num_hh": "8", "num_cars": 1, "ARS": "051620024024", "AGS": "05162024", "ARS_0": "051620024024", "AGS_0": "05162024", "SDV_ARS": "051620024024", "GEN": "Neuss", "BEZ": "Stadt", "NUTS": "DEA1D", "RegioStaR7": "72", "scenario": 50, "year": 2038 }, "geometry": { "type": "Point", "coordinates": [ 6.68045108787652, 51.205971310625102 ] } },
{ "type": "Feature", "properties": { "id": "Neuss_hbf", "num_hh": "7", "num_cars": 1, "ARS": "051620024024", "AGS": "05162024", "ARS_0": "051620024024", "AGS_0": "05162024", "SDV_ARS": "051620024024", "GEN": "Neuss", "BEZ": "Stadt", "NUTS": "DEA1D", "RegioStaR7": "72", "scenario": 50, "year": 2038 }, "geometry": { "type": "Point", "coordinates": [ 6.680140531411936, 51.205841596708979 ] } },
{ "type": "Feature", "properties": { "id": "Neuss_hbf", "num_hh": "8", "num_cars": 1, "ARS": "051620024024", "AGS": "05162024", "ARS_0": "051620024024", "AGS_0": "05162024", "SDV_ARS": "051620024024", "GEN": "Neuss", "BEZ": "Stadt", "NUTS": "DEA1D", "RegioStaR7": "72", "scenario": 50, "year": 2038 }, "geometry": { "type": "Point", "coordinates": [ 6.679903916962731, 51.205665555809922 ] } },
{ "type": "Feature", "properties": { "id": "Neuss_hbf", "num_hh": "7", "num_cars": 1, "ARS": "051620024024", "AGS": "05162024", "ARS_0": "051620024024", "AGS_0": "05162024", "SDV_ARS": "051620024024", "GEN": "Neuss", "BEZ": "Stadt", "NUTS": "DEA1D", "RegioStaR7": "72", "scenario": 50, "year": 2038 }, "geometry": { "type": "Point", "coordinates": [ 6.679963070575032, 51.20607322844576 ] } },
{ "type": "Feature", "properties": { "id": "Neuss_hbf", "num_hh": "8", "num_cars": 1, "ARS": "051620024024", "AGS": "05162024", "ARS_0": "051620024024", "AGS_0": "05162024", "SDV_ARS": "051620024024", "GEN": "Neuss", "BEZ": "Stadt", "NUTS": "DEA1D", "RegioStaR7": "72", "scenario": 50, "year": 2038 }, "geometry": { "type": "Point", "coordinates": [ 6.680406722667294, 51.206240002574916 ] } },
{ "type": "Feature", "properties": { "id": "Neuss_hbf", "num_hh": "8", "num_cars": 1, "ARS": "051620024024", "AGS": "05162024", "ARS_0": "051620024024", "AGS_0": "05162024", "SDV_ARS": "051620024024", "GEN": "Neuss", "BEZ": "Stadt", "NUTS": "DEA1D", "RegioStaR7": "72", "scenario": 50, "year": 2038 }, "geometry": { "type": "Point", "coordinates": [ 6.681308815254894, 51.206693995755856 ] } },
{ "type": "Feature", "properties": { "id": "Neuss_hbf", "num_hh": "8", "num_cars": 1, "ARS": "051620024024", "AGS": "05162024", "ARS_0": "051620024024", "AGS_0": "05162024", "SDV_ARS": "051620024024", "GEN": "Neuss", "BEZ": "Stadt", "NUTS": "DEA1D", "RegioStaR7": "72", "scenario": 50, "year": 2038 }, "geometry": { "type": "Point", "coordinates": [ 6.681634160122552, 51.206768116666545 ] } },
{ "type": "Feature", "properties": { "id": "Neuss_hbf", "num_hh": "8", "num_cars": 1, "ARS": "051620024024", "AGS": "05162024", "ARS_0": "051620024024", "AGS_0": "05162024", "SDV_ARS": "051620024024", "GEN": "Neuss", "BEZ": "Stadt", "NUTS": "DEA1D", "RegioStaR7": "72", "scenario": 50, "year": 2038 }, "geometry": { "type": "Point", "coordinates": [ 6.68116093122414, 51.206879297808925 ] } },
{ "type": "Feature", "properties": { "id": "Neuss_hbf", "num_hh": "7", "num_cars": 1, "ARS": "051620024024", "AGS": "05162024", "ARS_0": "051620024024", "AGS_0": "05162024", "SDV_ARS": "051620024024", "GEN": "Neuss", "BEZ": "Stadt", "NUTS": "DEA1D", "RegioStaR7": "72", "scenario": 50, "year": 2038 }, "geometry": { "type": "Point", "coordinates": [ 6.681604583316402, 51.206953418421413 ] } },
{ "type": "Feature", "properties": { "id": "Neuss_hbf", "num_hh": "8", "num_cars": 1, "ARS": "051620024024", "AGS": "05162024", "ARS_0": "051620024024", "AGS_0": "05162024", "SDV_ARS": "051620024024", "GEN": "Neuss", "BEZ": "Stadt", "NUTS": "DEA1D", "RegioStaR7": "72", "scenario": 50, "year": 2038 }, "geometry": { "type": "Point", "coordinates": [ 6.681722890541005, 51.207129454397965 ] } },
{ "type": "Feature", "properties": { "id": "Neuss_hbf", "num_hh": "8", "num_cars": 1, "ARS": "051620024024", "AGS": "05162024", "ARS_0": "051620024024", "AGS_0": "05162024", "SDV_ARS": "051620024024", "GEN": "Neuss", "BEZ": "Stadt", "NUTS": "DEA1D", "RegioStaR7": "72", "scenario": 50, "year": 2038 }, "geometry": { "type": "Point", "coordinates": [ 6.682299638260946, 51.207018273859482 ] } },
{ "type": "Feature", "properties": { "id": "Neuss_hbf", "num_hh": "8", "num_cars": 1, "ARS": "051620024024", "AGS": "05162024", "ARS_0": "051620024024", "AGS_0": "05162024", "SDV_ARS": "051620024024", "GEN": "Neuss", "BEZ": "Stadt", "NUTS": "DEA1D", "RegioStaR7": "72", "scenario": 50, "year": 2038 }, "geometry": { "type": "Point", "coordinates": [ 6.682417945485549, 51.20682370727129 ] } },
{ "type": "Feature", "properties": { "id": "Neuss_hbf", "num_hh": "7", "num_cars": 1, "ARS": "051620024024", "AGS": "05162024", "ARS_0": "051620024024", "AGS_0": "05162024", "SDV_ARS": "051620024024", "GEN": "Neuss", "BEZ": "Stadt", "NUTS": "DEA1D", "RegioStaR7": "72", "scenario": 50, "year": 2038 }, "geometry": { "type": "Point", "coordinates": [ 6.682536252710152, 51.206638404994543 ] } },
{ "type": "Feature", "properties": { "id": "Neuss_hbf", "num_hh": "8", "num_cars": 1, "ARS": "051620024024", "AGS": "05162024", "ARS_0": "051620024024", "AGS_0": "05162024", "SDV_ARS": "051620024024", "GEN": "Neuss", "BEZ": "Stadt", "NUTS": "DEA1D", "RegioStaR7": "72", "scenario": 50, "year": 2038 }, "geometry": { "type": "Point", "coordinates": [ 6.682654559934756, 51.206499427797716 ] } },
{ "type": "Feature", "properties": { "id": "Neuss_hbf", "num_hh": "8", "num_cars": 1, "ARS": "051620024024", "AGS": "05162024", "ARS_0": "051620024024", "AGS_0": "05162024", "SDV_ARS": "051620024024", "GEN": "Neuss", "BEZ": "Stadt", "NUTS": "DEA1D", "RegioStaR7": "72", "scenario": 50, "year": 2038 }, "geometry": { "type": "Point", "coordinates": [ 6.682772867159358, 51.206304859017621 ] } },
{ "type": "Feature", "properties": { "id": "Neuss_hbf", "num_hh": "7", "num_cars": 1, "ARS": "051620024024", "AGS": "05162024", "ARS_0": "051620024024", "AGS_0": "05162024", "SDV_ARS": "051620024024", "GEN": "Neuss", "BEZ": "Stadt", "NUTS": "DEA1D", "RegioStaR7": "72", "scenario": 50, "year": 2038 }, "geometry": { "type": "Point", "coordinates": [ 6.682905962787037, 51.206101024175879 ] } },
{ "type": "Feature", "properties": { "id": "Neuss_hbf", "num_hh": "8", "num_cars": 1, "ARS": "051620024024", "AGS": "05162024", "ARS_0": "051620024024", "AGS_0": "05162024", "SDV_ARS": "051620024024", "GEN": "Neuss", "BEZ": "Stadt", "NUTS": "DEA1D", "RegioStaR7": "72", "scenario": 50, "year": 2038 }, "geometry": { "type": "Point", "coordinates": [ 6.683186942445469, 51.205962045357495 ] } },
{ "type": "Feature", "properties": { "id": "Neuss_hbf", "num_hh": "8", "num_cars": 1, "ARS": "051620024024", "AGS": "05162024", "ARS_0": "051620024024", "AGS_0": "05162024", "SDV_ARS": "051620024024", "GEN": "Neuss", "BEZ": "Stadt", "NUTS": "DEA1D", "RegioStaR7": "72", "scenario": 50, "year": 2038 }, "geometry": { "type": "Point", "coordinates": [ 6.683467922103902, 51.206063963198659 ] } },
{ "type": "Feature", "properties": { "id": "Neuss_hbf", "num_hh": "7", "num_cars": 1, "ARS": "051620024024", "AGS": "05162024", "ARS_0": "051620024024", "AGS_0": "05162024", "SDV_ARS": "051620024024", "GEN": "Neuss", "BEZ": "Stadt", "NUTS": "DEA1D", "RegioStaR7": "72", "scenario": 50, "year": 2038 }, "geometry": { "type": "Point", "coordinates": [ 6.68321651925162, 51.206249267786603 ] } },
{ "type": "Feature", "properties": { "id": "Neuss_hbf", "num_hh": "7", "num_cars": 1, "ARS": "051620024024", "AGS": "05162024", "ARS_0": "051620024024", "AGS_0": "05162024", "SDV_ARS": "051620024024", "GEN": "Neuss", "BEZ": "Stadt", "NUTS": "DEA1D", "RegioStaR7": "72", "scenario": 50, "year": 2038 }, "geometry": { "type": "Point", "coordinates": [ 6.683098212027017, 51.206434571629018 ] } },
{ "type": "Feature", "properties": { "id": "Neuss_hbf", "num_hh": "7", "num_cars": 1, "ARS": "051620024024", "AGS": "05162024", "ARS_0": "051620024024", "AGS_0": "05162024", "SDV_ARS": "051620024024", "GEN": "Neuss", "BEZ": "Stadt", "NUTS": "DEA1D", "RegioStaR7": "72", "scenario": 50, "year": 2038 }, "geometry": { "type": "Point", "coordinates": [ 6.682935539593188, 51.20658281416614 ] } },
{ "type": "Feature", "properties": { "id": "Neuss_hbf", "num_hh": "8", "num_cars": 1, "ARS": "051620024024", "AGS": "05162024", "ARS_0": "051620024024", "AGS_0": "05162024", "SDV_ARS": "051620024024", "GEN": "Neuss", "BEZ": "Stadt", "NUTS": "DEA1D", "RegioStaR7": "72", "scenario": 50, "year": 2038 }, "geometry": { "type": "Point", "coordinates": [ 6.682817232368585, 51.206749586450059 ] } },
{ "type": "Feature", "properties": { "id": "Neuss_hbf", "num_hh": "7", "num_cars": 1, "ARS": "051620024024", "AGS": "05162024", "ARS_0": "051620024024", "AGS_0": "05162024", "SDV_ARS": "051620024024", "GEN": "Neuss", "BEZ": "Stadt", "NUTS": "DEA1D", "RegioStaR7": "72", "scenario": 50, "year": 2038 }, "geometry": { "type": "Point", "coordinates": [ 6.682713713547058, 51.206934888279477 ] } },
{ "type": "Feature", "properties": { "id": "Neuss_hbf", "num_hh": "7", "num_cars": 1, "ARS": "051620024024", "AGS": "05162024", "ARS_0": "051620024024", "AGS_0": "05162024", "SDV_ARS": "051620024024", "GEN": "Neuss", "BEZ": "Stadt", "NUTS": "DEA1D", "RegioStaR7": "72", "scenario": 50, "year": 2038 }, "geometry": { "type": "Point", "coordinates": [ 6.683083423623942, 51.207055334068791 ] } },
{ "type": "Feature", "properties": { "id": "Neuss_hbf", "num_hh": "7", "num_cars": 1, "ARS": "051620024024", "AGS": "05162024", "ARS_0": "051620024024", "AGS_0": "05162024", "SDV_ARS": "051620024024", "GEN": "Neuss", "BEZ": "Stadt", "NUTS": "DEA1D", "RegioStaR7": "72", "scenario": 50, "year": 2038 }, "geometry": { "type": "Point", "coordinates": [ 6.683246096057771, 51.206805177077165 ] } },
{ "type": "Feature", "properties": { "id": "Neuss_hbf", "num_hh": "8", "num_cars": 1, "ARS": "051620024024", "AGS": "05162024", "ARS_0": "051620024024", "AGS_0": "05162024", "SDV_ARS": "051620024024", "GEN": "Neuss", "BEZ": "Stadt", "NUTS": "DEA1D", "RegioStaR7": "72", "scenario": 50, "year": 2038 }, "geometry": { "type": "Point", "coordinates": [ 6.683438345297751, 51.20658281416614 ] } },
{ "type": "Feature", "properties": { "id": "Neuss_hbf", "num_hh": "7", "num_cars": 1, "ARS": "051620024024", "AGS": "05162024", "ARS_0": "051620024024", "AGS_0": "05162024", "SDV_ARS": "051620024024", "GEN": "Neuss", "BEZ": "Stadt", "NUTS": "DEA1D", "RegioStaR7": "72", "scenario": 50, "year": 2038 }, "geometry": { "type": "Point", "coordinates": [ 6.683615806134656, 51.206323389413036 ] } },
{ "type": "Feature", "properties": { "id": "Neuss_hbf", "num_hh": "7", "num_cars": 1, "ARS": "051620024024", "AGS": "05162024", "ARS_0": "051620024024", "AGS_0": "05162024", "SDV_ARS": "051620024024", "GEN": "Neuss", "BEZ": "Stadt", "NUTS": "DEA1D", "RegioStaR7": "72", "scenario": 50, "year": 2038 }, "geometry": { "type": "Point", "coordinates": [ 6.683793266971561, 51.206156615585826 ] } },
{ "type": "Feature", "properties": { "id": "Neuss_hbf", "num_hh": "8", "num_cars": 1, "ARS": "051620024024", "AGS": "05162024", "ARS_0": "051620024024", "AGS_0": "05162024", "SDV_ARS": "051620024024", "GEN": "Neuss", "BEZ": "Stadt", "NUTS": "DEA1D", "RegioStaR7": "72", "scenario": 50, "year": 2038 }, "geometry": { "type": "Point", "coordinates": [ 6.684103823436145, 51.206230737361366 ] } },
{ "type": "Feature", "properties": { "id": "Neuss_hbf", "num_hh": "8", "num_cars": 1, "ARS": "051620024024", "AGS": "05162024", "ARS_0": "051620024024", "AGS_0": "05162024", "SDV_ARS": "051620024024", "GEN": "Neuss", "BEZ": "Stadt", "NUTS": "DEA1D", "RegioStaR7": "72", "scenario": 50, "year": 2038 }, "geometry": { "type": "Point", "coordinates": [ 6.684162977048446, 51.206499427797716 ] } },
{ "type": "Feature", "properties": { "id": "Neuss_hbf", "num_hh": "8", "num_cars": 1, "ARS": "051620024024", "AGS": "05162024", "ARS_0": "051620024024", "AGS_0": "05162024", "SDV_ARS": "051620024024", "GEN": "Neuss", "BEZ": "Stadt", "NUTS": "DEA1D", "RegioStaR7": "72", "scenario": 50, "year": 2038 }, "geometry": { "type": "Point", "coordinates": [ 6.684133400242295, 51.206675465509541 ] } },
{ "type": "Feature", "properties": { "id": "Neuss_hbf", "num_hh": "8", "num_cars": 1, "ARS": "051620024024", "AGS": "05162024", "ARS_0": "051620024024", "AGS_0": "05162024", "SDV_ARS": "051620024024", "GEN": "Neuss", "BEZ": "Stadt", "NUTS": "DEA1D", "RegioStaR7": "72", "scenario": 50, "year": 2038 }, "geometry": { "type": "Point", "coordinates": [ 6.684162977048446, 51.206897827973229 ] } },
{ "type": "Feature", "properties": { "id": "Neuss_hbf", "num_hh": "7", "num_cars": 1, "ARS": "051620024024", "AGS": "05162024", "ARS_0": "051620024024", "AGS_0": "05162024", "SDV_ARS": "051620024024", "GEN": "Neuss", "BEZ": "Stadt", "NUTS": "DEA1D", "RegioStaR7": "72", "scenario": 50, "year": 2038 }, "geometry": { "type": "Point", "coordinates": [ 6.684236919063824, 51.207120189363344 ] } },
{ "type": "Feature", "properties": { "id": "Neuss_hbf", "num_hh": "7", "num_cars": 1, "ARS": "051620024024", "AGS": "05162024", "ARS_0": "051620024024", "AGS_0": "05162024", "SDV_ARS": "051620024024", "GEN": "Neuss", "BEZ": "Stadt", "NUTS": "DEA1D", "RegioStaR7": "72", "scenario": 50, "year": 2038 }, "geometry": { "type": "Point", "coordinates": [ 6.684192553854597, 51.207314754699013 ] } },
{ "type": "Feature", "properties": { "id": "Neuss_hbf", "num_hh": "7", "num_cars": 1, "ARS": "051620024024", "AGS": "05162024", "ARS_0": "051620024024", "AGS_0": "05162024", "SDV_ARS": "051620024024", "GEN": "Neuss", "BEZ": "Stadt", "NUTS": "DEA1D", "RegioStaR7": "72", "scenario": 50, "year": 2038 }, "geometry": { "type": "Point", "coordinates": [ 6.684222130660748, 51.20752784912353 ] } },
{ "type": "Feature", "properties": { "id": "Neuss_hbf", "num_hh": "8", "num_cars": 1, "ARS": "051620024024", "AGS": "05162024", "ARS_0": "051620024024", "AGS_0": "05162024", "SDV_ARS": "051620024024", "GEN": "Neuss", "BEZ": "Stadt", "NUTS": "DEA1D", "RegioStaR7": "72", "scenario": 50, "year": 2038 }, "geometry": { "type": "Point", "coordinates": [ 6.684251707466899, 51.207768737285711 ] } },
{ "type": "Feature", "properties": { "id": "Neuss_hbf", "num_hh": "8", "num_cars": 1, "ARS": "051620024024", "AGS": "05162024", "ARS_0": "051620024024", "AGS_0": "05162024", "SDV_ARS": "051620024024", "GEN": "Neuss", "BEZ": "Stadt", "NUTS": "DEA1D", "RegioStaR7": "72", "scenario": 50, "year": 2038 }, "geometry": { "type": "Point", "coordinates": [ 6.683970727808466, 51.207666823217018 ] } },
{ "type": "Feature", "properties": { "id": "Neuss_hbf", "num_hh": "8", "num_cars": 1, "ARS": "051620024024", "AGS": "05162024", "ARS_0": "051620024024", "AGS_0": "05162024", "SDV_ARS": "051620024024", "GEN": "Neuss", "BEZ": "Stadt", "NUTS": "DEA1D", "RegioStaR7": "72", "scenario": 50, "year": 2038 }, "geometry": { "type": "Point", "coordinates": [ 6.683941151002315, 51.206962683489579 ] } },
{ "type": "Feature", "properties": { "id": "Neuss_hbf", "num_hh": "8", "num_cars": 1, "ARS": "051620024024", "AGS": "05162024", "ARS_0": "051620024024", "AGS_0": "05162024", "SDV_ARS": "051620024024", "GEN": "Neuss", "BEZ": "Stadt", "NUTS": "DEA1D", "RegioStaR7": "72", "scenario": 50, "year": 2038 }, "geometry": { "type": "Point", "coordinates": [ 6.683630594537732, 51.206879297808925 ] } },
{ "type": "Feature", "properties": { "id": "Neuss_hbf", "num_hh": "7", "num_cars": 1, "ARS": "051620024024", "AGS": "05162024", "ARS_0": "051620024024", "AGS_0": "05162024", "SDV_ARS": "051620024024", "GEN": "Neuss", "BEZ": "Stadt", "NUTS": "DEA1D", "RegioStaR7": "72", "scenario": 50, "year": 2038 }, "geometry": { "type": "Point", "coordinates": [ 6.683808055374636, 51.206629139861136 ] } },
{ "type": "Feature", "properties": { "id": "Neuss_hbf", "num_hh": "8", "num_cars": 1, "ARS": "051620024024", "AGS": "05162024", "ARS_0": "051620024024", "AGS_0": "05162024", "SDV_ARS": "051620024024", "GEN": "Neuss", "BEZ": "Stadt", "NUTS": "DEA1D", "RegioStaR7": "72", "scenario": 50, "year": 2038 }, "geometry": { "type": "Point", "coordinates": [ 6.683881997390014, 51.206434571629018 ] } },
{ "type": "Feature", "properties": { "id": "Kohlscheid_station", "num_hh": "8", "num_cars": 1, "ARS": "053340016016", "AGS": "05334016", "ARS_0": "053340016016", "AGS_0": "05334016", "SDV_ARS": "053340016016", "GEN": "Herzogenrath", "BEZ": "Stadt", "NUTS": "DEA2D", "RegioStaR7": "73", "scenario": 50, "year": 2038 }, "geometry": { "type": "Point", "coordinates": [ 6.072195682916932, 50.828452101415856 ] } },
{ "type": "Feature", "properties": { "id": "Kohlscheid_station", "num_hh": "8", "num_cars": 1, "ARS": "053340016016", "AGS": "05334016", "ARS_0": "053340016016", "AGS_0": "05334016", "SDV_ARS": "053340016016", "GEN": "Herzogenrath", "BEZ": "Stadt", "NUTS": "DEA2D", "RegioStaR7": "73", "scenario": 50, "year": 2038 }, "geometry": { "type": "Point", "coordinates": [ 6.071977873099396, 50.828598851398105 ] } },
{ "type": "Feature", "properties": { "id": "Kohlscheid_station", "num_hh": "8", "num_cars": 1, "ARS": "053340016016", "AGS": "05334016", "ARS_0": "053340016016", "AGS_0": "05334016", "SDV_ARS": "053340016016", "GEN": "Herzogenrath", "BEZ": "Stadt", "NUTS": "DEA2D", "RegioStaR7": "73", "scenario": 50, "year": 2038 }, "geometry": { "type": "Point", "coordinates": [ 6.071818145899869, 50.828736429087499 ] } },
{ "type": "Feature", "properties": { "id": "Kohlscheid_station", "num_hh": "8", "num_cars": 1, "ARS": "053340016016", "AGS": "05334016", "ARS_0": "053340016016", "AGS_0": "05334016", "SDV_ARS": "053340016016", "GEN": "Herzogenrath", "BEZ": "Stadt", "NUTS": "DEA2D", "RegioStaR7": "73", "scenario": 50, "year": 2038 }, "geometry": { "type": "Point", "coordinates": [ 6.071643898045838, 50.828855662757 ] } },
{ "type": "Feature", "properties": { "id": "Kohlscheid_station", "num_hh": "8", "num_cars": 1, "ARS": "053340016016", "AGS": "05334016", "ARS_0": "053340016016", "AGS_0": "05334016", "SDV_ARS": "053340016016", "GEN": "Herzogenrath", "BEZ": "Stadt", "NUTS": "DEA2D", "RegioStaR7": "73", "scenario": 50, "year": 2038 }, "geometry": { "type": "Point", "coordinates": [ 6.071440608882804, 50.829002411470611 ] } },
{ "type": "Feature", "properties": { "id": "Kohlscheid_station", "num_hh": "8", "num_cars": 1, "ARS": "053340016016", "AGS": "05334016", "ARS_0": "053340016016", "AGS_0": "05334016", "SDV_ARS": "053340016016", "GEN": "Herzogenrath", "BEZ": "Stadt", "NUTS": "DEA2D", "RegioStaR7": "73", "scenario": 50, "year": 2038 }, "geometry": { "type": "Point", "coordinates": [ 6.072398972079966, 50.82880062776178 ] } },
{ "type": "Feature", "properties": { "id": "Kohlscheid_station", "num_hh": "8", "num_cars": 1, "ARS": "053340016016", "AGS": "05334016", "ARS_0": "053340016016", "AGS_0": "05334016", "SDV_ARS": "053340016016", "GEN": "Herzogenrath", "BEZ": "Stadt", "NUTS": "DEA2D", "RegioStaR7": "73", "scenario": 50, "year": 2038 }, "geometry": { "type": "Point", "coordinates": [ 6.072181162262431, 50.828947377744029 ] } },
{ "type": "Feature", "properties": { "id": "Kohlscheid_station", "num_hh": "8", "num_cars": 1, "ARS": "053340016016", "AGS": "05334016", "ARS_0": "053340016016", "AGS_0": "05334016", "SDV_ARS": "053340016016", "GEN": "Herzogenrath", "BEZ": "Stadt", "NUTS": "DEA2D", "RegioStaR7": "73", "scenario": 50, "year": 2038 }, "geometry": { "type": "Point", "coordinates": [ 6.072021435062903, 50.829084955433423 ] } },
{ "type": "Feature", "properties": { "id": "Kohlscheid_station", "num_hh": "8", "num_cars": 1, "ARS": "053340016016", "AGS": "05334016", "ARS_0": "053340016016", "AGS_0": "05334016", "SDV_ARS": "053340016016", "GEN": "Herzogenrath", "BEZ": "Stadt", "NUTS": "DEA2D", "RegioStaR7": "73", "scenario": 50, "year": 2038 }, "geometry": { "type": "Point", "coordinates": [ 6.071847187208873, 50.829204189102924 ] } },
{ "type": "Feature", "properties": { "id": "Kohlscheid_station", "num_hh": "8", "num_cars": 1, "ARS": "053340016016", "AGS": "05334016", "ARS_0": "053340016016", "AGS_0": "05334016", "SDV_ARS": "053340016016", "GEN": "Herzogenrath", "BEZ": "Stadt", "NUTS": "DEA2D", "RegioStaR7": "73", "scenario": 50, "year": 2038 }, "geometry": { "type": "Point", "coordinates": [ 6.071643898045838, 50.829350937816535 ] } },
{ "type": "Feature", "properties": { "id": "Kohlscheid_station", "num_hh": "8", "num_cars": 1, "ARS": "053340016016", "AGS": "05334016", "ARS_0": "053340016016", "AGS_0": "05334016", "SDV_ARS": "053340016016", "GEN": "Herzogenrath", "BEZ": "Stadt", "NUTS": "DEA2D", "RegioStaR7": "73", "scenario": 50, "year": 2038 }, "geometry": { "type": "Point", "coordinates": [ 6.072587740588499, 50.829185841639308 ] } },
{ "type": "Feature", "properties": { "id": "Kohlscheid_station", "num_hh": "8", "num_cars": 1, "ARS": "053340016016", "AGS": "05334016", "ARS_0": "053340016016", "AGS_0": "05334016", "SDV_ARS": "053340016016", "GEN": "Herzogenrath", "BEZ": "Stadt", "NUTS": "DEA2D", "RegioStaR7": "73", "scenario": 50, "year": 2038 }, "geometry": { "type": "Point", "coordinates": [ 6.072428013388972, 50.829323419328702 ] } },
{ "type": "Feature", "properties": { "id": "Kohlscheid_station", "num_hh": "8", "num_cars": 1, "ARS": "053340016016", "AGS": "05334016", "ARS_0": "053340016016", "AGS_0": "05334016", "SDV_ARS": "053340016016", "GEN": "Herzogenrath", "BEZ": "Stadt", "NUTS": "DEA2D", "RegioStaR7": "73", "scenario": 50, "year": 2038 }, "geometry": { "type": "Point", "coordinates": [ 6.072253765534942, 50.829442652998203 ] } },
{ "type": "Feature", "properties": { "id": "Kohlscheid_station", "num_hh": "8", "num_cars": 1, "ARS": "053340016016", "AGS": "05334016", "ARS_0": "053340016016", "AGS_0": "05334016", "SDV_ARS": "053340016016", "GEN": "Herzogenrath", "BEZ": "Stadt", "NUTS": "DEA2D", "RegioStaR7": "73", "scenario": 50, "year": 2038 }, "geometry": { "type": "Point", "coordinates": [ 6.072050476371907, 50.829589401711814 ] } },
{ "type": "Feature", "properties": { "id": "Kohlscheid_station", "num_hh": "8", "num_cars": 1, "ARS": "053340016016", "AGS": "05334016", "ARS_0": "053340016016", "AGS_0": "05334016", "SDV_ARS": "053340016016", "GEN": "Herzogenrath", "BEZ": "Stadt", "NUTS": "DEA2D", "RegioStaR7": "73", "scenario": 50, "year": 2038 }, "geometry": { "type": "Point", "coordinates": [ 6.072820071060538, 50.829543538766188 ] } },
{ "type": "Feature", "properties": { "id": "Kohlscheid_station", "num_hh": "8", "num_cars": 1, "ARS": "053340016016", "AGS": "05334016", "ARS_0": "053340016016", "AGS_0": "05334016", "SDV_ARS": "053340016016", "GEN": "Herzogenrath", "BEZ": "Stadt", "NUTS": "DEA2D", "RegioStaR7": "73", "scenario": 50, "year": 2038 }, "geometry": { "type": "Point", "coordinates": [ 6.072645823206508, 50.82966277243569 ] } },
{ "type": "Feature", "properties": { "id": "Kohlscheid_station", "num_hh": "8", "num_cars": 1, "ARS": "053340016016", "AGS": "05334016", "ARS_0": "053340016016", "AGS_0": "05334016", "SDV_ARS": "053340016016", "GEN": "Herzogenrath", "BEZ": "Stadt", "NUTS": "DEA2D", "RegioStaR7": "73", "scenario": 50, "year": 2038 }, "geometry": { "type": "Point", "coordinates": [ 6.072442534043473, 50.829809521149301 ] } },
{ "type": "Feature", "properties": { "id": "Huchem_stammeln_station_1", "num_hh": "8", "num_cars": 1, "ARS": "053580048048", "AGS": "05358048", "ARS_0": "053580048048", "AGS_0": "05358048", "SDV_ARS": "053580048048", "GEN": "Niederzier", "BEZ": "Gemeinde", "NUTS": "DEA26", "RegioStaR7": "73", "scenario": 50, "year": 2038 }, "geometry": { "type": "Point", "coordinates": [ 6.451681474913489, 50.853278573756661 ] } },
{ "type": "Feature", "properties": { "id": "Huchem_stammeln_station_1", "num_hh": "8", "num_cars": 1, "ARS": "053580048048", "AGS": "05358048", "ARS_0": "053580048048", "AGS_0": "05358048", "SDV_ARS": "053580048048", "GEN": "Niederzier", "BEZ": "Gemeinde", "NUTS": "DEA26", "RegioStaR7": "73", "scenario": 50, "year": 2038 }, "geometry": { "type": "Point", "coordinates": [ 6.451425280808138, 50.8532119759168 ] } },
{ "type": "Feature", "properties": { "id": "Huchem_stammeln_station_1", "num_hh": "8", "num_cars": 1, "ARS": "053580048048", "AGS": "05358048", "ARS_0": "053580048048", "AGS_0": "05358048", "SDV_ARS": "053580048048", "GEN": "Niederzier", "BEZ": "Gemeinde", "NUTS": "DEA26", "RegioStaR7": "73", "scenario": 50, "year": 2038 }, "geometry": { "type": "Point", "coordinates": [ 6.451138946219802, 50.853154891978377 ] } },
{ "type": "Feature", "properties": { "id": "Huchem_stammeln_station_1", "num_hh": "8", "num_cars": 1, "ARS": "053580048048", "AGS": "05358048", "ARS_0": "053580048048", "AGS_0": "05358048", "SDV_ARS": "053580048048", "GEN": "Niederzier", "BEZ": "Gemeinde", "NUTS": "DEA26", "RegioStaR7": "73", "scenario": 50, "year": 2038 }, "geometry": { "type": "Point", "coordinates": [ 6.450837541389976, 50.853107321976317 ] } },
{ "type": "Feature", "properties": { "id": "Huchem_stammeln_station_1", "num_hh": "8", "num_cars": 1, "ARS": "053580048048", "AGS": "05358048", "ARS_0": "053580048048", "AGS_0": "05358048", "SDV_ARS": "053580048048", "GEN": "Niederzier", "BEZ": "Gemeinde", "NUTS": "DEA26", "RegioStaR7": "73", "scenario": 50, "year": 2038 }, "geometry": { "type": "Point", "coordinates": [ 6.450551206801642, 50.853040723891922 ] } },
{ "type": "Feature", "properties": { "id": "Huchem_stammeln_station_1", "num_hh": "8", "num_cars": 1, "ARS": "053580048048", "AGS": "05358048", "ARS_0": "053580048048", "AGS_0": "05358048", "SDV_ARS": "053580048048", "GEN": "Niederzier", "BEZ": "Gemeinde", "NUTS": "DEA26", "RegioStaR7": "73", "scenario": 50, "year": 2038 }, "geometry": { "type": "Point", "coordinates": [ 6.450295012696289, 50.852955097643694 ] } },
{ "type": "Feature", "properties": { "id": "Huchem_stammeln_station_1", "num_hh": "8", "num_cars": 1, "ARS": "053580048048", "AGS": "05358048", "ARS_0": "053580048048", "AGS_0": "05358048", "SDV_ARS": "053580048048", "GEN": "Niederzier", "BEZ": "Gemeinde", "NUTS": "DEA26", "RegioStaR7": "73", "scenario": 50, "year": 2038 }, "geometry": { "type": "Point", "coordinates": [ 6.449993607866462, 50.852888499341937 ] } },
{ "type": "Feature", "properties": { "id": "Huchem_stammeln_station_1", "num_hh": "8", "num_cars": 1, "ARS": "053580048048", "AGS": "05358048", "ARS_0": "053580048048", "AGS_0": "05358048", "SDV_ARS": "053580048048", "GEN": "Niederzier", "BEZ": "Gemeinde", "NUTS": "DEA26", "RegioStaR7": "73", "scenario": 50, "year": 2038 }, "geometry": { "type": "Point", "coordinates": [ 6.449722343519618, 50.852840929068179 ] } },
{ "type": "Feature", "properties": { "id": "Huchem_stammeln_station_1", "num_hh": "8", "num_cars": 1, "ARS": "053580048048", "AGS": "05358048", "ARS_0": "053580048048", "AGS_0": "05358048", "SDV_ARS": "053580048048", "GEN": "Niederzier", "BEZ": "Gemeinde", "NUTS": "DEA26", "RegioStaR7": "73", "scenario": 50, "year": 2038 }, "geometry": { "type": "Point", "coordinates": [ 6.449420938689792, 50.852764816529245 ] } },
{ "type": "Feature", "properties": { "id": "Huchem_stammeln_station_1", "num_hh": "8", "num_cars": 1, "ARS": "053580048048", "AGS": "05358048", "ARS_0": "053580048048", "AGS_0": "05358048", "SDV_ARS": "053580048048", "GEN": "Niederzier", "BEZ": "Gemeinde", "NUTS": "DEA26", "RegioStaR7": "73", "scenario": 50, "year": 2038 }, "geometry": { "type": "Point", "coordinates": [ 6.449119533859967, 50.852679189774484 ] } },
{ "type": "Feature", "properties": { "id": "Huchem_stammeln_station_1", "num_hh": "8", "num_cars": 1, "ARS": "053580048048", "AGS": "05358048", "ARS_0": "053580048048", "AGS_0": "05358048", "SDV_ARS": "053580048048", "GEN": "Niederzier", "BEZ": "Gemeinde", "NUTS": "DEA26", "RegioStaR7": "73", "scenario": 50, "year": 2038 }, "geometry": { "type": "Point", "coordinates": [ 6.45134992960068, 50.853506911420034 ] } },
{ "type": "Feature", "properties": { "id": "Huchem_stammeln_station_1", "num_hh": "8", "num_cars": 1, "ARS": "053580048048", "AGS": "05358048", "ARS_0": "053580048048", "AGS_0": "05358048", "SDV_ARS": "053580048048", "GEN": "Niederzier", "BEZ": "Gemeinde", "NUTS": "DEA26", "RegioStaR7": "73", "scenario": 50, "year": 2038 }, "geometry": { "type": "Point", "coordinates": [ 6.451093735495329, 50.853440313580172 ] } },
{ "type": "Feature", "properties": { "id": "Huchem_stammeln_station_1", "num_hh": "8", "num_cars": 1, "ARS": "053580048048", "AGS": "05358048", "ARS_0": "053580048048", "AGS_0": "05358048", "SDV_ARS": "053580048048", "GEN": "Niederzier", "BEZ": "Gemeinde", "NUTS": "DEA26", "RegioStaR7": "73", "scenario": 50, "year": 2038 }, "geometry": { "type": "Point", "coordinates": [ 6.450807400906993, 50.85338322964175 ] } },
{ "type": "Feature", "properties": { "id": "Huchem_stammeln_station_1", "num_hh": "8", "num_cars": 1, "ARS": "053580048048", "AGS": "05358048", "ARS_0": "053580048048", "AGS_0": "05358048", "SDV_ARS": "053580048048", "GEN": "Niederzier", "BEZ": "Gemeinde", "NUTS": "DEA26", "RegioStaR7": "73", "scenario": 50, "year": 2038 }, "geometry": { "type": "Point", "coordinates": [ 6.450505996077167, 50.85333565963969 ] } },
{ "type": "Feature", "properties": { "id": "Huchem_stammeln_station_1", "num_hh": "8", "num_cars": 1, "ARS": "053580048048", "AGS": "05358048", "ARS_0": "053580048048", "AGS_0": "05358048", "SDV_ARS": "053580048048", "GEN": "Niederzier", "BEZ": "Gemeinde", "NUTS": "DEA26", "RegioStaR7": "73", "scenario": 50, "year": 2038 }, "geometry": { "type": "Point", "coordinates": [ 6.450219661488832, 50.853269061555295 ] } },
{ "type": "Feature", "properties": { "id": "Huchem_stammeln_station_1", "num_hh": "8", "num_cars": 1, "ARS": "053580048048", "AGS": "05358048", "ARS_0": "053580048048", "AGS_0": "05358048", "SDV_ARS": "053580048048", "GEN": "Niederzier", "BEZ": "Gemeinde", "NUTS": "DEA26", "RegioStaR7": "73", "scenario": 50, "year": 2038 }, "geometry": { "type": "Point", "coordinates": [ 6.44996346738348, 50.853183435307066 ] } },
{ "type": "Feature", "properties": { "id": "Huchem_stammeln_station_1", "num_hh": "8", "num_cars": 1, "ARS": "053580048048", "AGS": "05358048", "ARS_0": "053580048048", "AGS_0": "05358048", "SDV_ARS": "053580048048", "GEN": "Niederzier", "BEZ": "Gemeinde", "NUTS": "DEA26", "RegioStaR7": "73", "scenario": 50, "year": 2038 }, "geometry": { "type": "Point", "coordinates": [ 6.449662062553653, 50.853116837005309 ] } },
{ "type": "Feature", "properties": { "id": "Huchem_stammeln_station_1", "num_hh": "8", "num_cars": 1, "ARS": "053580048048", "AGS": "05358048", "ARS_0": "053580048048", "AGS_0": "05358048", "SDV_ARS": "053580048048", "GEN": "Niederzier", "BEZ": "Gemeinde", "NUTS": "DEA26", "RegioStaR7": "73", "scenario": 50, "year": 2038 }, "geometry": { "type": "Point", "coordinates": [ 6.449390798206809, 50.853069266731552 ] } },
{ "type": "Feature", "properties": { "id": "Huchem_stammeln_station_1", "num_hh": "8", "num_cars": 1, "ARS": "053580048048", "AGS": "05358048", "ARS_0": "053580048048", "AGS_0": "05358048", "SDV_ARS": "053580048048", "GEN": "Niederzier", "BEZ": "Gemeinde", "NUTS": "DEA26", "RegioStaR7": "73", "scenario": 50, "year": 2038 }, "geometry": { "type": "Point", "coordinates": [ 6.449089393376983, 50.852993154192617 ] } },
{ "type": "Feature", "properties": { "id": "Huchem_stammeln_station_1", "num_hh": "8", "num_cars": 1, "ARS": "053580048048", "AGS": "05358048", "ARS_0": "053580048048", "AGS_0": "05358048", "SDV_ARS": "053580048048", "GEN": "Niederzier", "BEZ": "Gemeinde", "NUTS": "DEA26", "RegioStaR7": "73", "scenario": 50, "year": 2038 }, "geometry": { "type": "Point", "coordinates": [ 6.448787988547157, 50.852907527437857 ] } },
{ "type": "Feature", "properties": { "id": "Huchem_stammeln_station_3", "num_hh": "8", "num_cars": 1, "ARS": "053580048048", "AGS": "05358048", "ARS_0": "053580048048", "AGS_0": "05358048", "SDV_ARS": "053580048048", "GEN": "Niederzier", "BEZ": "Gemeinde", "NUTS": "DEA26", "RegioStaR7": "73", "scenario": 50, "year": 2038 }, "geometry": { "type": "Point", "coordinates": [ 6.455464105527809, 50.850214974699462 ] } },
{ "type": "Feature", "properties": { "id": "Huchem_stammeln_station_3", "num_hh": "8", "num_cars": 1, "ARS": "053580048048", "AGS": "05358048", "ARS_0": "053580048048", "AGS_0": "05358048", "SDV_ARS": "053580048048", "GEN": "Niederzier", "BEZ": "Gemeinde", "NUTS": "DEA26", "RegioStaR7": "73", "scenario": 50, "year": 2038 }, "geometry": { "type": "Point", "coordinates": [ 6.45525312214693, 50.850148372498793 ] } },
{ "type": "Feature", "properties": { "id": "Huchem_stammeln_station_3", "num_hh": "8", "num_cars": 1, "ARS": "053580048048", "AGS": "05358048", "ARS_0": "053580048048", "AGS_0": "05358048", "SDV_ARS": "053580048048", "GEN": "Niederzier", "BEZ": "Gemeinde", "NUTS": "DEA26", "RegioStaR7": "73", "scenario": 50, "year": 2038 }, "geometry": { "type": "Point", "coordinates": [ 6.454981857800086, 50.850062740958194 ] } },
{ "type": "Feature", "properties": { "id": "Huchem_stammeln_station_3", "num_hh": "8", "num_cars": 1, "ARS": "053580048048", "AGS": "05358048", "ARS_0": "053580048048", "AGS_0": "05358048", "SDV_ARS": "053580048048", "GEN": "Niederzier", "BEZ": "Gemeinde", "NUTS": "DEA26", "RegioStaR7": "73", "scenario": 50, "year": 2038 }, "geometry": { "type": "Point", "coordinates": [ 6.454710593453242, 50.849958079972872 ] } },
{ "type": "Feature", "properties": { "id": "Huchem_stammeln_station_3", "num_hh": "8", "num_cars": 1, "ARS": "053580048048", "AGS": "05358048", "ARS_0": "053580048048", "AGS_0": "05358048", "SDV_ARS": "053580048048", "GEN": "Niederzier", "BEZ": "Gemeinde", "NUTS": "DEA26", "RegioStaR7": "73", "scenario": 50, "year": 2038 }, "geometry": { "type": "Point", "coordinates": [ 6.454394118381925, 50.849872448082941 ] } },
{ "type": "Feature", "properties": { "id": "Huchem_stammeln_station_3", "num_hh": "8", "num_cars": 1, "ARS": "053580048048", "AGS": "05358048", "ARS_0": "053580048048", "AGS_0": "05358048", "SDV_ARS": "053580048048", "GEN": "Niederzier", "BEZ": "Gemeinde", "NUTS": "DEA26", "RegioStaR7": "73", "scenario": 50, "year": 2038 }, "geometry": { "type": "Point", "coordinates": [ 6.454062573069116, 50.849777301354194 ] } },
{ "type": "Feature", "properties": { "id": "Huchem_stammeln_station_3", "num_hh": "8", "num_cars": 1, "ARS": "053580048048", "AGS": "05358048", "ARS_0": "053580048048", "AGS_0": "05358048", "SDV_ARS": "053580048048", "GEN": "Niederzier", "BEZ": "Gemeinde", "NUTS": "DEA26", "RegioStaR7": "73", "scenario": 50, "year": 2038 }, "geometry": { "type": "Point", "coordinates": [ 6.455207911422456, 50.850462355840975 ] } },
{ "type": "Feature", "properties": { "id": "Huchem_stammeln_station_3", "num_hh": "8", "num_cars": 1, "ARS": "053580048048", "AGS": "05358048", "ARS_0": "053580048048", "AGS_0": "05358048", "SDV_ARS": "053580048048", "GEN": "Niederzier", "BEZ": "Gemeinde", "NUTS": "DEA26", "RegioStaR7": "73", "scenario": 50, "year": 2038 }, "geometry": { "type": "Point", "coordinates": [ 6.454996928041577, 50.850395753640306 ] } },
{ "type": "Feature", "properties": { "id": "Huchem_stammeln_station_3", "num_hh": "8", "num_cars": 1, "ARS": "053580048048", "AGS": "05358048", "ARS_0": "053580048048", "AGS_0": "05358048", "SDV_ARS": "053580048048", "GEN": "Niederzier", "BEZ": "Gemeinde", "NUTS": "DEA26", "RegioStaR7": "73", "scenario": 50, "year": 2038 }, "geometry": { "type": "Point", "coordinates": [ 6.454725663694734, 50.850310122099707 ] } },
{ "type": "Feature", "properties": { "id": "Huchem_stammeln_station_3", "num_hh": "8", "num_cars": 1, "ARS": "053580048048", "AGS": "05358048", "ARS_0": "053580048048", "AGS_0": "05358048", "SDV_ARS": "053580048048", "GEN": "Niederzier", "BEZ": "Gemeinde", "NUTS": "DEA26", "RegioStaR7": "73", "scenario": 50, "year": 2038 }, "geometry": { "type": "Point", "coordinates": [ 6.45445439934789, 50.850205461114385 ] } },
{ "type": "Feature", "properties": { "id": "Huchem_stammeln_station_3", "num_hh": "8", "num_cars": 1, "ARS": "053580048048", "AGS": "05358048", "ARS_0": "053580048048", "AGS_0": "05358048", "SDV_ARS": "053580048048", "GEN": "Niederzier", "BEZ": "Gemeinde", "NUTS": "DEA26", "RegioStaR7": "73", "scenario": 50, "year": 2038 }, "geometry": { "type": "Point", "coordinates": [ 6.454137924276573, 50.850119829224454 ] } },
{ "type": "Feature", "properties": { "id": "Huchem_stammeln_station_3", "num_hh": "8", "num_cars": 1, "ARS": "053580048048", "AGS": "05358048", "ARS_0": "053580048048", "AGS_0": "05358048", "SDV_ARS": "053580048048", "GEN": "Niederzier", "BEZ": "Gemeinde", "NUTS": "DEA26", "RegioStaR7": "73", "scenario": 50, "year": 2038 }, "geometry": { "type": "Point", "coordinates": [ 6.453806378963764, 50.850024682495707 ] } },
{ "type": "Feature", "properties": { "id": "Huchem_stammeln_station_3", "num_hh": "8", "num_cars": 1, "ARS": "053580048048", "AGS": "05358048", "ARS_0": "053580048048", "AGS_0": "05358048", "SDV_ARS": "053580048048", "GEN": "Niederzier", "BEZ": "Gemeinde", "NUTS": "DEA26", "RegioStaR7": "73", "scenario": 50, "year": 2038 }, "geometry": { "type": "Point", "coordinates": [ 6.454996928041578, 50.850709735670534 ] } },
{ "type": "Feature", "properties": { "id": "Huchem_stammeln_station_3", "num_hh": "8", "num_cars": 1, "ARS": "053580048048", "AGS": "05358048", "ARS_0": "053580048048", "AGS_0": "05358048", "SDV_ARS": "053580048048", "GEN": "Niederzier", "BEZ": "Gemeinde", "NUTS": "DEA26", "RegioStaR7": "73", "scenario": 50, "year": 2038 }, "geometry": { "type": "Point", "coordinates": [ 6.454785944660699, 50.850643133469866 ] } },
{ "type": "Feature", "properties": { "id": "Huchem_stammeln_station_3", "num_hh": "8", "num_cars": 1, "ARS": "053580048048", "AGS": "05358048", "ARS_0": "053580048048", "AGS_0": "05358048", "SDV_ARS": "053580048048", "GEN": "Niederzier", "BEZ": "Gemeinde", "NUTS": "DEA26", "RegioStaR7": "73", "scenario": 50, "year": 2038 }, "geometry": { "type": "Point", "coordinates": [ 6.454514680313856, 50.850557501929266 ] } },
{ "type": "Feature", "properties": { "id": "Huchem_stammeln_station_3", "num_hh": "8", "num_cars": 1, "ARS": "053580048048", "AGS": "05358048", "ARS_0": "053580048048", "AGS_0": "05358048", "SDV_ARS": "053580048048", "GEN": "Niederzier", "BEZ": "Gemeinde", "NUTS": "DEA26", "RegioStaR7": "73", "scenario": 50, "year": 2038 }, "geometry": { "type": "Point", "coordinates": [ 6.454243415967012, 50.850452840943944 ] } },
{ "type": "Feature", "properties": { "id": "Huchem_stammeln_station_3", "num_hh": "8", "num_cars": 1, "ARS": "053580048048", "AGS": "05358048", "ARS_0": "053580048048", "AGS_0": "05358048", "SDV_ARS": "053580048048", "GEN": "Niederzier", "BEZ": "Gemeinde", "NUTS": "DEA26", "RegioStaR7": "73", "scenario": 50, "year": 2038 }, "geometry": { "type": "Point", "coordinates": [ 6.453926940895695, 50.850367209054014 ] } },
{ "type": "Feature", "properties": { "id": "Huchem_stammeln_station_3", "num_hh": "8", "num_cars": 1, "ARS": "053580048048", "AGS": "05358048", "ARS_0": "053580048048", "AGS_0": "05358048", "SDV_ARS": "053580048048", "GEN": "Niederzier", "BEZ": "Gemeinde", "NUTS": "DEA26", "RegioStaR7": "73", "scenario": 50, "year": 2038 }, "geometry": { "type": "Point", "coordinates": [ 6.453595395582886, 50.850272062325267 ] } },
{ "type": "Feature", "properties": { "id": "Huchem_stammeln_station_3", "num_hh": "8", "num_cars": 1, "ARS": "053580048048", "AGS": "05358048", "ARS_0": "053580048048", "AGS_0": "05358048", "SDV_ARS": "053580048048", "GEN": "Niederzier", "BEZ": "Gemeinde", "NUTS": "DEA26", "RegioStaR7": "73", "scenario": 50, "year": 2038 }, "geometry": { "type": "Point", "coordinates": [ 6.453655676548851, 50.850681189256072 ] } },
{ "type": "Feature", "properties": { "id": "Huchem_stammeln_station_3", "num_hh": "8", "num_cars": 1, "ARS": "053580048048", "AGS": "05358048", "ARS_0": "053580048048", "AGS_0": "05358048", "SDV_ARS": "053580048048", "GEN": "Niederzier", "BEZ": "Gemeinde", "NUTS": "DEA26", "RegioStaR7": "73", "scenario": 50, "year": 2038 }, "geometry": { "type": "Point", "coordinates": [ 6.453324131236042, 50.850586042527326 ] } },
{ "type": "Feature", "properties": { "id": "Eschweiler_weisweiler", "num_hh": "8", "num_cars": 1, "ARS": "053340012012", "AGS": "05334012", "ARS_0": "053340012012", "AGS_0": "05334012", "SDV_ARS": "053340012012", "GEN": "Eschweiler", "BEZ": "Stadt", "NUTS": "DEA2D", "RegioStaR7": "73", "scenario": 50, "year": 2038 }, "geometry": { "type": "Point", "coordinates": [ 6.319352296992724, 50.822702544731186 ] } },
{ "type": "Feature", "properties": { "id": "Eschweiler_weisweiler", "num_hh": "8", "num_cars": 1, "ARS": "053340012012", "AGS": "05334012", "ARS_0": "053340012012", "AGS_0": "05334012", "SDV_ARS": "053340012012", "GEN": "Eschweiler", "BEZ": "Stadt", "NUTS": "DEA2D", "RegioStaR7": "73", "scenario": 50, "year": 2038 }, "geometry": { "type": "Point", "coordinates": [ 6.319662564682255, 50.822571875865272 ] } },
{ "type": "Feature", "properties": { "id": "Eschweiler_weisweiler", "num_hh": "8", "num_cars": 1, "ARS": "053340012012", "AGS": "05334012", "ARS_0": "053340012012", "AGS_0": "05334012", "SDV_ARS": "053340012012", "GEN": "Eschweiler", "BEZ": "Stadt", "NUTS": "DEA2D", "RegioStaR7": "73", "scenario": 50, "year": 2038 }, "geometry": { "type": "Point", "coordinates": [ 6.319958057719901, 50.822431873103142 ] } },
{ "type": "Feature", "properties": { "id": "Eschweiler_weisweiler", "num_hh": "8", "num_cars": 1, "ARS": "053340012012", "AGS": "05334012", "ARS_0": "053340012012", "AGS_0": "05334012", "SDV_ARS": "053340012012", "GEN": "Eschweiler", "BEZ": "Stadt", "NUTS": "DEA2D", "RegioStaR7": "73", "scenario": 50, "year": 2038 }, "geometry": { "type": "Point", "coordinates": [ 6.320253550757548, 50.822301203479746 ] } },
{ "type": "Feature", "properties": { "id": "Eschweiler_weisweiler", "num_hh": "8", "num_cars": 1, "ARS": "053340012012", "AGS": "05334012", "ARS_0": "053340012012", "AGS_0": "05334012", "SDV_ARS": "053340012012", "GEN": "Eschweiler", "BEZ": "Stadt", "NUTS": "DEA2D", "RegioStaR7": "73", "scenario": 50, "year": 2038 }, "geometry": { "type": "Point", "coordinates": [ 6.32057859309896, 50.822161199906013 ] } },
{ "type": "Feature", "properties": { "id": "Eschweiler_weisweiler", "num_hh": "8", "num_cars": 1, "ARS": "053340012012", "AGS": "05334012", "ARS_0": "053340012012", "AGS_0": "05334012", "SDV_ARS": "053340012012", "GEN": "Eschweiler", "BEZ": "Stadt", "NUTS": "DEA2D", "RegioStaR7": "73", "scenario": 50, "year": 2038 }, "geometry": { "type": "Point", "coordinates": [ 6.319854635156724, 50.822870546920704 ] } },
{ "type": "Feature", "properties": { "id": "Eschweiler_weisweiler", "num_hh": "8", "num_cars": 1, "ARS": "053340012012", "AGS": "05334012", "ARS_0": "053340012012", "AGS_0": "05334012", "SDV_ARS": "053340012012", "GEN": "Eschweiler", "BEZ": "Stadt", "NUTS": "DEA2D", "RegioStaR7": "73", "scenario": 50, "year": 2038 }, "geometry": { "type": "Point", "coordinates": [ 6.320164902846255, 50.82273987805479 ] } },
{ "type": "Feature", "properties": { "id": "Eschweiler_weisweiler", "num_hh": "8", "num_cars": 1, "ARS": "053340012012", "AGS": "05334012", "ARS_0": "053340012012", "AGS_0": "05334012", "SDV_ARS": "053340012012", "GEN": "Eschweiler", "BEZ": "Stadt", "NUTS": "DEA2D", "RegioStaR7": "73", "scenario": 50, "year": 2038 }, "geometry": { "type": "Point", "coordinates": [ 6.320460395883901, 50.82259987529266 ] } },
{ "type": "Feature", "properties": { "id": "Eschweiler_weisweiler", "num_hh": "8", "num_cars": 1, "ARS": "053340012012", "AGS": "05334012", "ARS_0": "053340012012", "AGS_0": "05334012", "SDV_ARS": "053340012012", "GEN": "Eschweiler", "BEZ": "Stadt", "NUTS": "DEA2D", "RegioStaR7": "73", "scenario": 50, "year": 2038 }, "geometry": { "type": "Point", "coordinates": [ 6.320755888921548, 50.822469205669265 ] } },
{ "type": "Feature", "properties": { "id": "Eschweiler_weisweiler", "num_hh": "8", "num_cars": 1, "ARS": "053340012012", "AGS": "05334012", "ARS_0": "053340012012", "AGS_0": "05334012", "SDV_ARS": "053340012012", "GEN": "Eschweiler", "BEZ": "Stadt", "NUTS": "DEA2D", "RegioStaR7": "73", "scenario": 50, "year": 2038 }, "geometry": { "type": "Point", "coordinates": [ 6.32108093126296, 50.822329202095531 ] } },
{ "type": "Feature", "properties": { "id": "Eschweiler_weisweiler", "num_hh": "8", "num_cars": 1, "ARS": "053340012012", "AGS": "05334012", "ARS_0": "053340012012", "AGS_0": "05334012", "SDV_ARS": "053340012012", "GEN": "Eschweiler", "BEZ": "Stadt", "NUTS": "DEA2D", "RegioStaR7": "73", "scenario": 50, "year": 2038 }, "geometry": { "type": "Point", "coordinates": [ 6.32038652262449, 50.823047881909403 ] } },
{ "type": "Feature", "properties": { "id": "Eschweiler_weisweiler", "num_hh": "8", "num_cars": 1, "ARS": "053340012012", "AGS": "05334012", "ARS_0": "053340012012", "AGS_0": "05334012", "SDV_ARS": "053340012012", "GEN": "Eschweiler", "BEZ": "Stadt", "NUTS": "DEA2D", "RegioStaR7": "73", "scenario": 50, "year": 2038 }, "geometry": { "type": "Point", "coordinates": [ 6.32069679031402, 50.822917213043489 ] } },
{ "type": "Feature", "properties": { "id": "Eschweiler_weisweiler", "num_hh": "8", "num_cars": 1, "ARS": "053340012012", "AGS": "05334012", "ARS_0": "053340012012", "AGS_0": "05334012", "SDV_ARS": "053340012012", "GEN": "Eschweiler", "BEZ": "Stadt", "NUTS": "DEA2D", "RegioStaR7": "73", "scenario": 50, "year": 2038 }, "geometry": { "type": "Point", "coordinates": [ 6.320992283351666, 50.822777210281359 ] } },
{ "type": "Feature", "properties": { "id": "Eschweiler_weisweiler", "num_hh": "8", "num_cars": 1, "ARS": "053340012012", "AGS": "05334012", "ARS_0": "053340012012", "AGS_0": "05334012", "SDV_ARS": "053340012012", "GEN": "Eschweiler", "BEZ": "Stadt", "NUTS": "DEA2D", "RegioStaR7": "73", "scenario": 50, "year": 2038 }, "geometry": { "type": "Point", "coordinates": [ 6.321287776389314, 50.822646540657963 ] } },
{ "type": "Feature", "properties": { "id": "Eschweiler_weisweiler", "num_hh": "8", "num_cars": 1, "ARS": "053340012012", "AGS": "05334012", "ARS_0": "053340012012", "AGS_0": "05334012", "SDV_ARS": "053340012012", "GEN": "Eschweiler", "BEZ": "Stadt", "NUTS": "DEA2D", "RegioStaR7": "73", "scenario": 50, "year": 2038 }, "geometry": { "type": "Point", "coordinates": [ 6.321612818730726, 50.82250653708423 ] } },
{ "type": "Feature", "properties": { "id": "Eschweiler_weisweiler", "num_hh": "8", "num_cars": 1, "ARS": "053340012012", "AGS": "05334012", "ARS_0": "053340012012", "AGS_0": "05334012", "SDV_ARS": "053340012012", "GEN": "Eschweiler", "BEZ": "Stadt", "NUTS": "DEA2D", "RegioStaR7": "73", "scenario": 50, "year": 2038 }, "geometry": { "type": "Point", "coordinates": [ 6.321095705914842, 50.823159882607868 ] } },
{ "type": "Feature", "properties": { "id": "Eschweiler_weisweiler", "num_hh": "8", "num_cars": 1, "ARS": "053340012012", "AGS": "05334012", "ARS_0": "053340012012", "AGS_0": "05334012", "SDV_ARS": "053340012012", "GEN": "Eschweiler", "BEZ": "Stadt", "NUTS": "DEA2D", "RegioStaR7": "73", "scenario": 50, "year": 2038 }, "geometry": { "type": "Point", "coordinates": [ 6.321405973604373, 50.823029213741954 ] } },
{ "type": "Feature", "properties": { "id": "Eschweiler_weisweiler", "num_hh": "8", "num_cars": 1, "ARS": "053340012012", "AGS": "05334012", "ARS_0": "053340012012", "AGS_0": "05334012", "SDV_ARS": "053340012012", "GEN": "Eschweiler", "BEZ": "Stadt", "NUTS": "DEA2D", "RegioStaR7": "73", "scenario": 50, "year": 2038 }, "geometry": { "type": "Point", "coordinates": [ 6.321701466642018, 50.822889210979824 ] } },
{ "type": "Feature", "properties": { "id": "Eschweiler_weisweiler", "num_hh": "8", "num_cars": 1, "ARS": "053340012012", "AGS": "05334012", "ARS_0": "053340012012", "AGS_0": "05334012", "SDV_ARS": "053340012012", "GEN": "Eschweiler", "BEZ": "Stadt", "NUTS": "DEA2D", "RegioStaR7": "73", "scenario": 50, "year": 2038 }, "geometry": { "type": "Point", "coordinates": [ 6.321996959679666, 50.822758541356428 ] } },
{ "type": "Feature", "properties": { "id": "Eschweiler_weisweiler", "num_hh": "8", "num_cars": 1, "ARS": "053340012012", "AGS": "05334012", "ARS_0": "053340012012", "AGS_0": "05334012", "SDV_ARS": "053340012012", "GEN": "Eschweiler", "BEZ": "Stadt", "NUTS": "DEA2D", "RegioStaR7": "73", "scenario": 50, "year": 2038 }, "geometry": { "type": "Point", "coordinates": [ 6.322322002021078, 50.822618537782695 ] } },
{ "type": "Feature", "properties": { "id": "Alsdorf_annapark", "num_hh": "8", "num_cars": 1, "ARS": "053340004004", "AGS": "05334004", "ARS_0": "053340004004", "AGS_0": "05334004", "SDV_ARS": "053340004004", "GEN": "Alsdorf", "BEZ": "Stadt", "NUTS": "DEA2D", "RegioStaR7": "73", "scenario": 50, "year": 2038 }, "geometry": { "type": "Point", "coordinates": [ 6.156581836654863, 50.870152235171645 ] } },
{ "type": "Feature", "properties": { "id": "Alsdorf_annapark", "num_hh": "8", "num_cars": 1, "ARS": "053340004004", "AGS": "05334004", "ARS_0": "053340004004", "AGS_0": "05334004", "SDV_ARS": "053340004004", "GEN": "Alsdorf", "BEZ": "Stadt", "NUTS": "DEA2D", "RegioStaR7": "73", "scenario": 50, "year": 2038 }, "geometry": { "type": "Point", "coordinates": [ 6.156303066763183, 50.870133716619847 ] } },
{ "type": "Feature", "properties": { "id": "Alsdorf_annapark", "num_hh": "8", "num_cars": 1, "ARS": "053340004004", "AGS": "05334004", "ARS_0": "053340004004", "AGS_0": "05334004", "SDV_ARS": "053340004004", "GEN": "Alsdorf", "BEZ": "Stadt", "NUTS": "DEA2D", "RegioStaR7": "73", "scenario": 50, "year": 2038 }, "geometry": { "type": "Point", "coordinates": [ 6.155994952672381, 50.870115198060681 ] } },
{ "type": "Feature", "properties": { "id": "Alsdorf_annapark", "num_hh": "8", "num_cars": 1, "ARS": "053340004004", "AGS": "05334004", "ARS_0": "053340004004", "AGS_0": "05334004", "SDV_ARS": "053340004004", "GEN": "Alsdorf", "BEZ": "Stadt", "NUTS": "DEA2D", "RegioStaR7": "73", "scenario": 50, "year": 2038 }, "geometry": { "type": "Point", "coordinates": [ 6.155628150183329, 50.870078160920286 ] } },
{ "type": "Feature", "properties": { "id": "Alsdorf_annapark", "num_hh": "8", "num_cars": 1, "ARS": "053340004004", "AGS": "05334004", "ARS_0": "053340004004", "AGS_0": "05334004", "SDV_ARS": "053340004004", "GEN": "Alsdorf", "BEZ": "Stadt", "NUTS": "DEA2D", "RegioStaR7": "73", "scenario": 50, "year": 2038 }, "geometry": { "type": "Point", "coordinates": [ 6.155261347694277, 50.870059642339051 ] } },
{ "type": "Feature", "properties": { "id": "Alsdorf_annapark", "num_hh": "8", "num_cars": 1, "ARS": "053340004004", "AGS": "05334004", "ARS_0": "053340004004", "AGS_0": "05334004", "SDV_ARS": "053340004004", "GEN": "Alsdorf", "BEZ": "Stadt", "NUTS": "DEA2D", "RegioStaR7": "73", "scenario": 50, "year": 2038 }, "geometry": { "type": "Point", "coordinates": [ 6.154909217304787, 50.87002260515451 ] } },
{ "type": "Feature", "properties": { "id": "Alsdorf_annapark", "num_hh": "8", "num_cars": 1, "ARS": "053340004004", "AGS": "05334004", "ARS_0": "053340004004", "AGS_0": "05334004", "SDV_ARS": "053340004004", "GEN": "Alsdorf", "BEZ": "Stadt", "NUTS": "DEA2D", "RegioStaR7": "73", "scenario": 50, "year": 2038 }, "geometry": { "type": "Point", "coordinates": [ 6.156082985269753, 50.870365198538551 ] } },
{ "type": "Feature", "properties": { "id": "Alsdorf_annapark", "num_hh": "8", "num_cars": 1, "ARS": "053340004004", "AGS": "05334004", "ARS_0": "053340004004", "AGS_0": "05334004", "SDV_ARS": "053340004004", "GEN": "Alsdorf", "BEZ": "Stadt", "NUTS": "DEA2D", "RegioStaR7": "73", "scenario": 50, "year": 2038 }, "geometry": { "type": "Point", "coordinates": [ 6.155804215378073, 50.870346679986753 ] } },
{ "type": "Feature", "properties": { "id": "Alsdorf_annapark", "num_hh": "8", "num_cars": 1, "ARS": "053340004004", "AGS": "05334004", "ARS_0": "053340004004", "AGS_0": "05334004", "SDV_ARS": "053340004004", "GEN": "Alsdorf", "BEZ": "Stadt", "NUTS": "DEA2D", "RegioStaR7": "73", "scenario": 50, "year": 2038 }, "geometry": { "type": "Point", "coordinates": [ 6.155496101287271, 50.870328161427587 ] } },
{ "type": "Feature", "properties": { "id": "Alsdorf_annapark", "num_hh": "8", "num_cars": 1, "ARS": "053340004004", "AGS": "05334004", "ARS_0": "053340004004", "AGS_0": "05334004", "SDV_ARS": "053340004004", "GEN": "Alsdorf", "BEZ": "Stadt", "NUTS": "DEA2D", "RegioStaR7": "73", "scenario": 50, "year": 2038 }, "geometry": { "type": "Point", "coordinates": [ 6.15512929879822, 50.870291124287192 ] } },
{ "type": "Feature", "properties": { "id": "Alsdorf_annapark", "num_hh": "8", "num_cars": 1, "ARS": "053340004004", "AGS": "05334004", "ARS_0": "053340004004", "AGS_0": "05334004", "SDV_ARS": "053340004004", "GEN": "Alsdorf", "BEZ": "Stadt", "NUTS": "DEA2D", "RegioStaR7": "73", "scenario": 50, "year": 2038 }, "geometry": { "type": "Point", "coordinates": [ 6.154762496309168, 50.870272605705956 ] } },
{ "type": "Feature", "properties": { "id": "Alsdorf_annapark", "num_hh": "8", "num_cars": 1, "ARS": "053340004004", "AGS": "05334004", "ARS_0": "053340004004", "AGS_0": "05334004", "SDV_ARS": "053340004004", "GEN": "Alsdorf", "BEZ": "Stadt", "NUTS": "DEA2D", "RegioStaR7": "73", "scenario": 50, "year": 2038 }, "geometry": { "type": "Point", "coordinates": [ 6.154410365919678, 50.870235568521416 ] } },
{ "type": "Feature", "properties": { "id": "Alsdorf_annapark", "num_hh": "8", "num_cars": 1, "ARS": "053340004004", "AGS": "05334004", "ARS_0": "053340004004", "AGS_0": "05334004", "SDV_ARS": "053340004004", "GEN": "Alsdorf", "BEZ": "Stadt", "NUTS": "DEA2D", "RegioStaR7": "73", "scenario": 50, "year": 2038 }, "geometry": { "type": "Point", "coordinates": [ 6.155437412889022, 50.870531864842647 ] } },
{ "type": "Feature", "properties": { "id": "Alsdorf_annapark", "num_hh": "8", "num_cars": 1, "ARS": "053340004004", "AGS": "05334004", "ARS_0": "053340004004", "AGS_0": "05334004", "SDV_ARS": "053340004004", "GEN": "Alsdorf", "BEZ": "Stadt", "NUTS": "DEA2D", "RegioStaR7": "73", "scenario": 50, "year": 2038 }, "geometry": { "type": "Point", "coordinates": [ 6.155158642997342, 50.870513346290849 ] } },
{ "type": "Feature", "properties": { "id": "Alsdorf_annapark", "num_hh": "8", "num_cars": 1, "ARS": "053340004004", "AGS": "05334004", "ARS_0": "053340004004", "AGS_0": "05334004", "SDV_ARS": "053340004004", "GEN": "Alsdorf", "BEZ": "Stadt", "NUTS": "DEA2D", "RegioStaR7": "73", "scenario": 50, "year": 2038 }, "geometry": { "type": "Point", "coordinates": [ 6.15485052890654, 50.870494827731683 ] } },
{ "type": "Feature", "properties": { "id": "Alsdorf_annapark", "num_hh": "8", "num_cars": 1, "ARS": "053340004004", "AGS": "05334004", "ARS_0": "053340004004", "AGS_0": "05334004", "SDV_ARS": "053340004004", "GEN": "Alsdorf", "BEZ": "Stadt", "NUTS": "DEA2D", "RegioStaR7": "73", "scenario": 50, "year": 2038 }, "geometry": { "type": "Point", "coordinates": [ 6.154483726417488, 50.870457790591288 ] } },
{ "type": "Feature", "properties": { "id": "Alsdorf_annapark", "num_hh": "8", "num_cars": 1, "ARS": "053340004004", "AGS": "05334004", "ARS_0": "053340004004", "AGS_0": "05334004", "SDV_ARS": "053340004004", "GEN": "Alsdorf", "BEZ": "Stadt", "NUTS": "DEA2D", "RegioStaR7": "73", "scenario": 50, "year": 2038 }, "geometry": { "type": "Point", "coordinates": [ 6.154116923928436, 50.870439272010053 ] } },
{ "type": "Feature", "properties": { "id": "Alsdorf_annapark", "num_hh": "8", "num_cars": 1, "ARS": "053340004004", "AGS": "05334004", "ARS_0": "053340004004", "AGS_0": "05334004", "SDV_ARS": "053340004004", "GEN": "Alsdorf", "BEZ": "Stadt", "NUTS": "DEA2D", "RegioStaR7": "73", "scenario": 50, "year": 2038 }, "geometry": { "type": "Point", "coordinates": [ 6.153764793538946, 50.870402234825512 ] } },
{ "type": "Feature", "properties": { "id": "Alsdorf_annapark", "num_hh": "8", "num_cars": 1, "ARS": "053340004004", "AGS": "05334004", "ARS_0": "053340004004", "AGS_0": "05334004", "SDV_ARS": "053340004004", "GEN": "Alsdorf", "BEZ": "Stadt", "NUTS": "DEA2D", "RegioStaR7": "73", "scenario": 50, "year": 2038 }, "geometry": { "type": "Point", "coordinates": [ 6.154557086915299, 50.870735567293913 ] } },
{ "type": "Feature", "properties": { "id": "Alsdorf_annapark", "num_hh": "8", "num_cars": 1, "ARS": "053340004004", "AGS": "05334004", "ARS_0": "053340004004", "AGS_0": "05334004", "SDV_ARS": "053340004004", "GEN": "Alsdorf", "BEZ": "Stadt", "NUTS": "DEA2D", "RegioStaR7": "73", "scenario": 50, "year": 2038 }, "geometry": { "type": "Point", "coordinates": [ 6.154278317023619, 50.870717048742115 ] } },
{ "type": "Feature", "properties": { "id": "Alsdorf_annapark", "num_hh": "8", "num_cars": 1, "ARS": "053340004004", "AGS": "05334004", "ARS_0": "053340004004", "AGS_0": "05334004", "SDV_ARS": "053340004004", "GEN": "Alsdorf", "BEZ": "Stadt", "NUTS": "DEA2D", "RegioStaR7": "73", "scenario": 50, "year": 2038 }, "geometry": { "type": "Point", "coordinates": [ 6.153970202932816, 50.870698530182949 ] } },
{ "type": "Feature", "properties": { "id": "Alsdorf_annapark", "num_hh": "8", "num_cars": 1, "ARS": "053340004004", "AGS": "05334004", "ARS_0": "053340004004", "AGS_0": "05334004", "SDV_ARS": "053340004004", "GEN": "Alsdorf", "BEZ": "Stadt", "NUTS": "DEA2D", "RegioStaR7": "73", "scenario": 50, "year": 2038 }, "geometry": { "type": "Point", "coordinates": [ 6.153603400443765, 50.870661493042554 ] } },
{ "type": "Feature", "properties": { "id": "Alsdorf_annapark", "num_hh": "8", "num_cars": 1, "ARS": "053340004004", "AGS": "05334004", "ARS_0": "053340004004", "AGS_0": "05334004", "SDV_ARS": "053340004004", "GEN": "Alsdorf", "BEZ": "Stadt", "NUTS": "DEA2D", "RegioStaR7": "73", "scenario": 50, "year": 2038 }, "geometry": { "type": "Point", "coordinates": [ 6.153236597954713, 50.870642974461319 ] } },
{ "type": "Feature", "properties": { "id": "Alsdorf_annapark", "num_hh": "8", "num_cars": 1, "ARS": "053340004004", "AGS": "05334004", "ARS_0": "053340004004", "AGS_0": "05334004", "SDV_ARS": "053340004004", "GEN": "Alsdorf", "BEZ": "Stadt", "NUTS": "DEA2D", "RegioStaR7": "73", "scenario": 50, "year": 2038 }, "geometry": { "type": "Point", "coordinates": [ 6.152884467565223, 50.870605937276778 ] } },
{ "type": "Feature", "properties": { "id": "Wegberg_station", "num_hh": "8", "num_cars": 1, "ARS": "053700040040", "AGS": "05370040", "ARS_0": "053700040040", "AGS_0": "05370040", "SDV_ARS": "053700040040", "GEN": "Wegberg", "BEZ": "Stadt", "NUTS": "DEA29", "RegioStaR7": "73", "scenario": 50, "year": 2038 }, "geometry": { "type": "Point", "coordinates": [ 6.278505858369926, 51.145237361541675 ] } },
{ "type": "Feature", "properties": { "id": "Wegberg_station", "num_hh": "8", "num_cars": 1, "ARS": "053700040040", "AGS": "05370040", "ARS_0": "053700040040", "AGS_0": "05370040", "SDV_ARS": "053700040040", "GEN": "Wegberg", "BEZ": "Stadt", "NUTS": "DEA29", "RegioStaR7": "73", "scenario": 50, "year": 2038 }, "geometry": { "type": "Point", "coordinates": [ 6.278173441468175, 51.145246840686795 ] } },
{ "type": "Feature", "properties": { "id": "Wegberg_station", "num_hh": "8", "num_cars": 1, "ARS": "053700040040", "AGS": "05370040", "ARS_0": "053700040040", "AGS_0": "05370040", "SDV_ARS": "053700040040", "GEN": "Wegberg", "BEZ": "Stadt", "NUTS": "DEA29", "RegioStaR7": "73", "scenario": 50, "year": 2038 }, "geometry": { "type": "Point", "coordinates": [ 6.277780585129742, 51.145227882394622 ] } },
{ "type": "Feature", "properties": { "id": "Wegberg_station", "num_hh": "8", "num_cars": 1, "ARS": "053700040040", "AGS": "05370040", "ARS_0": "053700040040", "AGS_0": "05370040", "SDV_ARS": "053700040040", "GEN": "Wegberg", "BEZ": "Stadt", "NUTS": "DEA29", "RegioStaR7": "73", "scenario": 50, "year": 2038 }, "geometry": { "type": "Point", "coordinates": [ 6.277402838650477, 51.145237361541675 ] } },
{ "type": "Feature", "properties": { "id": "Wegberg_station", "num_hh": "8", "num_cars": 1, "ARS": "053700040040", "AGS": "05370040", "ARS_0": "053700040040", "AGS_0": "05370040", "SDV_ARS": "053700040040", "GEN": "Wegberg", "BEZ": "Stadt", "NUTS": "DEA29", "RegioStaR7": "73", "scenario": 50, "year": 2038 }, "geometry": { "type": "Point", "coordinates": [ 6.278687176679973, 51.145512255959517 ] } },
{ "type": "Feature", "properties": { "id": "Wegberg_station", "num_hh": "8", "num_cars": 1, "ARS": "053700040040", "AGS": "05370040", "ARS_0": "053700040040", "AGS_0": "05370040", "SDV_ARS": "053700040040", "GEN": "Wegberg", "BEZ": "Stadt", "NUTS": "DEA29", "RegioStaR7": "73", "scenario": 50, "year": 2038 }, "geometry": { "type": "Point", "coordinates": [ 6.278354759778221, 51.145521735104637 ] } },
{ "type": "Feature", "properties": { "id": "Wegberg_station", "num_hh": "8", "num_cars": 1, "ARS": "053700040040", "AGS": "05370040", "ARS_0": "053700040040", "AGS_0": "05370040", "SDV_ARS": "053700040040", "GEN": "Wegberg", "BEZ": "Stadt", "NUTS": "DEA29", "RegioStaR7": "73", "scenario": 50, "year": 2038 }, "geometry": { "type": "Point", "coordinates": [ 6.277961903439788, 51.145502776812464 ] } },
{ "type": "Feature", "properties": { "id": "Wegberg_station", "num_hh": "8", "num_cars": 1, "ARS": "053700040040", "AGS": "05370040", "ARS_0": "053700040040", "AGS_0": "05370040", "SDV_ARS": "053700040040", "GEN": "Wegberg", "BEZ": "Stadt", "NUTS": "DEA29", "RegioStaR7": "73", "scenario": 50, "year": 2038 }, "geometry": { "type": "Point", "coordinates": [ 6.277584156960524, 51.145512255959517 ] } },
{ "type": "Feature", "properties": { "id": "Wegberg_station", "num_hh": "8", "num_cars": 1, "ARS": "053700040040", "AGS": "05370040", "ARS_0": "053700040040", "AGS_0": "05370040", "SDV_ARS": "053700040040", "GEN": "Wegberg", "BEZ": "Stadt", "NUTS": "DEA29", "RegioStaR7": "73", "scenario": 50, "year": 2038 }, "geometry": { "type": "Point", "coordinates": [ 6.278989373863383, 51.145825064857306 ] } },
{ "type": "Feature", "properties": { "id": "Wegberg_station", "num_hh": "8", "num_cars": 1, "ARS": "053700040040", "AGS": "05370040", "ARS_0": "053700040040", "AGS_0": "05370040", "SDV_ARS": "053700040040", "GEN": "Wegberg", "BEZ": "Stadt", "NUTS": "DEA29", "RegioStaR7": "73", "scenario": 50, "year": 2038 }, "geometry": { "type": "Point", "coordinates": [ 6.278656956961632, 51.145834544002426 ] } },
{ "type": "Feature", "properties": { "id": "Wegberg_station", "num_hh": "8", "num_cars": 1, "ARS": "053700040040", "AGS": "05370040", "ARS_0": "053700040040", "AGS_0": "05370040", "SDV_ARS": "053700040040", "GEN": "Wegberg", "BEZ": "Stadt", "NUTS": "DEA29", "RegioStaR7": "73", "scenario": 50, "year": 2038 }, "geometry": { "type": "Point", "coordinates": [ 6.278264100623199, 51.145815585710253 ] } },
{ "type": "Feature", "properties": { "id": "Wegberg_station", "num_hh": "8", "num_cars": 1, "ARS": "053700040040", "AGS": "05370040", "ARS_0": "053700040040", "AGS_0": "05370040", "SDV_ARS": "053700040040", "GEN": "Wegberg", "BEZ": "Stadt", "NUTS": "DEA29", "RegioStaR7": "73", "scenario": 50, "year": 2038 }, "geometry": { "type": "Point", "coordinates": [ 6.277886354143934, 51.145825064857306 ] } },
{ "type": "Feature", "properties": { "id": "Wegberg_station", "num_hh": "8", "num_cars": 1, "ARS": "053700040040", "AGS": "05370040", "ARS_0": "053700040040", "AGS_0": "05370040", "SDV_ARS": "053700040040", "GEN": "Wegberg", "BEZ": "Stadt", "NUTS": "DEA29", "RegioStaR7": "73", "scenario": 50, "year": 2038 }, "geometry": { "type": "Point", "coordinates": [ 6.279110252736747, 51.146109434742939 ] } },
{ "type": "Feature", "properties": { "id": "Wegberg_station", "num_hh": "8", "num_cars": 1, "ARS": "053700040040", "AGS": "05370040", "ARS_0": "053700040040", "AGS_0": "05370040", "SDV_ARS": "053700040040", "GEN": "Wegberg", "BEZ": "Stadt", "NUTS": "DEA29", "RegioStaR7": "73", "scenario": 50, "year": 2038 }, "geometry": { "type": "Point", "coordinates": [ 6.278777835834996, 51.14611891388806 ] } },
{ "type": "Feature", "properties": { "id": "Wegberg_station", "num_hh": "8", "num_cars": 1, "ARS": "053700040040", "AGS": "05370040", "ARS_0": "053700040040", "AGS_0": "05370040", "SDV_ARS": "053700040040", "GEN": "Wegberg", "BEZ": "Stadt", "NUTS": "DEA29", "RegioStaR7": "73", "scenario": 50, "year": 2038 }, "geometry": { "type": "Point", "coordinates": [ 6.278384979496563, 51.146099955595886 ] } },
{ "type": "Feature", "properties": { "id": "Wegberg_station", "num_hh": "8", "num_cars": 1, "ARS": "053700040040", "AGS": "05370040", "ARS_0": "053700040040", "AGS_0": "05370040", "SDV_ARS": "053700040040", "GEN": "Wegberg", "BEZ": "Stadt", "NUTS": "DEA29", "RegioStaR7": "73", "scenario": 50, "year": 2038 }, "geometry": { "type": "Point", "coordinates": [ 6.278007233017298, 51.146109434742939 ] } },
{ "type": "Feature", "properties": { "id": "Wegberg_station", "num_hh": "8", "num_cars": 1, "ARS": "053700040040", "AGS": "05370040", "ARS_0": "053700040040", "AGS_0": "05370040", "SDV_ARS": "053700040040", "GEN": "Wegberg", "BEZ": "Stadt", "NUTS": "DEA29", "RegioStaR7": "73", "scenario": 50, "year": 2038 }, "geometry": { "type": "Point", "coordinates": [ 6.279306680905965, 51.146469634082976 ] } },
{ "type": "Feature", "properties": { "id": "Wegberg_station", "num_hh": "7", "num_cars": 1, "ARS": "053700040040", "AGS": "05370040", "ARS_0": "053700040040", "AGS_0": "05370040", "SDV_ARS": "053700040040", "GEN": "Wegberg", "BEZ": "Stadt", "NUTS": "DEA29", "RegioStaR7": "73", "scenario": 50, "year": 2038 }, "geometry": { "type": "Point", "coordinates": [ 6.278974264004213, 51.146479113228096 ] } },
{ "type": "Feature", "properties": { "id": "Wegberg_station", "num_hh": "8", "num_cars": 1, "ARS": "053700040040", "AGS": "05370040", "ARS_0": "053700040040", "AGS_0": "05370040", "SDV_ARS": "053700040040", "GEN": "Wegberg", "BEZ": "Stadt", "NUTS": "DEA29", "RegioStaR7": "73", "scenario": 50, "year": 2038 }, "geometry": { "type": "Point", "coordinates": [ 6.27858140766578, 51.146460154935923 ] } },
{ "type": "Feature", "properties": { "id": "Wegberg_station", "num_hh": "8", "num_cars": 1, "ARS": "053700040040", "AGS": "05370040", "ARS_0": "053700040040", "AGS_0": "05370040", "SDV_ARS": "053700040040", "GEN": "Wegberg", "BEZ": "Stadt", "NUTS": "DEA29", "RegioStaR7": "73", "scenario": 50, "year": 2038 }, "geometry": { "type": "Point", "coordinates": [ 6.278203661186516, 51.146469634082976 ] } },
{ "type": "Feature", "properties": { "id": "Wegberg_station", "num_hh": "8", "num_cars": 1, "ARS": "053700040040", "AGS": "05370040", "ARS_0": "053700040040", "AGS_0": "05370040", "SDV_ARS": "053700040040", "GEN": "Wegberg", "BEZ": "Stadt", "NUTS": "DEA29", "RegioStaR7": "73", "scenario": 50, "year": 2038 }, "geometry": { "type": "Point", "coordinates": [ 6.279442669638499, 51.146772957662719 ] } },
{ "type": "Feature", "properties": { "id": "Wegberg_station", "num_hh": "8", "num_cars": 1, "ARS": "053700040040", "AGS": "05370040", "ARS_0": "053700040040", "AGS_0": "05370040", "SDV_ARS": "053700040040", "GEN": "Wegberg", "BEZ": "Stadt", "NUTS": "DEA29", "RegioStaR7": "73", "scenario": 50, "year": 2038 }, "geometry": { "type": "Point", "coordinates": [ 6.279110252736747, 51.14678243680784 ] } },
{ "type": "Feature", "properties": { "id": "Wegberg_station", "num_hh": "8", "num_cars": 1, "ARS": "053700040040", "AGS": "05370040", "ARS_0": "053700040040", "AGS_0": "05370040", "SDV_ARS": "053700040040", "GEN": "Wegberg", "BEZ": "Stadt", "NUTS": "DEA29", "RegioStaR7": "73", "scenario": 50, "year": 2038 }, "geometry": { "type": "Point", "coordinates": [ 6.278717396398314, 51.146763478515666 ] } },
{ "type": "Feature", "properties": { "id": "Wegberg_station", "num_hh": "8", "num_cars": 1, "ARS": "053700040040", "AGS": "05370040", "ARS_0": "053700040040", "AGS_0": "05370040", "SDV_ARS": "053700040040", "GEN": "Wegberg", "BEZ": "Stadt", "NUTS": "DEA29", "RegioStaR7": "73", "scenario": 50, "year": 2038 }, "geometry": { "type": "Point", "coordinates": [ 6.27833964991905, 51.146772957662719 ] } },
{ "type": "Feature", "properties": { "id": "Hueckelhoven_baal_station_1", "num_hh": "8", "num_cars": 1, "ARS": "053700020020", "AGS": "05370020", "ARS_0": "053700020020", "AGS_0": "05370020", "SDV_ARS": "053700020020", "GEN": "Hückelhoven", "BEZ": "Stadt", "NUTS": "DEA29", "RegioStaR7": "73", "scenario": 50, "year": 2038 }, "geometry": { "type": "Point", "coordinates": [ 6.275267463880281, 51.034290333358896 ] } },
{ "type": "Feature", "properties": { "id": "Hueckelhoven_baal_station_1", "num_hh": "8", "num_cars": 1, "ARS": "053700020020", "AGS": "05370020", "ARS_0": "053700020020", "AGS_0": "05370020", "SDV_ARS": "053700020020", "GEN": "Hückelhoven", "BEZ": "Stadt", "NUTS": "DEA29", "RegioStaR7": "73", "scenario": 50, "year": 2038 }, "geometry": { "type": "Point", "coordinates": [ 6.275033497998233, 51.034483441903113 ] } },
{ "type": "Feature", "properties": { "id": "Hueckelhoven_baal_station_1", "num_hh": "8", "num_cars": 1, "ARS": "053700020020", "AGS": "05370020", "ARS_0": "053700020020", "AGS_0": "05370020", "SDV_ARS": "053700020020", "GEN": "Hückelhoven", "BEZ": "Stadt", "NUTS": "DEA29", "RegioStaR7": "73", "scenario": 50, "year": 2038 }, "geometry": { "type": "Point", "coordinates": [ 6.274828777851439, 51.034648962871948 ] } },
{ "type": "Feature", "properties": { "id": "Hueckelhoven_baal_station_1", "num_hh": "8", "num_cars": 1, "ARS": "053700020020", "AGS": "05370020", "ARS_0": "053700020020", "AGS_0": "05370020", "SDV_ARS": "053700020020", "GEN": "Hückelhoven", "BEZ": "Stadt", "NUTS": "DEA29", "RegioStaR7": "73", "scenario": 50, "year": 2038 }, "geometry": { "type": "Point", "coordinates": [ 6.27459481196939, 51.034814483249548 ] } },
{ "type": "Feature", "properties": { "id": "Hueckelhoven_baal_station_1", "num_hh": "8", "num_cars": 1, "ARS": "053700020020", "AGS": "05370020", "ARS_0": "053700020020", "AGS_0": "05370020", "SDV_ARS": "053700020020", "GEN": "Hückelhoven", "BEZ": "Stadt", "NUTS": "DEA29", "RegioStaR7": "73", "scenario": 50, "year": 2038 }, "geometry": { "type": "Point", "coordinates": [ 6.274375468954967, 51.034961611977764 ] } },
{ "type": "Feature", "properties": { "id": "Hueckelhoven_baal_station_1", "num_hh": "8", "num_cars": 1, "ARS": "053700020020", "AGS": "05370020", "ARS_0": "053700020020", "AGS_0": "05370020", "SDV_ARS": "053700020020", "GEN": "Hückelhoven", "BEZ": "Stadt", "NUTS": "DEA29", "RegioStaR7": "73", "scenario": 50, "year": 2038 }, "geometry": { "type": "Point", "coordinates": [ 6.274156125940547, 51.035099544736205 ] } },
{ "type": "Feature", "properties": { "id": "Hueckelhoven_baal_station_1", "num_hh": "8", "num_cars": 1, "ARS": "053700020020", "AGS": "05370020", "ARS_0": "053700020020", "AGS_0": "05370020", "SDV_ARS": "053700020020", "GEN": "Hückelhoven", "BEZ": "Stadt", "NUTS": "DEA29", "RegioStaR7": "73", "scenario": 50, "year": 2038 }, "geometry": { "type": "Point", "coordinates": [ 6.275750018512008, 51.034428268115448 ] } },
{ "type": "Feature", "properties": { "id": "Hueckelhoven_baal_station_1", "num_hh": "8", "num_cars": 1, "ARS": "053700020020", "AGS": "05370020", "ARS_0": "053700020020", "AGS_0": "05370020", "SDV_ARS": "053700020020", "GEN": "Hückelhoven", "BEZ": "Stadt", "NUTS": "DEA29", "RegioStaR7": "73", "scenario": 50, "year": 2038 }, "geometry": { "type": "Point", "coordinates": [ 6.27551605262996, 51.034621376659665 ] } },
{ "type": "Feature", "properties": { "id": "Hueckelhoven_baal_station_1", "num_hh": "8", "num_cars": 1, "ARS": "053700020020", "AGS": "05370020", "ARS_0": "053700020020", "AGS_0": "05370020", "SDV_ARS": "053700020020", "GEN": "Hückelhoven", "BEZ": "Stadt", "NUTS": "DEA29", "RegioStaR7": "73", "scenario": 50, "year": 2038 }, "geometry": { "type": "Point", "coordinates": [ 6.275311332483166, 51.0347868976285 ] } },
{ "type": "Feature", "properties": { "id": "Hueckelhoven_baal_station_1", "num_hh": "8", "num_cars": 1, "ARS": "053700020020", "AGS": "05370020", "ARS_0": "053700020020", "AGS_0": "05370020", "SDV_ARS": "053700020020", "GEN": "Hückelhoven", "BEZ": "Stadt", "NUTS": "DEA29", "RegioStaR7": "73", "scenario": 50, "year": 2038 }, "geometry": { "type": "Point", "coordinates": [ 6.275077366601117, 51.0349524180061 ] } },
{ "type": "Feature", "properties": { "id": "Hueckelhoven_baal_station_1", "num_hh": "8", "num_cars": 1, "ARS": "053700020020", "AGS": "05370020", "ARS_0": "053700020020", "AGS_0": "05370020", "SDV_ARS": "053700020020", "GEN": "Hückelhoven", "BEZ": "Stadt", "NUTS": "DEA29", "RegioStaR7": "73", "scenario": 50, "year": 2038 }, "geometry": { "type": "Point", "coordinates": [ 6.274858023586694, 51.035099546734315 ] } },
{ "type": "Feature", "properties": { "id": "Hueckelhoven_baal_station_1", "num_hh": "8", "num_cars": 1, "ARS": "053700020020", "AGS": "05370020", "ARS_0": "053700020020", "AGS_0": "05370020", "SDV_ARS": "053700020020", "GEN": "Hückelhoven", "BEZ": "Stadt", "NUTS": "DEA29", "RegioStaR7": "73", "scenario": 50, "year": 2038 }, "geometry": { "type": "Point", "coordinates": [ 6.274638680572274, 51.035237479492757 ] } },
{ "type": "Feature", "properties": { "id": "Hueckelhoven_baal_station_1", "num_hh": "8", "num_cars": 1, "ARS": "053700020020", "AGS": "05370020", "ARS_0": "053700020020", "AGS_0": "05370020", "SDV_ARS": "053700020020", "GEN": "Hückelhoven", "BEZ": "Stadt", "NUTS": "DEA29", "RegioStaR7": "73", "scenario": 50, "year": 2038 }, "geometry": { "type": "Point", "coordinates": [ 6.276217950276108, 51.034593789281352 ] } },
{ "type": "Feature", "properties": { "id": "Hueckelhoven_baal_station_1", "num_hh": "8", "num_cars": 1, "ARS": "053700020020", "AGS": "05370020", "ARS_0": "053700020020", "AGS_0": "05370020", "SDV_ARS": "053700020020", "GEN": "Hückelhoven", "BEZ": "Stadt", "NUTS": "DEA29", "RegioStaR7": "73", "scenario": 50, "year": 2038 }, "geometry": { "type": "Point", "coordinates": [ 6.275983984394059, 51.034786897825569 ] } },
{ "type": "Feature", "properties": { "id": "Hueckelhoven_baal_station_1", "num_hh": "8", "num_cars": 1, "ARS": "053700020020", "AGS": "05370020", "ARS_0": "053700020020", "AGS_0": "05370020", "SDV_ARS": "053700020020", "GEN": "Hückelhoven", "BEZ": "Stadt", "NUTS": "DEA29", "RegioStaR7": "73", "scenario": 50, "year": 2038 }, "geometry": { "type": "Point", "coordinates": [ 6.275779264247265, 51.034952418794404 ] } },
{ "type": "Feature", "properties": { "id": "Hueckelhoven_baal_station_1", "num_hh": "8", "num_cars": 1, "ARS": "053700020020", "AGS": "05370020", "ARS_0": "053700020020", "AGS_0": "05370020", "SDV_ARS": "053700020020", "GEN": "Hückelhoven", "BEZ": "Stadt", "NUTS": "DEA29", "RegioStaR7": "73", "scenario": 50, "year": 2038 }, "geometry": { "type": "Point", "coordinates": [ 6.275545298365216, 51.035117939172004 ] } },
{ "type": "Feature", "properties": { "id": "Hueckelhoven_baal_station_1", "num_hh": "8", "num_cars": 1, "ARS": "053700020020", "AGS": "05370020", "ARS_0": "053700020020", "AGS_0": "05370020", "SDV_ARS": "053700020020", "GEN": "Hückelhoven", "BEZ": "Stadt", "NUTS": "DEA29", "RegioStaR7": "73", "scenario": 50, "year": 2038 }, "geometry": { "type": "Point", "coordinates": [ 6.275325955350794, 51.03526506790022 ] } },
{ "type": "Feature", "properties": { "id": "Hueckelhoven_baal_station_1", "num_hh": "8", "num_cars": 1, "ARS": "053700020020", "AGS": "05370020", "ARS_0": "053700020020", "AGS_0": "05370020", "SDV_ARS": "053700020020", "GEN": "Hückelhoven", "BEZ": "Stadt", "NUTS": "DEA29", "RegioStaR7": "73", "scenario": 50, "year": 2038 }, "geometry": { "type": "Point", "coordinates": [ 6.275106612336373, 51.035403000658661 ] } },
{ "type": "Feature", "properties": { "id": "Hueckelhoven_baal_station_1", "num_hh": "8", "num_cars": 1, "ARS": "053700020020", "AGS": "05370020", "ARS_0": "053700020020", "AGS_0": "05370020", "SDV_ARS": "053700020020", "GEN": "Hückelhoven", "BEZ": "Stadt", "NUTS": "DEA29", "RegioStaR7": "73", "scenario": 50, "year": 2038 }, "geometry": { "type": "Point", "coordinates": [ 6.276773619245976, 51.034796092125681 ] } },
{ "type": "Feature", "properties": { "id": "Hueckelhoven_baal_station_1", "num_hh": "8", "num_cars": 1, "ARS": "053700020020", "AGS": "05370020", "ARS_0": "053700020020", "AGS_0": "05370020", "SDV_ARS": "053700020020", "GEN": "Hückelhoven", "BEZ": "Stadt", "NUTS": "DEA29", "RegioStaR7": "73", "scenario": 50, "year": 2038 }, "geometry": { "type": "Point", "coordinates": [ 6.276539653363927, 51.034989200669898 ] } },
{ "type": "Feature", "properties": { "id": "Hueckelhoven_baal_station_1", "num_hh": "8", "num_cars": 1, "ARS": "053700020020", "AGS": "05370020", "ARS_0": "053700020020", "AGS_0": "05370020", "SDV_ARS": "053700020020", "GEN": "Hückelhoven", "BEZ": "Stadt", "NUTS": "DEA29", "RegioStaR7": "73", "scenario": 50, "year": 2038 }, "geometry": { "type": "Point", "coordinates": [ 6.276334933217133, 51.035154721638733 ] } },
{ "type": "Feature", "properties": { "id": "Hueckelhoven_baal_station_1", "num_hh": "8", "num_cars": 1, "ARS": "053700020020", "AGS": "05370020", "ARS_0": "053700020020", "AGS_0": "05370020", "SDV_ARS": "053700020020", "GEN": "Hückelhoven", "BEZ": "Stadt", "NUTS": "DEA29", "RegioStaR7": "73", "scenario": 50, "year": 2038 }, "geometry": { "type": "Point", "coordinates": [ 6.276100967335084, 51.035320242016333 ] } },
{ "type": "Feature", "properties": { "id": "Hueckelhoven_baal_station_1", "num_hh": "8", "num_cars": 1, "ARS": "053700020020", "AGS": "05370020", "ARS_0": "053700020020", "AGS_0": "05370020", "SDV_ARS": "053700020020", "GEN": "Hückelhoven", "BEZ": "Stadt", "NUTS": "DEA29", "RegioStaR7": "73", "scenario": 50, "year": 2038 }, "geometry": { "type": "Point", "coordinates": [ 6.27719768240719, 51.034980003035948 ] } },
{ "type": "Feature", "properties": { "id": "Hueckelhoven_baal_station_1", "num_hh": "8", "num_cars": 1, "ARS": "053700020020", "AGS": "05370020", "ARS_0": "053700020020", "AGS_0": "05370020", "SDV_ARS": "053700020020", "GEN": "Hückelhoven", "BEZ": "Stadt", "NUTS": "DEA29", "RegioStaR7": "73", "scenario": 50, "year": 2038 }, "geometry": { "type": "Point", "coordinates": [ 6.276963716525142, 51.035173111580164 ] } },
{ "type": "Feature", "properties": { "id": "Hueckelhoven_baal_station_1", "num_hh": "8", "num_cars": 1, "ARS": "053700020020", "AGS": "05370020", "ARS_0": "053700020020", "AGS_0": "05370020", "SDV_ARS": "053700020020", "GEN": "Hückelhoven", "BEZ": "Stadt", "NUTS": "DEA29", "RegioStaR7": "73", "scenario": 50, "year": 2038 }, "geometry": { "type": "Point", "coordinates": [ 6.276758996378348, 51.035338632548999 ] } },
{ "type": "Feature", "properties": { "id": "Hueckelhoven_baal_station_1", "num_hh": "8", "num_cars": 1, "ARS": "053700020020", "AGS": "05370020", "ARS_0": "053700020020", "AGS_0": "05370020", "SDV_ARS": "053700020020", "GEN": "Hückelhoven", "BEZ": "Stadt", "NUTS": "DEA29", "RegioStaR7": "73", "scenario": 50, "year": 2038 }, "geometry": { "type": "Point", "coordinates": [ 6.277621745568406, 51.035117935739649 ] } },
{ "type": "Feature", "properties": { "id": "Hueckelhoven_baal_station_1", "num_hh": "8", "num_cars": 1, "ARS": "053700020020", "AGS": "05370020", "ARS_0": "053700020020", "AGS_0": "05370020", "SDV_ARS": "053700020020", "GEN": "Hückelhoven", "BEZ": "Stadt", "NUTS": "DEA29", "RegioStaR7": "73", "scenario": 50, "year": 2038 }, "geometry": { "type": "Point", "coordinates": [ 6.277387779686357, 51.035311044283866 ] } },
{ "type": "Feature", "properties": { "id": "Eschweiler_hbf", "num_hh": "8", "num_cars": 1, "ARS": "053340012012", "AGS": "05334012", "ARS_0": "053340012012", "AGS_0": "05334012", "SDV_ARS": "053340012012", "GEN": "Eschweiler", "BEZ": "Stadt", "NUTS": "DEA2D", "RegioStaR7": "73", "scenario": 50, "year": 2038 }, "geometry": { "type": "Point", "coordinates": [ 6.251304697804848, 50.813269050068264 ] } },
{ "type": "Feature", "properties": { "id": "Eschweiler_hbf", "num_hh": "8", "num_cars": 1, "ARS": "053340012012", "AGS": "05334012", "ARS_0": "053340012012", "AGS_0": "05334012", "SDV_ARS": "053340012012", "GEN": "Eschweiler", "BEZ": "Stadt", "NUTS": "DEA2D", "RegioStaR7": "73", "scenario": 50, "year": 2038 }, "geometry": { "type": "Point", "coordinates": [ 6.251075713324181, 50.813160537090496 ] } },
{ "type": "Feature", "properties": { "id": "Eschweiler_hbf", "num_hh": "8", "num_cars": 1, "ARS": "053340012012", "AGS": "05334012", "ARS_0": "053340012012", "AGS_0": "05334012", "SDV_ARS": "053340012012", "GEN": "Eschweiler", "BEZ": "Stadt", "NUTS": "DEA2D", "RegioStaR7": "73", "scenario": 50, "year": 2038 }, "geometry": { "type": "Point", "coordinates": [ 6.250746548133223, 50.813033938297792 ] } },
{ "type": "Feature", "properties": { "id": "Eschweiler_hbf", "num_hh": "8", "num_cars": 1, "ARS": "053340012012", "AGS": "05334012", "ARS_0": "053340012012", "AGS_0": "05334012", "SDV_ARS": "053340012012", "GEN": "Eschweiler", "BEZ": "Stadt", "NUTS": "DEA2D", "RegioStaR7": "73", "scenario": 50, "year": 2038 }, "geometry": { "type": "Point", "coordinates": [ 6.250460317532391, 50.812907339161953 ] } },
{ "type": "Feature", "properties": { "id": "Eschweiler_hbf", "num_hh": "8", "num_cars": 1, "ARS": "053340012012", "AGS": "05334012", "ARS_0": "053340012012", "AGS_0": "05334012", "SDV_ARS": "053340012012", "GEN": "Eschweiler", "BEZ": "Stadt", "NUTS": "DEA2D", "RegioStaR7": "73", "scenario": 50, "year": 2038 }, "geometry": { "type": "Point", "coordinates": [ 6.250131152341432, 50.812780739682971 ] } },
{ "type": "Feature", "properties": { "id": "Eschweiler_hbf", "num_hh": "8", "num_cars": 1, "ARS": "053340012012", "AGS": "05334012", "ARS_0": "053340012012", "AGS_0": "05334012", "SDV_ARS": "053340012012", "GEN": "Eschweiler", "BEZ": "Stadt", "NUTS": "DEA2D", "RegioStaR7": "73", "scenario": 50, "year": 2038 }, "geometry": { "type": "Point", "coordinates": [ 6.250732236603183, 50.813440863563727 ] } },
{ "type": "Feature", "properties": { "id": "Eschweiler_hbf", "num_hh": "8", "num_cars": 1, "ARS": "053340012012", "AGS": "05334012", "ARS_0": "053340012012", "AGS_0": "05334012", "SDV_ARS": "053340012012", "GEN": "Eschweiler", "BEZ": "Stadt", "NUTS": "DEA2D", "RegioStaR7": "73", "scenario": 50, "year": 2038 }, "geometry": { "type": "Point", "coordinates": [ 6.250503252122516, 50.813332350585959 ] } },
{ "type": "Feature", "properties": { "id": "Eschweiler_hbf", "num_hh": "8", "num_cars": 1, "ARS": "053340012012", "AGS": "05334012", "ARS_0": "053340012012", "AGS_0": "05334012", "SDV_ARS": "053340012012", "GEN": "Eschweiler", "BEZ": "Stadt", "NUTS": "DEA2D", "RegioStaR7": "73", "scenario": 50, "year": 2038 }, "geometry": { "type": "Point", "coordinates": [ 6.250174086931557, 50.813205751793255 ] } },
{ "type": "Feature", "properties": { "id": "Eschweiler_hbf", "num_hh": "8", "num_cars": 1, "ARS": "053340012012", "AGS": "05334012", "ARS_0": "053340012012", "AGS_0": "05334012", "SDV_ARS": "053340012012", "GEN": "Eschweiler", "BEZ": "Stadt", "NUTS": "DEA2D", "RegioStaR7": "73", "scenario": 50, "year": 2038 }, "geometry": { "type": "Point", "coordinates": [ 6.249887856330726, 50.813079152657416 ] } },
{ "type": "Feature", "properties": { "id": "Eschweiler_hbf", "num_hh": "8", "num_cars": 1, "ARS": "053340012012", "AGS": "05334012", "ARS_0": "053340012012", "AGS_0": "05334012", "SDV_ARS": "053340012012", "GEN": "Eschweiler", "BEZ": "Stadt", "NUTS": "DEA2D", "RegioStaR7": "73", "scenario": 50, "year": 2038 }, "geometry": { "type": "Point", "coordinates": [ 6.249558691139767, 50.812952553178434 ] } },
{ "type": "Feature", "properties": { "id": "Eschweiler_hbf", "num_hh": "8", "num_cars": 1, "ARS": "053340012012", "AGS": "05334012", "ARS_0": "053340012012", "AGS_0": "05334012", "SDV_ARS": "053340012012", "GEN": "Eschweiler", "BEZ": "Stadt", "NUTS": "DEA2D", "RegioStaR7": "73", "scenario": 50, "year": 2038 }, "geometry": { "type": "Point", "coordinates": [ 6.249945102450893, 50.813540334245914 ] } },
{ "type": "Feature", "properties": { "id": "Eschweiler_hbf", "num_hh": "8", "num_cars": 1, "ARS": "053340012012", "AGS": "05334012", "ARS_0": "053340012012", "AGS_0": "05334012", "SDV_ARS": "053340012012", "GEN": "Eschweiler", "BEZ": "Stadt", "NUTS": "DEA2D", "RegioStaR7": "73", "scenario": 50, "year": 2038 }, "geometry": { "type": "Point", "coordinates": [ 6.249716117970226, 50.813431821268146 ] } },
{ "type": "Feature", "properties": { "id": "Eschweiler_hbf", "num_hh": "8", "num_cars": 1, "ARS": "053340012012", "AGS": "05334012", "ARS_0": "053340012012", "AGS_0": "05334012", "SDV_ARS": "053340012012", "GEN": "Eschweiler", "BEZ": "Stadt", "NUTS": "DEA2D", "RegioStaR7": "73", "scenario": 50, "year": 2038 }, "geometry": { "type": "Point", "coordinates": [ 6.249386952779267, 50.813305222475442 ] } },
{ "type": "Feature", "properties": { "id": "Eschweiler_hbf", "num_hh": "8", "num_cars": 1, "ARS": "053340012012", "AGS": "05334012", "ARS_0": "053340012012", "AGS_0": "05334012", "SDV_ARS": "053340012012", "GEN": "Eschweiler", "BEZ": "Stadt", "NUTS": "DEA2D", "RegioStaR7": "73", "scenario": 50, "year": 2038 }, "geometry": { "type": "Point", "coordinates": [ 6.249100722178436, 50.813178623339603 ] } },
{ "type": "Feature", "properties": { "id": "Eschweiler_hbf", "num_hh": "8", "num_cars": 1, "ARS": "053340012012", "AGS": "05334012", "ARS_0": "053340012012", "AGS_0": "05334012", "SDV_ARS": "053340012012", "GEN": "Eschweiler", "BEZ": "Stadt", "NUTS": "DEA2D", "RegioStaR7": "73", "scenario": 50, "year": 2038 }, "geometry": { "type": "Point", "coordinates": [ 6.248771556987477, 50.813052023860621 ] } },
{ "type": "Feature", "properties": { "id": "Eschweiler_hbf", "num_hh": "8", "num_cars": 1, "ARS": "053340012012", "AGS": "05334012", "ARS_0": "053340012012", "AGS_0": "05334012", "SDV_ARS": "053340012012", "GEN": "Eschweiler", "BEZ": "Stadt", "NUTS": "DEA2D", "RegioStaR7": "73", "scenario": 50, "year": 2038 }, "geometry": { "type": "Point", "coordinates": [ 6.249372641249226, 50.813685018496393 ] } },
{ "type": "Feature", "properties": { "id": "Eschweiler_hbf", "num_hh": "8", "num_cars": 1, "ARS": "053340012012", "AGS": "05334012", "ARS_0": "053340012012", "AGS_0": "05334012", "SDV_ARS": "053340012012", "GEN": "Eschweiler", "BEZ": "Stadt", "NUTS": "DEA2D", "RegioStaR7": "73", "scenario": 50, "year": 2038 }, "geometry": { "type": "Point", "coordinates": [ 6.24914365676856, 50.813576505518625 ] } },
{ "type": "Feature", "properties": { "id": "Eschweiler_hbf", "num_hh": "8", "num_cars": 1, "ARS": "053340012012", "AGS": "05334012", "ARS_0": "053340012012", "AGS_0": "05334012", "SDV_ARS": "053340012012", "GEN": "Eschweiler", "BEZ": "Stadt", "NUTS": "DEA2D", "RegioStaR7": "73", "scenario": 50, "year": 2038 }, "geometry": { "type": "Point", "coordinates": [ 6.248814491577601, 50.813449906725921 ] } },
{ "type": "Feature", "properties": { "id": "Eschweiler_hbf", "num_hh": "8", "num_cars": 1, "ARS": "053340012012", "AGS": "05334012", "ARS_0": "053340012012", "AGS_0": "05334012", "SDV_ARS": "053340012012", "GEN": "Eschweiler", "BEZ": "Stadt", "NUTS": "DEA2D", "RegioStaR7": "73", "scenario": 50, "year": 2038 }, "geometry": { "type": "Point", "coordinates": [ 6.248528260976769, 50.813323307590082 ] } },
{ "type": "Feature", "properties": { "id": "Eschweiler_hbf", "num_hh": "8", "num_cars": 1, "ARS": "053340012012", "AGS": "05334012", "ARS_0": "053340012012", "AGS_0": "05334012", "SDV_ARS": "053340012012", "GEN": "Eschweiler", "BEZ": "Stadt", "NUTS": "DEA2D", "RegioStaR7": "73", "scenario": 50, "year": 2038 }, "geometry": { "type": "Point", "coordinates": [ 6.248199095785811, 50.8131967081111 ] } },
{ "type": "Feature", "properties": { "id": "Eschweiler_hbf", "num_hh": "8", "num_cars": 1, "ARS": "053340012012", "AGS": "05334012", "ARS_0": "053340012012", "AGS_0": "05334012", "SDV_ARS": "053340012012", "GEN": "Eschweiler", "BEZ": "Stadt", "NUTS": "DEA2D", "RegioStaR7": "73", "scenario": 50, "year": 2038 }, "geometry": { "type": "Point", "coordinates": [ 6.249243837478851, 50.812807863350145 ] } },
{ "type": "Feature", "properties": { "id": "Eschweiler_hbf", "num_hh": "8", "num_cars": 1, "ARS": "053340012012", "AGS": "05334012", "ARS_0": "053340012012", "AGS_0": "05334012", "SDV_ARS": "053340012012", "GEN": "Eschweiler", "BEZ": "Stadt", "NUTS": "DEA2D", "RegioStaR7": "73", "scenario": 50, "year": 2038 }, "geometry": { "type": "Point", "coordinates": [ 6.249014852998185, 50.812699350372377 ] } },
{ "type": "Feature", "properties": { "id": "Eschweiler_hbf", "num_hh": "8", "num_cars": 1, "ARS": "053340012012", "AGS": "05334012", "ARS_0": "053340012012", "AGS_0": "05334012", "SDV_ARS": "053340012012", "GEN": "Eschweiler", "BEZ": "Stadt", "NUTS": "DEA2D", "RegioStaR7": "73", "scenario": 50, "year": 2038 }, "geometry": { "type": "Point", "coordinates": [ 6.248685687807226, 50.812572751579673 ] } },
{ "type": "Feature", "properties": { "id": "Eschweiler_hbf", "num_hh": "8", "num_cars": 1, "ARS": "053340012012", "AGS": "05334012", "ARS_0": "053340012012", "AGS_0": "05334012", "SDV_ARS": "053340012012", "GEN": "Eschweiler", "BEZ": "Stadt", "NUTS": "DEA2D", "RegioStaR7": "73", "scenario": 50, "year": 2038 }, "geometry": { "type": "Point", "coordinates": [ 6.248399457206395, 50.812446152443833 ] } },
{ "type": "Feature", "properties": { "id": "Eschweiler_hbf", "num_hh": "8", "num_cars": 1, "ARS": "053340012012", "AGS": "05334012", "ARS_0": "053340012012", "AGS_0": "05334012", "SDV_ARS": "053340012012", "GEN": "Eschweiler", "BEZ": "Stadt", "NUTS": "DEA2D", "RegioStaR7": "73", "scenario": 50, "year": 2038 }, "geometry": { "type": "Point", "coordinates": [ 6.248070292015436, 50.812319552964851 ] } },
{ "type": "Feature", "properties": { "id": "Eschweiler_hbf", "num_hh": "8", "num_cars": 1, "ARS": "053340012012", "AGS": "05334012", "ARS_0": "053340012012", "AGS_0": "05334012", "SDV_ARS": "053340012012", "GEN": "Eschweiler", "BEZ": "Stadt", "NUTS": "DEA2D", "RegioStaR7": "73", "scenario": 50, "year": 2038 }, "geometry": { "type": "Point", "coordinates": [ 6.248456703326561, 50.812934467650621 ] } },
{ "type": "Feature", "properties": { "id": "Eschweiler_hbf", "num_hh": "8", "num_cars": 1, "ARS": "053340012012", "AGS": "05334012", "ARS_0": "053340012012", "AGS_0": "05334012", "SDV_ARS": "053340012012", "GEN": "Eschweiler", "BEZ": "Stadt", "NUTS": "DEA2D", "RegioStaR7": "73", "scenario": 50, "year": 2038 }, "geometry": { "type": "Point", "coordinates": [ 6.248127538135603, 50.812807868171639 ] } },
{ "type": "Feature", "properties": { "id": "Hochneukirch_station", "num_hh": "8", "num_cars": 1, "ARS": "051620012012", "AGS": "05162012", "ARS_0": "051620012012", "AGS_0": "05162012", "SDV_ARS": "051620012012", "GEN": "Jüchen", "BEZ": "Stadt", "NUTS": "DEA1D", "RegioStaR7": "73", "scenario": 50, "year": 2038 }, "geometry": { "type": "Point", "coordinates": [ 6.464594840323948, 51.105141613398047 ] } },
{ "type": "Feature", "properties": { "id": "Hochneukirch_station", "num_hh": "8", "num_cars": 1, "ARS": "051620012012", "AGS": "05162012", "ARS_0": "051620012012", "AGS_0": "05162012", "SDV_ARS": "051620012012", "GEN": "Jüchen", "BEZ": "Stadt", "NUTS": "DEA1D", "RegioStaR7": "73", "scenario": 50, "year": 2038 }, "geometry": { "type": "Point", "coordinates": [ 6.464776415332981, 51.105265123784697 ] } },
{ "type": "Feature", "properties": { "id": "Hochneukirch_station", "num_hh": "8", "num_cars": 1, "ARS": "051620012012", "AGS": "05162012", "ARS_0": "051620012012", "AGS_0": "05162012", "SDV_ARS": "051620012012", "GEN": "Jüchen", "BEZ": "Stadt", "NUTS": "DEA1D", "RegioStaR7": "73", "scenario": 50, "year": 2038 }, "geometry": { "type": "Point", "coordinates": [ 6.464912596589756, 51.105417136115214 ] } },
{ "type": "Feature", "properties": { "id": "Hochneukirch_station", "num_hh": "7", "num_cars": 1, "ARS": "051620012012", "AGS": "05162012", "ARS_0": "051620012012", "AGS_0": "05162012", "SDV_ARS": "051620012012", "GEN": "Jüchen", "BEZ": "Stadt", "NUTS": "DEA1D", "RegioStaR7": "73", "scenario": 50, "year": 2038 }, "geometry": { "type": "Point", "coordinates": [ 6.465063909097283, 51.105578648668626 ] } },
{ "type": "Feature", "properties": { "id": "Hochneukirch_station", "num_hh": "8", "num_cars": 1, "ARS": "051620012012", "AGS": "05162012", "ARS_0": "051620012012", "AGS_0": "05162012", "SDV_ARS": "051620012012", "GEN": "Jüchen", "BEZ": "Stadt", "NUTS": "DEA1D", "RegioStaR7": "73", "scenario": 50, "year": 2038 }, "geometry": { "type": "Point", "coordinates": [ 6.465260615357071, 51.105749661345342 ] } },
{ "type": "Feature", "properties": { "id": "Hochneukirch_station", "num_hh": "8", "num_cars": 1, "ARS": "051620012012", "AGS": "05162012", "ARS_0": "051620012012", "AGS_0": "05162012", "SDV_ARS": "051620012012", "GEN": "Jüchen", "BEZ": "Stadt", "NUTS": "DEA1D", "RegioStaR7": "73", "scenario": 50, "year": 2038 }, "geometry": { "type": "Point", "coordinates": [ 6.464201427804374, 51.105293626166002 ] } },
{ "type": "Feature", "properties": { "id": "Hochneukirch_station", "num_hh": "8", "num_cars": 1, "ARS": "051620012012", "AGS": "05162012", "ARS_0": "051620012012", "AGS_0": "05162012", "SDV_ARS": "051620012012", "GEN": "Jüchen", "BEZ": "Stadt", "NUTS": "DEA1D", "RegioStaR7": "73", "scenario": 50, "year": 2038 }, "geometry": { "type": "Point", "coordinates": [ 6.464383002813407, 51.105417136552653 ] } },
{ "type": "Feature", "properties": { "id": "Hochneukirch_station", "num_hh": "8", "num_cars": 1, "ARS": "051620012012", "AGS": "05162012", "ARS_0": "051620012012", "AGS_0": "05162012", "SDV_ARS": "051620012012", "GEN": "Jüchen", "BEZ": "Stadt", "NUTS": "DEA1D", "RegioStaR7": "73", "scenario": 50, "year": 2038 }, "geometry": { "type": "Point", "coordinates": [ 6.464519184070182, 51.10556914888317 ] } },
{ "type": "Feature", "properties": { "id": "Hochneukirch_station", "num_hh": "8", "num_cars": 1, "ARS": "051620012012", "AGS": "05162012", "ARS_0": "051620012012", "AGS_0": "05162012", "SDV_ARS": "051620012012", "GEN": "Jüchen", "BEZ": "Stadt", "NUTS": "DEA1D", "RegioStaR7": "73", "scenario": 50, "year": 2038 }, "geometry": { "type": "Point", "coordinates": [ 6.46467049657771, 51.105730661436581 ] } },
{ "type": "Feature", "properties": { "id": "Hochneukirch_station", "num_hh": "8", "num_cars": 1, "ARS": "051620012012", "AGS": "05162012", "ARS_0": "051620012012", "AGS_0": "05162012", "SDV_ARS": "051620012012", "GEN": "Jüchen", "BEZ": "Stadt", "NUTS": "DEA1D", "RegioStaR7": "73", "scenario": 50, "year": 2038 }, "geometry": { "type": "Point", "coordinates": [ 6.464867202837497, 51.105901674113298 ] } },
{ "type": "Feature", "properties": { "id": "Hochneukirch_station", "num_hh": "8", "num_cars": 1, "ARS": "051620012012", "AGS": "05162012", "ARS_0": "051620012012", "AGS_0": "05162012", "SDV_ARS": "051620012012", "GEN": "Jüchen", "BEZ": "Stadt", "NUTS": "DEA1D", "RegioStaR7": "73", "scenario": 50, "year": 2038 }, "geometry": { "type": "Point", "coordinates": [ 6.463777752783296, 51.105455139184187 ] } },
{ "type": "Feature", "properties": { "id": "Hochneukirch_station", "num_hh": "8", "num_cars": 1, "ARS": "051620012012", "AGS": "05162012", "ARS_0": "051620012012", "AGS_0": "05162012", "SDV_ARS": "051620012012", "GEN": "Jüchen", "BEZ": "Stadt", "NUTS": "DEA1D", "RegioStaR7": "73", "scenario": 50, "year": 2038 }, "geometry": { "type": "Point", "coordinates": [ 6.463959327792329, 51.105578649570838 ] } },
{ "type": "Feature", "properties": { "id": "Hochneukirch_station", "num_hh": "8", "num_cars": 1, "ARS": "051620012012", "AGS": "05162012", "ARS_0": "051620012012", "AGS_0": "05162012", "SDV_ARS": "051620012012", "GEN": "Jüchen", "BEZ": "Stadt", "NUTS": "DEA1D", "RegioStaR7": "73", "scenario": 50, "year": 2038 }, "geometry": { "type": "Point", "coordinates": [ 6.464095509049105, 51.105730661901354 ] } },
{ "type": "Feature", "properties": { "id": "Hochneukirch_station", "num_hh": "8", "num_cars": 1, "ARS": "051620012012", "AGS": "05162012", "ARS_0": "051620012012", "AGS_0": "05162012", "SDV_ARS": "051620012012", "GEN": "Jüchen", "BEZ": "Stadt", "NUTS": "DEA1D", "RegioStaR7": "73", "scenario": 50, "year": 2038 }, "geometry": { "type": "Point", "coordinates": [ 6.464246821556632, 51.105892174454766 ] } },
{ "type": "Feature", "properties": { "id": "Hochneukirch_station", "num_hh": "8", "num_cars": 1, "ARS": "051620012012", "AGS": "05162012", "ARS_0": "051620012012", "AGS_0": "05162012", "SDV_ARS": "051620012012", "GEN": "Jüchen", "BEZ": "Stadt", "NUTS": "DEA1D", "RegioStaR7": "73", "scenario": 50, "year": 2038 }, "geometry": { "type": "Point", "coordinates": [ 6.464443527816419, 51.106063187131483 ] } },
{ "type": "Feature", "properties": { "id": "Hochneukirch_station", "num_hh": "8", "num_cars": 1, "ARS": "051620012012", "AGS": "05162012", "ARS_0": "051620012012", "AGS_0": "05162012", "SDV_ARS": "051620012012", "GEN": "Jüchen", "BEZ": "Stadt", "NUTS": "DEA1D", "RegioStaR7": "73", "scenario": 50, "year": 2038 }, "geometry": { "type": "Point", "coordinates": [ 6.463338946511464, 51.105597650202142 ] } },
{ "type": "Feature", "properties": { "id": "Hochneukirch_station", "num_hh": "8", "num_cars": 1, "ARS": "051620012012", "AGS": "05162012", "ARS_0": "051620012012", "AGS_0": "05162012", "SDV_ARS": "051620012012", "GEN": "Jüchen", "BEZ": "Stadt", "NUTS": "DEA1D", "RegioStaR7": "73", "scenario": 50, "year": 2038 }, "geometry": { "type": "Point", "coordinates": [ 6.463520521520497, 51.105721160588793 ] } },
{ "type": "Feature", "properties": { "id": "Hochneukirch_station", "num_hh": "8", "num_cars": 1, "ARS": "051620012012", "AGS": "05162012", "ARS_0": "051620012012", "AGS_0": "05162012", "SDV_ARS": "051620012012", "GEN": "Jüchen", "BEZ": "Stadt", "NUTS": "DEA1D", "RegioStaR7": "73", "scenario": 50, "year": 2038 }, "geometry": { "type": "Point", "coordinates": [ 6.463656702777272, 51.10587317291931 ] } },
{ "type": "Feature", "properties": { "id": "Hochneukirch_station", "num_hh": "8", "num_cars": 1, "ARS": "051620012012", "AGS": "05162012", "ARS_0": "051620012012", "AGS_0": "05162012", "SDV_ARS": "051620012012", "GEN": "Jüchen", "BEZ": "Stadt", "NUTS": "DEA1D", "RegioStaR7": "73", "scenario": 50, "year": 2038 }, "geometry": { "type": "Point", "coordinates": [ 6.463808015284799, 51.106034685472721 ] } },
{ "type": "Feature", "properties": { "id": "Hochneukirch_station", "num_hh": "8", "num_cars": 1, "ARS": "051620012012", "AGS": "05162012", "ARS_0": "051620012012", "AGS_0": "05162012", "SDV_ARS": "051620012012", "GEN": "Jüchen", "BEZ": "Stadt", "NUTS": "DEA1D", "RegioStaR7": "73", "scenario": 50, "year": 2038 }, "geometry": { "type": "Point", "coordinates": [ 6.464004721544587, 51.106205698149438 ] } },
{ "type": "Feature", "properties": { "id": "Hochneukirch_station", "num_hh": "8", "num_cars": 1, "ARS": "051620012012", "AGS": "05162012", "ARS_0": "051620012012", "AGS_0": "05162012", "SDV_ARS": "051620012012", "GEN": "Jüchen", "BEZ": "Stadt", "NUTS": "DEA1D", "RegioStaR7": "73", "scenario": 50, "year": 2038 }, "geometry": { "type": "Point", "coordinates": [ 6.462869877738128, 51.105816166242974 ] } },
{ "type": "Feature", "properties": { "id": "Hochneukirch_station", "num_hh": "8", "num_cars": 1, "ARS": "051620012012", "AGS": "05162012", "ARS_0": "051620012012", "AGS_0": "05162012", "SDV_ARS": "051620012012", "GEN": "Jüchen", "BEZ": "Stadt", "NUTS": "DEA1D", "RegioStaR7": "73", "scenario": 50, "year": 2038 }, "geometry": { "type": "Point", "coordinates": [ 6.463051452747161, 51.105939676629625 ] } },
{ "type": "Feature", "properties": { "id": "Hochneukirch_station", "num_hh": "8", "num_cars": 1, "ARS": "051620012012", "AGS": "05162012", "ARS_0": "051620012012", "AGS_0": "05162012", "SDV_ARS": "051620012012", "GEN": "Jüchen", "BEZ": "Stadt", "NUTS": "DEA1D", "RegioStaR7": "73", "scenario": 50, "year": 2038 }, "geometry": { "type": "Point", "coordinates": [ 6.463187634003936, 51.106091688960142 ] } },
{ "type": "Feature", "properties": { "id": "Hochneukirch_station", "num_hh": "8", "num_cars": 1, "ARS": "051620012012", "AGS": "05162012", "ARS_0": "051620012012", "AGS_0": "05162012", "SDV_ARS": "051620012012", "GEN": "Jüchen", "BEZ": "Stadt", "NUTS": "DEA1D", "RegioStaR7": "73", "scenario": 50, "year": 2038 }, "geometry": { "type": "Point", "coordinates": [ 6.463338946511463, 51.106253201513553 ] } },
{ "type": "Feature", "properties": { "id": "Hochneukirch_station", "num_hh": "8", "num_cars": 1, "ARS": "051620012012", "AGS": "05162012", "ARS_0": "051620012012", "AGS_0": "05162012", "SDV_ARS": "051620012012", "GEN": "Jüchen", "BEZ": "Stadt", "NUTS": "DEA1D", "RegioStaR7": "73", "scenario": 50, "year": 2038 }, "geometry": { "type": "Point", "coordinates": [ 6.463535652771251, 51.10642421419027 ] } },
{ "type": "Feature", "properties": { "id": "Hochneukirch_station", "num_hh": "8", "num_cars": 1, "ARS": "051620012012", "AGS": "05162012", "ARS_0": "051620012012", "AGS_0": "05162012", "SDV_ARS": "051620012012", "GEN": "Jüchen", "BEZ": "Stadt", "NUTS": "DEA1D", "RegioStaR7": "73", "scenario": 50, "year": 2038 }, "geometry": { "type": "Point", "coordinates": [ 6.462536990221566, 51.106025180619731 ] } },
{ "type": "Feature", "properties": { "id": "Hochneukirch_station", "num_hh": "8", "num_cars": 1, "ARS": "051620012012", "AGS": "05162012", "ARS_0": "051620012012", "AGS_0": "05162012", "SDV_ARS": "051620012012", "GEN": "Jüchen", "BEZ": "Stadt", "NUTS": "DEA1D", "RegioStaR7": "73", "scenario": 50, "year": 2038 }, "geometry": { "type": "Point", "coordinates": [ 6.462718565230599, 51.106148691006382 ] } },
{ "type": "Feature", "properties": { "id": "Hochneukirch_station", "num_hh": "8", "num_cars": 1, "ARS": "051620012012", "AGS": "05162012", "ARS_0": "051620012012", "AGS_0": "05162012", "SDV_ARS": "051620012012", "GEN": "Jüchen", "BEZ": "Stadt", "NUTS": "DEA1D", "RegioStaR7": "73", "scenario": 50, "year": 2038 }, "geometry": { "type": "Point", "coordinates": [ 6.462854746487374, 51.106300703336899 ] } },
{ "type": "Feature", "properties": { "id": "Hochneukirch_station", "num_hh": "8", "num_cars": 1, "ARS": "051620012012", "AGS": "05162012", "ARS_0": "051620012012", "AGS_0": "05162012", "SDV_ARS": "051620012012", "GEN": "Jüchen", "BEZ": "Stadt", "NUTS": "DEA1D", "RegioStaR7": "73", "scenario": 50, "year": 2038 }, "geometry": { "type": "Point", "coordinates": [ 6.463006058994901, 51.106462215890311 ] } },
{ "type": "Feature", "properties": { "id": "Hochneukirch_station", "num_hh": "8", "num_cars": 1, "ARS": "051620012012", "AGS": "05162012", "ARS_0": "051620012012", "AGS_0": "05162012", "SDV_ARS": "051620012012", "GEN": "Jüchen", "BEZ": "Stadt", "NUTS": "DEA1D", "RegioStaR7": "73", "scenario": 50, "year": 2038 }, "geometry": { "type": "Point", "coordinates": [ 6.463202765254689, 51.106633228567027 ] } },
{ "type": "Feature", "properties": { "id": "Koenigsdorf_station", "num_hh": "8", "num_cars": 1, "ARS": "053620024024", "AGS": "05362024", "ARS_0": "053620024024", "AGS_0": "05362024", "SDV_ARS": "053620024024", "GEN": "Frechen", "BEZ": "Stadt", "NUTS": "DEA27", "RegioStaR7": "73", "scenario": 50, "year": 2038 }, "geometry": { "type": "Point", "coordinates": [ 6.779302682303649, 50.936311317756818 ] } },
{ "type": "Feature", "properties": { "id": "Koenigsdorf_station", "num_hh": "8", "num_cars": 1, "ARS": "053620024024", "AGS": "05362024", "ARS_0": "053620024024", "AGS_0": "05362024", "SDV_ARS": "053620024024", "GEN": "Frechen", "BEZ": "Stadt", "NUTS": "DEA27", "RegioStaR7": "73", "scenario": 50, "year": 2038 }, "geometry": { "type": "Point", "coordinates": [ 6.779599138780889, 50.936367364337912 ] } },
{ "type": "Feature", "properties": { "id": "Koenigsdorf_station", "num_hh": "8", "num_cars": 1, "ARS": "053620024024", "AGS": "05362024", "ARS_0": "053620024024", "AGS_0": "05362024", "SDV_ARS": "053620024024", "GEN": "Frechen", "BEZ": "Stadt", "NUTS": "DEA27", "RegioStaR7": "73", "scenario": 50, "year": 2038 }, "geometry": { "type": "Point", "coordinates": [ 6.779865949610406, 50.936423410851461 ] } },
{ "type": "Feature", "properties": { "id": "Koenigsdorf_station", "num_hh": "8", "num_cars": 1, "ARS": "053620024024", "AGS": "05362024", "ARS_0": "053620024024", "AGS_0": "05362024", "SDV_ARS": "053620024024", "GEN": "Frechen", "BEZ": "Stadt", "NUTS": "DEA27", "RegioStaR7": "73", "scenario": 50, "year": 2038 }, "geometry": { "type": "Point", "coordinates": [ 6.780162406087646, 50.93647011622781 ] } },
{ "type": "Feature", "properties": { "id": "Koenigsdorf_station", "num_hh": "8", "num_cars": 1, "ARS": "053620024024", "AGS": "05362024", "ARS_0": "053620024024", "AGS_0": "05362024", "SDV_ARS": "053620024024", "GEN": "Frechen", "BEZ": "Stadt", "NUTS": "DEA27", "RegioStaR7": "73", "scenario": 50, "year": 2038 }, "geometry": { "type": "Point", "coordinates": [ 6.780473685388749, 50.936516821557269 ] } },
{ "type": "Feature", "properties": { "id": "Koenigsdorf_station", "num_hh": "8", "num_cars": 1, "ARS": "053620024024", "AGS": "05362024", "ARS_0": "053620024024", "AGS_0": "05362024", "SDV_ARS": "053620024024", "GEN": "Frechen", "BEZ": "Stadt", "NUTS": "DEA27", "RegioStaR7": "73", "scenario": 50, "year": 2038 }, "geometry": { "type": "Point", "coordinates": [ 6.780784964689852, 50.936563526839798 ] } },
{ "type": "Feature", "properties": { "id": "Koenigsdorf_station", "num_hh": "8", "num_cars": 1, "ARS": "053620024024", "AGS": "05362024", "ARS_0": "053620024024", "AGS_0": "05362024", "SDV_ARS": "053620024024", "GEN": "Frechen", "BEZ": "Stadt", "NUTS": "DEA27", "RegioStaR7": "73", "scenario": 50, "year": 2038 }, "geometry": { "type": "Point", "coordinates": [ 6.778546718286686, 50.935890966245474 ] } },
{ "type": "Feature", "properties": { "id": "Koenigsdorf_station", "num_hh": "8", "num_cars": 1, "ARS": "053620024024", "AGS": "05362024", "ARS_0": "053620024024", "AGS_0": "05362024", "SDV_ARS": "053620024024", "GEN": "Frechen", "BEZ": "Stadt", "NUTS": "DEA27", "RegioStaR7": "73", "scenario": 50, "year": 2038 }, "geometry": { "type": "Point", "coordinates": [ 6.778857997587789, 50.935937672156598 ] } },
{ "type": "Feature", "properties": { "id": "Koenigsdorf_station", "num_hh": "8", "num_cars": 1, "ARS": "053620024024", "AGS": "05362024", "ARS_0": "053620024024", "AGS_0": "05362024", "SDV_ARS": "053620024024", "GEN": "Frechen", "BEZ": "Stadt", "NUTS": "DEA27", "RegioStaR7": "73", "scenario": 50, "year": 2038 }, "geometry": { "type": "Point", "coordinates": [ 6.778976580178684, 50.935750848230654 ] } },
{ "type": "Feature", "properties": { "id": "Koenigsdorf_station", "num_hh": "8", "num_cars": 1, "ARS": "053620024024", "AGS": "05362024", "ARS_0": "053620024024", "AGS_0": "05362024", "SDV_ARS": "053620024024", "GEN": "Frechen", "BEZ": "Stadt", "NUTS": "DEA27", "RegioStaR7": "73", "scenario": 50, "year": 2038 }, "geometry": { "type": "Point", "coordinates": [ 6.778606009582134, 50.935694800906525 ] } },
{ "type": "Feature", "properties": { "id": "Koenigsdorf_station", "num_hh": "8", "num_cars": 1, "ARS": "053620024024", "AGS": "05362024", "ARS_0": "053620024024", "AGS_0": "05362024", "SDV_ARS": "053620024024", "GEN": "Frechen", "BEZ": "Stadt", "NUTS": "DEA27", "RegioStaR7": "73", "scenario": 50, "year": 2038 }, "geometry": { "type": "Point", "coordinates": [ 6.77931750512751, 50.93600306035335 ] } },
{ "type": "Feature", "properties": { "id": "Koenigsdorf_station", "num_hh": "8", "num_cars": 1, "ARS": "053620024024", "AGS": "05362024", "ARS_0": "053620024024", "AGS_0": "05362024", "SDV_ARS": "053620024024", "GEN": "Frechen", "BEZ": "Stadt", "NUTS": "DEA27", "RegioStaR7": "73", "scenario": 50, "year": 2038 }, "geometry": { "type": "Point", "coordinates": [ 6.779658430076338, 50.936096471903518 ] } },
{ "type": "Feature", "properties": { "id": "Koenigsdorf_station", "num_hh": "8", "num_cars": 1, "ARS": "053620024024", "AGS": "05362024", "ARS_0": "053620024024", "AGS_0": "05362024", "SDV_ARS": "053620024024", "GEN": "Frechen", "BEZ": "Stadt", "NUTS": "DEA27", "RegioStaR7": "73", "scenario": 50, "year": 2038 }, "geometry": { "type": "Point", "coordinates": [ 6.779806658314958, 50.935956354507908 ] } },
{ "type": "Feature", "properties": { "id": "Koenigsdorf_station", "num_hh": "8", "num_cars": 1, "ARS": "053620024024", "AGS": "05362024", "ARS_0": "053620024024", "AGS_0": "05362024", "SDV_ARS": "053620024024", "GEN": "Frechen", "BEZ": "Stadt", "NUTS": "DEA27", "RegioStaR7": "73", "scenario": 50, "year": 2038 }, "geometry": { "type": "Point", "coordinates": [ 6.779480556189993, 50.93586294267628 ] } },
{ "type": "Feature", "properties": { "id": "Koenigsdorf_station", "num_hh": "8", "num_cars": 1, "ARS": "053620024024", "AGS": "05362024", "ARS_0": "053620024024", "AGS_0": "05362024", "SDV_ARS": "053620024024", "GEN": "Frechen", "BEZ": "Stadt", "NUTS": "DEA27", "RegioStaR7": "73", "scenario": 50, "year": 2038 }, "geometry": { "type": "Point", "coordinates": [ 6.780251343030818, 50.936133836471036 ] } },
{ "type": "Feature", "properties": { "id": "Koenigsdorf_station", "num_hh": "8", "num_cars": 1, "ARS": "053620024024", "AGS": "05362024", "ARS_0": "053620024024", "AGS_0": "05362024", "SDV_ARS": "053620024024", "GEN": "Frechen", "BEZ": "Stadt", "NUTS": "DEA27", "RegioStaR7": "73", "scenario": 50, "year": 2038 }, "geometry": { "type": "Point", "coordinates": [ 6.780399571269439, 50.935956354507908 ] } },
{ "type": "Feature", "properties": { "id": "Koenigsdorf_station", "num_hh": "8", "num_cars": 1, "ARS": "053620024024", "AGS": "05362024", "ARS_0": "053620024024", "AGS_0": "05362024", "SDV_ARS": "053620024024", "GEN": "Frechen", "BEZ": "Stadt", "NUTS": "DEA27", "RegioStaR7": "73", "scenario": 50, "year": 2038 }, "geometry": { "type": "Point", "coordinates": [ 6.780725673394404, 50.936012401516805 ] } },
{ "type": "Feature", "properties": { "id": "Koenigsdorf_station", "num_hh": "8", "num_cars": 1, "ARS": "053620024024", "AGS": "05362024", "ARS_0": "053620024024", "AGS_0": "05362024", "SDV_ARS": "053620024024", "GEN": "Frechen", "BEZ": "Stadt", "NUTS": "DEA27", "RegioStaR7": "73", "scenario": 50, "year": 2038 }, "geometry": { "type": "Point", "coordinates": [ 6.780607090803508, 50.936180542138239 ] } },
{ "type": "Feature", "properties": { "id": "Koenigsdorf_station", "num_hh": "8", "num_cars": 1, "ARS": "053620024024", "AGS": "05362024", "ARS_0": "053620024024", "AGS_0": "05362024", "SDV_ARS": "053620024024", "GEN": "Frechen", "BEZ": "Stadt", "NUTS": "DEA27", "RegioStaR7": "73", "scenario": 50, "year": 2038 }, "geometry": { "type": "Point", "coordinates": [ 6.780873901633024, 50.936255271108166 ] } },
{ "type": "Feature", "properties": { "id": "Koenigsdorf_station", "num_hh": "8", "num_cars": 1, "ARS": "053620024024", "AGS": "05362024", "ARS_0": "053620024024", "AGS_0": "05362024", "SDV_ARS": "053620024024", "GEN": "Frechen", "BEZ": "Stadt", "NUTS": "DEA27", "RegioStaR7": "73", "scenario": 50, "year": 2038 }, "geometry": { "type": "Point", "coordinates": [ 6.781022129871645, 50.936059107305972 ] } },
{ "type": "Feature", "properties": { "id": "Koenigsdorf_station", "num_hh": "8", "num_cars": 1, "ARS": "053620024024", "AGS": "05362024", "ARS_0": "053620024024", "AGS_0": "05362024", "SDV_ARS": "053620024024", "GEN": "Frechen", "BEZ": "Stadt", "NUTS": "DEA27", "RegioStaR7": "73", "scenario": 50, "year": 2038 }, "geometry": { "type": "Point", "coordinates": [ 6.781333409172747, 50.936115154191036 ] } },
{ "type": "Feature", "properties": { "id": "Koenigsdorf_station", "num_hh": "8", "num_cars": 1, "ARS": "053620024024", "AGS": "05362024", "ARS_0": "053620024024", "AGS_0": "05362024", "SDV_ARS": "053620024024", "GEN": "Frechen", "BEZ": "Stadt", "NUTS": "DEA27", "RegioStaR7": "73", "scenario": 50, "year": 2038 }, "geometry": { "type": "Point", "coordinates": [ 6.781229649405714, 50.936292635548106 ] } },
{ "type": "Feature", "properties": { "id": "Koenigsdorf_station", "num_hh": "8", "num_cars": 1, "ARS": "053620024024", "AGS": "05362024", "ARS_0": "053620024024", "AGS_0": "05362024", "SDV_ARS": "053620024024", "GEN": "Frechen", "BEZ": "Stadt", "NUTS": "DEA27", "RegioStaR7": "73", "scenario": 50, "year": 2038 }, "geometry": { "type": "Point", "coordinates": [ 6.781511283059092, 50.936348682151717 ] } },
{ "type": "Feature", "properties": { "id": "Koenigsdorf_station", "num_hh": "8", "num_cars": 1, "ARS": "053620024024", "AGS": "05362024", "ARS_0": "053620024024", "AGS_0": "05362024", "SDV_ARS": "053620024024", "GEN": "Frechen", "BEZ": "Stadt", "NUTS": "DEA27", "RegioStaR7": "73", "scenario": 50, "year": 2038 }, "geometry": { "type": "Point", "coordinates": [ 6.781644688473849, 50.93619922439197 ] } },
{ "type": "Feature", "properties": { "id": "Koenigsdorf_station", "num_hh": "8", "num_cars": 1, "ARS": "053620024024", "AGS": "05362024", "ARS_0": "053620024024", "AGS_0": "05362024", "SDV_ARS": "053620024024", "GEN": "Frechen", "BEZ": "Stadt", "NUTS": "DEA27", "RegioStaR7": "73", "scenario": 50, "year": 2038 }, "geometry": { "type": "Point", "coordinates": [ 6.781763271064746, 50.936451434082905 ] } },
{ "type": "Feature", "properties": { "id": "Koenigsdorf_station", "num_hh": "8", "num_cars": 1, "ARS": "053620024024", "AGS": "05362024", "ARS_0": "053620024024", "AGS_0": "05362024", "SDV_ARS": "053620024024", "GEN": "Frechen", "BEZ": "Stadt", "NUTS": "DEA27", "RegioStaR7": "73", "scenario": 50, "year": 2038 }, "geometry": { "type": "Point", "coordinates": [ 6.781911499303367, 50.936273953331899 ] } },
{ "type": "Feature", "properties": { "id": "Koenigsdorf_station", "num_hh": "8", "num_cars": 1, "ARS": "053620024024", "AGS": "05362024", "ARS_0": "053620024024", "AGS_0": "05362024", "SDV_ARS": "053620024024", "GEN": "Frechen", "BEZ": "Stadt", "NUTS": "DEA27", "RegioStaR7": "73", "scenario": 50, "year": 2038 }, "geometry": { "type": "Point", "coordinates": [ 6.782178310132883, 50.936358023245752 ] } },
{ "type": "Feature", "properties": { "id": "Koenigsdorf_station", "num_hh": "8", "num_cars": 1, "ARS": "053620024024", "AGS": "05362024", "ARS_0": "053620024024", "AGS_0": "05362024", "SDV_ARS": "053620024024", "GEN": "Frechen", "BEZ": "Stadt", "NUTS": "DEA27", "RegioStaR7": "73", "scenario": 50, "year": 2038 }, "geometry": { "type": "Point", "coordinates": [ 6.782030081894263, 50.936507480495116 ] } },
{ "type": "Feature", "properties": { "id": "Koenigsdorf_station", "num_hh": "8", "num_cars": 1, "ARS": "053620024024", "AGS": "05362024", "ARS_0": "053620024024", "AGS_0": "05362024", "SDV_ARS": "053620024024", "GEN": "Frechen", "BEZ": "Stadt", "NUTS": "DEA27", "RegioStaR7": "73", "scenario": 50, "year": 2038 }, "geometry": { "type": "Point", "coordinates": [ 6.781081421167092, 50.936610232075424 ] } },
{ "type": "Feature", "properties": { "id": "Koenigsdorf_station", "num_hh": "8", "num_cars": 1, "ARS": "053620024024", "AGS": "05362024", "ARS_0": "053620024024", "AGS_0": "05362024", "SDV_ARS": "053620024024", "GEN": "Frechen", "BEZ": "Stadt", "NUTS": "DEA27", "RegioStaR7": "73", "scenario": 50, "year": 2038 }, "geometry": { "type": "Point", "coordinates": [ 6.781392700468195, 50.936656937264139 ] } },
{ "type": "Feature", "properties": { "id": "Koenigsdorf_station", "num_hh": "8", "num_cars": 1, "ARS": "053620024024", "AGS": "05362024", "ARS_0": "053620024024", "AGS_0": "05362024", "SDV_ARS": "053620024024", "GEN": "Frechen", "BEZ": "Stadt", "NUTS": "DEA27", "RegioStaR7": "73", "scenario": 50, "year": 2038 }, "geometry": { "type": "Point", "coordinates": [ 6.781733625417023, 50.936731665468521 ] } },
{ "type": "Feature", "properties": { "id": "Huchem_stammeln_station_4", "num_hh": "8", "num_cars": 1, "ARS": "053580048048", "AGS": "05358048", "ARS_0": "053580048048", "AGS_0": "05358048", "SDV_ARS": "053580048048", "GEN": "Niederzier", "BEZ": "Gemeinde", "NUTS": "DEA26", "RegioStaR7": "73", "scenario": 50, "year": 2038 }, "geometry": { "type": "Point", "coordinates": [ 6.454441383906812, 50.854910462710436 ] } },
{ "type": "Feature", "properties": { "id": "Huchem_stammeln_station_4", "num_hh": "8", "num_cars": 1, "ARS": "053580048048", "AGS": "05358048", "ARS_0": "053580048048", "AGS_0": "05358048", "SDV_ARS": "053580048048", "GEN": "Niederzier", "BEZ": "Gemeinde", "NUTS": "DEA26", "RegioStaR7": "73", "scenario": 50, "year": 2038 }, "geometry": { "type": "Point", "coordinates": [ 6.454681499987293, 50.854952568794737 ] } },
{ "type": "Feature", "properties": { "id": "Huchem_stammeln_station_4", "num_hh": "8", "num_cars": 1, "ARS": "053580048048", "AGS": "05358048", "ARS_0": "053580048048", "AGS_0": "05358048", "SDV_ARS": "053580048048", "GEN": "Niederzier", "BEZ": "Gemeinde", "NUTS": "DEA26", "RegioStaR7": "73", "scenario": 50, "year": 2038 }, "geometry": { "type": "Point", "coordinates": [ 6.455001654761267, 50.855028359650689 ] } },
{ "type": "Feature", "properties": { "id": "Huchem_stammeln_station_4", "num_hh": "8", "num_cars": 1, "ARS": "053580048048", "AGS": "05358048", "ARS_0": "053580048048", "AGS_0": "05358048", "SDV_ARS": "053580048048", "GEN": "Niederzier", "BEZ": "Gemeinde", "NUTS": "DEA26", "RegioStaR7": "73", "scenario": 50, "year": 2038 }, "geometry": { "type": "Point", "coordinates": [ 6.455321809535241, 50.855062044436011 ] } },
{ "type": "Feature", "properties": { "id": "Huchem_stammeln_station_4", "num_hh": "8", "num_cars": 1, "ARS": "053580048048", "AGS": "05358048", "ARS_0": "053580048048", "AGS_0": "05358048", "SDV_ARS": "053580048048", "GEN": "Niederzier", "BEZ": "Gemeinde", "NUTS": "DEA26", "RegioStaR7": "73", "scenario": 50, "year": 2038 }, "geometry": { "type": "Point", "coordinates": [ 6.455615284744717, 50.855129413933682 ] } },
{ "type": "Feature", "properties": { "id": "Huchem_stammeln_station_4", "num_hh": "8", "num_cars": 1, "ARS": "053580048048", "AGS": "05358048", "ARS_0": "053580048048", "AGS_0": "05358048", "SDV_ARS": "053580048048", "GEN": "Niederzier", "BEZ": "Gemeinde", "NUTS": "DEA26", "RegioStaR7": "73", "scenario": 50, "year": 2038 }, "geometry": { "type": "Point", "coordinates": [ 6.455908759954195, 50.855179940993068 ] } },
{ "type": "Feature", "properties": { "id": "Huchem_stammeln_station_4", "num_hh": "8", "num_cars": 1, "ARS": "053580048048", "AGS": "05358048", "ARS_0": "053580048048", "AGS_0": "05358048", "SDV_ARS": "053580048048", "GEN": "Niederzier", "BEZ": "Gemeinde", "NUTS": "DEA26", "RegioStaR7": "73", "scenario": 50, "year": 2038 }, "geometry": { "type": "Point", "coordinates": [ 6.456148876034674, 50.855238889159835 ] } },
{ "type": "Feature", "properties": { "id": "Huchem_stammeln_station_4", "num_hh": "8", "num_cars": 1, "ARS": "053580048048", "AGS": "05358048", "ARS_0": "053580048048", "AGS_0": "05358048", "SDV_ARS": "053580048048", "GEN": "Niederzier", "BEZ": "Gemeinde", "NUTS": "DEA26", "RegioStaR7": "73", "scenario": 50, "year": 2038 }, "geometry": { "type": "Point", "coordinates": [ 6.456469030808649, 50.855289416100618 ] } },
{ "type": "Feature", "properties": { "id": "Huchem_stammeln_station_4", "num_hh": "7", "num_cars": 1, "ARS": "053580048048", "AGS": "05358048", "ARS_0": "053580048048", "AGS_0": "05358048", "SDV_ARS": "053580048048", "GEN": "Niederzier", "BEZ": "Gemeinde", "NUTS": "DEA26", "RegioStaR7": "73", "scenario": 50, "year": 2038 }, "geometry": { "type": "Point", "coordinates": [ 6.454214607608581, 50.855154677470217 ] } },
{ "type": "Feature", "properties": { "id": "Huchem_stammeln_station_4", "num_hh": "8", "num_cars": 1, "ARS": "053580048048", "AGS": "05358048", "ARS_0": "053580048048", "AGS_0": "05358048", "SDV_ARS": "053580048048", "GEN": "Niederzier", "BEZ": "Gemeinde", "NUTS": "DEA26", "RegioStaR7": "73", "scenario": 50, "year": 2038 }, "geometry": { "type": "Point", "coordinates": [ 6.454454723689062, 50.855196783554518 ] } },
{ "type": "Feature", "properties": { "id": "Huchem_stammeln_station_4", "num_hh": "8", "num_cars": 1, "ARS": "053580048048", "AGS": "05358048", "ARS_0": "053580048048", "AGS_0": "05358048", "SDV_ARS": "053580048048", "GEN": "Niederzier", "BEZ": "Gemeinde", "NUTS": "DEA26", "RegioStaR7": "73", "scenario": 50, "year": 2038 }, "geometry": { "type": "Point", "coordinates": [ 6.454774878463035, 50.855272574410471 ] } },
{ "type": "Feature", "properties": { "id": "Huchem_stammeln_station_4", "num_hh": "8", "num_cars": 1, "ARS": "053580048048", "AGS": "05358048", "ARS_0": "053580048048", "AGS_0": "05358048", "SDV_ARS": "053580048048", "GEN": "Niederzier", "BEZ": "Gemeinde", "NUTS": "DEA26", "RegioStaR7": "73", "scenario": 50, "year": 2038 }, "geometry": { "type": "Point", "coordinates": [ 6.45509503323701, 50.855306259195793 ] } },
{ "type": "Feature", "properties": { "id": "Huchem_stammeln_station_4", "num_hh": "8", "num_cars": 1, "ARS": "053580048048", "AGS": "05358048", "ARS_0": "053580048048", "AGS_0": "05358048", "SDV_ARS": "053580048048", "GEN": "Niederzier", "BEZ": "Gemeinde", "NUTS": "DEA26", "RegioStaR7": "73", "scenario": 50, "year": 2038 }, "geometry": { "type": "Point", "coordinates": [ 6.455388508446485, 50.855373628693464 ] } },
{ "type": "Feature", "properties": { "id": "Huchem_stammeln_station_4", "num_hh": "8", "num_cars": 1, "ARS": "053580048048", "AGS": "05358048", "ARS_0": "053580048048", "AGS_0": "05358048", "SDV_ARS": "053580048048", "GEN": "Niederzier", "BEZ": "Gemeinde", "NUTS": "DEA26", "RegioStaR7": "73", "scenario": 50, "year": 2038 }, "geometry": { "type": "Point", "coordinates": [ 6.455681983655963, 50.85542415575285 ] } },
{ "type": "Feature", "properties": { "id": "Huchem_stammeln_station_4", "num_hh": "8", "num_cars": 1, "ARS": "053580048048", "AGS": "05358048", "ARS_0": "053580048048", "AGS_0": "05358048", "SDV_ARS": "053580048048", "GEN": "Niederzier", "BEZ": "Gemeinde", "NUTS": "DEA26", "RegioStaR7": "73", "scenario": 50, "year": 2038 }, "geometry": { "type": "Point", "coordinates": [ 6.455922099736442, 50.855483103919617 ] } },
{ "type": "Feature", "properties": { "id": "Huchem_stammeln_station_4", "num_hh": "8", "num_cars": 1, "ARS": "053580048048", "AGS": "05358048", "ARS_0": "053580048048", "AGS_0": "05358048", "SDV_ARS": "053580048048", "GEN": "Niederzier", "BEZ": "Gemeinde", "NUTS": "DEA26", "RegioStaR7": "73", "scenario": 50, "year": 2038 }, "geometry": { "type": "Point", "coordinates": [ 6.456242254510418, 50.8555336308604 ] } },
{ "type": "Feature", "properties": { "id": "Huchem_stammeln_station_4", "num_hh": "8", "num_cars": 1, "ARS": "053580048048", "AGS": "05358048", "ARS_0": "053580048048", "AGS_0": "05358048", "SDV_ARS": "053580048048", "GEN": "Niederzier", "BEZ": "Gemeinde", "NUTS": "DEA26", "RegioStaR7": "73", "scenario": 50, "year": 2038 }, "geometry": { "type": "Point", "coordinates": [ 6.453934472181355, 50.855432575468896 ] } },
{ "type": "Feature", "properties": { "id": "Huchem_stammeln_station_4", "num_hh": "8", "num_cars": 1, "ARS": "053580048048", "AGS": "05358048", "ARS_0": "053580048048", "AGS_0": "05358048", "SDV_ARS": "053580048048", "GEN": "Niederzier", "BEZ": "Gemeinde", "NUTS": "DEA26", "RegioStaR7": "73", "scenario": 50, "year": 2038 }, "geometry": { "type": "Point", "coordinates": [ 6.454174588261836, 50.855474681553197 ] } },
{ "type": "Feature", "properties": { "id": "Huchem_stammeln_station_4", "num_hh": "8", "num_cars": 1, "ARS": "053580048048", "AGS": "05358048", "ARS_0": "053580048048", "AGS_0": "05358048", "SDV_ARS": "053580048048", "GEN": "Niederzier", "BEZ": "Gemeinde", "NUTS": "DEA26", "RegioStaR7": "73", "scenario": 50, "year": 2038 }, "geometry": { "type": "Point", "coordinates": [ 6.454494743035809, 50.855550472409149 ] } },
{ "type": "Feature", "properties": { "id": "Huchem_stammeln_station_4", "num_hh": "8", "num_cars": 1, "ARS": "053580048048", "AGS": "05358048", "ARS_0": "053580048048", "AGS_0": "05358048", "SDV_ARS": "053580048048", "GEN": "Niederzier", "BEZ": "Gemeinde", "NUTS": "DEA26", "RegioStaR7": "73", "scenario": 50, "year": 2038 }, "geometry": { "type": "Point", "coordinates": [ 6.454814897809784, 50.855584157194471 ] } },
{ "type": "Feature", "properties": { "id": "Huchem_stammeln_station_4", "num_hh": "8", "num_cars": 1, "ARS": "053580048048", "AGS": "05358048", "ARS_0": "053580048048", "AGS_0": "05358048", "SDV_ARS": "053580048048", "GEN": "Niederzier", "BEZ": "Gemeinde", "NUTS": "DEA26", "RegioStaR7": "73", "scenario": 50, "year": 2038 }, "geometry": { "type": "Point", "coordinates": [ 6.455108373019259, 50.855651526692142 ] } },
{ "type": "Feature", "properties": { "id": "Huchem_stammeln_station_4", "num_hh": "8", "num_cars": 1, "ARS": "053580048048", "AGS": "05358048", "ARS_0": "053580048048", "AGS_0": "05358048", "SDV_ARS": "053580048048", "GEN": "Niederzier", "BEZ": "Gemeinde", "NUTS": "DEA26", "RegioStaR7": "73", "scenario": 50, "year": 2038 }, "geometry": { "type": "Point", "coordinates": [ 6.455401848228737, 50.855702053751529 ] } },
{ "type": "Feature", "properties": { "id": "Huchem_stammeln_station_4", "num_hh": "8", "num_cars": 1, "ARS": "053580048048", "AGS": "05358048", "ARS_0": "053580048048", "AGS_0": "05358048", "SDV_ARS": "053580048048", "GEN": "Niederzier", "BEZ": "Gemeinde", "NUTS": "DEA26", "RegioStaR7": "73", "scenario": 50, "year": 2038 }, "geometry": { "type": "Point", "coordinates": [ 6.455641964309216, 50.855761001918296 ] } },
{ "type": "Feature", "properties": { "id": "Huchem_stammeln_station_4", "num_hh": "8", "num_cars": 1, "ARS": "053580048048", "AGS": "05358048", "ARS_0": "053580048048", "AGS_0": "05358048", "SDV_ARS": "053580048048", "GEN": "Niederzier", "BEZ": "Gemeinde", "NUTS": "DEA26", "RegioStaR7": "73", "scenario": 50, "year": 2038 }, "geometry": { "type": "Point", "coordinates": [ 6.455962119083192, 50.855811528859078 ] } },
{ "type": "Feature", "properties": { "id": "Huchem_stammeln_station_4", "num_hh": "8", "num_cars": 1, "ARS": "053580048048", "AGS": "05358048", "ARS_0": "053580048048", "AGS_0": "05358048", "SDV_ARS": "053580048048", "GEN": "Niederzier", "BEZ": "Gemeinde", "NUTS": "DEA26", "RegioStaR7": "73", "scenario": 50, "year": 2038 }, "geometry": { "type": "Point", "coordinates": [ 6.453787734576617, 50.855659945327048 ] } },
{ "type": "Feature", "properties": { "id": "Huchem_stammeln_station_4", "num_hh": "8", "num_cars": 1, "ARS": "053580048048", "AGS": "05358048", "ARS_0": "053580048048", "AGS_0": "05358048", "SDV_ARS": "053580048048", "GEN": "Niederzier", "BEZ": "Gemeinde", "NUTS": "DEA26", "RegioStaR7": "73", "scenario": 50, "year": 2038 }, "geometry": { "type": "Point", "coordinates": [ 6.454027850657098, 50.855702051411349 ] } },
{ "type": "Feature", "properties": { "id": "Huchem_stammeln_station_4", "num_hh": "8", "num_cars": 1, "ARS": "053580048048", "AGS": "05358048", "ARS_0": "053580048048", "AGS_0": "05358048", "SDV_ARS": "053580048048", "GEN": "Niederzier", "BEZ": "Gemeinde", "NUTS": "DEA26", "RegioStaR7": "73", "scenario": 50, "year": 2038 }, "geometry": { "type": "Point", "coordinates": [ 6.454348005431071, 50.855777842267301 ] } },
{ "type": "Feature", "properties": { "id": "Huchem_stammeln_station_4", "num_hh": "8", "num_cars": 1, "ARS": "053580048048", "AGS": "05358048", "ARS_0": "053580048048", "AGS_0": "05358048", "SDV_ARS": "053580048048", "GEN": "Niederzier", "BEZ": "Gemeinde", "NUTS": "DEA26", "RegioStaR7": "73", "scenario": 50, "year": 2038 }, "geometry": { "type": "Point", "coordinates": [ 6.454668160205046, 50.855811527052623 ] } },
{ "type": "Feature", "properties": { "id": "Huchem_stammeln_station_4", "num_hh": "8", "num_cars": 1, "ARS": "053580048048", "AGS": "05358048", "ARS_0": "053580048048", "AGS_0": "05358048", "SDV_ARS": "053580048048", "GEN": "Niederzier", "BEZ": "Gemeinde", "NUTS": "DEA26", "RegioStaR7": "73", "scenario": 50, "year": 2038 }, "geometry": { "type": "Point", "coordinates": [ 6.454961635414521, 50.855878896550294 ] } },
{ "type": "Feature", "properties": { "id": "Huchem_stammeln_station_4", "num_hh": "8", "num_cars": 1, "ARS": "053580048048", "AGS": "05358048", "ARS_0": "053580048048", "AGS_0": "05358048", "SDV_ARS": "053580048048", "GEN": "Niederzier", "BEZ": "Gemeinde", "NUTS": "DEA26", "RegioStaR7": "73", "scenario": 50, "year": 2038 }, "geometry": { "type": "Point", "coordinates": [ 6.455255110623999, 50.85592942360968 ] } },
{ "type": "Feature", "properties": { "id": "Huchem_stammeln_station_4", "num_hh": "8", "num_cars": 1, "ARS": "053580048048", "AGS": "05358048", "ARS_0": "053580048048", "AGS_0": "05358048", "SDV_ARS": "053580048048", "GEN": "Niederzier", "BEZ": "Gemeinde", "NUTS": "DEA26", "RegioStaR7": "73", "scenario": 50, "year": 2038 }, "geometry": { "type": "Point", "coordinates": [ 6.455495226704478, 50.855988371776448 ] } },
{ "type": "Feature", "properties": { "id": "Huchem_stammeln_station_4", "num_hh": "8", "num_cars": 1, "ARS": "053580048048", "AGS": "05358048", "ARS_0": "053580048048", "AGS_0": "05358048", "SDV_ARS": "053580048048", "GEN": "Niederzier", "BEZ": "Gemeinde", "NUTS": "DEA26", "RegioStaR7": "73", "scenario": 50, "year": 2038 }, "geometry": { "type": "Point", "coordinates": [ 6.455815381478454, 50.85603889871723 ] } },
{ "type": "Feature", "properties": { "id": "Eschweiler_notberg", "num_hh": "8", "num_cars": 1, "ARS": "053340012012", "AGS": "05334012", "ARS_0": "053340012012", "AGS_0": "05334012", "SDV_ARS": "053340012012", "GEN": "Eschweiler", "BEZ": "Stadt", "NUTS": "DEA2D", "RegioStaR7": "73", "scenario": 50, "year": 2038 }, "geometry": { "type": "Point", "coordinates": [ 6.286725734657918, 50.811062569967632 ] } },
{ "type": "Feature", "properties": { "id": "Eschweiler_notberg", "num_hh": "8", "num_cars": 1, "ARS": "053340012012", "AGS": "05334012", "ARS_0": "053340012012", "AGS_0": "05334012", "SDV_ARS": "053340012012", "GEN": "Eschweiler", "BEZ": "Stadt", "NUTS": "DEA2D", "RegioStaR7": "73", "scenario": 50, "year": 2038 }, "geometry": { "type": "Point", "coordinates": [ 6.286840226898252, 50.811270562295462 ] } },
{ "type": "Feature", "properties": { "id": "Eschweiler_notberg", "num_hh": "8", "num_cars": 1, "ARS": "053340012012", "AGS": "05334012", "ARS_0": "053340012012", "AGS_0": "05334012", "SDV_ARS": "053340012012", "GEN": "Eschweiler", "BEZ": "Stadt", "NUTS": "DEA2D", "RegioStaR7": "73", "scenario": 50, "year": 2038 }, "geometry": { "type": "Point", "coordinates": [ 6.286954719138585, 50.811469510611992 ] } },
{ "type": "Feature", "properties": { "id": "Eschweiler_notberg", "num_hh": "8", "num_cars": 1, "ARS": "053340012012", "AGS": "05334012", "ARS_0": "053340012012", "AGS_0": "05334012", "SDV_ARS": "053340012012", "GEN": "Eschweiler", "BEZ": "Stadt", "NUTS": "DEA2D", "RegioStaR7": "73", "scenario": 50, "year": 2038 }, "geometry": { "type": "Point", "coordinates": [ 6.287069211378919, 50.811650371982601 ] } },
{ "type": "Feature", "properties": { "id": "Eschweiler_notberg", "num_hh": "8", "num_cars": 1, "ARS": "053340012012", "AGS": "05334012", "ARS_0": "053340012012", "AGS_0": "05334012", "SDV_ARS": "053340012012", "GEN": "Eschweiler", "BEZ": "Stadt", "NUTS": "DEA2D", "RegioStaR7": "73", "scenario": 50, "year": 2038 }, "geometry": { "type": "Point", "coordinates": [ 6.287169392089209, 50.811831232652935 ] } },
{ "type": "Feature", "properties": { "id": "Eschweiler_notberg", "num_hh": "8", "num_cars": 1, "ARS": "053340012012", "AGS": "05334012", "ARS_0": "053340012012", "AGS_0": "05334012", "SDV_ARS": "053340012012", "GEN": "Eschweiler", "BEZ": "Stadt", "NUTS": "DEA2D", "RegioStaR7": "73", "scenario": 50, "year": 2038 }, "geometry": { "type": "Point", "coordinates": [ 6.287226638209376, 50.810999267770981 ] } },
{ "type": "Feature", "properties": { "id": "Eschweiler_notberg", "num_hh": "8", "num_cars": 1, "ARS": "053340012012", "AGS": "05334012", "ARS_0": "053340012012", "AGS_0": "05334012", "SDV_ARS": "053340012012", "GEN": "Eschweiler", "BEZ": "Stadt", "NUTS": "DEA2D", "RegioStaR7": "73", "scenario": 50, "year": 2038 }, "geometry": { "type": "Point", "coordinates": [ 6.287341130449709, 50.811207260098811 ] } },
{ "type": "Feature", "properties": { "id": "Eschweiler_notberg", "num_hh": "8", "num_cars": 1, "ARS": "053340012012", "AGS": "05334012", "ARS_0": "053340012012", "AGS_0": "05334012", "SDV_ARS": "053340012012", "GEN": "Eschweiler", "BEZ": "Stadt", "NUTS": "DEA2D", "RegioStaR7": "73", "scenario": 50, "year": 2038 }, "geometry": { "type": "Point", "coordinates": [ 6.287455622690042, 50.811406208415342 ] } },
{ "type": "Feature", "properties": { "id": "Eschweiler_notberg", "num_hh": "8", "num_cars": 1, "ARS": "053340012012", "AGS": "05334012", "ARS_0": "053340012012", "AGS_0": "05334012", "SDV_ARS": "053340012012", "GEN": "Eschweiler", "BEZ": "Stadt", "NUTS": "DEA2D", "RegioStaR7": "73", "scenario": 50, "year": 2038 }, "geometry": { "type": "Point", "coordinates": [ 6.287570114930376, 50.811587069785951 ] } },
{ "type": "Feature", "properties": { "id": "Eschweiler_notberg", "num_hh": "8", "num_cars": 1, "ARS": "053340012012", "AGS": "05334012", "ARS_0": "053340012012", "AGS_0": "05334012", "SDV_ARS": "053340012012", "GEN": "Eschweiler", "BEZ": "Stadt", "NUTS": "DEA2D", "RegioStaR7": "73", "scenario": 50, "year": 2038 }, "geometry": { "type": "Point", "coordinates": [ 6.287670295640666, 50.811767930456284 ] } },
{ "type": "Feature", "properties": { "id": "Eschweiler_notberg", "num_hh": "8", "num_cars": 1, "ARS": "053340012012", "AGS": "05334012", "ARS_0": "053340012012", "AGS_0": "05334012", "SDV_ARS": "053340012012", "GEN": "Eschweiler", "BEZ": "Stadt", "NUTS": "DEA2D", "RegioStaR7": "73", "scenario": 50, "year": 2038 }, "geometry": { "type": "Point", "coordinates": [ 6.287713230230792, 50.81094500867701 ] } },
{ "type": "Feature", "properties": { "id": "Eschweiler_notberg", "num_hh": "8", "num_cars": 1, "ARS": "053340012012", "AGS": "05334012", "ARS_0": "053340012012", "AGS_0": "05334012", "SDV_ARS": "053340012012", "GEN": "Eschweiler", "BEZ": "Stadt", "NUTS": "DEA2D", "RegioStaR7": "73", "scenario": 50, "year": 2038 }, "geometry": { "type": "Point", "coordinates": [ 6.287827722471126, 50.81115300100484 ] } },
{ "type": "Feature", "properties": { "id": "Eschweiler_notberg", "num_hh": "8", "num_cars": 1, "ARS": "053340012012", "AGS": "05334012", "ARS_0": "053340012012", "AGS_0": "05334012", "SDV_ARS": "053340012012", "GEN": "Eschweiler", "BEZ": "Stadt", "NUTS": "DEA2D", "RegioStaR7": "73", "scenario": 50, "year": 2038 }, "geometry": { "type": "Point", "coordinates": [ 6.287942214711459, 50.81135194932137 ] } },
{ "type": "Feature", "properties": { "id": "Eschweiler_notberg", "num_hh": "8", "num_cars": 1, "ARS": "053340012012", "AGS": "05334012", "ARS_0": "053340012012", "AGS_0": "05334012", "SDV_ARS": "053340012012", "GEN": "Eschweiler", "BEZ": "Stadt", "NUTS": "DEA2D", "RegioStaR7": "73", "scenario": 50, "year": 2038 }, "geometry": { "type": "Point", "coordinates": [ 6.288056706951792, 50.811532810691979 ] } },
{ "type": "Feature", "properties": { "id": "Eschweiler_notberg", "num_hh": "8", "num_cars": 1, "ARS": "053340012012", "AGS": "05334012", "ARS_0": "053340012012", "AGS_0": "05334012", "SDV_ARS": "053340012012", "GEN": "Eschweiler", "BEZ": "Stadt", "NUTS": "DEA2D", "RegioStaR7": "73", "scenario": 50, "year": 2038 }, "geometry": { "type": "Point", "coordinates": [ 6.288156887662082, 50.811713671362313 ] } },
{ "type": "Feature", "properties": { "id": "Eschweiler_notberg", "num_hh": "8", "num_cars": 1, "ARS": "053340012012", "AGS": "05334012", "ARS_0": "053340012012", "AGS_0": "05334012", "SDV_ARS": "053340012012", "GEN": "Eschweiler", "BEZ": "Stadt", "NUTS": "DEA2D", "RegioStaR7": "73", "scenario": 50, "year": 2038 }, "geometry": { "type": "Point", "coordinates": [ 6.288257068372374, 50.810854576713659 ] } },
{ "type": "Feature", "properties": { "id": "Eschweiler_notberg", "num_hh": "8", "num_cars": 1, "ARS": "053340012012", "AGS": "05334012", "ARS_0": "053340012012", "AGS_0": "05334012", "SDV_ARS": "053340012012", "GEN": "Eschweiler", "BEZ": "Stadt", "NUTS": "DEA2D", "RegioStaR7": "73", "scenario": 50, "year": 2038 }, "geometry": { "type": "Point", "coordinates": [ 6.288371560612708, 50.811062569041489 ] } },
{ "type": "Feature", "properties": { "id": "Eschweiler_notberg", "num_hh": "8", "num_cars": 1, "ARS": "053340012012", "AGS": "05334012", "ARS_0": "053340012012", "AGS_0": "05334012", "SDV_ARS": "053340012012", "GEN": "Eschweiler", "BEZ": "Stadt", "NUTS": "DEA2D", "RegioStaR7": "73", "scenario": 50, "year": 2038 }, "geometry": { "type": "Point", "coordinates": [ 6.288486052853041, 50.81126151735802 ] } },
{ "type": "Feature", "properties": { "id": "Eschweiler_notberg", "num_hh": "8", "num_cars": 1, "ARS": "053340012012", "AGS": "05334012", "ARS_0": "053340012012", "AGS_0": "05334012", "SDV_ARS": "053340012012", "GEN": "Eschweiler", "BEZ": "Stadt", "NUTS": "DEA2D", "RegioStaR7": "73", "scenario": 50, "year": 2038 }, "geometry": { "type": "Point", "coordinates": [ 6.288600545093375, 50.811442378728628 ] } },
{ "type": "Feature", "properties": { "id": "Eschweiler_notberg", "num_hh": "8", "num_cars": 1, "ARS": "053340012012", "AGS": "05334012", "ARS_0": "053340012012", "AGS_0": "05334012", "SDV_ARS": "053340012012", "GEN": "Eschweiler", "BEZ": "Stadt", "NUTS": "DEA2D", "RegioStaR7": "73", "scenario": 50, "year": 2038 }, "geometry": { "type": "Point", "coordinates": [ 6.288700725803665, 50.811623239398962 ] } },
{ "type": "Feature", "properties": { "id": "Eschweiler_notberg", "num_hh": "8", "num_cars": 1, "ARS": "053340012012", "AGS": "05334012", "ARS_0": "053340012012", "AGS_0": "05334012", "SDV_ARS": "053340012012", "GEN": "Eschweiler", "BEZ": "Stadt", "NUTS": "DEA2D", "RegioStaR7": "73", "scenario": 50, "year": 2038 }, "geometry": { "type": "Point", "coordinates": [ 6.289759779026747, 50.811180130559698 ] } },
{ "type": "Feature", "properties": { "id": "Eschweiler_notberg", "num_hh": "8", "num_cars": 1, "ARS": "053340012012", "AGS": "05334012", "ARS_0": "053340012012", "AGS_0": "05334012", "SDV_ARS": "053340012012", "GEN": "Eschweiler", "BEZ": "Stadt", "NUTS": "DEA2D", "RegioStaR7": "73", "scenario": 50, "year": 2038 }, "geometry": { "type": "Point", "coordinates": [ 6.28987427126708, 50.811379078876229 ] } },
{ "type": "Feature", "properties": { "id": "Eschweiler_notberg", "num_hh": "8", "num_cars": 1, "ARS": "053340012012", "AGS": "05334012", "ARS_0": "053340012012", "AGS_0": "05334012", "SDV_ARS": "053340012012", "GEN": "Eschweiler", "BEZ": "Stadt", "NUTS": "DEA2D", "RegioStaR7": "73", "scenario": 50, "year": 2038 }, "geometry": { "type": "Point", "coordinates": [ 6.289988763507414, 50.811559940246838 ] } },
{ "type": "Feature", "properties": { "id": "Eschweiler_notberg", "num_hh": "8", "num_cars": 1, "ARS": "053340012012", "AGS": "05334012", "ARS_0": "053340012012", "AGS_0": "05334012", "SDV_ARS": "053340012012", "GEN": "Eschweiler", "BEZ": "Stadt", "NUTS": "DEA2D", "RegioStaR7": "73", "scenario": 50, "year": 2038 }, "geometry": { "type": "Point", "coordinates": [ 6.290088944217704, 50.811740800917171 ] } },
{ "type": "Feature", "properties": { "id": "Eschweiler_notberg", "num_hh": "8", "num_cars": 1, "ARS": "053340012012", "AGS": "05334012", "ARS_0": "053340012012", "AGS_0": "05334012", "SDV_ARS": "053340012012", "GEN": "Eschweiler", "BEZ": "Stadt", "NUTS": "DEA2D", "RegioStaR7": "73", "scenario": 50, "year": 2038 }, "geometry": { "type": "Point", "coordinates": [ 6.290289305638288, 50.811143957816384 ] } },
{ "type": "Feature", "properties": { "id": "Eschweiler_notberg", "num_hh": "8", "num_cars": 1, "ARS": "053340012012", "AGS": "05334012", "ARS_0": "053340012012", "AGS_0": "05334012", "SDV_ARS": "053340012012", "GEN": "Eschweiler", "BEZ": "Stadt", "NUTS": "DEA2D", "RegioStaR7": "73", "scenario": 50, "year": 2038 }, "geometry": { "type": "Point", "coordinates": [ 6.290403797878621, 50.811342906132914 ] } },
{ "type": "Feature", "properties": { "id": "Eschweiler_notberg", "num_hh": "8", "num_cars": 1, "ARS": "053340012012", "AGS": "05334012", "ARS_0": "053340012012", "AGS_0": "05334012", "SDV_ARS": "053340012012", "GEN": "Eschweiler", "BEZ": "Stadt", "NUTS": "DEA2D", "RegioStaR7": "73", "scenario": 50, "year": 2038 }, "geometry": { "type": "Point", "coordinates": [ 6.290518290118955, 50.811523767503523 ] } },
{ "type": "Feature", "properties": { "id": "Eschweiler_notberg", "num_hh": "8", "num_cars": 1, "ARS": "053340012012", "AGS": "05334012", "ARS_0": "053340012012", "AGS_0": "05334012", "SDV_ARS": "053340012012", "GEN": "Eschweiler", "BEZ": "Stadt", "NUTS": "DEA2D", "RegioStaR7": "73", "scenario": 50, "year": 2038 }, "geometry": { "type": "Point", "coordinates": [ 6.290618470829245, 50.811704628173857 ] } },
{ "type": "Feature", "properties": { "id": "Eschweiler_notberg", "num_hh": "8", "num_cars": 1, "ARS": "053340012012", "AGS": "05334012", "ARS_0": "053340012012", "AGS_0": "05334012", "SDV_ARS": "053340012012", "GEN": "Eschweiler", "BEZ": "Stadt", "NUTS": "DEA2D", "RegioStaR7": "73", "scenario": 50, "year": 2038 }, "geometry": { "type": "Point", "coordinates": [ 6.290933324490163, 50.81115300100484 ] } },
{ "type": "Feature", "properties": { "id": "Eschweiler_notberg", "num_hh": "8", "num_cars": 1, "ARS": "053340012012", "AGS": "05334012", "ARS_0": "053340012012", "AGS_0": "05334012", "SDV_ARS": "053340012012", "GEN": "Eschweiler", "BEZ": "Stadt", "NUTS": "DEA2D", "RegioStaR7": "73", "scenario": 50, "year": 2038 }, "geometry": { "type": "Point", "coordinates": [ 6.291047816730496, 50.81135194932137 ] } },
{ "type": "Feature", "properties": { "id": "Eschweiler_notberg", "num_hh": "7", "num_cars": 1, "ARS": "053340012012", "AGS": "05334012", "ARS_0": "053340012012", "AGS_0": "05334012", "SDV_ARS": "053340012012", "GEN": "Eschweiler", "BEZ": "Stadt", "NUTS": "DEA2D", "RegioStaR7": "73", "scenario": 50, "year": 2038 }, "geometry": { "type": "Point", "coordinates": [ 6.291162308970829, 50.811532810691979 ] } },
{ "type": "Feature", "properties": { "id": "Eschweiler_notberg", "num_hh": "8", "num_cars": 1, "ARS": "053340012012", "AGS": "05334012", "ARS_0": "053340012012", "AGS_0": "05334012", "SDV_ARS": "053340012012", "GEN": "Eschweiler", "BEZ": "Stadt", "NUTS": "DEA2D", "RegioStaR7": "73", "scenario": 50, "year": 2038 }, "geometry": { "type": "Point", "coordinates": [ 6.291262489681119, 50.811713671362313 ] } },
{ "type": "Feature", "properties": { "id": "Stolberg_rathaus", "num_hh": "8", "num_cars": 1, "ARS": "053340032032", "AGS": "05334032", "ARS_0": "053340032032", "AGS_0": "05334032", "SDV_ARS": "053340032032", "GEN": "Stolberg (Rhld.)", "BEZ": "Stadt", "NUTS": "DEA2D", "RegioStaR7": "73", "scenario": 50, "year": 2038 }, "geometry": { "type": "Point", "coordinates": [ 6.227753361014715, 50.766891752736342 ] } },
{ "type": "Feature", "properties": { "id": "Stolberg_rathaus", "num_hh": "8", "num_cars": 1, "ARS": "053340032032", "AGS": "05334032", "ARS_0": "053340032032", "AGS_0": "05334032", "SDV_ARS": "053340032032", "GEN": "Stolberg (Rhld.)", "BEZ": "Stadt", "NUTS": "DEA2D", "RegioStaR7": "73", "scenario": 50, "year": 2038 }, "geometry": { "type": "Point", "coordinates": [ 6.228028917572976, 50.76693324871426 ] } },
{ "type": "Feature", "properties": { "id": "Stolberg_rathaus", "num_hh": "8", "num_cars": 1, "ARS": "053340032032", "AGS": "05334032", "ARS_0": "053340032032", "AGS_0": "05334032", "SDV_ARS": "053340032032", "GEN": "Stolberg (Rhld.)", "BEZ": "Stadt", "NUTS": "DEA2D", "RegioStaR7": "73", "scenario": 50, "year": 2038 }, "geometry": { "type": "Point", "coordinates": [ 6.228345450941658, 50.767012018540314 ] } },
{ "type": "Feature", "properties": { "id": "Stolberg_rathaus", "num_hh": "8", "num_cars": 1, "ARS": "053340032032", "AGS": "05334032", "ARS_0": "053340032032", "AGS_0": "05334032", "SDV_ARS": "053340032032", "GEN": "Stolberg (Rhld.)", "BEZ": "Stadt", "NUTS": "DEA2D", "RegioStaR7": "73", "scenario": 50, "year": 2038 }, "geometry": { "type": "Point", "coordinates": [ 6.2287285174871, 50.767086566221082 ] } },
{ "type": "Feature", "properties": { "id": "Stolberg_rathaus", "num_hh": "8", "num_cars": 1, "ARS": "053340032032", "AGS": "05334032", "ARS_0": "053340032032", "AGS_0": "05334032", "SDV_ARS": "053340032032", "GEN": "Stolberg (Rhld.)", "BEZ": "Stadt", "NUTS": "DEA2D", "RegioStaR7": "73", "scenario": 50, "year": 2038 }, "geometry": { "type": "Point", "coordinates": [ 6.229082117375199, 50.767142476903722 ] } },
{ "type": "Feature", "properties": { "id": "Stolberg_rathaus", "num_hh": "8", "num_cars": 1, "ARS": "053340032032", "AGS": "05334032", "ARS_0": "053340032032", "AGS_0": "05334032", "SDV_ARS": "053340032032", "GEN": "Stolberg (Rhld.)", "BEZ": "Stadt", "NUTS": "DEA2D", "RegioStaR7": "73", "scenario": 50, "year": 2038 }, "geometry": { "type": "Point", "coordinates": [ 6.229465183920641, 50.767226342802388 ] } },
{ "type": "Feature", "properties": { "id": "Stolberg_rathaus", "num_hh": "8", "num_cars": 1, "ARS": "053340032032", "AGS": "05334032", "ARS_0": "053340032032", "AGS_0": "05334032", "SDV_ARS": "053340032032", "GEN": "Stolberg (Rhld.)", "BEZ": "Stadt", "NUTS": "DEA2D", "RegioStaR7": "73", "scenario": 50, "year": 2038 }, "geometry": { "type": "Point", "coordinates": [ 6.227959627616106, 50.766630834294524 ] } },
{ "type": "Feature", "properties": { "id": "Stolberg_rathaus", "num_hh": "8", "num_cars": 1, "ARS": "053340032032", "AGS": "05334032", "ARS_0": "053340032032", "AGS_0": "05334032", "SDV_ARS": "053340032032", "GEN": "Stolberg (Rhld.)", "BEZ": "Stadt", "NUTS": "DEA2D", "RegioStaR7": "73", "scenario": 50, "year": 2038 }, "geometry": { "type": "Point", "coordinates": [ 6.228235184174367, 50.766672330272442 ] } },
{ "type": "Feature", "properties": { "id": "Stolberg_rathaus", "num_hh": "8", "num_cars": 1, "ARS": "053340032032", "AGS": "05334032", "ARS_0": "053340032032", "AGS_0": "05334032", "SDV_ARS": "053340032032", "GEN": "Stolberg (Rhld.)", "BEZ": "Stadt", "NUTS": "DEA2D", "RegioStaR7": "73", "scenario": 50, "year": 2038 }, "geometry": { "type": "Point", "coordinates": [ 6.228551717543049, 50.766751100098496 ] } },
{ "type": "Feature", "properties": { "id": "Stolberg_rathaus", "num_hh": "8", "num_cars": 1, "ARS": "053340032032", "AGS": "05334032", "ARS_0": "053340032032", "AGS_0": "05334032", "SDV_ARS": "053340032032", "GEN": "Stolberg (Rhld.)", "BEZ": "Stadt", "NUTS": "DEA2D", "RegioStaR7": "73", "scenario": 50, "year": 2038 }, "geometry": { "type": "Point", "coordinates": [ 6.228934784088491, 50.766825647779264 ] } },
{ "type": "Feature", "properties": { "id": "Stolberg_rathaus", "num_hh": "8", "num_cars": 1, "ARS": "053340032032", "AGS": "05334032", "ARS_0": "053340032032", "AGS_0": "05334032", "SDV_ARS": "053340032032", "GEN": "Stolberg (Rhld.)", "BEZ": "Stadt", "NUTS": "DEA2D", "RegioStaR7": "73", "scenario": 50, "year": 2038 }, "geometry": { "type": "Point", "coordinates": [ 6.22928838397659, 50.766881558461904 ] } },
{ "type": "Feature", "properties": { "id": "Stolberg_rathaus", "num_hh": "8", "num_cars": 1, "ARS": "053340032032", "AGS": "05334032", "ARS_0": "053340032032", "AGS_0": "05334032", "SDV_ARS": "053340032032", "GEN": "Stolberg (Rhld.)", "BEZ": "Stadt", "NUTS": "DEA2D", "RegioStaR7": "73", "scenario": 50, "year": 2038 }, "geometry": { "type": "Point", "coordinates": [ 6.229671450522032, 50.766965424360571 ] } },
{ "type": "Feature", "properties": { "id": "Stolberg_rathaus", "num_hh": "8", "num_cars": 1, "ARS": "053340032032", "AGS": "05334032", "ARS_0": "053340032032", "AGS_0": "05334032", "SDV_ARS": "053340032032", "GEN": "Stolberg (Rhld.)", "BEZ": "Stadt", "NUTS": "DEA2D", "RegioStaR7": "73", "scenario": 50, "year": 2038 }, "geometry": { "type": "Point", "coordinates": [ 6.228224827532181, 50.766332640007782 ] } },
{ "type": "Feature", "properties": { "id": "Stolberg_rathaus", "num_hh": "8", "num_cars": 1, "ARS": "053340032032", "AGS": "05334032", "ARS_0": "053340032032", "AGS_0": "05334032", "SDV_ARS": "053340032032", "GEN": "Stolberg (Rhld.)", "BEZ": "Stadt", "NUTS": "DEA2D", "RegioStaR7": "73", "scenario": 50, "year": 2038 }, "geometry": { "type": "Point", "coordinates": [ 6.228500384090442, 50.7663741359857 ] } },
{ "type": "Feature", "properties": { "id": "Stolberg_rathaus", "num_hh": "8", "num_cars": 1, "ARS": "053340032032", "AGS": "05334032", "ARS_0": "053340032032", "AGS_0": "05334032", "SDV_ARS": "053340032032", "GEN": "Stolberg (Rhld.)", "BEZ": "Stadt", "NUTS": "DEA2D", "RegioStaR7": "73", "scenario": 50, "year": 2038 }, "geometry": { "type": "Point", "coordinates": [ 6.228816917459125, 50.766452905811754 ] } },
{ "type": "Feature", "properties": { "id": "Stolberg_rathaus", "num_hh": "8", "num_cars": 1, "ARS": "053340032032", "AGS": "05334032", "ARS_0": "053340032032", "AGS_0": "05334032", "SDV_ARS": "053340032032", "GEN": "Stolberg (Rhld.)", "BEZ": "Stadt", "NUTS": "DEA2D", "RegioStaR7": "73", "scenario": 50, "year": 2038 }, "geometry": { "type": "Point", "coordinates": [ 6.229199984004566, 50.766527453492522 ] } },
{ "type": "Feature", "properties": { "id": "Stolberg_rathaus", "num_hh": "8", "num_cars": 1, "ARS": "053340032032", "AGS": "05334032", "ARS_0": "053340032032", "AGS_0": "05334032", "SDV_ARS": "053340032032", "GEN": "Stolberg (Rhld.)", "BEZ": "Stadt", "NUTS": "DEA2D", "RegioStaR7": "73", "scenario": 50, "year": 2038 }, "geometry": { "type": "Point", "coordinates": [ 6.229553583892666, 50.766583364175162 ] } },
{ "type": "Feature", "properties": { "id": "Stolberg_rathaus", "num_hh": "8", "num_cars": 1, "ARS": "053340032032", "AGS": "05334032", "ARS_0": "053340032032", "AGS_0": "05334032", "SDV_ARS": "053340032032", "GEN": "Stolberg (Rhld.)", "BEZ": "Stadt", "NUTS": "DEA2D", "RegioStaR7": "73", "scenario": 50, "year": 2038 }, "geometry": { "type": "Point", "coordinates": [ 6.229936650438107, 50.766667230073828 ] } },
{ "type": "Feature", "properties": { "id": "Stolberg_rathaus", "num_hh": "8", "num_cars": 1, "ARS": "053340032032", "AGS": "05334032", "ARS_0": "053340032032", "AGS_0": "05334032", "SDV_ARS": "053340032032", "GEN": "Stolberg (Rhld.)", "BEZ": "Stadt", "NUTS": "DEA2D", "RegioStaR7": "73", "scenario": 50, "year": 2038 }, "geometry": { "type": "Point", "coordinates": [ 6.228445827462243, 50.766025125158961 ] } },
{ "type": "Feature", "properties": { "id": "Stolberg_rathaus", "num_hh": "8", "num_cars": 1, "ARS": "053340032032", "AGS": "05334032", "ARS_0": "053340032032", "AGS_0": "05334032", "SDV_ARS": "053340032032", "GEN": "Stolberg (Rhld.)", "BEZ": "Stadt", "NUTS": "DEA2D", "RegioStaR7": "73", "scenario": 50, "year": 2038 }, "geometry": { "type": "Point", "coordinates": [ 6.228721384020504, 50.766066621136879 ] } },
{ "type": "Feature", "properties": { "id": "Stolberg_rathaus", "num_hh": "8", "num_cars": 1, "ARS": "053340032032", "AGS": "05334032", "ARS_0": "053340032032", "AGS_0": "05334032", "SDV_ARS": "053340032032", "GEN": "Stolberg (Rhld.)", "BEZ": "Stadt", "NUTS": "DEA2D", "RegioStaR7": "73", "scenario": 50, "year": 2038 }, "geometry": { "type": "Point", "coordinates": [ 6.229037917389187, 50.766145390962933 ] } },
{ "type": "Feature", "properties": { "id": "Stolberg_rathaus", "num_hh": "8", "num_cars": 1, "ARS": "053340032032", "AGS": "05334032", "ARS_0": "053340032032", "AGS_0": "05334032", "SDV_ARS": "053340032032", "GEN": "Stolberg (Rhld.)", "BEZ": "Stadt", "NUTS": "DEA2D", "RegioStaR7": "73", "scenario": 50, "year": 2038 }, "geometry": { "type": "Point", "coordinates": [ 6.229420983934628, 50.766219938643701 ] } },
{ "type": "Feature", "properties": { "id": "Stolberg_rathaus", "num_hh": "8", "num_cars": 1, "ARS": "053340032032", "AGS": "05334032", "ARS_0": "053340032032", "AGS_0": "05334032", "SDV_ARS": "053340032032", "GEN": "Stolberg (Rhld.)", "BEZ": "Stadt", "NUTS": "DEA2D", "RegioStaR7": "73", "scenario": 50, "year": 2038 }, "geometry": { "type": "Point", "coordinates": [ 6.229774583822728, 50.766275849326341 ] } },
{ "type": "Feature", "properties": { "id": "Stolberg_rathaus", "num_hh": "8", "num_cars": 1, "ARS": "053340032032", "AGS": "05334032", "ARS_0": "053340032032", "AGS_0": "05334032", "SDV_ARS": "053340032032", "GEN": "Stolberg (Rhld.)", "BEZ": "Stadt", "NUTS": "DEA2D", "RegioStaR7": "73", "scenario": 50, "year": 2038 }, "geometry": { "type": "Point", "coordinates": [ 6.230157650368169, 50.766359715225008 ] } },
{ "type": "Feature", "properties": { "id": "Stolberg_rathaus", "num_hh": "8", "num_cars": 1, "ARS": "053340032032", "AGS": "05334032", "ARS_0": "053340032032", "AGS_0": "05334032", "SDV_ARS": "053340032032", "GEN": "Stolberg (Rhld.)", "BEZ": "Stadt", "NUTS": "DEA2D", "RegioStaR7": "73", "scenario": 50, "year": 2038 }, "geometry": { "type": "Point", "coordinates": [ 6.228342694161547, 50.765689652109558 ] } },
{ "type": "Feature", "properties": { "id": "Stolberg_rathaus", "num_hh": "8", "num_cars": 1, "ARS": "053340032032", "AGS": "05334032", "ARS_0": "053340032032", "AGS_0": "05334032", "SDV_ARS": "053340032032", "GEN": "Stolberg (Rhld.)", "BEZ": "Stadt", "NUTS": "DEA2D", "RegioStaR7": "73", "scenario": 50, "year": 2038 }, "geometry": { "type": "Point", "coordinates": [ 6.228618250719808, 50.765731148087475 ] } },
{ "type": "Feature", "properties": { "id": "Stolberg_rathaus", "num_hh": "8", "num_cars": 1, "ARS": "053340032032", "AGS": "05334032", "ARS_0": "053340032032", "AGS_0": "05334032", "SDV_ARS": "053340032032", "GEN": "Stolberg (Rhld.)", "BEZ": "Stadt", "NUTS": "DEA2D", "RegioStaR7": "73", "scenario": 50, "year": 2038 }, "geometry": { "type": "Point", "coordinates": [ 6.228934784088491, 50.765809917913529 ] } },
{ "type": "Feature", "properties": { "id": "Stolberg_rathaus", "num_hh": "8", "num_cars": 1, "ARS": "053340032032", "AGS": "05334032", "ARS_0": "053340032032", "AGS_0": "05334032", "SDV_ARS": "053340032032", "GEN": "Stolberg (Rhld.)", "BEZ": "Stadt", "NUTS": "DEA2D", "RegioStaR7": "73", "scenario": 50, "year": 2038 }, "geometry": { "type": "Point", "coordinates": [ 6.229317850633932, 50.765884465594297 ] } },
{ "type": "Feature", "properties": { "id": "Stolberg_rathaus", "num_hh": "8", "num_cars": 1, "ARS": "053340032032", "AGS": "05334032", "ARS_0": "053340032032", "AGS_0": "05334032", "SDV_ARS": "053340032032", "GEN": "Stolberg (Rhld.)", "BEZ": "Stadt", "NUTS": "DEA2D", "RegioStaR7": "73", "scenario": 50, "year": 2038 }, "geometry": { "type": "Point", "coordinates": [ 6.229671450522032, 50.765940376276937 ] } },
{ "type": "Feature", "properties": { "id": "Stolberg_rathaus", "num_hh": "8", "num_cars": 1, "ARS": "053340032032", "AGS": "05334032", "ARS_0": "053340032032", "AGS_0": "05334032", "SDV_ARS": "053340032032", "GEN": "Stolberg (Rhld.)", "BEZ": "Stadt", "NUTS": "DEA2D", "RegioStaR7": "73", "scenario": 50, "year": 2038 }, "geometry": { "type": "Point", "coordinates": [ 6.230054517067473, 50.766024242175604 ] } },
{ "type": "Feature", "properties": { "id": "Stolberg_rathaus", "num_hh": "8", "num_cars": 1, "ARS": "053340032032", "AGS": "05334032", "ARS_0": "053340032032", "AGS_0": "05334032", "SDV_ARS": "053340032032", "GEN": "Stolberg (Rhld.)", "BEZ": "Stadt", "NUTS": "DEA2D", "RegioStaR7": "73", "scenario": 50, "year": 2038 }, "geometry": { "type": "Point", "coordinates": [ 6.228431094133572, 50.765363495449819 ] } },
{ "type": "Feature", "properties": { "id": "Stolberg_rathaus", "num_hh": "8", "num_cars": 1, "ARS": "053340032032", "AGS": "05334032", "ARS_0": "053340032032", "AGS_0": "05334032", "SDV_ARS": "053340032032", "GEN": "Stolberg (Rhld.)", "BEZ": "Stadt", "NUTS": "DEA2D", "RegioStaR7": "73", "scenario": 50, "year": 2038 }, "geometry": { "type": "Point", "coordinates": [ 6.228706650691833, 50.765404991427737 ] } },
{ "type": "Feature", "properties": { "id": "Stolberg_rathaus", "num_hh": "8", "num_cars": 1, "ARS": "053340032032", "AGS": "05334032", "ARS_0": "053340032032", "AGS_0": "05334032", "SDV_ARS": "053340032032", "GEN": "Stolberg (Rhld.)", "BEZ": "Stadt", "NUTS": "DEA2D", "RegioStaR7": "73", "scenario": 50, "year": 2038 }, "geometry": { "type": "Point", "coordinates": [ 6.229023184060515, 50.76548376125379 ] } },
{ "type": "Feature", "properties": { "id": "Stolberg_rathaus", "num_hh": "8", "num_cars": 1, "ARS": "053340032032", "AGS": "05334032", "ARS_0": "053340032032", "AGS_0": "05334032", "SDV_ARS": "053340032032", "GEN": "Stolberg (Rhld.)", "BEZ": "Stadt", "NUTS": "DEA2D", "RegioStaR7": "73", "scenario": 50, "year": 2038 }, "geometry": { "type": "Point", "coordinates": [ 6.229406250605956, 50.765558308934558 ] } },
{ "type": "Feature", "properties": { "id": "Stolberg_rathaus", "num_hh": "8", "num_cars": 1, "ARS": "053340032032", "AGS": "05334032", "ARS_0": "053340032032", "AGS_0": "05334032", "SDV_ARS": "053340032032", "GEN": "Stolberg (Rhld.)", "BEZ": "Stadt", "NUTS": "DEA2D", "RegioStaR7": "73", "scenario": 50, "year": 2038 }, "geometry": { "type": "Point", "coordinates": [ 6.229759850494056, 50.765614219617198 ] } },
{ "type": "Feature", "properties": { "id": "Stolberg_rathaus", "num_hh": "8", "num_cars": 1, "ARS": "053340032032", "AGS": "05334032", "ARS_0": "053340032032", "AGS_0": "05334032", "SDV_ARS": "053340032032", "GEN": "Stolberg (Rhld.)", "BEZ": "Stadt", "NUTS": "DEA2D", "RegioStaR7": "73", "scenario": 50, "year": 2038 }, "geometry": { "type": "Point", "coordinates": [ 6.230142917039498, 50.765698085515865 ] } },
{ "type": "Feature", "properties": { "id": "Huchem_stammeln_station_2", "num_hh": "8", "num_cars": 1, "ARS": "053580048048", "AGS": "05358048", "ARS_0": "053580048048", "AGS_0": "05358048", "SDV_ARS": "053580048048", "GEN": "Niederzier", "BEZ": "Gemeinde", "NUTS": "DEA26", "RegioStaR7": "73", "scenario": 50, "year": 2038 }, "geometry": { "type": "Point", "coordinates": [ 6.454951717317105, 50.85385892233618 ] } },
{ "type": "Feature", "properties": { "id": "Huchem_stammeln_station_2", "num_hh": "8", "num_cars": 1, "ARS": "053580048048", "AGS": "05358048", "ARS_0": "053580048048", "AGS_0": "05358048", "SDV_ARS": "053580048048", "GEN": "Niederzier", "BEZ": "Gemeinde", "NUTS": "DEA26", "RegioStaR7": "73", "scenario": 50, "year": 2038 }, "geometry": { "type": "Point", "coordinates": [ 6.455192841180966, 50.853935033058612 ] } },
{ "type": "Feature", "properties": { "id": "Huchem_stammeln_station_2", "num_hh": "8", "num_cars": 1, "ARS": "053580048048", "AGS": "05358048", "ARS_0": "053580048048", "AGS_0": "05358048", "SDV_ARS": "053580048048", "GEN": "Niederzier", "BEZ": "Gemeinde", "NUTS": "DEA26", "RegioStaR7": "73", "scenario": 50, "year": 2038 }, "geometry": { "type": "Point", "coordinates": [ 6.4554791757693, 50.854011143656848 ] } },
{ "type": "Feature", "properties": { "id": "Huchem_stammeln_station_2", "num_hh": "8", "num_cars": 1, "ARS": "053580048048", "AGS": "05358048", "ARS_0": "053580048048", "AGS_0": "05358048", "SDV_ARS": "053580048048", "GEN": "Niederzier", "BEZ": "Gemeinde", "NUTS": "DEA26", "RegioStaR7": "73", "scenario": 50, "year": 2038 }, "geometry": { "type": "Point", "coordinates": [ 6.455780580599127, 50.854106281729962 ] } },
{ "type": "Feature", "properties": { "id": "Huchem_stammeln_station_2", "num_hh": "8", "num_cars": 1, "ARS": "053580048048", "AGS": "05358048", "ARS_0": "053580048048", "AGS_0": "05358048", "SDV_ARS": "053580048048", "GEN": "Niederzier", "BEZ": "Gemeinde", "NUTS": "DEA26", "RegioStaR7": "73", "scenario": 50, "year": 2038 }, "geometry": { "type": "Point", "coordinates": [ 6.456051844945971, 50.854182392048727 ] } },
{ "type": "Feature", "properties": { "id": "Huchem_stammeln_station_2", "num_hh": "8", "num_cars": 1, "ARS": "053580048048", "AGS": "05358048", "ARS_0": "053580048048", "AGS_0": "05358048", "SDV_ARS": "053580048048", "GEN": "Niederzier", "BEZ": "Gemeinde", "NUTS": "DEA26", "RegioStaR7": "73", "scenario": 50, "year": 2038 }, "geometry": { "type": "Point", "coordinates": [ 6.456353249775796, 50.854258502243297 ] } },
{ "type": "Feature", "properties": { "id": "Huchem_stammeln_station_2", "num_hh": "8", "num_cars": 1, "ARS": "053580048048", "AGS": "05358048", "ARS_0": "053580048048", "AGS_0": "05358048", "SDV_ARS": "053580048048", "GEN": "Niederzier", "BEZ": "Gemeinde", "NUTS": "DEA26", "RegioStaR7": "73", "scenario": 50, "year": 2038 }, "geometry": { "type": "Point", "coordinates": [ 6.456639584364131, 50.854353639811841 ] } },
{ "type": "Feature", "properties": { "id": "Huchem_stammeln_station_2", "num_hh": "8", "num_cars": 1, "ARS": "053580048048", "AGS": "05358048", "ARS_0": "053580048048", "AGS_0": "05358048", "SDV_ARS": "053580048048", "GEN": "Niederzier", "BEZ": "Gemeinde", "NUTS": "DEA26", "RegioStaR7": "73", "scenario": 50, "year": 2038 }, "geometry": { "type": "Point", "coordinates": [ 6.456956059435449, 50.854439263457607 ] } },
{ "type": "Feature", "properties": { "id": "Huchem_stammeln_station_2", "num_hh": "8", "num_cars": 1, "ARS": "053580048048", "AGS": "05358048", "ARS_0": "053580048048", "AGS_0": "05358048", "SDV_ARS": "053580048048", "GEN": "Niederzier", "BEZ": "Gemeinde", "NUTS": "DEA26", "RegioStaR7": "73", "scenario": 50, "year": 2038 }, "geometry": { "type": "Point", "coordinates": [ 6.45523805190544, 50.853554478204408 ] } },
{ "type": "Feature", "properties": { "id": "Huchem_stammeln_station_2", "num_hh": "8", "num_cars": 1, "ARS": "053580048048", "AGS": "05358048", "ARS_0": "053580048048", "AGS_0": "05358048", "SDV_ARS": "053580048048", "GEN": "Niederzier", "BEZ": "Gemeinde", "NUTS": "DEA26", "RegioStaR7": "73", "scenario": 50, "year": 2038 }, "geometry": { "type": "Point", "coordinates": [ 6.455479175769301, 50.853630588926841 ] } },
{ "type": "Feature", "properties": { "id": "Huchem_stammeln_station_2", "num_hh": "8", "num_cars": 1, "ARS": "053580048048", "AGS": "05358048", "ARS_0": "053580048048", "AGS_0": "05358048", "SDV_ARS": "053580048048", "GEN": "Niederzier", "BEZ": "Gemeinde", "NUTS": "DEA26", "RegioStaR7": "73", "scenario": 50, "year": 2038 }, "geometry": { "type": "Point", "coordinates": [ 6.455765510357635, 50.853706699525077 ] } },
{ "type": "Feature", "properties": { "id": "Huchem_stammeln_station_2", "num_hh": "8", "num_cars": 1, "ARS": "053580048048", "AGS": "05358048", "ARS_0": "053580048048", "AGS_0": "05358048", "SDV_ARS": "053580048048", "GEN": "Niederzier", "BEZ": "Gemeinde", "NUTS": "DEA26", "RegioStaR7": "73", "scenario": 50, "year": 2038 }, "geometry": { "type": "Point", "coordinates": [ 6.456066915187462, 50.853801837598191 ] } },
{ "type": "Feature", "properties": { "id": "Huchem_stammeln_station_2", "num_hh": "8", "num_cars": 1, "ARS": "053580048048", "AGS": "05358048", "ARS_0": "053580048048", "AGS_0": "05358048", "SDV_ARS": "053580048048", "GEN": "Niederzier", "BEZ": "Gemeinde", "NUTS": "DEA26", "RegioStaR7": "73", "scenario": 50, "year": 2038 }, "geometry": { "type": "Point", "coordinates": [ 6.456338179534305, 50.853877947916956 ] } },
{ "type": "Feature", "properties": { "id": "Huchem_stammeln_station_2", "num_hh": "8", "num_cars": 1, "ARS": "053580048048", "AGS": "05358048", "ARS_0": "053580048048", "AGS_0": "05358048", "SDV_ARS": "053580048048", "GEN": "Niederzier", "BEZ": "Gemeinde", "NUTS": "DEA26", "RegioStaR7": "73", "scenario": 50, "year": 2038 }, "geometry": { "type": "Point", "coordinates": [ 6.456639584364131, 50.853954058111526 ] } },
{ "type": "Feature", "properties": { "id": "Huchem_stammeln_station_2", "num_hh": "8", "num_cars": 1, "ARS": "053580048048", "AGS": "05358048", "ARS_0": "053580048048", "AGS_0": "05358048", "SDV_ARS": "053580048048", "GEN": "Niederzier", "BEZ": "Gemeinde", "NUTS": "DEA26", "RegioStaR7": "73", "scenario": 50, "year": 2038 }, "geometry": { "type": "Point", "coordinates": [ 6.456925918952466, 50.854049195680069 ] } },
{ "type": "Feature", "properties": { "id": "Huchem_stammeln_station_2", "num_hh": "8", "num_cars": 1, "ARS": "053580048048", "AGS": "05358048", "ARS_0": "053580048048", "AGS_0": "05358048", "SDV_ARS": "053580048048", "GEN": "Niederzier", "BEZ": "Gemeinde", "NUTS": "DEA26", "RegioStaR7": "73", "scenario": 50, "year": 2038 }, "geometry": { "type": "Point", "coordinates": [ 6.457242394023784, 50.854134819325836 ] } },
{ "type": "Feature", "properties": { "id": "Huchem_stammeln_station_2", "num_hh": "8", "num_cars": 1, "ARS": "053580048048", "AGS": "05358048", "ARS_0": "053580048048", "AGS_0": "05358048", "SDV_ARS": "053580048048", "GEN": "Niederzier", "BEZ": "Gemeinde", "NUTS": "DEA26", "RegioStaR7": "73", "scenario": 50, "year": 2038 }, "geometry": { "type": "Point", "coordinates": [ 6.45546410552781, 50.853250032085356 ] } },
{ "type": "Feature", "properties": { "id": "Huchem_stammeln_station_2", "num_hh": "8", "num_cars": 1, "ARS": "053580048048", "AGS": "05358048", "ARS_0": "053580048048", "AGS_0": "05358048", "SDV_ARS": "053580048048", "GEN": "Niederzier", "BEZ": "Gemeinde", "NUTS": "DEA26", "RegioStaR7": "73", "scenario": 50, "year": 2038 }, "geometry": { "type": "Point", "coordinates": [ 6.455705229391671, 50.853326142807788 ] } },
{ "type": "Feature", "properties": { "id": "Huchem_stammeln_station_2", "num_hh": "8", "num_cars": 1, "ARS": "053580048048", "AGS": "05358048", "ARS_0": "053580048048", "AGS_0": "05358048", "SDV_ARS": "053580048048", "GEN": "Niederzier", "BEZ": "Gemeinde", "NUTS": "DEA26", "RegioStaR7": "73", "scenario": 50, "year": 2038 }, "geometry": { "type": "Point", "coordinates": [ 6.455991563980005, 50.853402253406024 ] } },
{ "type": "Feature", "properties": { "id": "Huchem_stammeln_station_2", "num_hh": "8", "num_cars": 1, "ARS": "053580048048", "AGS": "05358048", "ARS_0": "053580048048", "AGS_0": "05358048", "SDV_ARS": "053580048048", "GEN": "Niederzier", "BEZ": "Gemeinde", "NUTS": "DEA26", "RegioStaR7": "73", "scenario": 50, "year": 2038 }, "geometry": { "type": "Point", "coordinates": [ 6.456292968809832, 50.853497391479138 ] } },
{ "type": "Feature", "properties": { "id": "Huchem_stammeln_station_2", "num_hh": "8", "num_cars": 1, "ARS": "053580048048", "AGS": "05358048", "ARS_0": "053580048048", "AGS_0": "05358048", "SDV_ARS": "053580048048", "GEN": "Niederzier", "BEZ": "Gemeinde", "NUTS": "DEA26", "RegioStaR7": "73", "scenario": 50, "year": 2038 }, "geometry": { "type": "Point", "coordinates": [ 6.456564233156675, 50.853573501797904 ] } },
{ "type": "Feature", "properties": { "id": "Huchem_stammeln_station_2", "num_hh": "8", "num_cars": 1, "ARS": "053580048048", "AGS": "05358048", "ARS_0": "053580048048", "AGS_0": "05358048", "SDV_ARS": "053580048048", "GEN": "Niederzier", "BEZ": "Gemeinde", "NUTS": "DEA26", "RegioStaR7": "73", "scenario": 50, "year": 2038 }, "geometry": { "type": "Point", "coordinates": [ 6.456865637986501, 50.853649611992473 ] } },
{ "type": "Feature", "properties": { "id": "Huchem_stammeln_station_2", "num_hh": "8", "num_cars": 1, "ARS": "053580048048", "AGS": "05358048", "ARS_0": "053580048048", "AGS_0": "05358048", "SDV_ARS": "053580048048", "GEN": "Niederzier", "BEZ": "Gemeinde", "NUTS": "DEA26", "RegioStaR7": "73", "scenario": 50, "year": 2038 }, "geometry": { "type": "Point", "coordinates": [ 6.457151972574836, 50.853744749561017 ] } },
{ "type": "Feature", "properties": { "id": "Huchem_stammeln_station_2", "num_hh": "8", "num_cars": 1, "ARS": "053580048048", "AGS": "05358048", "ARS_0": "053580048048", "AGS_0": "05358048", "SDV_ARS": "053580048048", "GEN": "Niederzier", "BEZ": "Gemeinde", "NUTS": "DEA26", "RegioStaR7": "73", "scenario": 50, "year": 2038 }, "geometry": { "type": "Point", "coordinates": [ 6.457468447646154, 50.853830373206783 ] } },
{ "type": "Feature", "properties": { "id": "Huchem_stammeln_station_2", "num_hh": "8", "num_cars": 1, "ARS": "053580048048", "AGS": "05358048", "ARS_0": "053580048048", "AGS_0": "05358048", "SDV_ARS": "053580048048", "GEN": "Niederzier", "BEZ": "Gemeinde", "NUTS": "DEA26", "RegioStaR7": "73", "scenario": 50, "year": 2038 }, "geometry": { "type": "Point", "coordinates": [ 6.455629878184214, 50.852926555906386 ] } },
{ "type": "Feature", "properties": { "id": "Huchem_stammeln_station_2", "num_hh": "8", "num_cars": 1, "ARS": "053580048048", "AGS": "05358048", "ARS_0": "053580048048", "AGS_0": "05358048", "SDV_ARS": "053580048048", "GEN": "Niederzier", "BEZ": "Gemeinde", "NUTS": "DEA26", "RegioStaR7": "73", "scenario": 50, "year": 2038 }, "geometry": { "type": "Point", "coordinates": [ 6.455871002048076, 50.853002666628818 ] } },
{ "type": "Feature", "properties": { "id": "Huchem_stammeln_station_2", "num_hh": "8", "num_cars": 1, "ARS": "053580048048", "AGS": "05358048", "ARS_0": "053580048048", "AGS_0": "05358048", "SDV_ARS": "053580048048", "GEN": "Niederzier", "BEZ": "Gemeinde", "NUTS": "DEA26", "RegioStaR7": "73", "scenario": 50, "year": 2038 }, "geometry": { "type": "Point", "coordinates": [ 6.45615733663641, 50.853078777227054 ] } },
{ "type": "Feature", "properties": { "id": "Huchem_stammeln_station_2", "num_hh": "8", "num_cars": 1, "ARS": "053580048048", "AGS": "05358048", "ARS_0": "053580048048", "AGS_0": "05358048", "SDV_ARS": "053580048048", "GEN": "Niederzier", "BEZ": "Gemeinde", "NUTS": "DEA26", "RegioStaR7": "73", "scenario": 50, "year": 2038 }, "geometry": { "type": "Point", "coordinates": [ 6.456458741466236, 50.853173915300168 ] } },
{ "type": "Feature", "properties": { "id": "Huchem_stammeln_station_2", "num_hh": "8", "num_cars": 1, "ARS": "053580048048", "AGS": "05358048", "ARS_0": "053580048048", "AGS_0": "05358048", "SDV_ARS": "053580048048", "GEN": "Niederzier", "BEZ": "Gemeinde", "NUTS": "DEA26", "RegioStaR7": "73", "scenario": 50, "year": 2038 }, "geometry": { "type": "Point", "coordinates": [ 6.45673000581308, 50.853250025618934 ] } },
{ "type": "Feature", "properties": { "id": "Huchem_stammeln_station_2", "num_hh": "8", "num_cars": 1, "ARS": "053580048048", "AGS": "05358048", "ARS_0": "053580048048", "AGS_0": "05358048", "SDV_ARS": "053580048048", "GEN": "Niederzier", "BEZ": "Gemeinde", "NUTS": "DEA26", "RegioStaR7": "73", "scenario": 50, "year": 2038 }, "geometry": { "type": "Point", "coordinates": [ 6.457031410642906, 50.853326135813504 ] } },
{ "type": "Feature", "properties": { "id": "Huchem_stammeln_station_2", "num_hh": "8", "num_cars": 1, "ARS": "053580048048", "AGS": "05358048", "ARS_0": "053580048048", "AGS_0": "05358048", "SDV_ARS": "053580048048", "GEN": "Niederzier", "BEZ": "Gemeinde", "NUTS": "DEA26", "RegioStaR7": "73", "scenario": 50, "year": 2038 }, "geometry": { "type": "Point", "coordinates": [ 6.457317745231241, 50.853421273382047 ] } },
{ "type": "Feature", "properties": { "id": "Huchem_stammeln_station_2", "num_hh": "8", "num_cars": 1, "ARS": "053580048048", "AGS": "05358048", "ARS_0": "053580048048", "AGS_0": "05358048", "SDV_ARS": "053580048048", "GEN": "Niederzier", "BEZ": "Gemeinde", "NUTS": "DEA26", "RegioStaR7": "73", "scenario": 50, "year": 2038 }, "geometry": { "type": "Point", "coordinates": [ 6.457634220302559, 50.853506897027813 ] } },
{ "type": "Feature", "properties": { "id": "Huchem_stammeln_station_2", "num_hh": "8", "num_cars": 1, "ARS": "053580048048", "AGS": "05358048", "ARS_0": "053580048048", "AGS_0": "05358048", "SDV_ARS": "053580048048", "GEN": "Niederzier", "BEZ": "Gemeinde", "NUTS": "DEA26", "RegioStaR7": "73", "scenario": 50, "year": 2038 }, "geometry": { "type": "Point", "coordinates": [ 6.45593128301404, 50.852622105688575 ] } },
{ "type": "Feature", "properties": { "id": "Huchem_stammeln_station_2", "num_hh": "8", "num_cars": 1, "ARS": "053580048048", "AGS": "05358048", "ARS_0": "053580048048", "AGS_0": "05358048", "SDV_ARS": "053580048048", "GEN": "Niederzier", "BEZ": "Gemeinde", "NUTS": "DEA26", "RegioStaR7": "73", "scenario": 50, "year": 2038 }, "geometry": { "type": "Point", "coordinates": [ 6.456172406877902, 50.852698216411007 ] } },
{ "type": "Feature", "properties": { "id": "Huchem_stammeln_station_2", "num_hh": "8", "num_cars": 1, "ARS": "053580048048", "AGS": "05358048", "ARS_0": "053580048048", "AGS_0": "05358048", "SDV_ARS": "053580048048", "GEN": "Niederzier", "BEZ": "Gemeinde", "NUTS": "DEA26", "RegioStaR7": "73", "scenario": 50, "year": 2038 }, "geometry": { "type": "Point", "coordinates": [ 6.456458741466236, 50.852774327009243 ] } },
{ "type": "Feature", "properties": { "id": "Huchem_stammeln_station_2", "num_hh": "8", "num_cars": 1, "ARS": "053580048048", "AGS": "05358048", "ARS_0": "053580048048", "AGS_0": "05358048", "SDV_ARS": "053580048048", "GEN": "Niederzier", "BEZ": "Gemeinde", "NUTS": "DEA26", "RegioStaR7": "73", "scenario": 50, "year": 2038 }, "geometry": { "type": "Point", "coordinates": [ 6.456760146296062, 50.852869465082357 ] } },
{ "type": "Feature", "properties": { "id": "Huchem_stammeln_station_2", "num_hh": "8", "num_cars": 1, "ARS": "053580048048", "AGS": "05358048", "ARS_0": "053580048048", "AGS_0": "05358048", "SDV_ARS": "053580048048", "GEN": "Niederzier", "BEZ": "Gemeinde", "NUTS": "DEA26", "RegioStaR7": "73", "scenario": 50, "year": 2038 }, "geometry": { "type": "Point", "coordinates": [ 6.457031410642906, 50.852945575401122 ] } },
{ "type": "Feature", "properties": { "id": "Huchem_stammeln_station_2", "num_hh": "8", "num_cars": 1, "ARS": "053580048048", "AGS": "05358048", "ARS_0": "053580048048", "AGS_0": "05358048", "SDV_ARS": "053580048048", "GEN": "Niederzier", "BEZ": "Gemeinde", "NUTS": "DEA26", "RegioStaR7": "73", "scenario": 50, "year": 2038 }, "geometry": { "type": "Point", "coordinates": [ 6.457332815472732, 50.853021685595692 ] } },
{ "type": "Feature", "properties": { "id": "Huchem_stammeln_station_2", "num_hh": "8", "num_cars": 1, "ARS": "053580048048", "AGS": "05358048", "ARS_0": "053580048048", "AGS_0": "05358048", "SDV_ARS": "053580048048", "GEN": "Niederzier", "BEZ": "Gemeinde", "NUTS": "DEA26", "RegioStaR7": "73", "scenario": 50, "year": 2038 }, "geometry": { "type": "Point", "coordinates": [ 6.457619150061067, 50.853116823164235 ] } },
{ "type": "Feature", "properties": { "id": "Huchem_stammeln_station_2", "num_hh": "8", "num_cars": 1, "ARS": "053580048048", "AGS": "05358048", "ARS_0": "053580048048", "AGS_0": "05358048", "SDV_ARS": "053580048048", "GEN": "Niederzier", "BEZ": "Gemeinde", "NUTS": "DEA26", "RegioStaR7": "73", "scenario": 50, "year": 2038 }, "geometry": { "type": "Point", "coordinates": [ 6.457935625132385, 50.853202446810002 ] } },
{ "type": "Feature", "properties": { "id": "Horrem_station", "num_hh": "8", "num_cars": 1, "ARS": "053620032032", "AGS": "05362032", "ARS_0": "053620032032", "AGS_0": "05362032", "SDV_ARS": "053620032032", "GEN": "Kerpen", "BEZ": "Stadt", "NUTS": "DEA27", "RegioStaR7": "73", "scenario": 50, "year": 2038 }, "geometry": { "type": "Point", "coordinates": [ 6.717756804170318, 50.917302901431917 ] } },
{ "type": "Feature", "properties": { "id": "Horrem_station", "num_hh": "8", "num_cars": 1, "ARS": "053620032032", "AGS": "05362032", "ARS_0": "053620032032", "AGS_0": "05362032", "SDV_ARS": "053620032032", "GEN": "Kerpen", "BEZ": "Stadt", "NUTS": "DEA27", "RegioStaR7": "73", "scenario": 50, "year": 2038 }, "geometry": { "type": "Point", "coordinates": [ 6.717988339880836, 50.917213697639795 ] } },
{ "type": "Feature", "properties": { "id": "Horrem_station", "num_hh": "8", "num_cars": 1, "ARS": "053620032032", "AGS": "05362032", "ARS_0": "053620032032", "AGS_0": "05362032", "SDV_ARS": "053620032032", "GEN": "Kerpen", "BEZ": "Stadt", "NUTS": "DEA27", "RegioStaR7": "73", "scenario": 50, "year": 2038 }, "geometry": { "type": "Point", "coordinates": [ 6.718248330134241, 50.917086212735356 ] } },
{ "type": "Feature", "properties": { "id": "Horrem_station", "num_hh": "8", "num_cars": 1, "ARS": "053620032032", "AGS": "05362032", "ARS_0": "053620032032", "AGS_0": "05362032", "SDV_ARS": "053620032032", "GEN": "Kerpen", "BEZ": "Stadt", "NUTS": "DEA27", "RegioStaR7": "73", "scenario": 50, "year": 2038 }, "geometry": { "type": "Point", "coordinates": [ 6.718479432581713, 50.916986045779701 ] } },
{ "type": "Feature", "properties": { "id": "Horrem_station", "num_hh": "8", "num_cars": 1, "ARS": "053620032032", "AGS": "05362032", "ARS_0": "053620032032", "AGS_0": "05362032", "SDV_ARS": "053620032032", "GEN": "Kerpen", "BEZ": "Stadt", "NUTS": "DEA27", "RegioStaR7": "73", "scenario": 50, "year": 2038 }, "geometry": { "type": "Point", "coordinates": [ 6.718710535029184, 50.916822135750841 ] } },
{ "type": "Feature", "properties": { "id": "Horrem_station", "num_hh": "8", "num_cars": 1, "ARS": "053620032032", "AGS": "05362032", "ARS_0": "053620032032", "AGS_0": "05362032", "SDV_ARS": "053620032032", "GEN": "Kerpen", "BEZ": "Stadt", "NUTS": "DEA27", "RegioStaR7": "73", "scenario": 50, "year": 2038 }, "geometry": { "type": "Point", "coordinates": [ 6.718912749670723, 50.916676437462726 ] } },
{ "type": "Feature", "properties": { "id": "Horrem_station", "num_hh": "8", "num_cars": 1, "ARS": "053620032032", "AGS": "05362032", "ARS_0": "053620032032", "AGS_0": "05362032", "SDV_ARS": "053620032032", "GEN": "Kerpen", "BEZ": "Stadt", "NUTS": "DEA27", "RegioStaR7": "73", "scenario": 50, "year": 2038 }, "geometry": { "type": "Point", "coordinates": [ 6.719114964312261, 50.916321295974349 ] } },
{ "type": "Feature", "properties": { "id": "Horrem_station", "num_hh": "8", "num_cars": 1, "ARS": "053620032032", "AGS": "05362032", "ARS_0": "053620032032", "AGS_0": "05362032", "SDV_ARS": "053620032032", "GEN": "Kerpen", "BEZ": "Stadt", "NUTS": "DEA27", "RegioStaR7": "73", "scenario": 50, "year": 2038 }, "geometry": { "type": "Point", "coordinates": [ 6.719129408215228, 50.916102746018971 ] } },
{ "type": "Feature", "properties": { "id": "Horrem_station", "num_hh": "8", "num_cars": 1, "ARS": "053620032032", "AGS": "05362032", "ARS_0": "053620032032", "AGS_0": "05362032", "SDV_ARS": "053620032032", "GEN": "Kerpen", "BEZ": "Stadt", "NUTS": "DEA27", "RegioStaR7": "73", "scenario": 50, "year": 2038 }, "geometry": { "type": "Point", "coordinates": [ 6.719230515535997, 50.916858560251605 ] } },
{ "type": "Feature", "properties": { "id": "Horrem_station", "num_hh": "8", "num_cars": 1, "ARS": "053620032032", "AGS": "05362032", "ARS_0": "053620032032", "AGS_0": "05362032", "SDV_ARS": "053620032032", "GEN": "Kerpen", "BEZ": "Stadt", "NUTS": "DEA27", "RegioStaR7": "73", "scenario": 50, "year": 2038 }, "geometry": { "type": "Point", "coordinates": [ 6.71921607163303, 50.917095318811533 ] } },
{ "type": "Feature", "properties": { "id": "Horrem_station", "num_hh": "8", "num_cars": 1, "ARS": "053620032032", "AGS": "05362032", "ARS_0": "053620032032", "AGS_0": "05362032", "SDV_ARS": "053620032032", "GEN": "Kerpen", "BEZ": "Stadt", "NUTS": "DEA27", "RegioStaR7": "73", "scenario": 50, "year": 2038 }, "geometry": { "type": "Point", "coordinates": [ 6.718046115492703, 50.917486878401824 ] } },
{ "type": "Feature", "properties": { "id": "Horrem_station", "num_hh": "8", "num_cars": 1, "ARS": "053620032032", "AGS": "05362032", "ARS_0": "053620032032", "AGS_0": "05362032", "SDV_ARS": "053620032032", "GEN": "Kerpen", "BEZ": "Stadt", "NUTS": "DEA27", "RegioStaR7": "73", "scenario": 50, "year": 2038 }, "geometry": { "type": "Point", "coordinates": [ 6.718378325260944, 50.91760525623399 ] } },
{ "type": "Feature", "properties": { "id": "Horrem_station", "num_hh": "8", "num_cars": 1, "ARS": "053620032032", "AGS": "05362032", "ARS_0": "053620032032", "AGS_0": "05362032", "SDV_ARS": "053620032032", "GEN": "Kerpen", "BEZ": "Stadt", "NUTS": "DEA27", "RegioStaR7": "73", "scenario": 50, "year": 2038 }, "geometry": { "type": "Point", "coordinates": [ 6.718710535029184, 50.91773273971647 ] } },
{ "type": "Feature", "properties": { "id": "Horrem_station", "num_hh": "8", "num_cars": 1, "ARS": "053620032032", "AGS": "05362032", "ARS_0": "053620032032", "AGS_0": "05362032", "SDV_ARS": "053620032032", "GEN": "Kerpen", "BEZ": "Stadt", "NUTS": "DEA27", "RegioStaR7": "73", "scenario": 50, "year": 2038 }, "geometry": { "type": "Point", "coordinates": [ 6.719042744797425, 50.917851116923195 ] } },
{ "type": "Feature", "properties": { "id": "Horrem_station", "num_hh": "8", "num_cars": 1, "ARS": "053620032032", "AGS": "05362032", "ARS_0": "053620032032", "AGS_0": "05362032", "SDV_ARS": "053620032032", "GEN": "Kerpen", "BEZ": "Stadt", "NUTS": "DEA27", "RegioStaR7": "73", "scenario": 50, "year": 2038 }, "geometry": { "type": "Point", "coordinates": [ 6.719346066759733, 50.917969493828771 ] } },
{ "type": "Feature", "properties": { "id": "Horrem_station", "num_hh": "8", "num_cars": 1, "ARS": "053620032032", "AGS": "05362032", "ARS_0": "053620032032", "AGS_0": "05362032", "SDV_ARS": "053620032032", "GEN": "Kerpen", "BEZ": "Stadt", "NUTS": "DEA27", "RegioStaR7": "73", "scenario": 50, "year": 2038 }, "geometry": { "type": "Point", "coordinates": [ 6.719591613110172, 50.917823799132989 ] } },
{ "type": "Feature", "properties": { "id": "Horrem_station", "num_hh": "8", "num_cars": 1, "ARS": "053620032032", "AGS": "05362032", "ARS_0": "053620032032", "AGS_0": "05362032", "SDV_ARS": "053620032032", "GEN": "Kerpen", "BEZ": "Stadt", "NUTS": "DEA27", "RegioStaR7": "73", "scenario": 50, "year": 2038 }, "geometry": { "type": "Point", "coordinates": [ 6.719779383848742, 50.917614362208603 ] } },
{ "type": "Feature", "properties": { "id": "Horrem_station", "num_hh": "8", "num_cars": 1, "ARS": "053620032032", "AGS": "05362032", "ARS_0": "053620032032", "AGS_0": "05362032", "SDV_ARS": "053620032032", "GEN": "Kerpen", "BEZ": "Stadt", "NUTS": "DEA27", "RegioStaR7": "73", "scenario": 50, "year": 2038 }, "geometry": { "type": "Point", "coordinates": [ 6.71998159849028, 50.917441348386184 ] } },
{ "type": "Feature", "properties": { "id": "Horrem_station", "num_hh": "8", "num_cars": 1, "ARS": "053620032032", "AGS": "05362032", "ARS_0": "053620032032", "AGS_0": "05362032", "SDV_ARS": "053620032032", "GEN": "Kerpen", "BEZ": "Stadt", "NUTS": "DEA27", "RegioStaR7": "73", "scenario": 50, "year": 2038 }, "geometry": { "type": "Point", "coordinates": [ 6.718797198446987, 50.917368500268516 ] } },
{ "type": "Feature", "properties": { "id": "Horrem_station", "num_hh": "8", "num_cars": 1, "ARS": "053620032032", "AGS": "05362032", "ARS_0": "053620032032", "AGS_0": "05362032", "SDV_ARS": "053620032032", "GEN": "Kerpen", "BEZ": "Stadt", "NUTS": "DEA27", "RegioStaR7": "73", "scenario": 50, "year": 2038 }, "geometry": { "type": "Point", "coordinates": [ 6.719028300894459, 50.917505090395615 ] } },
{ "type": "Feature", "properties": { "id": "Horrem_station", "num_hh": "8", "num_cars": 1, "ARS": "053620032032", "AGS": "05362032", "ARS_0": "053620032032", "AGS_0": "05362032", "SDV_ARS": "053620032032", "GEN": "Kerpen", "BEZ": "Stadt", "NUTS": "DEA27", "RegioStaR7": "73", "scenario": 50, "year": 2038 }, "geometry": { "type": "Point", "coordinates": [ 6.719259403341931, 50.917614362208603 ] } },
{ "type": "Feature", "properties": { "id": "Horrem_station", "num_hh": "8", "num_cars": 1, "ARS": "053620032032", "AGS": "05362032", "ARS_0": "053620032032", "AGS_0": "05362032", "SDV_ARS": "053620032032", "GEN": "Kerpen", "BEZ": "Stadt", "NUTS": "DEA27", "RegioStaR7": "73", "scenario": 50, "year": 2038 }, "geometry": { "type": "Point", "coordinates": [ 6.720198257034785, 50.917213697639795 ] } },
{ "type": "Feature", "properties": { "id": "Horrem_station", "num_hh": "8", "num_cars": 1, "ARS": "053620032032", "AGS": "05362032", "ARS_0": "053620032032", "AGS_0": "05362032", "SDV_ARS": "053620032032", "GEN": "Kerpen", "BEZ": "Stadt", "NUTS": "DEA27", "RegioStaR7": "73", "scenario": 50, "year": 2038 }, "geometry": { "type": "Point", "coordinates": [ 6.719577169207205, 50.917122637029401 ] } },
{ "type": "Feature", "properties": { "id": "Horrem_station", "num_hh": "8", "num_cars": 1, "ARS": "053620032032", "AGS": "05362032", "ARS_0": "053620032032", "AGS_0": "05362032", "SDV_ARS": "053620032032", "GEN": "Kerpen", "BEZ": "Stadt", "NUTS": "DEA27", "RegioStaR7": "73", "scenario": 50, "year": 2038 }, "geometry": { "type": "Point", "coordinates": [ 6.719606057013139, 50.916913196949267 ] } },
{ "type": "Feature", "properties": { "id": "Horrem_station", "num_hh": "8", "num_cars": 1, "ARS": "053620032032", "AGS": "05362032", "ARS_0": "053620032032", "AGS_0": "05362032", "SDV_ARS": "053620032032", "GEN": "Kerpen", "BEZ": "Stadt", "NUTS": "DEA27", "RegioStaR7": "73", "scenario": 50, "year": 2038 }, "geometry": { "type": "Point", "coordinates": [ 6.71723725692655, 50.917140849165733 ] } },
{ "type": "Feature", "properties": { "id": "Horrem_station", "num_hh": "8", "num_cars": 1, "ARS": "053620032032", "AGS": "05362032", "ARS_0": "053620032032", "AGS_0": "05362032", "SDV_ARS": "053620032032", "GEN": "Kerpen", "BEZ": "Stadt", "NUTS": "DEA27", "RegioStaR7": "73", "scenario": 50, "year": 2038 }, "geometry": { "type": "Point", "coordinates": [ 6.717497247179957, 50.917086212735356 ] } },
{ "type": "Feature", "properties": { "id": "Horrem_station", "num_hh": "8", "num_cars": 1, "ARS": "053620032032", "AGS": "05362032", "ARS_0": "053620032032", "AGS_0": "05362032", "SDV_ARS": "053620032032", "GEN": "Kerpen", "BEZ": "Stadt", "NUTS": "DEA27", "RegioStaR7": "73", "scenario": 50, "year": 2038 }, "geometry": { "type": "Point", "coordinates": [ 6.717728349627428, 50.916986045779701 ] } },
{ "type": "Feature", "properties": { "id": "Horrem_station", "num_hh": "8", "num_cars": 1, "ARS": "053620032032", "AGS": "05362032", "ARS_0": "053620032032", "AGS_0": "05362032", "SDV_ARS": "053620032032", "GEN": "Kerpen", "BEZ": "Stadt", "NUTS": "DEA27", "RegioStaR7": "73", "scenario": 50, "year": 2038 }, "geometry": { "type": "Point", "coordinates": [ 6.717959452074901, 50.916867666372326 ] } },
{ "type": "Feature", "properties": { "id": "Horrem_station", "num_hh": "8", "num_cars": 1, "ARS": "053620032032", "AGS": "05362032", "ARS_0": "053620032032", "AGS_0": "05362032", "SDV_ARS": "053620032032", "GEN": "Kerpen", "BEZ": "Stadt", "NUTS": "DEA27", "RegioStaR7": "73", "scenario": 50, "year": 2038 }, "geometry": { "type": "Point", "coordinates": [ 6.71820499842534, 50.916712862077524 ] } },
{ "type": "Feature", "properties": { "id": "Horrem_station", "num_hh": "8", "num_cars": 1, "ARS": "053620032032", "AGS": "05362032", "ARS_0": "053620032032", "AGS_0": "05362032", "SDV_ARS": "053620032032", "GEN": "Kerpen", "BEZ": "Stadt", "NUTS": "DEA27", "RegioStaR7": "73", "scenario": 50, "year": 2038 }, "geometry": { "type": "Point", "coordinates": [ 6.718421656969845, 50.916567163447283 ] } },
{ "type": "Feature", "properties": { "id": "Horrem_station", "num_hh": "8", "num_cars": 1, "ARS": "053620032032", "AGS": "05362032", "ARS_0": "053620032032", "AGS_0": "05362032", "SDV_ARS": "053620032032", "GEN": "Kerpen", "BEZ": "Stadt", "NUTS": "DEA27", "RegioStaR7": "73", "scenario": 50, "year": 2038 }, "geometry": { "type": "Point", "coordinates": [ 6.718046115492703, 50.916366827085859 ] } },
{ "type": "Feature", "properties": { "id": "Horrem_station", "num_hh": "8", "num_cars": 1, "ARS": "053620032032", "AGS": "05362032", "ARS_0": "053620032032", "AGS_0": "05362032", "SDV_ARS": "053620032032", "GEN": "Kerpen", "BEZ": "Stadt", "NUTS": "DEA27", "RegioStaR7": "73", "scenario": 50, "year": 2038 }, "geometry": { "type": "Point", "coordinates": [ 6.717670574015561, 50.916403251942995 ] } },
{ "type": "Feature", "properties": { "id": "Horrem_station", "num_hh": "8", "num_cars": 1, "ARS": "053620032032", "AGS": "05362032", "ARS_0": "053620032032", "AGS_0": "05362032", "SDV_ARS": "053620032032", "GEN": "Kerpen", "BEZ": "Stadt", "NUTS": "DEA27", "RegioStaR7": "73", "scenario": 50, "year": 2038 }, "geometry": { "type": "Point", "coordinates": [ 6.717280588635452, 50.916421464360873 ] } },
{ "type": "Feature", "properties": { "id": "Horrem_station", "num_hh": "8", "num_cars": 1, "ARS": "053620032032", "AGS": "05362032", "ARS_0": "053620032032", "AGS_0": "05362032", "SDV_ARS": "053620032032", "GEN": "Kerpen", "BEZ": "Stadt", "NUTS": "DEA27", "RegioStaR7": "73", "scenario": 50, "year": 2038 }, "geometry": { "type": "Point", "coordinates": [ 6.716919491061278, 50.916457889175241 ] } },
{ "type": "Feature", "properties": { "id": "Horrem_station", "num_hh": "8", "num_cars": 1, "ARS": "053620032032", "AGS": "05362032", "ARS_0": "053620032032", "AGS_0": "05362032", "SDV_ARS": "053620032032", "GEN": "Kerpen", "BEZ": "Stadt", "NUTS": "DEA27", "RegioStaR7": "73", "scenario": 50, "year": 2038 }, "geometry": { "type": "Point", "coordinates": [ 6.716529505681169, 50.916494313961095 ] } },
{ "type": "Feature", "properties": { "id": "Horrem_station", "num_hh": "8", "num_cars": 1, "ARS": "053620032032", "AGS": "05362032", "ARS_0": "053620032032", "AGS_0": "05362032", "SDV_ARS": "053620032032", "GEN": "Kerpen", "BEZ": "Stadt", "NUTS": "DEA27", "RegioStaR7": "73", "scenario": 50, "year": 2038 }, "geometry": { "type": "Point", "coordinates": [ 6.716283959330729, 50.916630906654142 ] } },
{ "type": "Feature", "properties": { "id": "Horrem_station", "num_hh": "8", "num_cars": 1, "ARS": "053620032032", "AGS": "05362032", "ARS_0": "053620032032", "AGS_0": "05362032", "SDV_ARS": "053620032032", "GEN": "Kerpen", "BEZ": "Stadt", "NUTS": "DEA27", "RegioStaR7": "73", "scenario": 50, "year": 2038 }, "geometry": { "type": "Point", "coordinates": [ 6.716543949584135, 50.916813029621196 ] } },
{ "type": "Feature", "properties": { "id": "Horrem_station", "num_hh": "8", "num_cars": 1, "ARS": "053620032032", "AGS": "05362032", "ARS_0": "053620032032", "AGS_0": "05362032", "SDV_ARS": "053620032032", "GEN": "Kerpen", "BEZ": "Stadt", "NUTS": "DEA27", "RegioStaR7": "73", "scenario": 50, "year": 2038 }, "geometry": { "type": "Point", "coordinates": [ 6.716890603255343, 50.916967833582795 ] } },
{ "type": "Feature", "properties": { "id": "Horrem_station", "num_hh": "8", "num_cars": 1, "ARS": "053620032032", "AGS": "05362032", "ARS_0": "053620032032", "AGS_0": "05362032", "SDV_ARS": "053620032032", "GEN": "Kerpen", "BEZ": "Stadt", "NUTS": "DEA27", "RegioStaR7": "73", "scenario": 50, "year": 2038 }, "geometry": { "type": "Point", "coordinates": [ 6.717121705702815, 50.916776605084813 ] } },
{ "type": "Feature", "properties": { "id": "Horrem_station", "num_hh": "8", "num_cars": 1, "ARS": "053620032032", "AGS": "05362032", "ARS_0": "053620032032", "AGS_0": "05362032", "SDV_ARS": "053620032032", "GEN": "Kerpen", "BEZ": "Stadt", "NUTS": "DEA27", "RegioStaR7": "73", "scenario": 50, "year": 2038 }, "geometry": { "type": "Point", "coordinates": [ 6.717381695956221, 50.916876772491278 ] } },
{ "type": "Feature", "properties": { "id": "Horrem_station", "num_hh": "8", "num_cars": 1, "ARS": "053620032032", "AGS": "05362032", "ARS_0": "053620032032", "AGS_0": "05362032", "SDV_ARS": "053620032032", "GEN": "Kerpen", "BEZ": "Stadt", "NUTS": "DEA27", "RegioStaR7": "73", "scenario": 50, "year": 2038 }, "geometry": { "type": "Point", "coordinates": [ 6.717468359374022, 50.916731074374233 ] } },
{ "type": "Feature", "properties": { "id": "Horrem_station", "num_hh": "8", "num_cars": 1, "ARS": "053620032032", "AGS": "05362032", "ARS_0": "053620032032", "AGS_0": "05362032", "SDV_ARS": "053620032032", "GEN": "Kerpen", "BEZ": "Stadt", "NUTS": "DEA27", "RegioStaR7": "73", "scenario": 50, "year": 2038 }, "geometry": { "type": "Point", "coordinates": [ 6.719620500916105, 50.916102746018971 ] } },
{ "type": "Feature", "properties": { "id": "Horrem_station", "num_hh": "8", "num_cars": 1, "ARS": "053620032032", "AGS": "05362032", "ARS_0": "053620032032", "AGS_0": "05362032", "SDV_ARS": "053620032032", "GEN": "Kerpen", "BEZ": "Stadt", "NUTS": "DEA27", "RegioStaR7": "73", "scenario": 50, "year": 2038 }, "geometry": { "type": "Point", "coordinates": [ 6.719591613110172, 50.916303083517263 ] } },
{ "type": "Feature", "properties": { "id": "Horrem_station", "num_hh": "8", "num_cars": 1, "ARS": "053620032032", "AGS": "05362032", "ARS_0": "053620032032", "AGS_0": "05362032", "SDV_ARS": "053620032032", "GEN": "Kerpen", "BEZ": "Stadt", "NUTS": "DEA27", "RegioStaR7": "73", "scenario": 50, "year": 2038 }, "geometry": { "type": "Point", "coordinates": [ 6.719591613110172, 50.916567163447283 ] } },
{ "type": "Feature", "properties": { "id": "Alsdorf_kellersberg", "num_hh": "8", "num_cars": 1, "ARS": "053340004004", "AGS": "05334004", "ARS_0": "053340004004", "AGS_0": "05334004", "SDV_ARS": "053340004004", "GEN": "Alsdorf", "BEZ": "Stadt", "NUTS": "DEA2D", "RegioStaR7": "73", "scenario": 50, "year": 2038 }, "geometry": { "type": "Point", "coordinates": [ 6.170875373591151, 50.867276821532244 ] } },
{ "type": "Feature", "properties": { "id": "Alsdorf_kellersberg", "num_hh": "8", "num_cars": 1, "ARS": "053340004004", "AGS": "05334004", "ARS_0": "053340004004", "AGS_0": "05334004", "SDV_ARS": "053340004004", "GEN": "Alsdorf", "BEZ": "Stadt", "NUTS": "DEA2D", "RegioStaR7": "73", "scenario": 50, "year": 2038 }, "geometry": { "type": "Point", "coordinates": [ 6.170933492437318, 50.867487730543239 ] } },
{ "type": "Feature", "properties": { "id": "Alsdorf_kellersberg", "num_hh": "8", "num_cars": 1, "ARS": "053340004004", "AGS": "05334004", "ARS_0": "053340004004", "AGS_0": "05334004", "SDV_ARS": "053340004004", "GEN": "Alsdorf", "BEZ": "Stadt", "NUTS": "DEA2D", "RegioStaR7": "73", "scenario": 50, "year": 2038 }, "geometry": { "type": "Point", "coordinates": [ 6.171006140995027, 50.867735318164677 ] } },
{ "type": "Feature", "properties": { "id": "Alsdorf_kellersberg", "num_hh": "8", "num_cars": 1, "ARS": "053340004004", "AGS": "05334004", "ARS_0": "053340004004", "AGS_0": "05334004", "SDV_ARS": "053340004004", "GEN": "Alsdorf", "BEZ": "Stadt", "NUTS": "DEA2D", "RegioStaR7": "73", "scenario": 50, "year": 2038 }, "geometry": { "type": "Point", "coordinates": [ 6.171122378687359, 50.867937055254338 ] } },
{ "type": "Feature", "properties": { "id": "Alsdorf_kellersberg", "num_hh": "8", "num_cars": 1, "ARS": "053340004004", "AGS": "05334004", "ARS_0": "053340004004", "AGS_0": "05334004", "SDV_ARS": "053340004004", "GEN": "Alsdorf", "BEZ": "Stadt", "NUTS": "DEA2D", "RegioStaR7": "73", "scenario": 50, "year": 2038 }, "geometry": { "type": "Point", "coordinates": [ 6.171180497533525, 50.868129621661879 ] } },
{ "type": "Feature", "properties": { "id": "Alsdorf_kellersberg", "num_hh": "8", "num_cars": 1, "ARS": "053340004004", "AGS": "05334004", "ARS_0": "053340004004", "AGS_0": "05334004", "SDV_ARS": "053340004004", "GEN": "Alsdorf", "BEZ": "Stadt", "NUTS": "DEA2D", "RegioStaR7": "73", "scenario": 50, "year": 2038 }, "geometry": { "type": "Point", "coordinates": [ 6.171238616379692, 50.868313017500931 ] } },
{ "type": "Feature", "properties": { "id": "Alsdorf_kellersberg", "num_hh": "8", "num_cars": 1, "ARS": "053340004004", "AGS": "05334004", "ARS_0": "053340004004", "AGS_0": "05334004", "SDV_ARS": "053340004004", "GEN": "Alsdorf", "BEZ": "Stadt", "NUTS": "DEA2D", "RegioStaR7": "73", "scenario": 50, "year": 2038 }, "geometry": { "type": "Point", "coordinates": [ 6.171340324360481, 50.867203461667003 ] } },
{ "type": "Feature", "properties": { "id": "Alsdorf_kellersberg", "num_hh": "8", "num_cars": 1, "ARS": "053340004004", "AGS": "05334004", "ARS_0": "053340004004", "AGS_0": "05334004", "SDV_ARS": "053340004004", "GEN": "Alsdorf", "BEZ": "Stadt", "NUTS": "DEA2D", "RegioStaR7": "73", "scenario": 50, "year": 2038 }, "geometry": { "type": "Point", "coordinates": [ 6.171398443206648, 50.867414370677999 ] } },
{ "type": "Feature", "properties": { "id": "Alsdorf_kellersberg", "num_hh": "8", "num_cars": 1, "ARS": "053340004004", "AGS": "05334004", "ARS_0": "053340004004", "AGS_0": "05334004", "SDV_ARS": "053340004004", "GEN": "Alsdorf", "BEZ": "Stadt", "NUTS": "DEA2D", "RegioStaR7": "73", "scenario": 50, "year": 2038 }, "geometry": { "type": "Point", "coordinates": [ 6.171471091764356, 50.867661958299436 ] } },
{ "type": "Feature", "properties": { "id": "Alsdorf_kellersberg", "num_hh": "8", "num_cars": 1, "ARS": "053340004004", "AGS": "05334004", "ARS_0": "053340004004", "AGS_0": "05334004", "SDV_ARS": "053340004004", "GEN": "Alsdorf", "BEZ": "Stadt", "NUTS": "DEA2D", "RegioStaR7": "73", "scenario": 50, "year": 2038 }, "geometry": { "type": "Point", "coordinates": [ 6.171587329456689, 50.867863695389097 ] } },
{ "type": "Feature", "properties": { "id": "Alsdorf_kellersberg", "num_hh": "8", "num_cars": 1, "ARS": "053340004004", "AGS": "05334004", "ARS_0": "053340004004", "AGS_0": "05334004", "SDV_ARS": "053340004004", "GEN": "Alsdorf", "BEZ": "Stadt", "NUTS": "DEA2D", "RegioStaR7": "73", "scenario": 50, "year": 2038 }, "geometry": { "type": "Point", "coordinates": [ 6.171645448302855, 50.868056261796639 ] } },
{ "type": "Feature", "properties": { "id": "Alsdorf_kellersberg", "num_hh": "8", "num_cars": 1, "ARS": "053340004004", "AGS": "05334004", "ARS_0": "053340004004", "AGS_0": "05334004", "SDV_ARS": "053340004004", "GEN": "Alsdorf", "BEZ": "Stadt", "NUTS": "DEA2D", "RegioStaR7": "73", "scenario": 50, "year": 2038 }, "geometry": { "type": "Point", "coordinates": [ 6.171703567149022, 50.868239657635691 ] } },
{ "type": "Feature", "properties": { "id": "Alsdorf_kellersberg", "num_hh": "8", "num_cars": 1, "ARS": "053340004004", "AGS": "05334004", "ARS_0": "053340004004", "AGS_0": "05334004", "SDV_ARS": "053340004004", "GEN": "Alsdorf", "BEZ": "Stadt", "NUTS": "DEA2D", "RegioStaR7": "73", "scenario": 50, "year": 2038 }, "geometry": { "type": "Point", "coordinates": [ 6.17187792368752, 50.867130101686321 ] } },
{ "type": "Feature", "properties": { "id": "Alsdorf_kellersberg", "num_hh": "8", "num_cars": 1, "ARS": "053340004004", "AGS": "05334004", "ARS_0": "053340004004", "AGS_0": "05334004", "SDV_ARS": "053340004004", "GEN": "Alsdorf", "BEZ": "Stadt", "NUTS": "DEA2D", "RegioStaR7": "73", "scenario": 50, "year": 2038 }, "geometry": { "type": "Point", "coordinates": [ 6.171936042533686, 50.867341010697317 ] } },
{ "type": "Feature", "properties": { "id": "Alsdorf_kellersberg", "num_hh": "8", "num_cars": 1, "ARS": "053340004004", "AGS": "05334004", "ARS_0": "053340004004", "AGS_0": "05334004", "SDV_ARS": "053340004004", "GEN": "Alsdorf", "BEZ": "Stadt", "NUTS": "DEA2D", "RegioStaR7": "73", "scenario": 50, "year": 2038 }, "geometry": { "type": "Point", "coordinates": [ 6.172008691091395, 50.867588598318754 ] } },
{ "type": "Feature", "properties": { "id": "Alsdorf_kellersberg", "num_hh": "8", "num_cars": 1, "ARS": "053340004004", "AGS": "05334004", "ARS_0": "053340004004", "AGS_0": "05334004", "SDV_ARS": "053340004004", "GEN": "Alsdorf", "BEZ": "Stadt", "NUTS": "DEA2D", "RegioStaR7": "73", "scenario": 50, "year": 2038 }, "geometry": { "type": "Point", "coordinates": [ 6.172124928783727, 50.867790335408415 ] } },
{ "type": "Feature", "properties": { "id": "Alsdorf_kellersberg", "num_hh": "8", "num_cars": 1, "ARS": "053340004004", "AGS": "05334004", "ARS_0": "053340004004", "AGS_0": "05334004", "SDV_ARS": "053340004004", "GEN": "Alsdorf", "BEZ": "Stadt", "NUTS": "DEA2D", "RegioStaR7": "73", "scenario": 50, "year": 2038 }, "geometry": { "type": "Point", "coordinates": [ 6.172183047629893, 50.867982901815957 ] } },
{ "type": "Feature", "properties": { "id": "Alsdorf_kellersberg", "num_hh": "8", "num_cars": 1, "ARS": "053340004004", "AGS": "05334004", "ARS_0": "053340004004", "AGS_0": "05334004", "SDV_ARS": "053340004004", "GEN": "Alsdorf", "BEZ": "Stadt", "NUTS": "DEA2D", "RegioStaR7": "73", "scenario": 50, "year": 2038 }, "geometry": { "type": "Point", "coordinates": [ 6.17224116647606, 50.868166297655009 ] } },
{ "type": "Feature", "properties": { "id": "Alsdorf_kellersberg", "num_hh": "8", "num_cars": 1, "ARS": "053340004004", "AGS": "05334004", "ARS_0": "053340004004", "AGS_0": "05334004", "SDV_ARS": "053340004004", "GEN": "Alsdorf", "BEZ": "Stadt", "NUTS": "DEA2D", "RegioStaR7": "73", "scenario": 50, "year": 2038 }, "geometry": { "type": "Point", "coordinates": [ 6.170599309071862, 50.865772921220525 ] } },
{ "type": "Feature", "properties": { "id": "Alsdorf_kellersberg", "num_hh": "8", "num_cars": 1, "ARS": "053340004004", "AGS": "05334004", "ARS_0": "053340004004", "AGS_0": "05334004", "SDV_ARS": "053340004004", "GEN": "Alsdorf", "BEZ": "Stadt", "NUTS": "DEA2D", "RegioStaR7": "73", "scenario": 50, "year": 2038 }, "geometry": { "type": "Point", "coordinates": [ 6.170657427918028, 50.865983830231521 ] } },
{ "type": "Feature", "properties": { "id": "Alsdorf_kellersberg", "num_hh": "8", "num_cars": 1, "ARS": "053340004004", "AGS": "05334004", "ARS_0": "053340004004", "AGS_0": "05334004", "SDV_ARS": "053340004004", "GEN": "Alsdorf", "BEZ": "Stadt", "NUTS": "DEA2D", "RegioStaR7": "73", "scenario": 50, "year": 2038 }, "geometry": { "type": "Point", "coordinates": [ 6.170730076475737, 50.866231417852958 ] } },
{ "type": "Feature", "properties": { "id": "Alsdorf_kellersberg", "num_hh": "8", "num_cars": 1, "ARS": "053340004004", "AGS": "05334004", "ARS_0": "053340004004", "AGS_0": "05334004", "SDV_ARS": "053340004004", "GEN": "Alsdorf", "BEZ": "Stadt", "NUTS": "DEA2D", "RegioStaR7": "73", "scenario": 50, "year": 2038 }, "geometry": { "type": "Point", "coordinates": [ 6.170846314168069, 50.866433154942619 ] } },
{ "type": "Feature", "properties": { "id": "Alsdorf_kellersberg", "num_hh": "8", "num_cars": 1, "ARS": "053340004004", "AGS": "05334004", "ARS_0": "053340004004", "AGS_0": "05334004", "SDV_ARS": "053340004004", "GEN": "Alsdorf", "BEZ": "Stadt", "NUTS": "DEA2D", "RegioStaR7": "73", "scenario": 50, "year": 2038 }, "geometry": { "type": "Point", "coordinates": [ 6.170904433014235, 50.866625721350161 ] } },
{ "type": "Feature", "properties": { "id": "Alsdorf_kellersberg", "num_hh": "8", "num_cars": 1, "ARS": "053340004004", "AGS": "05334004", "ARS_0": "053340004004", "AGS_0": "05334004", "SDV_ARS": "053340004004", "GEN": "Alsdorf", "BEZ": "Stadt", "NUTS": "DEA2D", "RegioStaR7": "73", "scenario": 50, "year": 2038 }, "geometry": { "type": "Point", "coordinates": [ 6.170962551860402, 50.866809117189213 ] } },
{ "type": "Feature", "properties": { "id": "Alsdorf_kellersberg", "num_hh": "8", "num_cars": 1, "ARS": "053340004004", "AGS": "05334004", "ARS_0": "053340004004", "AGS_0": "05334004", "SDV_ARS": "053340004004", "GEN": "Alsdorf", "BEZ": "Stadt", "NUTS": "DEA2D", "RegioStaR7": "73", "scenario": 50, "year": 2038 }, "geometry": { "type": "Point", "coordinates": [ 6.171180497533524, 50.865672048121972 ] } },
{ "type": "Feature", "properties": { "id": "Alsdorf_kellersberg", "num_hh": "8", "num_cars": 1, "ARS": "053340004004", "AGS": "05334004", "ARS_0": "053340004004", "AGS_0": "05334004", "SDV_ARS": "053340004004", "GEN": "Alsdorf", "BEZ": "Stadt", "NUTS": "DEA2D", "RegioStaR7": "73", "scenario": 50, "year": 2038 }, "geometry": { "type": "Point", "coordinates": [ 6.171238616379691, 50.865882957132968 ] } },
{ "type": "Feature", "properties": { "id": "Alsdorf_kellersberg", "num_hh": "8", "num_cars": 1, "ARS": "053340004004", "AGS": "05334004", "ARS_0": "053340004004", "AGS_0": "05334004", "SDV_ARS": "053340004004", "GEN": "Alsdorf", "BEZ": "Stadt", "NUTS": "DEA2D", "RegioStaR7": "73", "scenario": 50, "year": 2038 }, "geometry": { "type": "Point", "coordinates": [ 6.171311264937399, 50.866130544754405 ] } },
{ "type": "Feature", "properties": { "id": "Alsdorf_kellersberg", "num_hh": "8", "num_cars": 1, "ARS": "053340004004", "AGS": "05334004", "ARS_0": "053340004004", "AGS_0": "05334004", "SDV_ARS": "053340004004", "GEN": "Alsdorf", "BEZ": "Stadt", "NUTS": "DEA2D", "RegioStaR7": "73", "scenario": 50, "year": 2038 }, "geometry": { "type": "Point", "coordinates": [ 6.171427502629732, 50.866332281844066 ] } },
{ "type": "Feature", "properties": { "id": "Alsdorf_kellersberg", "num_hh": "8", "num_cars": 1, "ARS": "053340004004", "AGS": "05334004", "ARS_0": "053340004004", "AGS_0": "05334004", "SDV_ARS": "053340004004", "GEN": "Alsdorf", "BEZ": "Stadt", "NUTS": "DEA2D", "RegioStaR7": "73", "scenario": 50, "year": 2038 }, "geometry": { "type": "Point", "coordinates": [ 6.171485621475898, 50.866524848251608 ] } },
{ "type": "Feature", "properties": { "id": "Alsdorf_kellersberg", "num_hh": "8", "num_cars": 1, "ARS": "053340004004", "AGS": "05334004", "ARS_0": "053340004004", "AGS_0": "05334004", "SDV_ARS": "053340004004", "GEN": "Alsdorf", "BEZ": "Stadt", "NUTS": "DEA2D", "RegioStaR7": "73", "scenario": 50, "year": 2038 }, "geometry": { "type": "Point", "coordinates": [ 6.171543740322065, 50.86670824409066 ] } },
{ "type": "Feature", "properties": { "id": "Alsdorf_kellersberg", "num_hh": "8", "num_cars": 1, "ARS": "053340004004", "AGS": "05334004", "ARS_0": "053340004004", "AGS_0": "05334004", "SDV_ARS": "053340004004", "GEN": "Alsdorf", "BEZ": "Stadt", "NUTS": "DEA2D", "RegioStaR7": "73", "scenario": 50, "year": 2038 }, "geometry": { "type": "Point", "coordinates": [ 6.171776215706728, 50.86558951542446 ] } },
{ "type": "Feature", "properties": { "id": "Alsdorf_kellersberg", "num_hh": "8", "num_cars": 1, "ARS": "053340004004", "AGS": "05334004", "ARS_0": "053340004004", "AGS_0": "05334004", "SDV_ARS": "053340004004", "GEN": "Alsdorf", "BEZ": "Stadt", "NUTS": "DEA2D", "RegioStaR7": "73", "scenario": 50, "year": 2038 }, "geometry": { "type": "Point", "coordinates": [ 6.171834334552895, 50.865800424435456 ] } },
{ "type": "Feature", "properties": { "id": "Alsdorf_kellersberg", "num_hh": "8", "num_cars": 1, "ARS": "053340004004", "AGS": "05334004", "ARS_0": "053340004004", "AGS_0": "05334004", "SDV_ARS": "053340004004", "GEN": "Alsdorf", "BEZ": "Stadt", "NUTS": "DEA2D", "RegioStaR7": "73", "scenario": 50, "year": 2038 }, "geometry": { "type": "Point", "coordinates": [ 6.171906983110603, 50.866048012056893 ] } },
{ "type": "Feature", "properties": { "id": "Alsdorf_kellersberg", "num_hh": "8", "num_cars": 1, "ARS": "053340004004", "AGS": "05334004", "ARS_0": "053340004004", "AGS_0": "05334004", "SDV_ARS": "053340004004", "GEN": "Alsdorf", "BEZ": "Stadt", "NUTS": "DEA2D", "RegioStaR7": "73", "scenario": 50, "year": 2038 }, "geometry": { "type": "Point", "coordinates": [ 6.172023220802936, 50.866249749146554 ] } },
{ "type": "Feature", "properties": { "id": "Alsdorf_kellersberg", "num_hh": "8", "num_cars": 1, "ARS": "053340004004", "AGS": "05334004", "ARS_0": "053340004004", "AGS_0": "05334004", "SDV_ARS": "053340004004", "GEN": "Alsdorf", "BEZ": "Stadt", "NUTS": "DEA2D", "RegioStaR7": "73", "scenario": 50, "year": 2038 }, "geometry": { "type": "Point", "coordinates": [ 6.172081339649102, 50.866442315554096 ] } },
{ "type": "Feature", "properties": { "id": "Alsdorf_kellersberg", "num_hh": "8", "num_cars": 1, "ARS": "053340004004", "AGS": "05334004", "ARS_0": "053340004004", "AGS_0": "05334004", "SDV_ARS": "053340004004", "GEN": "Alsdorf", "BEZ": "Stadt", "NUTS": "DEA2D", "RegioStaR7": "73", "scenario": 50, "year": 2038 }, "geometry": { "type": "Point", "coordinates": [ 6.172139458495269, 50.866625711393148 ] } },
{ "type": "Feature", "properties": { "id": "Alsdorf_kellersberg", "num_hh": "8", "num_cars": 1, "ARS": "053340004004", "AGS": "05334004", "ARS_0": "053340004004", "AGS_0": "05334004", "SDV_ARS": "053340004004", "GEN": "Alsdorf", "BEZ": "Stadt", "NUTS": "DEA2D", "RegioStaR7": "73", "scenario": 50, "year": 2038 }, "geometry": { "type": "Point", "coordinates": [ 6.172473641860723, 50.865461130937916 ] } },
{ "type": "Feature", "properties": { "id": "Alsdorf_kellersberg", "num_hh": "8", "num_cars": 1, "ARS": "053340004004", "AGS": "05334004", "ARS_0": "053340004004", "AGS_0": "05334004", "SDV_ARS": "053340004004", "GEN": "Alsdorf", "BEZ": "Stadt", "NUTS": "DEA2D", "RegioStaR7": "73", "scenario": 50, "year": 2038 }, "geometry": { "type": "Point", "coordinates": [ 6.17253176070689, 50.865672039948912 ] } },
{ "type": "Feature", "properties": { "id": "Alsdorf_kellersberg", "num_hh": "8", "num_cars": 1, "ARS": "053340004004", "AGS": "05334004", "ARS_0": "053340004004", "AGS_0": "05334004", "SDV_ARS": "053340004004", "GEN": "Alsdorf", "BEZ": "Stadt", "NUTS": "DEA2D", "RegioStaR7": "73", "scenario": 50, "year": 2038 }, "geometry": { "type": "Point", "coordinates": [ 6.172604409264598, 50.865919627570349 ] } },
{ "type": "Feature", "properties": { "id": "Alsdorf_kellersberg", "num_hh": "8", "num_cars": 1, "ARS": "053340004004", "AGS": "05334004", "ARS_0": "053340004004", "AGS_0": "05334004", "SDV_ARS": "053340004004", "GEN": "Alsdorf", "BEZ": "Stadt", "NUTS": "DEA2D", "RegioStaR7": "73", "scenario": 50, "year": 2038 }, "geometry": { "type": "Point", "coordinates": [ 6.172720646956931, 50.86612136466001 ] } },
{ "type": "Feature", "properties": { "id": "Alsdorf_kellersberg", "num_hh": "8", "num_cars": 1, "ARS": "053340004004", "AGS": "05334004", "ARS_0": "053340004004", "AGS_0": "05334004", "SDV_ARS": "053340004004", "GEN": "Alsdorf", "BEZ": "Stadt", "NUTS": "DEA2D", "RegioStaR7": "73", "scenario": 50, "year": 2038 }, "geometry": { "type": "Point", "coordinates": [ 6.172778765803097, 50.866313931067552 ] } },
{ "type": "Feature", "properties": { "id": "Alsdorf_kellersberg", "num_hh": "8", "num_cars": 1, "ARS": "053340004004", "AGS": "05334004", "ARS_0": "053340004004", "AGS_0": "05334004", "SDV_ARS": "053340004004", "GEN": "Alsdorf", "BEZ": "Stadt", "NUTS": "DEA2D", "RegioStaR7": "73", "scenario": 50, "year": 2038 }, "geometry": { "type": "Point", "coordinates": [ 6.172836884649263, 50.866497326906604 ] } },
{ "type": "Feature", "properties": { "id": "Alsdorf_kellersberg", "num_hh": "8", "num_cars": 1, "ARS": "053340004004", "AGS": "05334004", "ARS_0": "053340004004", "AGS_0": "05334004", "SDV_ARS": "053340004004", "GEN": "Alsdorf", "BEZ": "Stadt", "NUTS": "DEA2D", "RegioStaR7": "73", "scenario": 50, "year": 2038 }, "geometry": { "type": "Point", "coordinates": [ 6.170454011956446, 50.865323575738564 ] } },
{ "type": "Feature", "properties": { "id": "Alsdorf_kellersberg", "num_hh": "8", "num_cars": 1, "ARS": "053340004004", "AGS": "05334004", "ARS_0": "053340004004", "AGS_0": "05334004", "SDV_ARS": "053340004004", "GEN": "Alsdorf", "BEZ": "Stadt", "NUTS": "DEA2D", "RegioStaR7": "73", "scenario": 50, "year": 2038 }, "geometry": { "type": "Point", "coordinates": [ 6.170512130802613, 50.86553448474956 ] } },
{ "type": "Feature", "properties": { "id": "Alsdorf_kellersberg", "num_hh": "8", "num_cars": 1, "ARS": "053340004004", "AGS": "05334004", "ARS_0": "053340004004", "AGS_0": "05334004", "SDV_ARS": "053340004004", "GEN": "Alsdorf", "BEZ": "Stadt", "NUTS": "DEA2D", "RegioStaR7": "73", "scenario": 50, "year": 2038 }, "geometry": { "type": "Point", "coordinates": [ 6.171035200418109, 50.865222702640011 ] } },
{ "type": "Feature", "properties": { "id": "Alsdorf_kellersberg", "num_hh": "8", "num_cars": 1, "ARS": "053340004004", "AGS": "05334004", "ARS_0": "053340004004", "AGS_0": "05334004", "SDV_ARS": "053340004004", "GEN": "Alsdorf", "BEZ": "Stadt", "NUTS": "DEA2D", "RegioStaR7": "73", "scenario": 50, "year": 2038 }, "geometry": { "type": "Point", "coordinates": [ 6.171093319264275, 50.865433611651007 ] } },
{ "type": "Feature", "properties": { "id": "Alsdorf_kellersberg", "num_hh": "8", "num_cars": 1, "ARS": "053340004004", "AGS": "05334004", "ARS_0": "053340004004", "AGS_0": "05334004", "SDV_ARS": "053340004004", "GEN": "Alsdorf", "BEZ": "Stadt", "NUTS": "DEA2D", "RegioStaR7": "73", "scenario": 50, "year": 2038 }, "geometry": { "type": "Point", "coordinates": [ 6.171630918591313, 50.865140169942499 ] } },
{ "type": "Feature", "properties": { "id": "Alsdorf_kellersberg", "num_hh": "8", "num_cars": 1, "ARS": "053340004004", "AGS": "05334004", "ARS_0": "053340004004", "AGS_0": "05334004", "SDV_ARS": "053340004004", "GEN": "Alsdorf", "BEZ": "Stadt", "NUTS": "DEA2D", "RegioStaR7": "73", "scenario": 50, "year": 2038 }, "geometry": { "type": "Point", "coordinates": [ 6.17168903743748, 50.865351078953495 ] } },
{ "type": "Feature", "properties": { "id": "Alsdorf_kellersberg", "num_hh": "8", "num_cars": 1, "ARS": "053340004004", "AGS": "05334004", "ARS_0": "053340004004", "AGS_0": "05334004", "SDV_ARS": "053340004004", "GEN": "Alsdorf", "BEZ": "Stadt", "NUTS": "DEA2D", "RegioStaR7": "73", "scenario": 50, "year": 2038 }, "geometry": { "type": "Point", "coordinates": [ 6.172328344745307, 50.865011785455955 ] } },
{ "type": "Feature", "properties": { "id": "Alsdorf_kellersberg", "num_hh": "8", "num_cars": 1, "ARS": "053340004004", "AGS": "05334004", "ARS_0": "053340004004", "AGS_0": "05334004", "SDV_ARS": "053340004004", "GEN": "Alsdorf", "BEZ": "Stadt", "NUTS": "DEA2D", "RegioStaR7": "73", "scenario": 50, "year": 2038 }, "geometry": { "type": "Point", "coordinates": [ 6.172386463591474, 50.865222694466951 ] } },
{ "type": "Feature", "properties": { "id": "Erftstadt_south", "num_hh": "8", "num_cars": 1, "ARS": "053620020020", "AGS": "05362020", "ARS_0": "053620020020", "AGS_0": "05362020", "SDV_ARS": "053620020020", "GEN": "Erftstadt", "BEZ": "Stadt", "NUTS": "DEA27", "RegioStaR7": "73", "scenario": 50, "year": 2038 }, "geometry": { "type": "Point", "coordinates": [ 6.830338570505648, 50.801483742575556 ] } },
{ "type": "Feature", "properties": { "id": "Erftstadt_south", "num_hh": "8", "num_cars": 1, "ARS": "053620020020", "AGS": "05362020", "ARS_0": "053620020020", "AGS_0": "05362020", "SDV_ARS": "053620020020", "GEN": "Erftstadt", "BEZ": "Stadt", "NUTS": "DEA27", "RegioStaR7": "73", "scenario": 50, "year": 2038 }, "geometry": { "type": "Point", "coordinates": [ 6.830382908138589, 50.801306270880033 ] } },
{ "type": "Feature", "properties": { "id": "Erftstadt_south", "num_hh": "8", "num_cars": 1, "ARS": "053620020020", "AGS": "05362020", "ARS_0": "053620020020", "AGS_0": "05362020", "SDV_ARS": "053620020020", "GEN": "Erftstadt", "BEZ": "Stadt", "NUTS": "DEA27", "RegioStaR7": "73", "scenario": 50, "year": 2038 }, "geometry": { "type": "Point", "coordinates": [ 6.830427245771528, 50.801147479844275 ] } },
{ "type": "Feature", "properties": { "id": "Erftstadt_south", "num_hh": "8", "num_cars": 1, "ARS": "053620020020", "AGS": "05362020", "ARS_0": "053620020020", "AGS_0": "05362020", "SDV_ARS": "053620020020", "GEN": "Erftstadt", "BEZ": "Stadt", "NUTS": "DEA27", "RegioStaR7": "73", "scenario": 50, "year": 2038 }, "geometry": { "type": "Point", "coordinates": [ 6.830501141826427, 50.800932644054626 ] } },
{ "type": "Feature", "properties": { "id": "Erftstadt_south", "num_hh": "8", "num_cars": 1, "ARS": "053620020020", "AGS": "05362020", "ARS_0": "053620020020", "AGS_0": "05362020", "SDV_ARS": "053620020020", "GEN": "Erftstadt", "BEZ": "Stadt", "NUTS": "DEA27", "RegioStaR7": "73", "scenario": 50, "year": 2038 }, "geometry": { "type": "Point", "coordinates": [ 6.830560258670347, 50.800736488775371 ] } },
{ "type": "Feature", "properties": { "id": "Erftstadt_south", "num_hh": "8", "num_cars": 1, "ARS": "053620020020", "AGS": "05362020", "ARS_0": "053620020020", "AGS_0": "05362020", "SDV_ARS": "053620020020", "GEN": "Erftstadt", "BEZ": "Stadt", "NUTS": "DEA27", "RegioStaR7": "73", "scenario": 50, "year": 2038 }, "geometry": { "type": "Point", "coordinates": [ 6.830589817092307, 50.800512310305074 ] } },
{ "type": "Feature", "properties": { "id": "Erftstadt_south", "num_hh": "8", "num_cars": 1, "ARS": "053620020020", "AGS": "05362020", "ARS_0": "053620020020", "AGS_0": "05362020", "SDV_ARS": "053620020020", "GEN": "Erftstadt", "BEZ": "Stadt", "NUTS": "DEA27", "RegioStaR7": "73", "scenario": 50, "year": 2038 }, "geometry": { "type": "Point", "coordinates": [ 6.830634154725246, 50.800316153261328 ] } },
{ "type": "Feature", "properties": { "id": "Erftstadt_south", "num_hh": "8", "num_cars": 1, "ARS": "053620020020", "AGS": "05362020", "ARS_0": "053620020020", "AGS_0": "05362020", "SDV_ARS": "053620020020", "GEN": "Erftstadt", "BEZ": "Stadt", "NUTS": "DEA27", "RegioStaR7": "73", "scenario": 50, "year": 2038 }, "geometry": { "type": "Point", "coordinates": [ 6.830678492358187, 50.800129336263645 ] } },
{ "type": "Feature", "properties": { "id": "Erftstadt_south", "num_hh": "8", "num_cars": 1, "ARS": "053620020020", "AGS": "05362020", "ARS_0": "053620020020", "AGS_0": "05362020", "SDV_ARS": "053620020020", "GEN": "Erftstadt", "BEZ": "Stadt", "NUTS": "DEA27", "RegioStaR7": "73", "scenario": 50, "year": 2038 }, "geometry": { "type": "Point", "coordinates": [ 6.830722829991126, 50.79993317761226 ] } },
{ "type": "Feature", "properties": { "id": "Erftstadt_south", "num_hh": "8", "num_cars": 1, "ARS": "053620020020", "AGS": "05362020", "ARS_0": "053620020020", "AGS_0": "05362020", "SDV_ARS": "053620020020", "GEN": "Erftstadt", "BEZ": "Stadt", "NUTS": "DEA27", "RegioStaR7": "73", "scenario": 50, "year": 2038 }, "geometry": { "type": "Point", "coordinates": [ 6.82985085654331, 50.801539786095226 ] } },
{ "type": "Feature", "properties": { "id": "Erftstadt_south", "num_hh": "8", "num_cars": 1, "ARS": "053620020020", "AGS": "05362020", "ARS_0": "053620020020", "AGS_0": "05362020", "SDV_ARS": "053620020020", "GEN": "Erftstadt", "BEZ": "Stadt", "NUTS": "DEA27", "RegioStaR7": "73", "scenario": 50, "year": 2038 }, "geometry": { "type": "Point", "coordinates": [ 6.829895194176251, 50.801362314399704 ] } },
{ "type": "Feature", "properties": { "id": "Erftstadt_south", "num_hh": "8", "num_cars": 1, "ARS": "053620020020", "AGS": "05362020", "ARS_0": "053620020020", "AGS_0": "05362020", "SDV_ARS": "053620020020", "GEN": "Erftstadt", "BEZ": "Stadt", "NUTS": "DEA27", "RegioStaR7": "73", "scenario": 50, "year": 2038 }, "geometry": { "type": "Point", "coordinates": [ 6.82993953180919, 50.801203523363945 ] } },
{ "type": "Feature", "properties": { "id": "Erftstadt_south", "num_hh": "8", "num_cars": 1, "ARS": "053620020020", "AGS": "05362020", "ARS_0": "053620020020", "AGS_0": "05362020", "SDV_ARS": "053620020020", "GEN": "Erftstadt", "BEZ": "Stadt", "NUTS": "DEA27", "RegioStaR7": "73", "scenario": 50, "year": 2038 }, "geometry": { "type": "Point", "coordinates": [ 6.830013427864089, 50.800988687574296 ] } },
{ "type": "Feature", "properties": { "id": "Erftstadt_south", "num_hh": "8", "num_cars": 1, "ARS": "053620020020", "AGS": "05362020", "ARS_0": "053620020020", "AGS_0": "05362020", "SDV_ARS": "053620020020", "GEN": "Erftstadt", "BEZ": "Stadt", "NUTS": "DEA27", "RegioStaR7": "73", "scenario": 50, "year": 2038 }, "geometry": { "type": "Point", "coordinates": [ 6.830072544708009, 50.800792532295041 ] } },
{ "type": "Feature", "properties": { "id": "Erftstadt_south", "num_hh": "8", "num_cars": 1, "ARS": "053620020020", "AGS": "05362020", "ARS_0": "053620020020", "AGS_0": "05362020", "SDV_ARS": "053620020020", "GEN": "Erftstadt", "BEZ": "Stadt", "NUTS": "DEA27", "RegioStaR7": "73", "scenario": 50, "year": 2038 }, "geometry": { "type": "Point", "coordinates": [ 6.830102103129969, 50.800568353824744 ] } },
{ "type": "Feature", "properties": { "id": "Erftstadt_south", "num_hh": "8", "num_cars": 1, "ARS": "053620020020", "AGS": "05362020", "ARS_0": "053620020020", "AGS_0": "05362020", "SDV_ARS": "053620020020", "GEN": "Erftstadt", "BEZ": "Stadt", "NUTS": "DEA27", "RegioStaR7": "73", "scenario": 50, "year": 2038 }, "geometry": { "type": "Point", "coordinates": [ 6.830146440762908, 50.800372196780998 ] } },
{ "type": "Feature", "properties": { "id": "Erftstadt_south", "num_hh": "8", "num_cars": 1, "ARS": "053620020020", "AGS": "05362020", "ARS_0": "053620020020", "AGS_0": "05362020", "SDV_ARS": "053620020020", "GEN": "Erftstadt", "BEZ": "Stadt", "NUTS": "DEA27", "RegioStaR7": "73", "scenario": 50, "year": 2038 }, "geometry": { "type": "Point", "coordinates": [ 6.830190778395849, 50.800185379783315 ] } },
{ "type": "Feature", "properties": { "id": "Erftstadt_south", "num_hh": "8", "num_cars": 1, "ARS": "053620020020", "AGS": "05362020", "ARS_0": "053620020020", "AGS_0": "05362020", "SDV_ARS": "053620020020", "GEN": "Erftstadt", "BEZ": "Stadt", "NUTS": "DEA27", "RegioStaR7": "73", "scenario": 50, "year": 2038 }, "geometry": { "type": "Point", "coordinates": [ 6.830235116028788, 50.799989221131931 ] } },
{ "type": "Feature", "properties": { "id": "Erftstadt_south", "num_hh": "8", "num_cars": 1, "ARS": "053620020020", "AGS": "05362020", "ARS_0": "053620020020", "AGS_0": "05362020", "SDV_ARS": "053620020020", "GEN": "Erftstadt", "BEZ": "Stadt", "NUTS": "DEA27", "RegioStaR7": "73", "scenario": 50, "year": 2038 }, "geometry": { "type": "Point", "coordinates": [ 6.829363142580974, 50.801586488976938 ] } },
{ "type": "Feature", "properties": { "id": "Erftstadt_south", "num_hh": "8", "num_cars": 1, "ARS": "053620020020", "AGS": "05362020", "ARS_0": "053620020020", "AGS_0": "05362020", "SDV_ARS": "053620020020", "GEN": "Erftstadt", "BEZ": "Stadt", "NUTS": "DEA27", "RegioStaR7": "73", "scenario": 50, "year": 2038 }, "geometry": { "type": "Point", "coordinates": [ 6.829407480213915, 50.801409017281415 ] } },
{ "type": "Feature", "properties": { "id": "Erftstadt_south", "num_hh": "8", "num_cars": 1, "ARS": "053620020020", "AGS": "05362020", "ARS_0": "053620020020", "AGS_0": "05362020", "SDV_ARS": "053620020020", "GEN": "Erftstadt", "BEZ": "Stadt", "NUTS": "DEA27", "RegioStaR7": "73", "scenario": 50, "year": 2038 }, "geometry": { "type": "Point", "coordinates": [ 6.829451817846854, 50.801250226245656 ] } },
{ "type": "Feature", "properties": { "id": "Erftstadt_south", "num_hh": "8", "num_cars": 1, "ARS": "053620020020", "AGS": "05362020", "ARS_0": "053620020020", "AGS_0": "05362020", "SDV_ARS": "053620020020", "GEN": "Erftstadt", "BEZ": "Stadt", "NUTS": "DEA27", "RegioStaR7": "73", "scenario": 50, "year": 2038 }, "geometry": { "type": "Point", "coordinates": [ 6.829525713901753, 50.801035390456008 ] } },
{ "type": "Feature", "properties": { "id": "Erftstadt_south", "num_hh": "8", "num_cars": 1, "ARS": "053620020020", "AGS": "05362020", "ARS_0": "053620020020", "AGS_0": "05362020", "SDV_ARS": "053620020020", "GEN": "Erftstadt", "BEZ": "Stadt", "NUTS": "DEA27", "RegioStaR7": "73", "scenario": 50, "year": 2038 }, "geometry": { "type": "Point", "coordinates": [ 6.829584830745673, 50.800839235176753 ] } },
{ "type": "Feature", "properties": { "id": "Erftstadt_south", "num_hh": "8", "num_cars": 1, "ARS": "053620020020", "AGS": "05362020", "ARS_0": "053620020020", "AGS_0": "05362020", "SDV_ARS": "053620020020", "GEN": "Erftstadt", "BEZ": "Stadt", "NUTS": "DEA27", "RegioStaR7": "73", "scenario": 50, "year": 2038 }, "geometry": { "type": "Point", "coordinates": [ 6.829614389167633, 50.800615056706455 ] } },
{ "type": "Feature", "properties": { "id": "Erftstadt_south", "num_hh": "8", "num_cars": 1, "ARS": "053620020020", "AGS": "05362020", "ARS_0": "053620020020", "AGS_0": "05362020", "SDV_ARS": "053620020020", "GEN": "Erftstadt", "BEZ": "Stadt", "NUTS": "DEA27", "RegioStaR7": "73", "scenario": 50, "year": 2038 }, "geometry": { "type": "Point", "coordinates": [ 6.829658726800572, 50.800418899662709 ] } },
{ "type": "Feature", "properties": { "id": "Erftstadt_south", "num_hh": "8", "num_cars": 1, "ARS": "053620020020", "AGS": "05362020", "ARS_0": "053620020020", "AGS_0": "05362020", "SDV_ARS": "053620020020", "GEN": "Erftstadt", "BEZ": "Stadt", "NUTS": "DEA27", "RegioStaR7": "73", "scenario": 50, "year": 2038 }, "geometry": { "type": "Point", "coordinates": [ 6.829703064433513, 50.800232082665026 ] } },
{ "type": "Feature", "properties": { "id": "Erftstadt_south", "num_hh": "8", "num_cars": 1, "ARS": "053620020020", "AGS": "05362020", "ARS_0": "053620020020", "AGS_0": "05362020", "SDV_ARS": "053620020020", "GEN": "Erftstadt", "BEZ": "Stadt", "NUTS": "DEA27", "RegioStaR7": "73", "scenario": 50, "year": 2038 }, "geometry": { "type": "Point", "coordinates": [ 6.829747402066452, 50.800035924013642 ] } },
{ "type": "Feature", "properties": { "id": "Erftstadt_south", "num_hh": "8", "num_cars": 1, "ARS": "053620020020", "AGS": "05362020", "ARS_0": "053620020020", "AGS_0": "05362020", "SDV_ARS": "053620020020", "GEN": "Erftstadt", "BEZ": "Stadt", "NUTS": "DEA27", "RegioStaR7": "73", "scenario": 50, "year": 2038 }, "geometry": { "type": "Point", "coordinates": [ 6.828816311774717, 50.801605170116552 ] } },
{ "type": "Feature", "properties": { "id": "Erftstadt_south", "num_hh": "8", "num_cars": 1, "ARS": "053620020020", "AGS": "05362020", "ARS_0": "053620020020", "AGS_0": "05362020", "SDV_ARS": "053620020020", "GEN": "Erftstadt", "BEZ": "Stadt", "NUTS": "DEA27", "RegioStaR7": "73", "scenario": 50, "year": 2038 }, "geometry": { "type": "Point", "coordinates": [ 6.828860649407657, 50.80142769842103 ] } },
{ "type": "Feature", "properties": { "id": "Erftstadt_south", "num_hh": "8", "num_cars": 1, "ARS": "053620020020", "AGS": "05362020", "ARS_0": "053620020020", "AGS_0": "05362020", "SDV_ARS": "053620020020", "GEN": "Erftstadt", "BEZ": "Stadt", "NUTS": "DEA27", "RegioStaR7": "73", "scenario": 50, "year": 2038 }, "geometry": { "type": "Point", "coordinates": [ 6.828904987040596, 50.801268907385271 ] } },
{ "type": "Feature", "properties": { "id": "Erftstadt_south", "num_hh": "8", "num_cars": 1, "ARS": "053620020020", "AGS": "05362020", "ARS_0": "053620020020", "AGS_0": "05362020", "SDV_ARS": "053620020020", "GEN": "Erftstadt", "BEZ": "Stadt", "NUTS": "DEA27", "RegioStaR7": "73", "scenario": 50, "year": 2038 }, "geometry": { "type": "Point", "coordinates": [ 6.828978883095496, 50.801054071595622 ] } },
{ "type": "Feature", "properties": { "id": "Erftstadt_south", "num_hh": "8", "num_cars": 1, "ARS": "053620020020", "AGS": "05362020", "ARS_0": "053620020020", "AGS_0": "05362020", "SDV_ARS": "053620020020", "GEN": "Erftstadt", "BEZ": "Stadt", "NUTS": "DEA27", "RegioStaR7": "73", "scenario": 50, "year": 2038 }, "geometry": { "type": "Point", "coordinates": [ 6.829037999939415, 50.800857916316367 ] } },
{ "type": "Feature", "properties": { "id": "Erftstadt_south", "num_hh": "8", "num_cars": 1, "ARS": "053620020020", "AGS": "05362020", "ARS_0": "053620020020", "AGS_0": "05362020", "SDV_ARS": "053620020020", "GEN": "Erftstadt", "BEZ": "Stadt", "NUTS": "DEA27", "RegioStaR7": "73", "scenario": 50, "year": 2038 }, "geometry": { "type": "Point", "coordinates": [ 6.829067558361375, 50.80063373784607 ] } },
{ "type": "Feature", "properties": { "id": "Erftstadt_south", "num_hh": "8", "num_cars": 1, "ARS": "053620020020", "AGS": "05362020", "ARS_0": "053620020020", "AGS_0": "05362020", "SDV_ARS": "053620020020", "GEN": "Erftstadt", "BEZ": "Stadt", "NUTS": "DEA27", "RegioStaR7": "73", "scenario": 50, "year": 2038 }, "geometry": { "type": "Point", "coordinates": [ 6.829111895994314, 50.800437580802324 ] } },
{ "type": "Feature", "properties": { "id": "Erftstadt_south", "num_hh": "8", "num_cars": 1, "ARS": "053620020020", "AGS": "05362020", "ARS_0": "053620020020", "AGS_0": "05362020", "SDV_ARS": "053620020020", "GEN": "Erftstadt", "BEZ": "Stadt", "NUTS": "DEA27", "RegioStaR7": "73", "scenario": 50, "year": 2038 }, "geometry": { "type": "Point", "coordinates": [ 6.829156233627256, 50.800250763804641 ] } },
{ "type": "Feature", "properties": { "id": "Erftstadt_south", "num_hh": "8", "num_cars": 1, "ARS": "053620020020", "AGS": "05362020", "ARS_0": "053620020020", "AGS_0": "05362020", "SDV_ARS": "053620020020", "GEN": "Erftstadt", "BEZ": "Stadt", "NUTS": "DEA27", "RegioStaR7": "73", "scenario": 50, "year": 2038 }, "geometry": { "type": "Point", "coordinates": [ 6.829200571260195, 50.800054605153257 ] } },
{ "type": "Feature", "properties": { "id": "Erftstadt_south", "num_hh": "8", "num_cars": 1, "ARS": "053620020020", "AGS": "05362020", "ARS_0": "053620020020", "AGS_0": "05362020", "SDV_ARS": "053620020020", "GEN": "Erftstadt", "BEZ": "Stadt", "NUTS": "DEA27", "RegioStaR7": "73", "scenario": 50, "year": 2038 }, "geometry": { "type": "Point", "coordinates": [ 6.828299039390419, 50.801661213490597 ] } },
{ "type": "Feature", "properties": { "id": "Erftstadt_south", "num_hh": "8", "num_cars": 1, "ARS": "053620020020", "AGS": "05362020", "ARS_0": "053620020020", "AGS_0": "05362020", "SDV_ARS": "053620020020", "GEN": "Erftstadt", "BEZ": "Stadt", "NUTS": "DEA27", "RegioStaR7": "73", "scenario": 50, "year": 2038 }, "geometry": { "type": "Point", "coordinates": [ 6.828343377023359, 50.801483741795074 ] } },
{ "type": "Feature", "properties": { "id": "Erftstadt_south", "num_hh": "8", "num_cars": 1, "ARS": "053620020020", "AGS": "05362020", "ARS_0": "053620020020", "AGS_0": "05362020", "SDV_ARS": "053620020020", "GEN": "Erftstadt", "BEZ": "Stadt", "NUTS": "DEA27", "RegioStaR7": "73", "scenario": 50, "year": 2038 }, "geometry": { "type": "Point", "coordinates": [ 6.828387714656299, 50.801324950759316 ] } },
{ "type": "Feature", "properties": { "id": "Erftstadt_south", "num_hh": "8", "num_cars": 1, "ARS": "053620020020", "AGS": "05362020", "ARS_0": "053620020020", "AGS_0": "05362020", "SDV_ARS": "053620020020", "GEN": "Erftstadt", "BEZ": "Stadt", "NUTS": "DEA27", "RegioStaR7": "73", "scenario": 50, "year": 2038 }, "geometry": { "type": "Point", "coordinates": [ 6.828461610711198, 50.801110114969667 ] } },
{ "type": "Feature", "properties": { "id": "Erftstadt_south", "num_hh": "8", "num_cars": 1, "ARS": "053620020020", "AGS": "05362020", "ARS_0": "053620020020", "AGS_0": "05362020", "SDV_ARS": "053620020020", "GEN": "Erftstadt", "BEZ": "Stadt", "NUTS": "DEA27", "RegioStaR7": "73", "scenario": 50, "year": 2038 }, "geometry": { "type": "Point", "coordinates": [ 6.828520727555118, 50.800913959690412 ] } },
{ "type": "Feature", "properties": { "id": "Erftstadt_south", "num_hh": "8", "num_cars": 1, "ARS": "053620020020", "AGS": "05362020", "ARS_0": "053620020020", "AGS_0": "05362020", "SDV_ARS": "053620020020", "GEN": "Erftstadt", "BEZ": "Stadt", "NUTS": "DEA27", "RegioStaR7": "73", "scenario": 50, "year": 2038 }, "geometry": { "type": "Point", "coordinates": [ 6.828550285977077, 50.800689781220115 ] } },
{ "type": "Feature", "properties": { "id": "Erftstadt_south", "num_hh": "8", "num_cars": 1, "ARS": "053620020020", "AGS": "05362020", "ARS_0": "053620020020", "AGS_0": "05362020", "SDV_ARS": "053620020020", "GEN": "Erftstadt", "BEZ": "Stadt", "NUTS": "DEA27", "RegioStaR7": "73", "scenario": 50, "year": 2038 }, "geometry": { "type": "Point", "coordinates": [ 6.828594623610017, 50.800493624176369 ] } },
{ "type": "Feature", "properties": { "id": "Erftstadt_south", "num_hh": "8", "num_cars": 1, "ARS": "053620020020", "AGS": "05362020", "ARS_0": "053620020020", "AGS_0": "05362020", "SDV_ARS": "053620020020", "GEN": "Erftstadt", "BEZ": "Stadt", "NUTS": "DEA27", "RegioStaR7": "73", "scenario": 50, "year": 2038 }, "geometry": { "type": "Point", "coordinates": [ 6.828638961242958, 50.800306807178686 ] } },
{ "type": "Feature", "properties": { "id": "Erftstadt_south", "num_hh": "8", "num_cars": 1, "ARS": "053620020020", "AGS": "05362020", "ARS_0": "053620020020", "AGS_0": "05362020", "SDV_ARS": "053620020020", "GEN": "Erftstadt", "BEZ": "Stadt", "NUTS": "DEA27", "RegioStaR7": "73", "scenario": 50, "year": 2038 }, "geometry": { "type": "Point", "coordinates": [ 6.828683298875897, 50.800110648527301 ] } },
{ "type": "Feature", "properties": { "id": "Erftstadt_south", "num_hh": "7", "num_cars": 1, "ARS": "053620020020", "AGS": "05362020", "ARS_0": "053620020020", "AGS_0": "05362020", "SDV_ARS": "053620020020", "GEN": "Erftstadt", "BEZ": "Stadt", "NUTS": "DEA27", "RegioStaR7": "73", "scenario": 50, "year": 2038 }, "geometry": { "type": "Point", "coordinates": [ 6.827811325428082, 50.801679894600326 ] } },
{ "type": "Feature", "properties": { "id": "Erftstadt_south", "num_hh": "8", "num_cars": 1, "ARS": "053620020020", "AGS": "05362020", "ARS_0": "053620020020", "AGS_0": "05362020", "SDV_ARS": "053620020020", "GEN": "Erftstadt", "BEZ": "Stadt", "NUTS": "DEA27", "RegioStaR7": "73", "scenario": 50, "year": 2038 }, "geometry": { "type": "Point", "coordinates": [ 6.827855663061023, 50.801502422904804 ] } },
{ "type": "Feature", "properties": { "id": "Erftstadt_south", "num_hh": "8", "num_cars": 1, "ARS": "053620020020", "AGS": "05362020", "ARS_0": "053620020020", "AGS_0": "05362020", "SDV_ARS": "053620020020", "GEN": "Erftstadt", "BEZ": "Stadt", "NUTS": "DEA27", "RegioStaR7": "73", "scenario": 50, "year": 2038 }, "geometry": { "type": "Point", "coordinates": [ 6.827900000693962, 50.801343631869045 ] } },
{ "type": "Feature", "properties": { "id": "Erftstadt_south", "num_hh": "8", "num_cars": 1, "ARS": "053620020020", "AGS": "05362020", "ARS_0": "053620020020", "AGS_0": "05362020", "SDV_ARS": "053620020020", "GEN": "Erftstadt", "BEZ": "Stadt", "NUTS": "DEA27", "RegioStaR7": "73", "scenario": 50, "year": 2038 }, "geometry": { "type": "Point", "coordinates": [ 6.827973896748861, 50.801128796079396 ] } },
{ "type": "Feature", "properties": { "id": "Erftstadt_south", "num_hh": "8", "num_cars": 1, "ARS": "053620020020", "AGS": "05362020", "ARS_0": "053620020020", "AGS_0": "05362020", "SDV_ARS": "053620020020", "GEN": "Erftstadt", "BEZ": "Stadt", "NUTS": "DEA27", "RegioStaR7": "73", "scenario": 50, "year": 2038 }, "geometry": { "type": "Point", "coordinates": [ 6.828033013592781, 50.800932640800141 ] } },
{ "type": "Feature", "properties": { "id": "Erftstadt_south", "num_hh": "8", "num_cars": 1, "ARS": "053620020020", "AGS": "05362020", "ARS_0": "053620020020", "AGS_0": "05362020", "SDV_ARS": "053620020020", "GEN": "Erftstadt", "BEZ": "Stadt", "NUTS": "DEA27", "RegioStaR7": "73", "scenario": 50, "year": 2038 }, "geometry": { "type": "Point", "coordinates": [ 6.828062572014741, 50.800708462329844 ] } },
{ "type": "Feature", "properties": { "id": "Erftstadt_south", "num_hh": "8", "num_cars": 1, "ARS": "053620020020", "AGS": "05362020", "ARS_0": "053620020020", "AGS_0": "05362020", "SDV_ARS": "053620020020", "GEN": "Erftstadt", "BEZ": "Stadt", "NUTS": "DEA27", "RegioStaR7": "73", "scenario": 50, "year": 2038 }, "geometry": { "type": "Point", "coordinates": [ 6.82810690964768, 50.800512305286098 ] } },
{ "type": "Feature", "properties": { "id": "Erftstadt_south", "num_hh": "8", "num_cars": 1, "ARS": "053620020020", "AGS": "05362020", "ARS_0": "053620020020", "AGS_0": "05362020", "SDV_ARS": "053620020020", "GEN": "Erftstadt", "BEZ": "Stadt", "NUTS": "DEA27", "RegioStaR7": "73", "scenario": 50, "year": 2038 }, "geometry": { "type": "Point", "coordinates": [ 6.828151247280621, 50.800325488288415 ] } },
{ "type": "Feature", "properties": { "id": "Erftstadt_south", "num_hh": "8", "num_cars": 1, "ARS": "053620020020", "AGS": "05362020", "ARS_0": "053620020020", "AGS_0": "05362020", "SDV_ARS": "053620020020", "GEN": "Erftstadt", "BEZ": "Stadt", "NUTS": "DEA27", "RegioStaR7": "73", "scenario": 50, "year": 2038 }, "geometry": { "type": "Point", "coordinates": [ 6.82819558491356, 50.800129329637031 ] } },
{ "type": "Feature", "properties": { "id": "Osterath_station", "num_hh": "8", "num_cars": 1, "ARS": "051620022022", "AGS": "05162022", "ARS_0": "051620022022", "AGS_0": "05162022", "SDV_ARS": "051620022022", "GEN": "Meerbusch", "BEZ": "Stadt", "NUTS": "DEA1D", "RegioStaR7": "73", "scenario": 50, "year": 2038 }, "geometry": { "type": "Point", "coordinates": [ 6.636693993377727, 51.271101629111939 ] } },
{ "type": "Feature", "properties": { "id": "Osterath_station", "num_hh": "8", "num_cars": 1, "ARS": "051620022022", "AGS": "05162022", "ARS_0": "051620022022", "AGS_0": "05162022", "SDV_ARS": "051620022022", "GEN": "Meerbusch", "BEZ": "Stadt", "NUTS": "DEA1D", "RegioStaR7": "73", "scenario": 50, "year": 2038 }, "geometry": { "type": "Point", "coordinates": [ 6.636519554726882, 51.2709652099633 ] } },
{ "type": "Feature", "properties": { "id": "Osterath_station", "num_hh": "8", "num_cars": 1, "ARS": "051620022022", "AGS": "05162022", "ARS_0": "051620022022", "AGS_0": "05162022", "SDV_ARS": "051620022022", "GEN": "Meerbusch", "BEZ": "Stadt", "NUTS": "DEA1D", "RegioStaR7": "73", "scenario": 50, "year": 2038 }, "geometry": { "type": "Point", "coordinates": [ 6.636301506413327, 51.270828790409638 ] } },
{ "type": "Feature", "properties": { "id": "Osterath_station", "num_hh": "8", "num_cars": 1, "ARS": "051620022022", "AGS": "05162022", "ARS_0": "051620022022", "AGS_0": "05162022", "SDV_ARS": "051620022022", "GEN": "Meerbusch", "BEZ": "Stadt", "NUTS": "DEA1D", "RegioStaR7": "73", "scenario": 50, "year": 2038 }, "geometry": { "type": "Point", "coordinates": [ 6.635996238774349, 51.270683275772662 ] } },
{ "type": "Feature", "properties": { "id": "Osterath_station", "num_hh": "8", "num_cars": 1, "ARS": "051620022022", "AGS": "05162022", "ARS_0": "051620022022", "AGS_0": "05162022", "SDV_ARS": "051620022022", "GEN": "Meerbusch", "BEZ": "Stadt", "NUTS": "DEA1D", "RegioStaR7": "73", "scenario": 50, "year": 2038 }, "geometry": { "type": "Point", "coordinates": [ 6.635676434581135, 51.270501381828439 ] } },
{ "type": "Feature", "properties": { "id": "Osterath_station", "num_hh": "8", "num_cars": 1, "ARS": "051620022022", "AGS": "05162022", "ARS_0": "051620022022", "AGS_0": "05162022", "SDV_ARS": "051620022022", "GEN": "Meerbusch", "BEZ": "Stadt", "NUTS": "DEA1D", "RegioStaR7": "73", "scenario": 50, "year": 2038 }, "geometry": { "type": "Point", "coordinates": [ 6.636127067762482, 51.271328996519728 ] } },
{ "type": "Feature", "properties": { "id": "Osterath_station", "num_hh": "8", "num_cars": 1, "ARS": "051620022022", "AGS": "05162022", "ARS_0": "051620022022", "AGS_0": "05162022", "SDV_ARS": "051620022022", "GEN": "Meerbusch", "BEZ": "Stadt", "NUTS": "DEA1D", "RegioStaR7": "73", "scenario": 50, "year": 2038 }, "geometry": { "type": "Point", "coordinates": [ 6.635952629111637, 51.271192577371089 ] } },
{ "type": "Feature", "properties": { "id": "Osterath_station", "num_hh": "8", "num_cars": 1, "ARS": "051620022022", "AGS": "05162022", "ARS_0": "051620022022", "AGS_0": "05162022", "SDV_ARS": "051620022022", "GEN": "Meerbusch", "BEZ": "Stadt", "NUTS": "DEA1D", "RegioStaR7": "73", "scenario": 50, "year": 2038 }, "geometry": { "type": "Point", "coordinates": [ 6.635734580798082, 51.271056157817426 ] } },
{ "type": "Feature", "properties": { "id": "Osterath_station", "num_hh": "8", "num_cars": 1, "ARS": "051620022022", "AGS": "05162022", "ARS_0": "051620022022", "AGS_0": "05162022", "SDV_ARS": "051620022022", "GEN": "Meerbusch", "BEZ": "Stadt", "NUTS": "DEA1D", "RegioStaR7": "73", "scenario": 50, "year": 2038 }, "geometry": { "type": "Point", "coordinates": [ 6.635429313159104, 51.27091064318045 ] } },
{ "type": "Feature", "properties": { "id": "Osterath_station", "num_hh": "8", "num_cars": 1, "ARS": "051620022022", "AGS": "05162022", "ARS_0": "051620022022", "AGS_0": "05162022", "SDV_ARS": "051620022022", "GEN": "Meerbusch", "BEZ": "Stadt", "NUTS": "DEA1D", "RegioStaR7": "73", "scenario": 50, "year": 2038 }, "geometry": { "type": "Point", "coordinates": [ 6.63510950896589, 51.270728749236227 ] } },
{ "type": "Feature", "properties": { "id": "Osterath_station", "num_hh": "8", "num_cars": 1, "ARS": "051620022022", "AGS": "05162022", "ARS_0": "051620022022", "AGS_0": "05162022", "SDV_ARS": "051620022022", "GEN": "Meerbusch", "BEZ": "Stadt", "NUTS": "DEA1D", "RegioStaR7": "73", "scenario": 50, "year": 2038 }, "geometry": { "type": "Point", "coordinates": [ 6.635531069038764, 51.271601835924045 ] } },
{ "type": "Feature", "properties": { "id": "Osterath_station", "num_hh": "8", "num_cars": 1, "ARS": "051620022022", "AGS": "05162022", "ARS_0": "051620022022", "AGS_0": "05162022", "SDV_ARS": "051620022022", "GEN": "Meerbusch", "BEZ": "Stadt", "NUTS": "DEA1D", "RegioStaR7": "73", "scenario": 50, "year": 2038 }, "geometry": { "type": "Point", "coordinates": [ 6.635356630387919, 51.271465416775406 ] } },
{ "type": "Feature", "properties": { "id": "Osterath_station", "num_hh": "8", "num_cars": 1, "ARS": "051620022022", "AGS": "05162022", "ARS_0": "051620022022", "AGS_0": "05162022", "SDV_ARS": "051620022022", "GEN": "Meerbusch", "BEZ": "Stadt", "NUTS": "DEA1D", "RegioStaR7": "73", "scenario": 50, "year": 2038 }, "geometry": { "type": "Point", "coordinates": [ 6.635138582074364, 51.271328997221744 ] } },
{ "type": "Feature", "properties": { "id": "Osterath_station", "num_hh": "8", "num_cars": 1, "ARS": "051620022022", "AGS": "05162022", "ARS_0": "051620022022", "AGS_0": "05162022", "SDV_ARS": "051620022022", "GEN": "Meerbusch", "BEZ": "Stadt", "NUTS": "DEA1D", "RegioStaR7": "73", "scenario": 50, "year": 2038 }, "geometry": { "type": "Point", "coordinates": [ 6.634833314435387, 51.271183482584767 ] } },
{ "type": "Feature", "properties": { "id": "Osterath_station", "num_hh": "8", "num_cars": 1, "ARS": "051620022022", "AGS": "05162022", "ARS_0": "051620022022", "AGS_0": "05162022", "SDV_ARS": "051620022022", "GEN": "Meerbusch", "BEZ": "Stadt", "NUTS": "DEA1D", "RegioStaR7": "73", "scenario": 50, "year": 2038 }, "geometry": { "type": "Point", "coordinates": [ 6.634513510242172, 51.271001588640544 ] } },
{ "type": "Feature", "properties": { "id": "Osterath_station", "num_hh": "8", "num_cars": 1, "ARS": "051620022022", "AGS": "05162022", "ARS_0": "051620022022", "AGS_0": "05162022", "SDV_ARS": "051620022022", "GEN": "Meerbusch", "BEZ": "Stadt", "NUTS": "DEA1D", "RegioStaR7": "73", "scenario": 50, "year": 2038 }, "geometry": { "type": "Point", "coordinates": [ 6.634993216531993, 51.271865579141611 ] } },
{ "type": "Feature", "properties": { "id": "Osterath_station", "num_hh": "8", "num_cars": 1, "ARS": "051620022022", "AGS": "05162022", "ARS_0": "051620022022", "AGS_0": "05162022", "SDV_ARS": "051620022022", "GEN": "Meerbusch", "BEZ": "Stadt", "NUTS": "DEA1D", "RegioStaR7": "73", "scenario": 50, "year": 2038 }, "geometry": { "type": "Point", "coordinates": [ 6.634818777881148, 51.271729159992972 ] } },
{ "type": "Feature", "properties": { "id": "Osterath_station", "num_hh": "8", "num_cars": 1, "ARS": "051620022022", "AGS": "05162022", "ARS_0": "051620022022", "AGS_0": "05162022", "SDV_ARS": "051620022022", "GEN": "Meerbusch", "BEZ": "Stadt", "NUTS": "DEA1D", "RegioStaR7": "73", "scenario": 50, "year": 2038 }, "geometry": { "type": "Point", "coordinates": [ 6.634600729567593, 51.27159274043931 ] } },
{ "type": "Feature", "properties": { "id": "Osterath_station", "num_hh": "8", "num_cars": 1, "ARS": "051620022022", "AGS": "05162022", "ARS_0": "051620022022", "AGS_0": "05162022", "SDV_ARS": "051620022022", "GEN": "Meerbusch", "BEZ": "Stadt", "NUTS": "DEA1D", "RegioStaR7": "73", "scenario": 50, "year": 2038 }, "geometry": { "type": "Point", "coordinates": [ 6.634295461928615, 51.271447225802333 ] } },
{ "type": "Feature", "properties": { "id": "Osterath_station", "num_hh": "8", "num_cars": 1, "ARS": "051620022022", "AGS": "05162022", "ARS_0": "051620022022", "AGS_0": "05162022", "SDV_ARS": "051620022022", "GEN": "Meerbusch", "BEZ": "Stadt", "NUTS": "DEA1D", "RegioStaR7": "73", "scenario": 50, "year": 2038 }, "geometry": { "type": "Point", "coordinates": [ 6.633975657735401, 51.27126533185811 ] } },
{ "type": "Feature", "properties": { "id": "Osterath_station", "num_hh": "8", "num_cars": 1, "ARS": "051620022022", "AGS": "05162022", "ARS_0": "051620022022", "AGS_0": "05162022", "SDV_ARS": "051620022022", "GEN": "Meerbusch", "BEZ": "Stadt", "NUTS": "DEA1D", "RegioStaR7": "73", "scenario": 50, "year": 2038 }, "geometry": { "type": "Point", "coordinates": [ 6.634498973687935, 51.272138415359869 ] } },
{ "type": "Feature", "properties": { "id": "Osterath_station", "num_hh": "8", "num_cars": 1, "ARS": "051620022022", "AGS": "05162022", "ARS_0": "051620022022", "AGS_0": "05162022", "SDV_ARS": "051620022022", "GEN": "Meerbusch", "BEZ": "Stadt", "NUTS": "DEA1D", "RegioStaR7": "73", "scenario": 50, "year": 2038 }, "geometry": { "type": "Point", "coordinates": [ 6.63432453503709, 51.27200199621123 ] } },
{ "type": "Feature", "properties": { "id": "Osterath_station", "num_hh": "8", "num_cars": 1, "ARS": "051620022022", "AGS": "05162022", "ARS_0": "051620022022", "AGS_0": "05162022", "SDV_ARS": "051620022022", "GEN": "Meerbusch", "BEZ": "Stadt", "NUTS": "DEA1D", "RegioStaR7": "73", "scenario": 50, "year": 2038 }, "geometry": { "type": "Point", "coordinates": [ 6.634106486723534, 51.271865576657568 ] } },
{ "type": "Feature", "properties": { "id": "Osterath_station", "num_hh": "8", "num_cars": 1, "ARS": "051620022022", "AGS": "05162022", "ARS_0": "051620022022", "AGS_0": "05162022", "SDV_ARS": "051620022022", "GEN": "Meerbusch", "BEZ": "Stadt", "NUTS": "DEA1D", "RegioStaR7": "73", "scenario": 50, "year": 2038 }, "geometry": { "type": "Point", "coordinates": [ 6.633801219084557, 51.271720062020592 ] } },
{ "type": "Feature", "properties": { "id": "Osterath_station", "num_hh": "8", "num_cars": 1, "ARS": "051620022022", "AGS": "05162022", "ARS_0": "051620022022", "AGS_0": "05162022", "SDV_ARS": "051620022022", "GEN": "Meerbusch", "BEZ": "Stadt", "NUTS": "DEA1D", "RegioStaR7": "73", "scenario": 50, "year": 2038 }, "geometry": { "type": "Point", "coordinates": [ 6.633481414891342, 51.271538168076368 ] } },
{ "type": "Feature", "properties": { "id": "Osterath_station", "num_hh": "8", "num_cars": 1, "ARS": "051620022022", "AGS": "05162022", "ARS_0": "051620022022", "AGS_0": "05162022", "SDV_ARS": "051620022022", "GEN": "Meerbusch", "BEZ": "Stadt", "NUTS": "DEA1D", "RegioStaR7": "73", "scenario": 50, "year": 2038 }, "geometry": { "type": "Point", "coordinates": [ 6.633888438409978, 51.272411249958097 ] } },
{ "type": "Feature", "properties": { "id": "Osterath_station", "num_hh": "8", "num_cars": 1, "ARS": "051620022022", "AGS": "05162022", "ARS_0": "051620022022", "AGS_0": "05162022", "SDV_ARS": "051620022022", "GEN": "Meerbusch", "BEZ": "Stadt", "NUTS": "DEA1D", "RegioStaR7": "73", "scenario": 50, "year": 2038 }, "geometry": { "type": "Point", "coordinates": [ 6.633713999759133, 51.272274830809458 ] } },
{ "type": "Feature", "properties": { "id": "Osterath_station", "num_hh": "8", "num_cars": 1, "ARS": "051620022022", "AGS": "05162022", "ARS_0": "051620022022", "AGS_0": "05162022", "SDV_ARS": "051620022022", "GEN": "Meerbusch", "BEZ": "Stadt", "NUTS": "DEA1D", "RegioStaR7": "73", "scenario": 50, "year": 2038 }, "geometry": { "type": "Point", "coordinates": [ 6.633495951445578, 51.272138411255796 ] } },
{ "type": "Feature", "properties": { "id": "Osterath_station", "num_hh": "8", "num_cars": 1, "ARS": "051620022022", "AGS": "05162022", "ARS_0": "051620022022", "AGS_0": "05162022", "SDV_ARS": "051620022022", "GEN": "Meerbusch", "BEZ": "Stadt", "NUTS": "DEA1D", "RegioStaR7": "73", "scenario": 50, "year": 2038 }, "geometry": { "type": "Point", "coordinates": [ 6.633190683806601, 51.271992896618819 ] } },
{ "type": "Feature", "properties": { "id": "Osterath_station", "num_hh": "8", "num_cars": 1, "ARS": "051620022022", "AGS": "05162022", "ARS_0": "051620022022", "AGS_0": "05162022", "SDV_ARS": "051620022022", "GEN": "Meerbusch", "BEZ": "Stadt", "NUTS": "DEA1D", "RegioStaR7": "73", "scenario": 50, "year": 2038 }, "geometry": { "type": "Point", "coordinates": [ 6.632870879613386, 51.271811002674596 ] } },
{ "type": "Feature", "properties": { "id": "Osterath_station", "num_hh": "8", "num_cars": 1, "ARS": "051620022022", "AGS": "05162022", "ARS_0": "051620022022", "AGS_0": "05162022", "SDV_ARS": "051620022022", "GEN": "Meerbusch", "BEZ": "Stadt", "NUTS": "DEA1D", "RegioStaR7": "73", "scenario": 50, "year": 2038 }, "geometry": { "type": "Point", "coordinates": [ 6.635865409786216, 51.273084235040578 ] } },
{ "type": "Feature", "properties": { "id": "Osterath_station", "num_hh": "8", "num_cars": 1, "ARS": "051620022022", "AGS": "05162022", "ARS_0": "051620022022", "AGS_0": "05162022", "SDV_ARS": "051620022022", "GEN": "Meerbusch", "BEZ": "Stadt", "NUTS": "DEA1D", "RegioStaR7": "73", "scenario": 50, "year": 2038 }, "geometry": { "type": "Point", "coordinates": [ 6.635690971135371, 51.272947815891939 ] } },
{ "type": "Feature", "properties": { "id": "Osterath_station", "num_hh": "8", "num_cars": 1, "ARS": "051620022022", "AGS": "05162022", "ARS_0": "051620022022", "AGS_0": "05162022", "SDV_ARS": "051620022022", "GEN": "Meerbusch", "BEZ": "Stadt", "NUTS": "DEA1D", "RegioStaR7": "73", "scenario": 50, "year": 2038 }, "geometry": { "type": "Point", "coordinates": [ 6.635472922821815, 51.272811396338277 ] } },
{ "type": "Feature", "properties": { "id": "Osterath_station", "num_hh": "8", "num_cars": 1, "ARS": "051620022022", "AGS": "05162022", "ARS_0": "051620022022", "AGS_0": "05162022", "SDV_ARS": "051620022022", "GEN": "Meerbusch", "BEZ": "Stadt", "NUTS": "DEA1D", "RegioStaR7": "73", "scenario": 50, "year": 2038 }, "geometry": { "type": "Point", "coordinates": [ 6.635167655182838, 51.2726658817013 ] } },
{ "type": "Feature", "properties": { "id": "Osterath_station", "num_hh": "8", "num_cars": 1, "ARS": "051620022022", "AGS": "05162022", "ARS_0": "051620022022", "AGS_0": "05162022", "SDV_ARS": "051620022022", "GEN": "Meerbusch", "BEZ": "Stadt", "NUTS": "DEA1D", "RegioStaR7": "73", "scenario": 50, "year": 2038 }, "geometry": { "type": "Point", "coordinates": [ 6.634847850989623, 51.272483987757077 ] } },
{ "type": "Feature", "properties": { "id": "Osterath_station", "num_hh": "8", "num_cars": 1, "ARS": "051620022022", "AGS": "05162022", "ARS_0": "051620022022", "AGS_0": "05162022", "SDV_ARS": "051620022022", "GEN": "Meerbusch", "BEZ": "Stadt", "NUTS": "DEA1D", "RegioStaR7": "73", "scenario": 50, "year": 2038 }, "geometry": { "type": "Point", "coordinates": [ 6.636388725738749, 51.272902348152464 ] } },
{ "type": "Feature", "properties": { "id": "Osterath_station", "num_hh": "8", "num_cars": 1, "ARS": "051620022022", "AGS": "05162022", "ARS_0": "051620022022", "AGS_0": "05162022", "SDV_ARS": "051620022022", "GEN": "Meerbusch", "BEZ": "Stadt", "NUTS": "DEA1D", "RegioStaR7": "73", "scenario": 50, "year": 2038 }, "geometry": { "type": "Point", "coordinates": [ 6.636214287087904, 51.272765929003825 ] } },
{ "type": "Feature", "properties": { "id": "Osterath_station", "num_hh": "8", "num_cars": 1, "ARS": "051620022022", "AGS": "05162022", "ARS_0": "051620022022", "AGS_0": "05162022", "SDV_ARS": "051620022022", "GEN": "Meerbusch", "BEZ": "Stadt", "NUTS": "DEA1D", "RegioStaR7": "73", "scenario": 50, "year": 2038 }, "geometry": { "type": "Point", "coordinates": [ 6.635996238774349, 51.272629509450162 ] } },
{ "type": "Feature", "properties": { "id": "Osterath_station", "num_hh": "8", "num_cars": 1, "ARS": "051620022022", "AGS": "05162022", "ARS_0": "051620022022", "AGS_0": "05162022", "SDV_ARS": "051620022022", "GEN": "Meerbusch", "BEZ": "Stadt", "NUTS": "DEA1D", "RegioStaR7": "73", "scenario": 50, "year": 2038 }, "geometry": { "type": "Point", "coordinates": [ 6.635690971135372, 51.272483994813186 ] } },
{ "type": "Feature", "properties": { "id": "Osterath_station", "num_hh": "8", "num_cars": 1, "ARS": "051620022022", "AGS": "05162022", "ARS_0": "051620022022", "AGS_0": "05162022", "SDV_ARS": "051620022022", "GEN": "Meerbusch", "BEZ": "Stadt", "NUTS": "DEA1D", "RegioStaR7": "73", "scenario": 50, "year": 2038 }, "geometry": { "type": "Point", "coordinates": [ 6.635371166942157, 51.272302100868963 ] } },
{ "type": "Feature", "properties": { "id": "Osterath_station", "num_hh": "8", "num_cars": 1, "ARS": "051620022022", "AGS": "05162022", "ARS_0": "051620022022", "AGS_0": "05162022", "SDV_ARS": "051620022022", "GEN": "Meerbusch", "BEZ": "Stadt", "NUTS": "DEA1D", "RegioStaR7": "73", "scenario": 50, "year": 2038 }, "geometry": { "type": "Point", "coordinates": [ 6.636970187908231, 51.27270227174391 ] } },
{ "type": "Feature", "properties": { "id": "Osterath_station", "num_hh": "8", "num_cars": 1, "ARS": "051620022022", "AGS": "05162022", "ARS_0": "051620022022", "AGS_0": "05162022", "SDV_ARS": "051620022022", "GEN": "Meerbusch", "BEZ": "Stadt", "NUTS": "DEA1D", "RegioStaR7": "73", "scenario": 50, "year": 2038 }, "geometry": { "type": "Point", "coordinates": [ 6.636795749257386, 51.272565852595271 ] } },
{ "type": "Feature", "properties": { "id": "Osterath_station", "num_hh": "8", "num_cars": 1, "ARS": "051620022022", "AGS": "05162022", "ARS_0": "051620022022", "AGS_0": "05162022", "SDV_ARS": "051620022022", "GEN": "Meerbusch", "BEZ": "Stadt", "NUTS": "DEA1D", "RegioStaR7": "73", "scenario": 50, "year": 2038 }, "geometry": { "type": "Point", "coordinates": [ 6.636577700943831, 51.272429433041609 ] } },
{ "type": "Feature", "properties": { "id": "Osterath_station", "num_hh": "8", "num_cars": 1, "ARS": "051620022022", "AGS": "05162022", "ARS_0": "051620022022", "AGS_0": "05162022", "SDV_ARS": "051620022022", "GEN": "Meerbusch", "BEZ": "Stadt", "NUTS": "DEA1D", "RegioStaR7": "73", "scenario": 50, "year": 2038 }, "geometry": { "type": "Point", "coordinates": [ 6.636272433304853, 51.272283918404632 ] } },
{ "type": "Feature", "properties": { "id": "Osterath_station", "num_hh": "8", "num_cars": 1, "ARS": "051620022022", "AGS": "05162022", "ARS_0": "051620022022", "AGS_0": "05162022", "SDV_ARS": "051620022022", "GEN": "Meerbusch", "BEZ": "Stadt", "NUTS": "DEA1D", "RegioStaR7": "73", "scenario": 50, "year": 2038 }, "geometry": { "type": "Point", "coordinates": [ 6.635952629111639, 51.272102024460409 ] } },
{ "type": "Feature", "properties": { "id": "Osterath_station", "num_hh": "8", "num_cars": 1, "ARS": "051620022022", "AGS": "05162022", "ARS_0": "051620022022", "AGS_0": "05162022", "SDV_ARS": "051620022022", "GEN": "Meerbusch", "BEZ": "Stadt", "NUTS": "DEA1D", "RegioStaR7": "73", "scenario": 50, "year": 2038 }, "geometry": { "type": "Point", "coordinates": [ 6.637537113523475, 51.272438533328824 ] } },
{ "type": "Feature", "properties": { "id": "Osterath_station", "num_hh": "7", "num_cars": 1, "ARS": "051620022022", "AGS": "05162022", "ARS_0": "051620022022", "AGS_0": "05162022", "SDV_ARS": "051620022022", "GEN": "Meerbusch", "BEZ": "Stadt", "NUTS": "DEA1D", "RegioStaR7": "73", "scenario": 50, "year": 2038 }, "geometry": { "type": "Point", "coordinates": [ 6.63736267487263, 51.272302114180185 ] } },
{ "type": "Feature", "properties": { "id": "Osterath_station", "num_hh": "8", "num_cars": 1, "ARS": "051620022022", "AGS": "05162022", "ARS_0": "051620022022", "AGS_0": "05162022", "SDV_ARS": "051620022022", "GEN": "Meerbusch", "BEZ": "Stadt", "NUTS": "DEA1D", "RegioStaR7": "73", "scenario": 50, "year": 2038 }, "geometry": { "type": "Point", "coordinates": [ 6.637144626559075, 51.272165694626523 ] } },
{ "type": "Feature", "properties": { "id": "Osterath_station", "num_hh": "8", "num_cars": 1, "ARS": "051620022022", "AGS": "05162022", "ARS_0": "051620022022", "AGS_0": "05162022", "SDV_ARS": "051620022022", "GEN": "Meerbusch", "BEZ": "Stadt", "NUTS": "DEA1D", "RegioStaR7": "73", "scenario": 50, "year": 2038 }, "geometry": { "type": "Point", "coordinates": [ 6.636839358920097, 51.272020179989546 ] } },
{ "type": "Feature", "properties": { "id": "Osterath_station", "num_hh": "8", "num_cars": 1, "ARS": "051620022022", "AGS": "05162022", "ARS_0": "051620022022", "AGS_0": "05162022", "SDV_ARS": "051620022022", "GEN": "Meerbusch", "BEZ": "Stadt", "NUTS": "DEA1D", "RegioStaR7": "73", "scenario": 50, "year": 2038 }, "geometry": { "type": "Point", "coordinates": [ 6.636519554726883, 51.271838286045323 ] } },
{ "type": "Feature", "properties": { "id": "Osterath_station", "num_hh": "8", "num_cars": 1, "ARS": "051620022022", "AGS": "05162022", "ARS_0": "051620022022", "AGS_0": "05162022", "SDV_ARS": "051620022022", "GEN": "Meerbusch", "BEZ": "Stadt", "NUTS": "DEA1D", "RegioStaR7": "73", "scenario": 50, "year": 2038 }, "geometry": { "type": "Point", "coordinates": [ 6.638205795018379, 51.272147509872582 ] } },
{ "type": "Feature", "properties": { "id": "Osterath_station", "num_hh": "8", "num_cars": 1, "ARS": "051620022022", "AGS": "05162022", "ARS_0": "051620022022", "AGS_0": "05162022", "SDV_ARS": "051620022022", "GEN": "Meerbusch", "BEZ": "Stadt", "NUTS": "DEA1D", "RegioStaR7": "73", "scenario": 50, "year": 2038 }, "geometry": { "type": "Point", "coordinates": [ 6.638031356367534, 51.272011090723943 ] } },
{ "type": "Feature", "properties": { "id": "Osterath_station", "num_hh": "8", "num_cars": 1, "ARS": "051620022022", "AGS": "05162022", "ARS_0": "051620022022", "AGS_0": "05162022", "SDV_ARS": "051620022022", "GEN": "Meerbusch", "BEZ": "Stadt", "NUTS": "DEA1D", "RegioStaR7": "73", "scenario": 50, "year": 2038 }, "geometry": { "type": "Point", "coordinates": [ 6.637813308053979, 51.271874671170281 ] } },
{ "type": "Feature", "properties": { "id": "Osterath_station", "num_hh": "8", "num_cars": 1, "ARS": "051620022022", "AGS": "05162022", "ARS_0": "051620022022", "AGS_0": "05162022", "SDV_ARS": "051620022022", "GEN": "Meerbusch", "BEZ": "Stadt", "NUTS": "DEA1D", "RegioStaR7": "73", "scenario": 50, "year": 2038 }, "geometry": { "type": "Point", "coordinates": [ 6.637508040415002, 51.271729156533304 ] } },
{ "type": "Feature", "properties": { "id": "Osterath_station", "num_hh": "8", "num_cars": 1, "ARS": "051620022022", "AGS": "05162022", "ARS_0": "051620022022", "AGS_0": "05162022", "SDV_ARS": "051620022022", "GEN": "Meerbusch", "BEZ": "Stadt", "NUTS": "DEA1D", "RegioStaR7": "73", "scenario": 50, "year": 2038 }, "geometry": { "type": "Point", "coordinates": [ 6.637188236221787, 51.271547262589081 ] } },
{ "type": "Feature", "properties": { "id": "Korschenbroich_station", "num_hh": "8", "num_cars": 1, "ARS": "051620020020", "AGS": "05162020", "ARS_0": "051620020020", "AGS_0": "05162020", "SDV_ARS": "051620020020", "GEN": "Korschenbroich", "BEZ": "Stadt", "NUTS": "DEA1D", "RegioStaR7": "73", "scenario": 50, "year": 2038 }, "geometry": { "type": "Point", "coordinates": [ 6.514246786659638, 51.195631356818545 ] } },
{ "type": "Feature", "properties": { "id": "Korschenbroich_station", "num_hh": "8", "num_cars": 1, "ARS": "051620020020", "AGS": "05162020", "ARS_0": "051620020020", "AGS_0": "05162020", "SDV_ARS": "051620020020", "GEN": "Korschenbroich", "BEZ": "Stadt", "NUTS": "DEA1D", "RegioStaR7": "73", "scenario": 50, "year": 2038 }, "geometry": { "type": "Point", "coordinates": [ 6.514291838539365, 51.195791339861913 ] } },
{ "type": "Feature", "properties": { "id": "Korschenbroich_station", "num_hh": "8", "num_cars": 1, "ARS": "051620020020", "AGS": "05162020", "ARS_0": "051620020020", "AGS_0": "05162020", "SDV_ARS": "051620020020", "GEN": "Korschenbroich", "BEZ": "Stadt", "NUTS": "DEA1D", "RegioStaR7": "73", "scenario": 50, "year": 2038 }, "geometry": { "type": "Point", "coordinates": [ 6.514336890419093, 51.196007786624612 ] } },
{ "type": "Feature", "properties": { "id": "Korschenbroich_station", "num_hh": "8", "num_cars": 1, "ARS": "051620020020", "AGS": "05162020", "ARS_0": "051620020020", "AGS_0": "05162020", "SDV_ARS": "051620020020", "GEN": "Korschenbroich", "BEZ": "Stadt", "NUTS": "DEA1D", "RegioStaR7": "73", "scenario": 50, "year": 2038 }, "geometry": { "type": "Point", "coordinates": [ 6.514396959592064, 51.19620541104166 ] } },
{ "type": "Feature", "properties": { "id": "Korschenbroich_station", "num_hh": "8", "num_cars": 1, "ARS": "051620020020", "AGS": "05162020", "ARS_0": "051620020020", "AGS_0": "05162020", "SDV_ARS": "051620020020", "GEN": "Korschenbroich", "BEZ": "Stadt", "NUTS": "DEA1D", "RegioStaR7": "73", "scenario": 50, "year": 2038 }, "geometry": { "type": "Point", "coordinates": [ 6.514457028765034, 51.196412445236028 ] } },
{ "type": "Feature", "properties": { "id": "Korschenbroich_station", "num_hh": "8", "num_cars": 1, "ARS": "051620020020", "AGS": "05162020", "ARS_0": "051620020020", "AGS_0": "05162020", "SDV_ARS": "051620020020", "GEN": "Korschenbroich", "BEZ": "Stadt", "NUTS": "DEA1D", "RegioStaR7": "73", "scenario": 50, "year": 2038 }, "geometry": { "type": "Point", "coordinates": [ 6.514802426509617, 51.195584302828479 ] } },
{ "type": "Feature", "properties": { "id": "Korschenbroich_station", "num_hh": "8", "num_cars": 1, "ARS": "051620020020", "AGS": "05162020", "ARS_0": "051620020020", "AGS_0": "05162020", "SDV_ARS": "051620020020", "GEN": "Korschenbroich", "BEZ": "Stadt", "NUTS": "DEA1D", "RegioStaR7": "73", "scenario": 50, "year": 2038 }, "geometry": { "type": "Point", "coordinates": [ 6.514847478389345, 51.195744285871847 ] } },
{ "type": "Feature", "properties": { "id": "Korschenbroich_station", "num_hh": "8", "num_cars": 1, "ARS": "051620020020", "AGS": "05162020", "ARS_0": "051620020020", "AGS_0": "05162020", "SDV_ARS": "051620020020", "GEN": "Korschenbroich", "BEZ": "Stadt", "NUTS": "DEA1D", "RegioStaR7": "73", "scenario": 50, "year": 2038 }, "geometry": { "type": "Point", "coordinates": [ 6.514892530269073, 51.195960732634546 ] } },
{ "type": "Feature", "properties": { "id": "Korschenbroich_station", "num_hh": "8", "num_cars": 1, "ARS": "051620020020", "AGS": "05162020", "ARS_0": "051620020020", "AGS_0": "05162020", "SDV_ARS": "051620020020", "GEN": "Korschenbroich", "BEZ": "Stadt", "NUTS": "DEA1D", "RegioStaR7": "73", "scenario": 50, "year": 2038 }, "geometry": { "type": "Point", "coordinates": [ 6.514952599442044, 51.196158357051594 ] } },
{ "type": "Feature", "properties": { "id": "Korschenbroich_station", "num_hh": "8", "num_cars": 1, "ARS": "051620020020", "AGS": "05162020", "ARS_0": "051620020020", "AGS_0": "05162020", "SDV_ARS": "051620020020", "GEN": "Korschenbroich", "BEZ": "Stadt", "NUTS": "DEA1D", "RegioStaR7": "73", "scenario": 50, "year": 2038 }, "geometry": { "type": "Point", "coordinates": [ 6.515012668615014, 51.196365391245962 ] } },
{ "type": "Feature", "properties": { "id": "Korschenbroich_station", "num_hh": "8", "num_cars": 1, "ARS": "051620020020", "AGS": "05162020", "ARS_0": "051620020020", "AGS_0": "05162020", "SDV_ARS": "051620020020", "GEN": "Korschenbroich", "BEZ": "Stadt", "NUTS": "DEA1D", "RegioStaR7": "73", "scenario": 50, "year": 2038 }, "geometry": { "type": "Point", "coordinates": [ 6.515373083652842, 51.195499605525285 ] } },
{ "type": "Feature", "properties": { "id": "Korschenbroich_station", "num_hh": "8", "num_cars": 1, "ARS": "051620020020", "AGS": "05162020", "ARS_0": "051620020020", "AGS_0": "05162020", "SDV_ARS": "051620020020", "GEN": "Korschenbroich", "BEZ": "Stadt", "NUTS": "DEA1D", "RegioStaR7": "73", "scenario": 50, "year": 2038 }, "geometry": { "type": "Point", "coordinates": [ 6.51541813553257, 51.195659588568653 ] } },
{ "type": "Feature", "properties": { "id": "Korschenbroich_station", "num_hh": "8", "num_cars": 1, "ARS": "051620020020", "AGS": "05162020", "ARS_0": "051620020020", "AGS_0": "05162020", "SDV_ARS": "051620020020", "GEN": "Korschenbroich", "BEZ": "Stadt", "NUTS": "DEA1D", "RegioStaR7": "73", "scenario": 50, "year": 2038 }, "geometry": { "type": "Point", "coordinates": [ 6.515463187412298, 51.195876035331352 ] } },
{ "type": "Feature", "properties": { "id": "Korschenbroich_station", "num_hh": "8", "num_cars": 1, "ARS": "051620020020", "AGS": "05162020", "ARS_0": "051620020020", "AGS_0": "05162020", "SDV_ARS": "051620020020", "GEN": "Korschenbroich", "BEZ": "Stadt", "NUTS": "DEA1D", "RegioStaR7": "73", "scenario": 50, "year": 2038 }, "geometry": { "type": "Point", "coordinates": [ 6.515523256585269, 51.1960736597484 ] } },
{ "type": "Feature", "properties": { "id": "Korschenbroich_station", "num_hh": "8", "num_cars": 1, "ARS": "051620020020", "AGS": "05162020", "ARS_0": "051620020020", "AGS_0": "05162020", "SDV_ARS": "051620020020", "GEN": "Korschenbroich", "BEZ": "Stadt", "NUTS": "DEA1D", "RegioStaR7": "73", "scenario": 50, "year": 2038 }, "geometry": { "type": "Point", "coordinates": [ 6.515583325758239, 51.196280693942768 ] } },
{ "type": "Feature", "properties": { "id": "Korschenbroich_station", "num_hh": "8", "num_cars": 1, "ARS": "051620020020", "AGS": "05162020", "ARS_0": "051620020020", "AGS_0": "05162020", "SDV_ARS": "051620020020", "GEN": "Korschenbroich", "BEZ": "Stadt", "NUTS": "DEA1D", "RegioStaR7": "73", "scenario": 50, "year": 2038 }, "geometry": { "type": "Point", "coordinates": [ 6.516018827262278, 51.195424318902838 ] } },
{ "type": "Feature", "properties": { "id": "Korschenbroich_station", "num_hh": "8", "num_cars": 1, "ARS": "051620020020", "AGS": "05162020", "ARS_0": "051620020020", "AGS_0": "05162020", "SDV_ARS": "051620020020", "GEN": "Korschenbroich", "BEZ": "Stadt", "NUTS": "DEA1D", "RegioStaR7": "73", "scenario": 50, "year": 2038 }, "geometry": { "type": "Point", "coordinates": [ 6.516063879142005, 51.195584301946205 ] } },
{ "type": "Feature", "properties": { "id": "Korschenbroich_station", "num_hh": "8", "num_cars": 1, "ARS": "051620020020", "AGS": "05162020", "ARS_0": "051620020020", "AGS_0": "05162020", "SDV_ARS": "051620020020", "GEN": "Korschenbroich", "BEZ": "Stadt", "NUTS": "DEA1D", "RegioStaR7": "73", "scenario": 50, "year": 2038 }, "geometry": { "type": "Point", "coordinates": [ 6.516108931021733, 51.195800748708905 ] } },
{ "type": "Feature", "properties": { "id": "Korschenbroich_station", "num_hh": "8", "num_cars": 1, "ARS": "051620020020", "AGS": "05162020", "ARS_0": "051620020020", "AGS_0": "05162020", "SDV_ARS": "051620020020", "GEN": "Korschenbroich", "BEZ": "Stadt", "NUTS": "DEA1D", "RegioStaR7": "73", "scenario": 50, "year": 2038 }, "geometry": { "type": "Point", "coordinates": [ 6.516169000194704, 51.195998373125953 ] } },
{ "type": "Feature", "properties": { "id": "Korschenbroich_station", "num_hh": "8", "num_cars": 1, "ARS": "051620020020", "AGS": "05162020", "ARS_0": "051620020020", "AGS_0": "05162020", "SDV_ARS": "051620020020", "GEN": "Korschenbroich", "BEZ": "Stadt", "NUTS": "DEA1D", "RegioStaR7": "73", "scenario": 50, "year": 2038 }, "geometry": { "type": "Point", "coordinates": [ 6.516229069367674, 51.196205407320321 ] } },
{ "type": "Feature", "properties": { "id": "Korschenbroich_station", "num_hh": "8", "num_cars": 1, "ARS": "051620020020", "AGS": "05162020", "ARS_0": "051620020020", "AGS_0": "05162020", "SDV_ARS": "051620020020", "GEN": "Korschenbroich", "BEZ": "Stadt", "NUTS": "DEA1D", "RegioStaR7": "73", "scenario": 50, "year": 2038 }, "geometry": { "type": "Point", "coordinates": [ 6.516619518991986, 51.195358443007279 ] } },
{ "type": "Feature", "properties": { "id": "Korschenbroich_station", "num_hh": "8", "num_cars": 1, "ARS": "051620020020", "AGS": "05162020", "ARS_0": "051620020020", "AGS_0": "05162020", "SDV_ARS": "051620020020", "GEN": "Korschenbroich", "BEZ": "Stadt", "NUTS": "DEA1D", "RegioStaR7": "73", "scenario": 50, "year": 2038 }, "geometry": { "type": "Point", "coordinates": [ 6.516664570871713, 51.195518426050647 ] } },
{ "type": "Feature", "properties": { "id": "Korschenbroich_station", "num_hh": "8", "num_cars": 1, "ARS": "051620020020", "AGS": "05162020", "ARS_0": "051620020020", "AGS_0": "05162020", "SDV_ARS": "051620020020", "GEN": "Korschenbroich", "BEZ": "Stadt", "NUTS": "DEA1D", "RegioStaR7": "73", "scenario": 50, "year": 2038 }, "geometry": { "type": "Point", "coordinates": [ 6.516709622751441, 51.195734872813347 ] } },
{ "type": "Feature", "properties": { "id": "Korschenbroich_station", "num_hh": "8", "num_cars": 1, "ARS": "051620020020", "AGS": "05162020", "ARS_0": "051620020020", "AGS_0": "05162020", "SDV_ARS": "051620020020", "GEN": "Korschenbroich", "BEZ": "Stadt", "NUTS": "DEA1D", "RegioStaR7": "73", "scenario": 50, "year": 2038 }, "geometry": { "type": "Point", "coordinates": [ 6.516769691924412, 51.195932497230395 ] } },
{ "type": "Feature", "properties": { "id": "Korschenbroich_station", "num_hh": "8", "num_cars": 1, "ARS": "051620020020", "AGS": "05162020", "ARS_0": "051620020020", "AGS_0": "05162020", "SDV_ARS": "051620020020", "GEN": "Korschenbroich", "BEZ": "Stadt", "NUTS": "DEA1D", "RegioStaR7": "73", "scenario": 50, "year": 2038 }, "geometry": { "type": "Point", "coordinates": [ 6.516829761097382, 51.196139531424762 ] } },
{ "type": "Feature", "properties": { "id": "Korschenbroich_station", "num_hh": "8", "num_cars": 1, "ARS": "051620020020", "AGS": "05162020", "ARS_0": "051620020020", "AGS_0": "05162020", "SDV_ARS": "051620020020", "GEN": "Korschenbroich", "BEZ": "Stadt", "NUTS": "DEA1D", "RegioStaR7": "73", "scenario": 50, "year": 2038 }, "geometry": { "type": "Point", "coordinates": [ 6.51719017613521, 51.19531138873851 ] } },
{ "type": "Feature", "properties": { "id": "Korschenbroich_station", "num_hh": "8", "num_cars": 1, "ARS": "051620020020", "AGS": "05162020", "ARS_0": "051620020020", "AGS_0": "05162020", "SDV_ARS": "051620020020", "GEN": "Korschenbroich", "BEZ": "Stadt", "NUTS": "DEA1D", "RegioStaR7": "73", "scenario": 50, "year": 2038 }, "geometry": { "type": "Point", "coordinates": [ 6.517235228014937, 51.195471371781878 ] } },
{ "type": "Feature", "properties": { "id": "Korschenbroich_station", "num_hh": "8", "num_cars": 1, "ARS": "051620020020", "AGS": "05162020", "ARS_0": "051620020020", "AGS_0": "05162020", "SDV_ARS": "051620020020", "GEN": "Korschenbroich", "BEZ": "Stadt", "NUTS": "DEA1D", "RegioStaR7": "73", "scenario": 50, "year": 2038 }, "geometry": { "type": "Point", "coordinates": [ 6.517280279894665, 51.195687818544577 ] } },
{ "type": "Feature", "properties": { "id": "Korschenbroich_station", "num_hh": "8", "num_cars": 1, "ARS": "051620020020", "AGS": "05162020", "ARS_0": "051620020020", "AGS_0": "05162020", "SDV_ARS": "051620020020", "GEN": "Korschenbroich", "BEZ": "Stadt", "NUTS": "DEA1D", "RegioStaR7": "73", "scenario": 50, "year": 2038 }, "geometry": { "type": "Point", "coordinates": [ 6.517340349067636, 51.195885442961625 ] } },
{ "type": "Feature", "properties": { "id": "Korschenbroich_station", "num_hh": "8", "num_cars": 1, "ARS": "051620020020", "AGS": "05162020", "ARS_0": "051620020020", "AGS_0": "05162020", "SDV_ARS": "051620020020", "GEN": "Korschenbroich", "BEZ": "Stadt", "NUTS": "DEA1D", "RegioStaR7": "73", "scenario": 50, "year": 2038 }, "geometry": { "type": "Point", "coordinates": [ 6.517400418240606, 51.196092477155993 ] } },
{ "type": "Feature", "properties": { "id": "Korschenbroich_station", "num_hh": "8", "num_cars": 1, "ARS": "051620020020", "AGS": "05162020", "ARS_0": "051620020020", "AGS_0": "05162020", "SDV_ARS": "051620020020", "GEN": "Korschenbroich", "BEZ": "Stadt", "NUTS": "DEA1D", "RegioStaR7": "73", "scenario": 50, "year": 2038 }, "geometry": { "type": "Point", "coordinates": [ 6.517700764105461, 51.195273745288887 ] } },
{ "type": "Feature", "properties": { "id": "Korschenbroich_station", "num_hh": "8", "num_cars": 1, "ARS": "051620020020", "AGS": "05162020", "ARS_0": "051620020020", "AGS_0": "05162020", "SDV_ARS": "051620020020", "GEN": "Korschenbroich", "BEZ": "Stadt", "NUTS": "DEA1D", "RegioStaR7": "73", "scenario": 50, "year": 2038 }, "geometry": { "type": "Point", "coordinates": [ 6.517745815985188, 51.195433728332254 ] } },
{ "type": "Feature", "properties": { "id": "Korschenbroich_station", "num_hh": "8", "num_cars": 1, "ARS": "051620020020", "AGS": "05162020", "ARS_0": "051620020020", "AGS_0": "05162020", "SDV_ARS": "051620020020", "GEN": "Korschenbroich", "BEZ": "Stadt", "NUTS": "DEA1D", "RegioStaR7": "73", "scenario": 50, "year": 2038 }, "geometry": { "type": "Point", "coordinates": [ 6.517790867864917, 51.195650175094954 ] } },
{ "type": "Feature", "properties": { "id": "Korschenbroich_station", "num_hh": "8", "num_cars": 1, "ARS": "051620020020", "AGS": "05162020", "ARS_0": "051620020020", "AGS_0": "05162020", "SDV_ARS": "051620020020", "GEN": "Korschenbroich", "BEZ": "Stadt", "NUTS": "DEA1D", "RegioStaR7": "73", "scenario": 50, "year": 2038 }, "geometry": { "type": "Point", "coordinates": [ 6.517850937037887, 51.195847799512002 ] } },
{ "type": "Feature", "properties": { "id": "Korschenbroich_station", "num_hh": "8", "num_cars": 1, "ARS": "051620020020", "AGS": "05162020", "ARS_0": "051620020020", "AGS_0": "05162020", "SDV_ARS": "051620020020", "GEN": "Korschenbroich", "BEZ": "Stadt", "NUTS": "DEA1D", "RegioStaR7": "73", "scenario": 50, "year": 2038 }, "geometry": { "type": "Point", "coordinates": [ 6.517911006210857, 51.19605483370637 ] } },
{ "type": "Feature", "properties": { "id": "Korschenbroich_station", "num_hh": "8", "num_cars": 1, "ARS": "051620020020", "AGS": "05162020", "ARS_0": "051620020020", "AGS_0": "05162020", "SDV_ARS": "051620020020", "GEN": "Korschenbroich", "BEZ": "Stadt", "NUTS": "DEA1D", "RegioStaR7": "73", "scenario": 50, "year": 2038 }, "geometry": { "type": "Point", "coordinates": [ 6.518271421248684, 51.195198458297384 ] } },
{ "type": "Feature", "properties": { "id": "Korschenbroich_station", "num_hh": "8", "num_cars": 1, "ARS": "051620020020", "AGS": "05162020", "ARS_0": "051620020020", "AGS_0": "05162020", "SDV_ARS": "051620020020", "GEN": "Korschenbroich", "BEZ": "Stadt", "NUTS": "DEA1D", "RegioStaR7": "73", "scenario": 50, "year": 2038 }, "geometry": { "type": "Point", "coordinates": [ 6.518316473128412, 51.195358441340751 ] } },
{ "type": "Feature", "properties": { "id": "Korschenbroich_station", "num_hh": "8", "num_cars": 1, "ARS": "051620020020", "AGS": "05162020", "ARS_0": "051620020020", "AGS_0": "05162020", "SDV_ARS": "051620020020", "GEN": "Korschenbroich", "BEZ": "Stadt", "NUTS": "DEA1D", "RegioStaR7": "73", "scenario": 50, "year": 2038 }, "geometry": { "type": "Point", "coordinates": [ 6.51836152500814, 51.195574888103451 ] } },
{ "type": "Feature", "properties": { "id": "Korschenbroich_station", "num_hh": "8", "num_cars": 1, "ARS": "051620020020", "AGS": "05162020", "ARS_0": "051620020020", "AGS_0": "05162020", "SDV_ARS": "051620020020", "GEN": "Korschenbroich", "BEZ": "Stadt", "NUTS": "DEA1D", "RegioStaR7": "73", "scenario": 50, "year": 2038 }, "geometry": { "type": "Point", "coordinates": [ 6.518421594181111, 51.195772512520499 ] } },
{ "type": "Feature", "properties": { "id": "Korschenbroich_station", "num_hh": "8", "num_cars": 1, "ARS": "051620020020", "AGS": "05162020", "ARS_0": "051620020020", "AGS_0": "05162020", "SDV_ARS": "051620020020", "GEN": "Korschenbroich", "BEZ": "Stadt", "NUTS": "DEA1D", "RegioStaR7": "73", "scenario": 50, "year": 2038 }, "geometry": { "type": "Point", "coordinates": [ 6.518481663354081, 51.195979546714867 ] } },
{ "type": "Feature", "properties": { "id": "Korschenbroich_station", "num_hh": "8", "num_cars": 1, "ARS": "051620020020", "AGS": "05162020", "ARS_0": "051620020020", "AGS_0": "05162020", "SDV_ARS": "051620020020", "GEN": "Korschenbroich", "BEZ": "Stadt", "NUTS": "DEA1D", "RegioStaR7": "73", "scenario": 50, "year": 2038 }, "geometry": { "type": "Point", "coordinates": [ 6.518782009218937, 51.195160814755496 ] } },
{ "type": "Feature", "properties": { "id": "Korschenbroich_station", "num_hh": "8", "num_cars": 1, "ARS": "051620020020", "AGS": "05162020", "ARS_0": "051620020020", "AGS_0": "05162020", "SDV_ARS": "051620020020", "GEN": "Korschenbroich", "BEZ": "Stadt", "NUTS": "DEA1D", "RegioStaR7": "73", "scenario": 50, "year": 2038 }, "geometry": { "type": "Point", "coordinates": [ 6.518827061098665, 51.195320797798864 ] } },
{ "type": "Feature", "properties": { "id": "Korschenbroich_station", "num_hh": "8", "num_cars": 1, "ARS": "051620020020", "AGS": "05162020", "ARS_0": "051620020020", "AGS_0": "05162020", "SDV_ARS": "051620020020", "GEN": "Korschenbroich", "BEZ": "Stadt", "NUTS": "DEA1D", "RegioStaR7": "73", "scenario": 50, "year": 2038 }, "geometry": { "type": "Point", "coordinates": [ 6.518872112978393, 51.195537244561564 ] } },
{ "type": "Feature", "properties": { "id": "Korschenbroich_station", "num_hh": "8", "num_cars": 1, "ARS": "051620020020", "AGS": "05162020", "ARS_0": "051620020020", "AGS_0": "05162020", "SDV_ARS": "051620020020", "GEN": "Korschenbroich", "BEZ": "Stadt", "NUTS": "DEA1D", "RegioStaR7": "73", "scenario": 50, "year": 2038 }, "geometry": { "type": "Point", "coordinates": [ 6.518932182151364, 51.195734868978612 ] } },
{ "type": "Feature", "properties": { "id": "Korschenbroich_station", "num_hh": "8", "num_cars": 1, "ARS": "051620020020", "AGS": "05162020", "ARS_0": "051620020020", "AGS_0": "05162020", "SDV_ARS": "051620020020", "GEN": "Korschenbroich", "BEZ": "Stadt", "NUTS": "DEA1D", "RegioStaR7": "73", "scenario": 50, "year": 2038 }, "geometry": { "type": "Point", "coordinates": [ 6.518992251324334, 51.195941903172979 ] } },
{ "type": "Feature", "properties": { "id": "Korschenbroich_station", "num_hh": "8", "num_cars": 1, "ARS": "051620020020", "AGS": "05162020", "ARS_0": "051620020020", "AGS_0": "05162020", "SDV_ARS": "051620020020", "GEN": "Korschenbroich", "BEZ": "Stadt", "NUTS": "DEA1D", "RegioStaR7": "73", "scenario": 50, "year": 2038 }, "geometry": { "type": "Point", "coordinates": [ 6.51935266636216, 51.195085527579465 ] } },
{ "type": "Feature", "properties": { "id": "Korschenbroich_station", "num_hh": "8", "num_cars": 1, "ARS": "051620020020", "AGS": "05162020", "ARS_0": "051620020020", "AGS_0": "05162020", "SDV_ARS": "051620020020", "GEN": "Korschenbroich", "BEZ": "Stadt", "NUTS": "DEA1D", "RegioStaR7": "73", "scenario": 50, "year": 2038 }, "geometry": { "type": "Point", "coordinates": [ 6.519397718241887, 51.195245510622833 ] } },
{ "type": "Feature", "properties": { "id": "Korschenbroich_station", "num_hh": "8", "num_cars": 1, "ARS": "051620020020", "AGS": "05162020", "ARS_0": "051620020020", "AGS_0": "05162020", "SDV_ARS": "051620020020", "GEN": "Korschenbroich", "BEZ": "Stadt", "NUTS": "DEA1D", "RegioStaR7": "73", "scenario": 50, "year": 2038 }, "geometry": { "type": "Point", "coordinates": [ 6.519442770121615, 51.195461957385533 ] } },
{ "type": "Feature", "properties": { "id": "Korschenbroich_station", "num_hh": "8", "num_cars": 1, "ARS": "051620020020", "AGS": "05162020", "ARS_0": "051620020020", "AGS_0": "05162020", "SDV_ARS": "051620020020", "GEN": "Korschenbroich", "BEZ": "Stadt", "NUTS": "DEA1D", "RegioStaR7": "73", "scenario": 50, "year": 2038 }, "geometry": { "type": "Point", "coordinates": [ 6.519502839294586, 51.19565958180258 ] } },
{ "type": "Feature", "properties": { "id": "Korschenbroich_station", "num_hh": "8", "num_cars": 1, "ARS": "051620020020", "AGS": "05162020", "ARS_0": "051620020020", "AGS_0": "05162020", "SDV_ARS": "051620020020", "GEN": "Korschenbroich", "BEZ": "Stadt", "NUTS": "DEA1D", "RegioStaR7": "73", "scenario": 50, "year": 2038 }, "geometry": { "type": "Point", "coordinates": [ 6.519562908467556, 51.195866615996948 ] } },
{ "type": "Feature", "properties": { "id": "Korschenbroich_station", "num_hh": "8", "num_cars": 1, "ARS": "051620020020", "AGS": "05162020", "ARS_0": "051620020020", "AGS_0": "05162020", "SDV_ARS": "051620020020", "GEN": "Korschenbroich", "BEZ": "Stadt", "NUTS": "DEA1D", "RegioStaR7": "73", "scenario": 50, "year": 2038 }, "geometry": { "type": "Point", "coordinates": [ 6.519848237039169, 51.195057294856731 ] } },
{ "type": "Feature", "properties": { "id": "Korschenbroich_station", "num_hh": "8", "num_cars": 1, "ARS": "051620020020", "AGS": "05162020", "ARS_0": "051620020020", "AGS_0": "05162020", "SDV_ARS": "051620020020", "GEN": "Korschenbroich", "BEZ": "Stadt", "NUTS": "DEA1D", "RegioStaR7": "73", "scenario": 50, "year": 2038 }, "geometry": { "type": "Point", "coordinates": [ 6.519893288918897, 51.195217277900099 ] } },
{ "type": "Feature", "properties": { "id": "Korschenbroich_station", "num_hh": "8", "num_cars": 1, "ARS": "051620020020", "AGS": "05162020", "ARS_0": "051620020020", "AGS_0": "05162020", "SDV_ARS": "051620020020", "GEN": "Korschenbroich", "BEZ": "Stadt", "NUTS": "DEA1D", "RegioStaR7": "73", "scenario": 50, "year": 2038 }, "geometry": { "type": "Point", "coordinates": [ 6.519938340798625, 51.195433724662799 ] } },
{ "type": "Feature", "properties": { "id": "Korschenbroich_station", "num_hh": "8", "num_cars": 1, "ARS": "051620020020", "AGS": "05162020", "ARS_0": "051620020020", "AGS_0": "05162020", "SDV_ARS": "051620020020", "GEN": "Korschenbroich", "BEZ": "Stadt", "NUTS": "DEA1D", "RegioStaR7": "73", "scenario": 50, "year": 2038 }, "geometry": { "type": "Point", "coordinates": [ 6.519998409971596, 51.195631349079846 ] } },
{ "type": "Feature", "properties": { "id": "Korschenbroich_station", "num_hh": "8", "num_cars": 1, "ARS": "051620020020", "AGS": "05162020", "ARS_0": "051620020020", "AGS_0": "05162020", "SDV_ARS": "051620020020", "GEN": "Korschenbroich", "BEZ": "Stadt", "NUTS": "DEA1D", "RegioStaR7": "73", "scenario": 50, "year": 2038 }, "geometry": { "type": "Point", "coordinates": [ 6.520058479144565, 51.195838383274214 ] } },
{ "type": "Feature", "properties": { "id": "Buederich_station", "num_hh": "8", "num_cars": 1, "ARS": "051620022022", "AGS": "05162022", "ARS_0": "051620022022", "AGS_0": "05162022", "SDV_ARS": "051620022022", "GEN": "Meerbusch", "BEZ": "Stadt", "NUTS": "DEA1D", "RegioStaR7": "73", "scenario": 50, "year": 2038 }, "geometry": { "type": "Point", "coordinates": [ 6.69843837390359, 51.255513531910978 ] } },
{ "type": "Feature", "properties": { "id": "Buederich_station", "num_hh": "8", "num_cars": 1, "ARS": "051620022022", "AGS": "05162022", "ARS_0": "051620022022", "AGS_0": "05162022", "SDV_ARS": "051620022022", "GEN": "Meerbusch", "BEZ": "Stadt", "NUTS": "DEA1D", "RegioStaR7": "73", "scenario": 50, "year": 2038 }, "geometry": { "type": "Point", "coordinates": [ 6.698872724061453, 51.255655922729034 ] } },
{ "type": "Feature", "properties": { "id": "Buederich_station", "num_hh": "8", "num_cars": 1, "ARS": "051620022022", "AGS": "05162022", "ARS_0": "051620022022", "AGS_0": "05162022", "SDV_ARS": "051620022022", "GEN": "Meerbusch", "BEZ": "Stadt", "NUTS": "DEA1D", "RegioStaR7": "73", "scenario": 50, "year": 2038 }, "geometry": { "type": "Point", "coordinates": [ 6.699286390878466, 51.255811257663943 ] } },
{ "type": "Feature", "properties": { "id": "Buederich_station", "num_hh": "8", "num_cars": 1, "ARS": "051620022022", "AGS": "05162022", "ARS_0": "051620022022", "AGS_0": "05162022", "SDV_ARS": "051620022022", "GEN": "Meerbusch", "BEZ": "Stadt", "NUTS": "DEA1D", "RegioStaR7": "73", "scenario": 50, "year": 2038 }, "geometry": { "type": "Point", "coordinates": [ 6.69974142437718, 51.255940703042143 ] } },
{ "type": "Feature", "properties": { "id": "Buederich_station", "num_hh": "8", "num_cars": 1, "ARS": "051620022022", "AGS": "05162022", "ARS_0": "051620022022", "AGS_0": "05162022", "SDV_ARS": "051620022022", "GEN": "Meerbusch", "BEZ": "Stadt", "NUTS": "DEA1D", "RegioStaR7": "73", "scenario": 50, "year": 2038 }, "geometry": { "type": "Point", "coordinates": [ 6.700175774535043, 51.25612192595932 ] } },
{ "type": "Feature", "properties": { "id": "Buederich_station", "num_hh": "8", "num_cars": 1, "ARS": "051620022022", "AGS": "05162022", "ARS_0": "051620022022", "AGS_0": "05162022", "SDV_ARS": "051620022022", "GEN": "Meerbusch", "BEZ": "Stadt", "NUTS": "DEA1D", "RegioStaR7": "73", "scenario": 50, "year": 2038 }, "geometry": { "type": "Point", "coordinates": [ 6.700651491374607, 51.2562902037428 ] } },
{ "type": "Feature", "properties": { "id": "Buederich_station", "num_hh": "8", "num_cars": 1, "ARS": "051620022022", "AGS": "05162022", "ARS_0": "051620022022", "AGS_0": "05162022", "SDV_ARS": "051620022022", "GEN": "Meerbusch", "BEZ": "Stadt", "NUTS": "DEA1D", "RegioStaR7": "73", "scenario": 50, "year": 2038 }, "geometry": { "type": "Point", "coordinates": [ 6.701044474850768, 51.256458480910325 ] } },
{ "type": "Feature", "properties": { "id": "Buederich_station", "num_hh": "8", "num_cars": 1, "ARS": "051620022022", "AGS": "05162022", "ARS_0": "051620022022", "AGS_0": "05162022", "SDV_ARS": "051620022022", "GEN": "Meerbusch", "BEZ": "Stadt", "NUTS": "DEA1D", "RegioStaR7": "73", "scenario": 50, "year": 2038 }, "geometry": { "type": "Point", "coordinates": [ 6.70143745832693, 51.25663970178654 ] } },
{ "type": "Feature", "properties": { "id": "Buederich_station", "num_hh": "8", "num_cars": 1, "ARS": "051620022022", "AGS": "05162022", "ARS_0": "051620022022", "AGS_0": "05162022", "SDV_ARS": "051620022022", "GEN": "Meerbusch", "BEZ": "Stadt", "NUTS": "DEA1D", "RegioStaR7": "73", "scenario": 50, "year": 2038 }, "geometry": { "type": "Point", "coordinates": [ 6.697755823655521, 51.255811257580127 ] } },
{ "type": "Feature", "properties": { "id": "Buederich_station", "num_hh": "8", "num_cars": 1, "ARS": "051620022022", "AGS": "05162022", "ARS_0": "051620022022", "AGS_0": "05162022", "SDV_ARS": "051620022022", "GEN": "Meerbusch", "BEZ": "Stadt", "NUTS": "DEA1D", "RegioStaR7": "73", "scenario": 50, "year": 2038 }, "geometry": { "type": "Point", "coordinates": [ 6.698190173813384, 51.255953648398183 ] } },
{ "type": "Feature", "properties": { "id": "Buederich_station", "num_hh": "8", "num_cars": 1, "ARS": "051620022022", "AGS": "05162022", "ARS_0": "051620022022", "AGS_0": "05162022", "SDV_ARS": "051620022022", "GEN": "Meerbusch", "BEZ": "Stadt", "NUTS": "DEA1D", "RegioStaR7": "73", "scenario": 50, "year": 2038 }, "geometry": { "type": "Point", "coordinates": [ 6.698603840630397, 51.256108983333093 ] } },
{ "type": "Feature", "properties": { "id": "Buederich_station", "num_hh": "8", "num_cars": 1, "ARS": "051620022022", "AGS": "05162022", "ARS_0": "051620022022", "AGS_0": "05162022", "SDV_ARS": "051620022022", "GEN": "Meerbusch", "BEZ": "Stadt", "NUTS": "DEA1D", "RegioStaR7": "73", "scenario": 50, "year": 2038 }, "geometry": { "type": "Point", "coordinates": [ 6.69905887412911, 51.256238428711292 ] } },
{ "type": "Feature", "properties": { "id": "Buederich_station", "num_hh": "8", "num_cars": 1, "ARS": "051620022022", "AGS": "05162022", "ARS_0": "051620022022", "AGS_0": "05162022", "SDV_ARS": "051620022022", "GEN": "Meerbusch", "BEZ": "Stadt", "NUTS": "DEA1D", "RegioStaR7": "73", "scenario": 50, "year": 2038 }, "geometry": { "type": "Point", "coordinates": [ 6.699493224286973, 51.25641965162847 ] } },
{ "type": "Feature", "properties": { "id": "Buederich_station", "num_hh": "8", "num_cars": 1, "ARS": "051620022022", "AGS": "05162022", "ARS_0": "051620022022", "AGS_0": "05162022", "SDV_ARS": "051620022022", "GEN": "Meerbusch", "BEZ": "Stadt", "NUTS": "DEA1D", "RegioStaR7": "73", "scenario": 50, "year": 2038 }, "geometry": { "type": "Point", "coordinates": [ 6.699968941126538, 51.25658792941195 ] } },
{ "type": "Feature", "properties": { "id": "Buederich_station", "num_hh": "8", "num_cars": 1, "ARS": "051620022022", "AGS": "05162022", "ARS_0": "051620022022", "AGS_0": "05162022", "SDV_ARS": "051620022022", "GEN": "Meerbusch", "BEZ": "Stadt", "NUTS": "DEA1D", "RegioStaR7": "73", "scenario": 50, "year": 2038 }, "geometry": { "type": "Point", "coordinates": [ 6.700361924602698, 51.256756206579475 ] } },
{ "type": "Feature", "properties": { "id": "Buederich_station", "num_hh": "8", "num_cars": 1, "ARS": "051620022022", "AGS": "05162022", "ARS_0": "051620022022", "AGS_0": "05162022", "SDV_ARS": "051620022022", "GEN": "Meerbusch", "BEZ": "Stadt", "NUTS": "DEA1D", "RegioStaR7": "73", "scenario": 50, "year": 2038 }, "geometry": { "type": "Point", "coordinates": [ 6.700754908078861, 51.256937427455689 ] } },
{ "type": "Feature", "properties": { "id": "Buederich_station", "num_hh": "8", "num_cars": 1, "ARS": "051620022022", "AGS": "05162022", "ARS_0": "051620022022", "AGS_0": "05162022", "SDV_ARS": "051620022022", "GEN": "Meerbusch", "BEZ": "Stadt", "NUTS": "DEA1D", "RegioStaR7": "73", "scenario": 50, "year": 2038 }, "geometry": { "type": "Point", "coordinates": [ 6.696845756658093, 51.256108981321276 ] } },
{ "type": "Feature", "properties": { "id": "Buederich_station", "num_hh": "8", "num_cars": 1, "ARS": "051620022022", "AGS": "05162022", "ARS_0": "051620022022", "AGS_0": "05162022", "SDV_ARS": "051620022022", "GEN": "Meerbusch", "BEZ": "Stadt", "NUTS": "DEA1D", "RegioStaR7": "73", "scenario": 50, "year": 2038 }, "geometry": { "type": "Point", "coordinates": [ 6.697280106815956, 51.256251372139332 ] } },
{ "type": "Feature", "properties": { "id": "Buederich_station", "num_hh": "8", "num_cars": 1, "ARS": "051620022022", "AGS": "05162022", "ARS_0": "051620022022", "AGS_0": "05162022", "SDV_ARS": "051620022022", "GEN": "Meerbusch", "BEZ": "Stadt", "NUTS": "DEA1D", "RegioStaR7": "73", "scenario": 50, "year": 2038 }, "geometry": { "type": "Point", "coordinates": [ 6.697693773632969, 51.256406707074241 ] } },
{ "type": "Feature", "properties": { "id": "Buederich_station", "num_hh": "8", "num_cars": 1, "ARS": "051620022022", "AGS": "05162022", "ARS_0": "051620022022", "AGS_0": "05162022", "SDV_ARS": "051620022022", "GEN": "Meerbusch", "BEZ": "Stadt", "NUTS": "DEA1D", "RegioStaR7": "73", "scenario": 50, "year": 2038 }, "geometry": { "type": "Point", "coordinates": [ 6.698148807131683, 51.256536152452441 ] } },
{ "type": "Feature", "properties": { "id": "Buederich_station", "num_hh": "8", "num_cars": 1, "ARS": "051620022022", "AGS": "05162022", "ARS_0": "051620022022", "AGS_0": "05162022", "SDV_ARS": "051620022022", "GEN": "Meerbusch", "BEZ": "Stadt", "NUTS": "DEA1D", "RegioStaR7": "73", "scenario": 50, "year": 2038 }, "geometry": { "type": "Point", "coordinates": [ 6.698583157289546, 51.256717375369618 ] } },
{ "type": "Feature", "properties": { "id": "Buederich_station", "num_hh": "8", "num_cars": 1, "ARS": "051620022022", "AGS": "05162022", "ARS_0": "051620022022", "AGS_0": "05162022", "SDV_ARS": "051620022022", "GEN": "Meerbusch", "BEZ": "Stadt", "NUTS": "DEA1D", "RegioStaR7": "73", "scenario": 50, "year": 2038 }, "geometry": { "type": "Point", "coordinates": [ 6.69905887412911, 51.256885653153098 ] } },
{ "type": "Feature", "properties": { "id": "Buederich_station", "num_hh": "8", "num_cars": 1, "ARS": "051620022022", "AGS": "05162022", "ARS_0": "051620022022", "AGS_0": "05162022", "SDV_ARS": "051620022022", "GEN": "Meerbusch", "BEZ": "Stadt", "NUTS": "DEA1D", "RegioStaR7": "73", "scenario": 50, "year": 2038 }, "geometry": { "type": "Point", "coordinates": [ 6.699451857605271, 51.257053930320623 ] } },
{ "type": "Feature", "properties": { "id": "Buederich_station", "num_hh": "8", "num_cars": 1, "ARS": "051620022022", "AGS": "05162022", "ARS_0": "051620022022", "AGS_0": "05162022", "SDV_ARS": "051620022022", "GEN": "Meerbusch", "BEZ": "Stadt", "NUTS": "DEA1D", "RegioStaR7": "73", "scenario": 50, "year": 2038 }, "geometry": { "type": "Point", "coordinates": [ 6.699844841081434, 51.257235151196838 ] } },
{ "type": "Feature", "properties": { "id": "Buederich_station", "num_hh": "8", "num_cars": 1, "ARS": "051620022022", "AGS": "05162022", "ARS_0": "051620022022", "AGS_0": "05162022", "SDV_ARS": "051620022022", "GEN": "Meerbusch", "BEZ": "Stadt", "NUTS": "DEA1D", "RegioStaR7": "73", "scenario": 50, "year": 2038 }, "geometry": { "type": "Point", "coordinates": [ 6.695935689660667, 51.25647142501262 ] } },
{ "type": "Feature", "properties": { "id": "Buederich_station", "num_hh": "8", "num_cars": 1, "ARS": "051620022022", "AGS": "05162022", "ARS_0": "051620022022", "AGS_0": "05162022", "SDV_ARS": "051620022022", "GEN": "Meerbusch", "BEZ": "Stadt", "NUTS": "DEA1D", "RegioStaR7": "73", "scenario": 50, "year": 2038 }, "geometry": { "type": "Point", "coordinates": [ 6.69637003981853, 51.256613815830676 ] } },
{ "type": "Feature", "properties": { "id": "Buederich_station", "num_hh": "8", "num_cars": 1, "ARS": "051620022022", "AGS": "05162022", "ARS_0": "051620022022", "AGS_0": "05162022", "SDV_ARS": "051620022022", "GEN": "Meerbusch", "BEZ": "Stadt", "NUTS": "DEA1D", "RegioStaR7": "73", "scenario": 50, "year": 2038 }, "geometry": { "type": "Point", "coordinates": [ 6.696783706635543, 51.256769150765585 ] } },
{ "type": "Feature", "properties": { "id": "Buederich_station", "num_hh": "8", "num_cars": 1, "ARS": "051620022022", "AGS": "05162022", "ARS_0": "051620022022", "AGS_0": "05162022", "SDV_ARS": "051620022022", "GEN": "Meerbusch", "BEZ": "Stadt", "NUTS": "DEA1D", "RegioStaR7": "73", "scenario": 50, "year": 2038 }, "geometry": { "type": "Point", "coordinates": [ 6.697238740134257, 51.256898596143785 ] } },
{ "type": "Feature", "properties": { "id": "Buederich_station", "num_hh": "8", "num_cars": 1, "ARS": "051620022022", "AGS": "05162022", "ARS_0": "051620022022", "AGS_0": "05162022", "SDV_ARS": "051620022022", "GEN": "Meerbusch", "BEZ": "Stadt", "NUTS": "DEA1D", "RegioStaR7": "73", "scenario": 50, "year": 2038 }, "geometry": { "type": "Point", "coordinates": [ 6.69767309029212, 51.257079819060962 ] } },
{ "type": "Feature", "properties": { "id": "Buederich_station", "num_hh": "8", "num_cars": 1, "ARS": "051620022022", "AGS": "05162022", "ARS_0": "051620022022", "AGS_0": "05162022", "SDV_ARS": "051620022022", "GEN": "Meerbusch", "BEZ": "Stadt", "NUTS": "DEA1D", "RegioStaR7": "73", "scenario": 50, "year": 2038 }, "geometry": { "type": "Point", "coordinates": [ 6.698148807131684, 51.257248096844442 ] } },
{ "type": "Feature", "properties": { "id": "Buederich_station", "num_hh": "8", "num_cars": 1, "ARS": "051620022022", "AGS": "05162022", "ARS_0": "051620022022", "AGS_0": "05162022", "SDV_ARS": "051620022022", "GEN": "Meerbusch", "BEZ": "Stadt", "NUTS": "DEA1D", "RegioStaR7": "73", "scenario": 50, "year": 2038 }, "geometry": { "type": "Point", "coordinates": [ 6.698541790607845, 51.257416374011967 ] } },
{ "type": "Feature", "properties": { "id": "Buederich_station", "num_hh": "8", "num_cars": 1, "ARS": "051620022022", "AGS": "05162022", "ARS_0": "051620022022", "AGS_0": "05162022", "SDV_ARS": "051620022022", "GEN": "Meerbusch", "BEZ": "Stadt", "NUTS": "DEA1D", "RegioStaR7": "73", "scenario": 50, "year": 2038 }, "geometry": { "type": "Point", "coordinates": [ 6.698934774084007, 51.257597594888182 ] } },
{ "type": "Feature", "properties": { "id": "Buederich_station", "num_hh": "8", "num_cars": 1, "ARS": "051620022022", "AGS": "05162022", "ARS_0": "051620022022", "AGS_0": "05162022", "SDV_ARS": "051620022022", "GEN": "Meerbusch", "BEZ": "Stadt", "NUTS": "DEA1D", "RegioStaR7": "73", "scenario": 50, "year": 2038 }, "geometry": { "type": "Point", "coordinates": [ 6.694942889299837, 51.256756200194147 ] } },
{ "type": "Feature", "properties": { "id": "Buederich_station", "num_hh": "8", "num_cars": 1, "ARS": "051620022022", "AGS": "05162022", "ARS_0": "051620022022", "AGS_0": "05162022", "SDV_ARS": "051620022022", "GEN": "Meerbusch", "BEZ": "Stadt", "NUTS": "DEA1D", "RegioStaR7": "73", "scenario": 50, "year": 2038 }, "geometry": { "type": "Point", "coordinates": [ 6.6953772394577, 51.256898591012202 ] } },
{ "type": "Feature", "properties": { "id": "Buederich_station", "num_hh": "8", "num_cars": 1, "ARS": "051620022022", "AGS": "05162022", "ARS_0": "051620022022", "AGS_0": "05162022", "SDV_ARS": "051620022022", "GEN": "Meerbusch", "BEZ": "Stadt", "NUTS": "DEA1D", "RegioStaR7": "73", "scenario": 50, "year": 2038 }, "geometry": { "type": "Point", "coordinates": [ 6.695790906274714, 51.257053925947112 ] } },
{ "type": "Feature", "properties": { "id": "Buederich_station", "num_hh": "8", "num_cars": 1, "ARS": "051620022022", "AGS": "05162022", "ARS_0": "051620022022", "AGS_0": "05162022", "SDV_ARS": "051620022022", "GEN": "Meerbusch", "BEZ": "Stadt", "NUTS": "DEA1D", "RegioStaR7": "73", "scenario": 50, "year": 2038 }, "geometry": { "type": "Point", "coordinates": [ 6.696245939773427, 51.257183371325311 ] } },
{ "type": "Feature", "properties": { "id": "Buederich_station", "num_hh": "8", "num_cars": 1, "ARS": "051620022022", "AGS": "05162022", "ARS_0": "051620022022", "AGS_0": "05162022", "SDV_ARS": "051620022022", "GEN": "Meerbusch", "BEZ": "Stadt", "NUTS": "DEA1D", "RegioStaR7": "73", "scenario": 50, "year": 2038 }, "geometry": { "type": "Point", "coordinates": [ 6.69668028993129, 51.257364594242489 ] } },
{ "type": "Feature", "properties": { "id": "Buederich_station", "num_hh": "8", "num_cars": 1, "ARS": "051620022022", "AGS": "05162022", "ARS_0": "051620022022", "AGS_0": "05162022", "SDV_ARS": "051620022022", "GEN": "Meerbusch", "BEZ": "Stadt", "NUTS": "DEA1D", "RegioStaR7": "73", "scenario": 50, "year": 2038 }, "geometry": { "type": "Point", "coordinates": [ 6.697156006770855, 51.257532872025969 ] } },
{ "type": "Feature", "properties": { "id": "Buederich_station", "num_hh": "8", "num_cars": 1, "ARS": "051620022022", "AGS": "05162022", "ARS_0": "051620022022", "AGS_0": "05162022", "SDV_ARS": "051620022022", "GEN": "Meerbusch", "BEZ": "Stadt", "NUTS": "DEA1D", "RegioStaR7": "73", "scenario": 50, "year": 2038 }, "geometry": { "type": "Point", "coordinates": [ 6.697548990247015, 51.257701149193494 ] } },
{ "type": "Feature", "properties": { "id": "Buederich_station", "num_hh": "8", "num_cars": 1, "ARS": "051620022022", "AGS": "05162022", "ARS_0": "051620022022", "AGS_0": "05162022", "SDV_ARS": "051620022022", "GEN": "Meerbusch", "BEZ": "Stadt", "NUTS": "DEA1D", "RegioStaR7": "73", "scenario": 50, "year": 2038 }, "geometry": { "type": "Point", "coordinates": [ 6.697941973723178, 51.257882370069709 ] } },
{ "type": "Feature", "properties": { "id": "Buederich_station", "num_hh": "8", "num_cars": 1, "ARS": "051620022022", "AGS": "05162022", "ARS_0": "051620022022", "AGS_0": "05162022", "SDV_ARS": "051620022022", "GEN": "Meerbusch", "BEZ": "Stadt", "NUTS": "DEA1D", "RegioStaR7": "73", "scenario": 50, "year": 2038 }, "geometry": { "type": "Point", "coordinates": [ 6.694074188984111, 51.256976252535324 ] } },
{ "type": "Feature", "properties": { "id": "Buederich_station", "num_hh": "8", "num_cars": 1, "ARS": "051620022022", "AGS": "05162022", "ARS_0": "051620022022", "AGS_0": "05162022", "SDV_ARS": "051620022022", "GEN": "Meerbusch", "BEZ": "Stadt", "NUTS": "DEA1D", "RegioStaR7": "73", "scenario": 50, "year": 2038 }, "geometry": { "type": "Point", "coordinates": [ 6.694508539141974, 51.25711864335338 ] } },
{ "type": "Feature", "properties": { "id": "Buederich_station", "num_hh": "8", "num_cars": 1, "ARS": "051620022022", "AGS": "05162022", "ARS_0": "051620022022", "AGS_0": "05162022", "SDV_ARS": "051620022022", "GEN": "Meerbusch", "BEZ": "Stadt", "NUTS": "DEA1D", "RegioStaR7": "73", "scenario": 50, "year": 2038 }, "geometry": { "type": "Point", "coordinates": [ 6.694922205958987, 51.257273978288289 ] } },
{ "type": "Feature", "properties": { "id": "Buederich_station", "num_hh": "8", "num_cars": 1, "ARS": "051620022022", "AGS": "05162022", "ARS_0": "051620022022", "AGS_0": "05162022", "SDV_ARS": "051620022022", "GEN": "Meerbusch", "BEZ": "Stadt", "NUTS": "DEA1D", "RegioStaR7": "73", "scenario": 50, "year": 2038 }, "geometry": { "type": "Point", "coordinates": [ 6.6953772394577, 51.257403423666489 ] } },
{ "type": "Feature", "properties": { "id": "Buederich_station", "num_hh": "8", "num_cars": 1, "ARS": "051620022022", "AGS": "05162022", "ARS_0": "051620022022", "AGS_0": "05162022", "SDV_ARS": "051620022022", "GEN": "Meerbusch", "BEZ": "Stadt", "NUTS": "DEA1D", "RegioStaR7": "73", "scenario": 50, "year": 2038 }, "geometry": { "type": "Point", "coordinates": [ 6.695811589615563, 51.257584646583666 ] } },
{ "type": "Feature", "properties": { "id": "Buederich_station", "num_hh": "8", "num_cars": 1, "ARS": "051620022022", "AGS": "05162022", "ARS_0": "051620022022", "AGS_0": "05162022", "SDV_ARS": "051620022022", "GEN": "Meerbusch", "BEZ": "Stadt", "NUTS": "DEA1D", "RegioStaR7": "73", "scenario": 50, "year": 2038 }, "geometry": { "type": "Point", "coordinates": [ 6.696287306455128, 51.257752924367146 ] } },
{ "type": "Feature", "properties": { "id": "Buederich_station", "num_hh": "8", "num_cars": 1, "ARS": "051620022022", "AGS": "05162022", "ARS_0": "051620022022", "AGS_0": "05162022", "SDV_ARS": "051620022022", "GEN": "Meerbusch", "BEZ": "Stadt", "NUTS": "DEA1D", "RegioStaR7": "73", "scenario": 50, "year": 2038 }, "geometry": { "type": "Point", "coordinates": [ 6.696680289931288, 51.257921201534671 ] } },
{ "type": "Feature", "properties": { "id": "Buederich_station", "num_hh": "8", "num_cars": 1, "ARS": "051620022022", "AGS": "05162022", "ARS_0": "051620022022", "AGS_0": "05162022", "SDV_ARS": "051620022022", "GEN": "Meerbusch", "BEZ": "Stadt", "NUTS": "DEA1D", "RegioStaR7": "73", "scenario": 50, "year": 2038 }, "geometry": { "type": "Point", "coordinates": [ 6.697073273407451, 51.258102422410886 ] } },
{ "type": "Feature", "properties": { "id": "Buederich_station", "num_hh": "8", "num_cars": 1, "ARS": "051620022022", "AGS": "05162022", "ARS_0": "051620022022", "AGS_0": "05162022", "SDV_ARS": "051620022022", "GEN": "Meerbusch", "BEZ": "Stadt", "NUTS": "DEA1D", "RegioStaR7": "73", "scenario": 50, "year": 2038 }, "geometry": { "type": "Point", "coordinates": [ 6.693350272054341, 51.257273968732179 ] } },
{ "type": "Feature", "properties": { "id": "Buederich_station", "num_hh": "8", "num_cars": 1, "ARS": "051620022022", "AGS": "05162022", "ARS_0": "051620022022", "AGS_0": "05162022", "SDV_ARS": "051620022022", "GEN": "Meerbusch", "BEZ": "Stadt", "NUTS": "DEA1D", "RegioStaR7": "73", "scenario": 50, "year": 2038 }, "geometry": { "type": "Point", "coordinates": [ 6.693784622212203, 51.257416359550234 ] } },
{ "type": "Feature", "properties": { "id": "Buederich_station", "num_hh": "8", "num_cars": 1, "ARS": "051620022022", "AGS": "05162022", "ARS_0": "051620022022", "AGS_0": "05162022", "SDV_ARS": "051620022022", "GEN": "Meerbusch", "BEZ": "Stadt", "NUTS": "DEA1D", "RegioStaR7": "73", "scenario": 50, "year": 2038 }, "geometry": { "type": "Point", "coordinates": [ 6.694198289029217, 51.257571694485144 ] } },
{ "type": "Feature", "properties": { "id": "Buederich_station", "num_hh": "8", "num_cars": 1, "ARS": "051620022022", "AGS": "05162022", "ARS_0": "051620022022", "AGS_0": "05162022", "SDV_ARS": "051620022022", "GEN": "Meerbusch", "BEZ": "Stadt", "NUTS": "DEA1D", "RegioStaR7": "73", "scenario": 50, "year": 2038 }, "geometry": { "type": "Point", "coordinates": [ 6.69465332252793, 51.257701139863343 ] } },
{ "type": "Feature", "properties": { "id": "Buederich_station", "num_hh": "8", "num_cars": 1, "ARS": "051620022022", "AGS": "05162022", "ARS_0": "051620022022", "AGS_0": "05162022", "SDV_ARS": "051620022022", "GEN": "Meerbusch", "BEZ": "Stadt", "NUTS": "DEA1D", "RegioStaR7": "73", "scenario": 50, "year": 2038 }, "geometry": { "type": "Point", "coordinates": [ 6.695087672685793, 51.257882362780521 ] } },
{ "type": "Feature", "properties": { "id": "Buederich_station", "num_hh": "8", "num_cars": 1, "ARS": "051620022022", "AGS": "05162022", "ARS_0": "051620022022", "AGS_0": "05162022", "SDV_ARS": "051620022022", "GEN": "Meerbusch", "BEZ": "Stadt", "NUTS": "DEA1D", "RegioStaR7": "73", "scenario": 50, "year": 2038 }, "geometry": { "type": "Point", "coordinates": [ 6.695563389525358, 51.258050640564001 ] } },
{ "type": "Feature", "properties": { "id": "Buederich_station", "num_hh": "8", "num_cars": 1, "ARS": "051620022022", "AGS": "05162022", "ARS_0": "051620022022", "AGS_0": "05162022", "SDV_ARS": "051620022022", "GEN": "Meerbusch", "BEZ": "Stadt", "NUTS": "DEA1D", "RegioStaR7": "73", "scenario": 50, "year": 2038 }, "geometry": { "type": "Point", "coordinates": [ 6.695956373001518, 51.258218917731526 ] } },
{ "type": "Feature", "properties": { "id": "Buederich_station", "num_hh": "8", "num_cars": 1, "ARS": "051620022022", "AGS": "05162022", "ARS_0": "051620022022", "AGS_0": "05162022", "SDV_ARS": "051620022022", "GEN": "Meerbusch", "BEZ": "Stadt", "NUTS": "DEA1D", "RegioStaR7": "73", "scenario": 50, "year": 2038 }, "geometry": { "type": "Point", "coordinates": [ 6.696349356477681, 51.25840013860774 ] } },
{ "type": "Feature", "properties": { "id": "Arsbeck_station", "num_hh": "8", "num_cars": 1, "ARS": "053700040040", "AGS": "05370040", "ARS_0": "053700040040", "AGS_0": "05370040", "SDV_ARS": "053700040040", "GEN": "Wegberg", "BEZ": "Stadt", "NUTS": "DEA29", "RegioStaR7": "73", "scenario": 50, "year": 2038 }, "geometry": { "type": "Point", "coordinates": [ 6.205133337443308, 51.150491453200161 ] } },
{ "type": "Feature", "properties": { "id": "Arsbeck_station", "num_hh": "8", "num_cars": 1, "ARS": "053700040040", "AGS": "05370040", "ARS_0": "053700040040", "AGS_0": "05370040", "SDV_ARS": "053700040040", "GEN": "Wegberg", "BEZ": "Stadt", "NUTS": "DEA29", "RegioStaR7": "73", "scenario": 50, "year": 2038 }, "geometry": { "type": "Point", "coordinates": [ 6.205486090215234, 51.150454574250475 ] } },
{ "type": "Feature", "properties": { "id": "Arsbeck_station", "num_hh": "8", "num_cars": 1, "ARS": "053700040040", "AGS": "05370040", "ARS_0": "053700040040", "AGS_0": "05370040", "SDV_ARS": "053700040040", "GEN": "Wegberg", "BEZ": "Stadt", "NUTS": "DEA29", "RegioStaR7": "73", "scenario": 50, "year": 2038 }, "geometry": { "type": "Point", "coordinates": [ 6.205868239051488, 51.150417695271308 ] } },
{ "type": "Feature", "properties": { "id": "Arsbeck_station", "num_hh": "8", "num_cars": 1, "ARS": "053700040040", "AGS": "05370040", "ARS_0": "053700040040", "AGS_0": "05370040", "SDV_ARS": "053700040040", "GEN": "Wegberg", "BEZ": "Stadt", "NUTS": "DEA29", "RegioStaR7": "73", "scenario": 50, "year": 2038 }, "geometry": { "type": "Point", "coordinates": [ 6.206250387887741, 51.150362376747317 ] } },
{ "type": "Feature", "properties": { "id": "Arsbeck_station", "num_hh": "8", "num_cars": 1, "ARS": "053700040040", "AGS": "05370040", "ARS_0": "053700040040", "AGS_0": "05370040", "SDV_ARS": "053700040040", "GEN": "Wegberg", "BEZ": "Stadt", "NUTS": "DEA29", "RegioStaR7": "73", "scenario": 50, "year": 2038 }, "geometry": { "type": "Point", "coordinates": [ 6.206706026884812, 51.150288618612166 ] } },
{ "type": "Feature", "properties": { "id": "Arsbeck_station", "num_hh": "8", "num_cars": 1, "ARS": "053700040040", "AGS": "05370040", "ARS_0": "053700040040", "AGS_0": "05370040", "SDV_ARS": "053700040040", "GEN": "Wegberg", "BEZ": "Stadt", "NUTS": "DEA29", "RegioStaR7": "73", "scenario": 50, "year": 2038 }, "geometry": { "type": "Point", "coordinates": [ 6.207088175721065, 51.150214860359128 ] } },
{ "type": "Feature", "properties": { "id": "Arsbeck_station", "num_hh": "8", "num_cars": 1, "ARS": "053700040040", "AGS": "05370040", "ARS_0": "053700040040", "AGS_0": "05370040", "SDV_ARS": "053700040040", "GEN": "Wegberg", "BEZ": "Stadt", "NUTS": "DEA29", "RegioStaR7": "73", "scenario": 50, "year": 2038 }, "geometry": { "type": "Point", "coordinates": [ 6.20751441865381, 51.150141101988204 ] } },
{ "type": "Feature", "properties": { "id": "Arsbeck_station", "num_hh": "8", "num_cars": 1, "ARS": "053700040040", "AGS": "05370040", "ARS_0": "053700040040", "AGS_0": "05370040", "SDV_ARS": "053700040040", "GEN": "Wegberg", "BEZ": "Stadt", "NUTS": "DEA29", "RegioStaR7": "73", "scenario": 50, "year": 2038 }, "geometry": { "type": "Point", "coordinates": [ 6.205089243346817, 51.150113442493186 ] } },
{ "type": "Feature", "properties": { "id": "Arsbeck_station", "num_hh": "8", "num_cars": 1, "ARS": "053700040040", "AGS": "05370040", "ARS_0": "053700040040", "AGS_0": "05370040", "SDV_ARS": "053700040040", "GEN": "Wegberg", "BEZ": "Stadt", "NUTS": "DEA29", "RegioStaR7": "73", "scenario": 50, "year": 2038 }, "geometry": { "type": "Point", "coordinates": [ 6.205441996118743, 51.1500765635435 ] } },
{ "type": "Feature", "properties": { "id": "Arsbeck_station", "num_hh": "8", "num_cars": 1, "ARS": "053700040040", "AGS": "05370040", "ARS_0": "053700040040", "AGS_0": "05370040", "SDV_ARS": "053700040040", "GEN": "Wegberg", "BEZ": "Stadt", "NUTS": "DEA29", "RegioStaR7": "73", "scenario": 50, "year": 2038 }, "geometry": { "type": "Point", "coordinates": [ 6.205824144954997, 51.150039684564334 ] } },
{ "type": "Feature", "properties": { "id": "Arsbeck_station", "num_hh": "8", "num_cars": 1, "ARS": "053700040040", "AGS": "05370040", "ARS_0": "053700040040", "AGS_0": "05370040", "SDV_ARS": "053700040040", "GEN": "Wegberg", "BEZ": "Stadt", "NUTS": "DEA29", "RegioStaR7": "73", "scenario": 50, "year": 2038 }, "geometry": { "type": "Point", "coordinates": [ 6.206206293791251, 51.149984366040343 ] } },
{ "type": "Feature", "properties": { "id": "Arsbeck_station", "num_hh": "8", "num_cars": 1, "ARS": "053700040040", "AGS": "05370040", "ARS_0": "053700040040", "AGS_0": "05370040", "SDV_ARS": "053700040040", "GEN": "Wegberg", "BEZ": "Stadt", "NUTS": "DEA29", "RegioStaR7": "73", "scenario": 50, "year": 2038 }, "geometry": { "type": "Point", "coordinates": [ 6.206661932788322, 51.149910607905191 ] } },
{ "type": "Feature", "properties": { "id": "Arsbeck_station", "num_hh": "8", "num_cars": 1, "ARS": "053700040040", "AGS": "05370040", "ARS_0": "053700040040", "AGS_0": "05370040", "SDV_ARS": "053700040040", "GEN": "Wegberg", "BEZ": "Stadt", "NUTS": "DEA29", "RegioStaR7": "73", "scenario": 50, "year": 2038 }, "geometry": { "type": "Point", "coordinates": [ 6.207044081624574, 51.149836849652154 ] } },
{ "type": "Feature", "properties": { "id": "Arsbeck_station", "num_hh": "8", "num_cars": 1, "ARS": "053700040040", "AGS": "05370040", "ARS_0": "053700040040", "AGS_0": "05370040", "SDV_ARS": "053700040040", "GEN": "Wegberg", "BEZ": "Stadt", "NUTS": "DEA29", "RegioStaR7": "73", "scenario": 50, "year": 2038 }, "geometry": { "type": "Point", "coordinates": [ 6.20747032455732, 51.14976309128123 ] } },
{ "type": "Feature", "properties": { "id": "Arsbeck_station", "num_hh": "8", "num_cars": 1, "ARS": "053700040040", "AGS": "05370040", "ARS_0": "053700040040", "AGS_0": "05370040", "SDV_ARS": "053700040040", "GEN": "Wegberg", "BEZ": "Stadt", "NUTS": "DEA29", "RegioStaR7": "73", "scenario": 50, "year": 2038 }, "geometry": { "type": "Point", "coordinates": [ 6.20505984728249, 51.149726208802335 ] } },
{ "type": "Feature", "properties": { "id": "Arsbeck_station", "num_hh": "8", "num_cars": 1, "ARS": "053700040040", "AGS": "05370040", "ARS_0": "053700040040", "AGS_0": "05370040", "SDV_ARS": "053700040040", "GEN": "Wegberg", "BEZ": "Stadt", "NUTS": "DEA29", "RegioStaR7": "73", "scenario": 50, "year": 2038 }, "geometry": { "type": "Point", "coordinates": [ 6.205412600054416, 51.149689329852649 ] } },
{ "type": "Feature", "properties": { "id": "Arsbeck_station", "num_hh": "8", "num_cars": 1, "ARS": "053700040040", "AGS": "05370040", "ARS_0": "053700040040", "AGS_0": "05370040", "SDV_ARS": "053700040040", "GEN": "Wegberg", "BEZ": "Stadt", "NUTS": "DEA29", "RegioStaR7": "73", "scenario": 50, "year": 2038 }, "geometry": { "type": "Point", "coordinates": [ 6.20579474889067, 51.149652450873482 ] } },
{ "type": "Feature", "properties": { "id": "Arsbeck_station", "num_hh": "8", "num_cars": 1, "ARS": "053700040040", "AGS": "05370040", "ARS_0": "053700040040", "AGS_0": "05370040", "SDV_ARS": "053700040040", "GEN": "Wegberg", "BEZ": "Stadt", "NUTS": "DEA29", "RegioStaR7": "73", "scenario": 50, "year": 2038 }, "geometry": { "type": "Point", "coordinates": [ 6.206176897726923, 51.149597132349491 ] } },
{ "type": "Feature", "properties": { "id": "Arsbeck_station", "num_hh": "8", "num_cars": 1, "ARS": "053700040040", "AGS": "05370040", "ARS_0": "053700040040", "AGS_0": "05370040", "SDV_ARS": "053700040040", "GEN": "Wegberg", "BEZ": "Stadt", "NUTS": "DEA29", "RegioStaR7": "73", "scenario": 50, "year": 2038 }, "geometry": { "type": "Point", "coordinates": [ 6.206632536723994, 51.14952337421434 ] } },
{ "type": "Feature", "properties": { "id": "Arsbeck_station", "num_hh": "8", "num_cars": 1, "ARS": "053700040040", "AGS": "05370040", "ARS_0": "053700040040", "AGS_0": "05370040", "SDV_ARS": "053700040040", "GEN": "Wegberg", "BEZ": "Stadt", "NUTS": "DEA29", "RegioStaR7": "73", "scenario": 50, "year": 2038 }, "geometry": { "type": "Point", "coordinates": [ 6.207014685560247, 51.149449615961302 ] } },
{ "type": "Feature", "properties": { "id": "Arsbeck_station", "num_hh": "8", "num_cars": 1, "ARS": "053700040040", "AGS": "05370040", "ARS_0": "053700040040", "AGS_0": "05370040", "SDV_ARS": "053700040040", "GEN": "Wegberg", "BEZ": "Stadt", "NUTS": "DEA29", "RegioStaR7": "73", "scenario": 50, "year": 2038 }, "geometry": { "type": "Point", "coordinates": [ 6.207440928492992, 51.149375857590378 ] } },
{ "type": "Feature", "properties": { "id": "Arsbeck_station", "num_hh": "8", "num_cars": 1, "ARS": "053700040040", "AGS": "05370040", "ARS_0": "053700040040", "AGS_0": "05370040", "SDV_ARS": "053700040040", "GEN": "Wegberg", "BEZ": "Stadt", "NUTS": "DEA29", "RegioStaR7": "73", "scenario": 50, "year": 2038 }, "geometry": { "type": "Point", "coordinates": [ 6.205089243346817, 51.149320531926932 ] } },
{ "type": "Feature", "properties": { "id": "Arsbeck_station", "num_hh": "8", "num_cars": 1, "ARS": "053700040040", "AGS": "05370040", "ARS_0": "053700040040", "AGS_0": "05370040", "SDV_ARS": "053700040040", "GEN": "Wegberg", "BEZ": "Stadt", "NUTS": "DEA29", "RegioStaR7": "73", "scenario": 50, "year": 2038 }, "geometry": { "type": "Point", "coordinates": [ 6.205441996118743, 51.149283652977246 ] } },
{ "type": "Feature", "properties": { "id": "Arsbeck_station", "num_hh": "8", "num_cars": 1, "ARS": "053700040040", "AGS": "05370040", "ARS_0": "053700040040", "AGS_0": "05370040", "SDV_ARS": "053700040040", "GEN": "Wegberg", "BEZ": "Stadt", "NUTS": "DEA29", "RegioStaR7": "73", "scenario": 50, "year": 2038 }, "geometry": { "type": "Point", "coordinates": [ 6.205824144954997, 51.14924677399808 ] } },
{ "type": "Feature", "properties": { "id": "Arsbeck_station", "num_hh": "8", "num_cars": 1, "ARS": "053700040040", "AGS": "05370040", "ARS_0": "053700040040", "AGS_0": "05370040", "SDV_ARS": "053700040040", "GEN": "Wegberg", "BEZ": "Stadt", "NUTS": "DEA29", "RegioStaR7": "73", "scenario": 50, "year": 2038 }, "geometry": { "type": "Point", "coordinates": [ 6.206206293791251, 51.149191455474089 ] } },
{ "type": "Feature", "properties": { "id": "Arsbeck_station", "num_hh": "8", "num_cars": 1, "ARS": "053700040040", "AGS": "05370040", "ARS_0": "053700040040", "AGS_0": "05370040", "SDV_ARS": "053700040040", "GEN": "Wegberg", "BEZ": "Stadt", "NUTS": "DEA29", "RegioStaR7": "73", "scenario": 50, "year": 2038 }, "geometry": { "type": "Point", "coordinates": [ 6.206661932788322, 51.149117697338937 ] } },
{ "type": "Feature", "properties": { "id": "Arsbeck_station", "num_hh": "8", "num_cars": 1, "ARS": "053700040040", "AGS": "05370040", "ARS_0": "053700040040", "AGS_0": "05370040", "SDV_ARS": "053700040040", "GEN": "Wegberg", "BEZ": "Stadt", "NUTS": "DEA29", "RegioStaR7": "73", "scenario": 50, "year": 2038 }, "geometry": { "type": "Point", "coordinates": [ 6.207044081624574, 51.1490439390859 ] } },
{ "type": "Feature", "properties": { "id": "Arsbeck_station", "num_hh": "8", "num_cars": 1, "ARS": "053700040040", "AGS": "05370040", "ARS_0": "053700040040", "AGS_0": "05370040", "SDV_ARS": "053700040040", "GEN": "Wegberg", "BEZ": "Stadt", "NUTS": "DEA29", "RegioStaR7": "73", "scenario": 50, "year": 2038 }, "geometry": { "type": "Point", "coordinates": [ 6.20747032455732, 51.148970180714976 ] } },
{ "type": "Feature", "properties": { "id": "Arsbeck_station", "num_hh": "8", "num_cars": 1, "ARS": "053700040040", "AGS": "05370040", "ARS_0": "053700040040", "AGS_0": "05370040", "SDV_ARS": "053700040040", "GEN": "Wegberg", "BEZ": "Stadt", "NUTS": "DEA29", "RegioStaR7": "73", "scenario": 50, "year": 2038 }, "geometry": { "type": "Point", "coordinates": [ 6.205324411861434, 51.148896411380662 ] } },
{ "type": "Feature", "properties": { "id": "Arsbeck_station", "num_hh": "8", "num_cars": 1, "ARS": "053700040040", "AGS": "05370040", "ARS_0": "053700040040", "AGS_0": "05370040", "SDV_ARS": "053700040040", "GEN": "Wegberg", "BEZ": "Stadt", "NUTS": "DEA29", "RegioStaR7": "73", "scenario": 50, "year": 2038 }, "geometry": { "type": "Point", "coordinates": [ 6.20567716463336, 51.148859532430976 ] } },
{ "type": "Feature", "properties": { "id": "Arsbeck_station", "num_hh": "8", "num_cars": 1, "ARS": "053700040040", "AGS": "05370040", "ARS_0": "053700040040", "AGS_0": "05370040", "SDV_ARS": "053700040040", "GEN": "Wegberg", "BEZ": "Stadt", "NUTS": "DEA29", "RegioStaR7": "73", "scenario": 50, "year": 2038 }, "geometry": { "type": "Point", "coordinates": [ 6.206059313469614, 51.148822653451809 ] } },
{ "type": "Feature", "properties": { "id": "Arsbeck_station", "num_hh": "8", "num_cars": 1, "ARS": "053700040040", "AGS": "05370040", "ARS_0": "053700040040", "AGS_0": "05370040", "SDV_ARS": "053700040040", "GEN": "Wegberg", "BEZ": "Stadt", "NUTS": "DEA29", "RegioStaR7": "73", "scenario": 50, "year": 2038 }, "geometry": { "type": "Point", "coordinates": [ 6.206441462305867, 51.148767334927818 ] } },
{ "type": "Feature", "properties": { "id": "Arsbeck_station", "num_hh": "8", "num_cars": 1, "ARS": "053700040040", "AGS": "05370040", "ARS_0": "053700040040", "AGS_0": "05370040", "SDV_ARS": "053700040040", "GEN": "Wegberg", "BEZ": "Stadt", "NUTS": "DEA29", "RegioStaR7": "73", "scenario": 50, "year": 2038 }, "geometry": { "type": "Point", "coordinates": [ 6.206897101302938, 51.148693576792667 ] } },
{ "type": "Feature", "properties": { "id": "Arsbeck_station", "num_hh": "8", "num_cars": 1, "ARS": "053700040040", "AGS": "05370040", "ARS_0": "053700040040", "AGS_0": "05370040", "SDV_ARS": "053700040040", "GEN": "Wegberg", "BEZ": "Stadt", "NUTS": "DEA29", "RegioStaR7": "73", "scenario": 50, "year": 2038 }, "geometry": { "type": "Point", "coordinates": [ 6.207279250139191, 51.148619818539629 ] } },
{ "type": "Feature", "properties": { "id": "Arsbeck_station", "num_hh": "8", "num_cars": 1, "ARS": "053700040040", "AGS": "05370040", "ARS_0": "053700040040", "AGS_0": "05370040", "SDV_ARS": "053700040040", "GEN": "Wegberg", "BEZ": "Stadt", "NUTS": "DEA29", "RegioStaR7": "73", "scenario": 50, "year": 2038 }, "geometry": { "type": "Point", "coordinates": [ 6.207705493071936, 51.148546060168705 ] } },
{ "type": "Feature", "properties": { "id": "Arsbeck_station", "num_hh": "8", "num_cars": 1, "ARS": "053700040040", "AGS": "05370040", "ARS_0": "053700040040", "AGS_0": "05370040", "SDV_ARS": "053700040040", "GEN": "Wegberg", "BEZ": "Stadt", "NUTS": "DEA29", "RegioStaR7": "73", "scenario": 50, "year": 2038 }, "geometry": { "type": "Point", "coordinates": [ 6.205383203990089, 51.148481507074827 ] } },
{ "type": "Feature", "properties": { "id": "Arsbeck_station", "num_hh": "8", "num_cars": 1, "ARS": "053700040040", "AGS": "05370040", "ARS_0": "053700040040", "AGS_0": "05370040", "SDV_ARS": "053700040040", "GEN": "Wegberg", "BEZ": "Stadt", "NUTS": "DEA29", "RegioStaR7": "73", "scenario": 50, "year": 2038 }, "geometry": { "type": "Point", "coordinates": [ 6.205735956762015, 51.148444628125141 ] } },
{ "type": "Feature", "properties": { "id": "Arsbeck_station", "num_hh": "8", "num_cars": 1, "ARS": "053700040040", "AGS": "05370040", "ARS_0": "053700040040", "AGS_0": "05370040", "SDV_ARS": "053700040040", "GEN": "Wegberg", "BEZ": "Stadt", "NUTS": "DEA29", "RegioStaR7": "73", "scenario": 50, "year": 2038 }, "geometry": { "type": "Point", "coordinates": [ 6.206118105598269, 51.148407749145974 ] } },
{ "type": "Feature", "properties": { "id": "Arsbeck_station", "num_hh": "8", "num_cars": 1, "ARS": "053700040040", "AGS": "05370040", "ARS_0": "053700040040", "AGS_0": "05370040", "SDV_ARS": "053700040040", "GEN": "Wegberg", "BEZ": "Stadt", "NUTS": "DEA29", "RegioStaR7": "73", "scenario": 50, "year": 2038 }, "geometry": { "type": "Point", "coordinates": [ 6.206500254434522, 51.148352430621983 ] } },
{ "type": "Feature", "properties": { "id": "Arsbeck_station", "num_hh": "8", "num_cars": 1, "ARS": "053700040040", "AGS": "05370040", "ARS_0": "053700040040", "AGS_0": "05370040", "SDV_ARS": "053700040040", "GEN": "Wegberg", "BEZ": "Stadt", "NUTS": "DEA29", "RegioStaR7": "73", "scenario": 50, "year": 2038 }, "geometry": { "type": "Point", "coordinates": [ 6.206955893431593, 51.148278672486832 ] } },
{ "type": "Feature", "properties": { "id": "Arsbeck_station", "num_hh": "8", "num_cars": 1, "ARS": "053700040040", "AGS": "05370040", "ARS_0": "053700040040", "AGS_0": "05370040", "SDV_ARS": "053700040040", "GEN": "Wegberg", "BEZ": "Stadt", "NUTS": "DEA29", "RegioStaR7": "73", "scenario": 50, "year": 2038 }, "geometry": { "type": "Point", "coordinates": [ 6.207338042267846, 51.148204914233794 ] } },
{ "type": "Feature", "properties": { "id": "Arsbeck_station", "num_hh": "8", "num_cars": 1, "ARS": "053700040040", "AGS": "05370040", "ARS_0": "053700040040", "AGS_0": "05370040", "SDV_ARS": "053700040040", "GEN": "Wegberg", "BEZ": "Stadt", "NUTS": "DEA29", "RegioStaR7": "73", "scenario": 50, "year": 2038 }, "geometry": { "type": "Point", "coordinates": [ 6.207764285200591, 51.14813115586287 ] } },
{ "type": "Feature", "properties": { "id": "Arsbeck_station", "num_hh": "8", "num_cars": 1, "ARS": "053700040040", "AGS": "05370040", "ARS_0": "053700040040", "AGS_0": "05370040", "SDV_ARS": "053700040040", "GEN": "Wegberg", "BEZ": "Stadt", "NUTS": "DEA29", "RegioStaR7": "73", "scenario": 50, "year": 2038 }, "geometry": { "type": "Point", "coordinates": [ 6.205486090215234, 51.148094259690744 ] } },
{ "type": "Feature", "properties": { "id": "Arsbeck_station", "num_hh": "8", "num_cars": 1, "ARS": "053700040040", "AGS": "05370040", "ARS_0": "053700040040", "AGS_0": "05370040", "SDV_ARS": "053700040040", "GEN": "Wegberg", "BEZ": "Stadt", "NUTS": "DEA29", "RegioStaR7": "73", "scenario": 50, "year": 2038 }, "geometry": { "type": "Point", "coordinates": [ 6.20583884298716, 51.148057380741058 ] } },
{ "type": "Feature", "properties": { "id": "Arsbeck_station", "num_hh": "8", "num_cars": 1, "ARS": "053700040040", "AGS": "05370040", "ARS_0": "053700040040", "AGS_0": "05370040", "SDV_ARS": "053700040040", "GEN": "Wegberg", "BEZ": "Stadt", "NUTS": "DEA29", "RegioStaR7": "73", "scenario": 50, "year": 2038 }, "geometry": { "type": "Point", "coordinates": [ 6.206220991823414, 51.148020501761891 ] } },
{ "type": "Feature", "properties": { "id": "Arsbeck_station", "num_hh": "8", "num_cars": 1, "ARS": "053700040040", "AGS": "05370040", "ARS_0": "053700040040", "AGS_0": "05370040", "SDV_ARS": "053700040040", "GEN": "Wegberg", "BEZ": "Stadt", "NUTS": "DEA29", "RegioStaR7": "73", "scenario": 50, "year": 2038 }, "geometry": { "type": "Point", "coordinates": [ 6.206603140659667, 51.147965183237901 ] } },
{ "type": "Feature", "properties": { "id": "Arsbeck_station", "num_hh": "8", "num_cars": 1, "ARS": "053700040040", "AGS": "05370040", "ARS_0": "053700040040", "AGS_0": "05370040", "SDV_ARS": "053700040040", "GEN": "Wegberg", "BEZ": "Stadt", "NUTS": "DEA29", "RegioStaR7": "73", "scenario": 50, "year": 2038 }, "geometry": { "type": "Point", "coordinates": [ 6.207058779656738, 51.147891425102749 ] } },
{ "type": "Feature", "properties": { "id": "Arsbeck_station", "num_hh": "8", "num_cars": 1, "ARS": "053700040040", "AGS": "05370040", "ARS_0": "053700040040", "AGS_0": "05370040", "SDV_ARS": "053700040040", "GEN": "Wegberg", "BEZ": "Stadt", "NUTS": "DEA29", "RegioStaR7": "73", "scenario": 50, "year": 2038 }, "geometry": { "type": "Point", "coordinates": [ 6.207440928492991, 51.147817666849711 ] } },
{ "type": "Feature", "properties": { "id": "Arsbeck_station", "num_hh": "8", "num_cars": 1, "ARS": "053700040040", "AGS": "05370040", "ARS_0": "053700040040", "AGS_0": "05370040", "SDV_ARS": "053700040040", "GEN": "Wegberg", "BEZ": "Stadt", "NUTS": "DEA29", "RegioStaR7": "73", "scenario": 50, "year": 2038 }, "geometry": { "type": "Point", "coordinates": [ 6.207867171425736, 51.147743908478787 ] } },
{ "type": "Feature", "properties": { "id": "Arsbeck_station", "num_hh": "8", "num_cars": 1, "ARS": "053700040040", "AGS": "05370040", "ARS_0": "053700040040", "AGS_0": "05370040", "SDV_ARS": "053700040040", "GEN": "Wegberg", "BEZ": "Stadt", "NUTS": "DEA29", "RegioStaR7": "73", "scenario": 50, "year": 2038 }, "geometry": { "type": "Point", "coordinates": [ 6.20526561973278, 51.147762330775372 ] } },
{ "type": "Feature", "properties": { "id": "Arsbeck_station", "num_hh": "8", "num_cars": 1, "ARS": "053700040040", "AGS": "05370040", "ARS_0": "053700040040", "AGS_0": "05370040", "SDV_ARS": "053700040040", "GEN": "Wegberg", "BEZ": "Stadt", "NUTS": "DEA29", "RegioStaR7": "73", "scenario": 50, "year": 2038 }, "geometry": { "type": "Point", "coordinates": [ 6.205618372504706, 51.147725451825686 ] } },
{ "type": "Feature", "properties": { "id": "Arsbeck_station", "num_hh": "8", "num_cars": 1, "ARS": "053700040040", "AGS": "05370040", "ARS_0": "053700040040", "AGS_0": "05370040", "SDV_ARS": "053700040040", "GEN": "Wegberg", "BEZ": "Stadt", "NUTS": "DEA29", "RegioStaR7": "73", "scenario": 50, "year": 2038 }, "geometry": { "type": "Point", "coordinates": [ 6.20600052134096, 51.147688572846519 ] } },
{ "type": "Feature", "properties": { "id": "Arsbeck_station", "num_hh": "8", "num_cars": 1, "ARS": "053700040040", "AGS": "05370040", "ARS_0": "053700040040", "AGS_0": "05370040", "SDV_ARS": "053700040040", "GEN": "Wegberg", "BEZ": "Stadt", "NUTS": "DEA29", "RegioStaR7": "73", "scenario": 50, "year": 2038 }, "geometry": { "type": "Point", "coordinates": [ 6.206382670177214, 51.147633254322528 ] } },
{ "type": "Feature", "properties": { "id": "Arsbeck_station", "num_hh": "8", "num_cars": 1, "ARS": "053700040040", "AGS": "05370040", "ARS_0": "053700040040", "AGS_0": "05370040", "SDV_ARS": "053700040040", "GEN": "Wegberg", "BEZ": "Stadt", "NUTS": "DEA29", "RegioStaR7": "73", "scenario": 50, "year": 2038 }, "geometry": { "type": "Point", "coordinates": [ 6.206838309174285, 51.147559496187377 ] } },
{ "type": "Feature", "properties": { "id": "Arsbeck_station", "num_hh": "8", "num_cars": 1, "ARS": "053700040040", "AGS": "05370040", "ARS_0": "053700040040", "AGS_0": "05370040", "SDV_ARS": "053700040040", "GEN": "Wegberg", "BEZ": "Stadt", "NUTS": "DEA29", "RegioStaR7": "73", "scenario": 50, "year": 2038 }, "geometry": { "type": "Point", "coordinates": [ 6.207220458010537, 51.147485737934339 ] } },
{ "type": "Feature", "properties": { "id": "Arsbeck_station", "num_hh": "8", "num_cars": 1, "ARS": "053700040040", "AGS": "05370040", "ARS_0": "053700040040", "AGS_0": "05370040", "SDV_ARS": "053700040040", "GEN": "Wegberg", "BEZ": "Stadt", "NUTS": "DEA29", "RegioStaR7": "73", "scenario": 50, "year": 2038 }, "geometry": { "type": "Point", "coordinates": [ 6.207646700943283, 51.147411979563415 ] } },
{ "type": "Feature", "properties": { "id": "juelich_an_den_aspen_1", "num_hh": "8", "num_cars": 1, "ARS": "053580024024", "AGS": "05358024", "ARS_0": "053580024024", "AGS_0": "05358024", "SDV_ARS": "053580024024", "GEN": "Jülich", "BEZ": "Stadt", "NUTS": "DEA26", "RegioStaR7": "73", "scenario": 50, "year": 2038 }, "geometry": { "type": "Point", "coordinates": [ 6.350769749655965, 50.934968943551553 ] } },
{ "type": "Feature", "properties": { "id": "juelich_an_den_aspen_1", "num_hh": "8", "num_cars": 1, "ARS": "053580024024", "AGS": "05358024", "ARS_0": "053580024024", "AGS_0": "05358024", "SDV_ARS": "053580024024", "GEN": "Jülich", "BEZ": "Stadt", "NUTS": "DEA26", "RegioStaR7": "73", "scenario": 50, "year": 2038 }, "geometry": { "type": "Point", "coordinates": [ 6.351080446082064, 50.935072509026917 ] } },
{ "type": "Feature", "properties": { "id": "juelich_an_den_aspen_1", "num_hh": "8", "num_cars": 1, "ARS": "053580024024", "AGS": "05358024", "ARS_0": "053580024024", "AGS_0": "05358024", "SDV_ARS": "053580024024", "GEN": "Jülich", "BEZ": "Stadt", "NUTS": "DEA26", "RegioStaR7": "73", "scenario": 50, "year": 2038 }, "geometry": { "type": "Point", "coordinates": [ 6.351362374320562, 50.935164567227247 ] } },
{ "type": "Feature", "properties": { "id": "juelich_an_den_aspen_1", "num_hh": "8", "num_cars": 1, "ARS": "053580024024", "AGS": "05358024", "ARS_0": "053580024024", "AGS_0": "05358024", "SDV_ARS": "053580024024", "GEN": "Jülich", "BEZ": "Stadt", "NUTS": "DEA26", "RegioStaR7": "73", "scenario": 50, "year": 2038 }, "geometry": { "type": "Point", "coordinates": [ 6.351621288008978, 50.93525662542757 ] } },
{ "type": "Feature", "properties": { "id": "juelich_an_den_aspen_1", "num_hh": "8", "num_cars": 1, "ARS": "053580024024", "AGS": "05358024", "ARS_0": "053580024024", "AGS_0": "05358024", "SDV_ARS": "053580024024", "GEN": "Jülich", "BEZ": "Stadt", "NUTS": "DEA26", "RegioStaR7": "73", "scenario": 50, "year": 2038 }, "geometry": { "type": "Point", "coordinates": [ 6.351880201697394, 50.935348683627893 ] } },
{ "type": "Feature", "properties": { "id": "juelich_an_den_aspen_1", "num_hh": "8", "num_cars": 1, "ARS": "053580024024", "AGS": "05358024", "ARS_0": "053580024024", "AGS_0": "05358024", "SDV_ARS": "053580024024", "GEN": "Jülich", "BEZ": "Stadt", "NUTS": "DEA26", "RegioStaR7": "73", "scenario": 50, "year": 2038 }, "geometry": { "type": "Point", "coordinates": [ 6.352150622660852, 50.935440741828224 ] } },
{ "type": "Feature", "properties": { "id": "juelich_an_den_aspen_1", "num_hh": "8", "num_cars": 1, "ARS": "053580024024", "AGS": "05358024", "ARS_0": "053580024024", "AGS_0": "05358024", "SDV_ARS": "053580024024", "GEN": "Jülich", "BEZ": "Stadt", "NUTS": "DEA26", "RegioStaR7": "73", "scenario": 50, "year": 2038 }, "geometry": { "type": "Point", "coordinates": [ 6.352426797261829, 50.935532800028547 ] } },
{ "type": "Feature", "properties": { "id": "juelich_an_den_aspen_1", "num_hh": "8", "num_cars": 1, "ARS": "053580024024", "AGS": "05358024", "ARS_0": "053580024024", "AGS_0": "05358024", "SDV_ARS": "053580024024", "GEN": "Jülich", "BEZ": "Stadt", "NUTS": "DEA26", "RegioStaR7": "73", "scenario": 50, "year": 2038 }, "geometry": { "type": "Point", "coordinates": [ 6.350401516854661, 50.935337176352853 ] } },
{ "type": "Feature", "properties": { "id": "juelich_an_den_aspen_1", "num_hh": "8", "num_cars": 1, "ARS": "053580024024", "AGS": "05358024", "ARS_0": "053580024024", "AGS_0": "05358024", "SDV_ARS": "053580024024", "GEN": "Jülich", "BEZ": "Stadt", "NUTS": "DEA26", "RegioStaR7": "73", "scenario": 50, "year": 2038 }, "geometry": { "type": "Point", "coordinates": [ 6.350712213280761, 50.935440741828216 ] } },
{ "type": "Feature", "properties": { "id": "juelich_an_den_aspen_1", "num_hh": "8", "num_cars": 1, "ARS": "053580024024", "AGS": "05358024", "ARS_0": "053580024024", "AGS_0": "05358024", "SDV_ARS": "053580024024", "GEN": "Jülich", "BEZ": "Stadt", "NUTS": "DEA26", "RegioStaR7": "73", "scenario": 50, "year": 2038 }, "geometry": { "type": "Point", "coordinates": [ 6.350994141519259, 50.935532800028547 ] } },
{ "type": "Feature", "properties": { "id": "juelich_an_den_aspen_1", "num_hh": "8", "num_cars": 1, "ARS": "053580024024", "AGS": "05358024", "ARS_0": "053580024024", "AGS_0": "05358024", "SDV_ARS": "053580024024", "GEN": "Jülich", "BEZ": "Stadt", "NUTS": "DEA26", "RegioStaR7": "73", "scenario": 50, "year": 2038 }, "geometry": { "type": "Point", "coordinates": [ 6.351253055207675, 50.93562485822887 ] } },
{ "type": "Feature", "properties": { "id": "juelich_an_den_aspen_1", "num_hh": "8", "num_cars": 1, "ARS": "053580024024", "AGS": "05358024", "ARS_0": "053580024024", "AGS_0": "05358024", "SDV_ARS": "053580024024", "GEN": "Jülich", "BEZ": "Stadt", "NUTS": "DEA26", "RegioStaR7": "73", "scenario": 50, "year": 2038 }, "geometry": { "type": "Point", "coordinates": [ 6.351511968896091, 50.935716916429193 ] } },
{ "type": "Feature", "properties": { "id": "juelich_an_den_aspen_1", "num_hh": "8", "num_cars": 1, "ARS": "053580024024", "AGS": "05358024", "ARS_0": "053580024024", "AGS_0": "05358024", "SDV_ARS": "053580024024", "GEN": "Jülich", "BEZ": "Stadt", "NUTS": "DEA26", "RegioStaR7": "73", "scenario": 50, "year": 2038 }, "geometry": { "type": "Point", "coordinates": [ 6.351782389859548, 50.935808974629524 ] } },
{ "type": "Feature", "properties": { "id": "juelich_an_den_aspen_1", "num_hh": "8", "num_cars": 1, "ARS": "053580024024", "AGS": "05358024", "ARS_0": "053580024024", "AGS_0": "05358024", "SDV_ARS": "053580024024", "GEN": "Jülich", "BEZ": "Stadt", "NUTS": "DEA26", "RegioStaR7": "73", "scenario": 50, "year": 2038 }, "geometry": { "type": "Point", "coordinates": [ 6.352058564460526, 50.935901032829847 ] } },
{ "type": "Feature", "properties": { "id": "juelich_an_den_aspen_1", "num_hh": "8", "num_cars": 1, "ARS": "053580024024", "AGS": "05358024", "ARS_0": "053580024024", "AGS_0": "05358024", "SDV_ARS": "053580024024", "GEN": "Jülich", "BEZ": "Stadt", "NUTS": "DEA26", "RegioStaR7": "73", "scenario": 50, "year": 2038 }, "geometry": { "type": "Point", "coordinates": [ 6.350033284053358, 50.935728423704241 ] } },
{ "type": "Feature", "properties": { "id": "juelich_an_den_aspen_1", "num_hh": "8", "num_cars": 1, "ARS": "053580024024", "AGS": "05358024", "ARS_0": "053580024024", "AGS_0": "05358024", "SDV_ARS": "053580024024", "GEN": "Jülich", "BEZ": "Stadt", "NUTS": "DEA26", "RegioStaR7": "73", "scenario": 50, "year": 2038 }, "geometry": { "type": "Point", "coordinates": [ 6.350343980479458, 50.935831989179604 ] } },
{ "type": "Feature", "properties": { "id": "juelich_an_den_aspen_1", "num_hh": "8", "num_cars": 1, "ARS": "053580024024", "AGS": "05358024", "ARS_0": "053580024024", "AGS_0": "05358024", "SDV_ARS": "053580024024", "GEN": "Jülich", "BEZ": "Stadt", "NUTS": "DEA26", "RegioStaR7": "73", "scenario": 50, "year": 2038 }, "geometry": { "type": "Point", "coordinates": [ 6.350625908717956, 50.935924047379935 ] } },
{ "type": "Feature", "properties": { "id": "juelich_an_den_aspen_1", "num_hh": "8", "num_cars": 1, "ARS": "053580024024", "AGS": "05358024", "ARS_0": "053580024024", "AGS_0": "05358024", "SDV_ARS": "053580024024", "GEN": "Jülich", "BEZ": "Stadt", "NUTS": "DEA26", "RegioStaR7": "73", "scenario": 50, "year": 2038 }, "geometry": { "type": "Point", "coordinates": [ 6.350884822406372, 50.936016105580258 ] } },
{ "type": "Feature", "properties": { "id": "juelich_an_den_aspen_1", "num_hh": "8", "num_cars": 1, "ARS": "053580024024", "AGS": "05358024", "ARS_0": "053580024024", "AGS_0": "05358024", "SDV_ARS": "053580024024", "GEN": "Jülich", "BEZ": "Stadt", "NUTS": "DEA26", "RegioStaR7": "73", "scenario": 50, "year": 2038 }, "geometry": { "type": "Point", "coordinates": [ 6.351143736094788, 50.936108163780581 ] } },
{ "type": "Feature", "properties": { "id": "juelich_an_den_aspen_1", "num_hh": "8", "num_cars": 1, "ARS": "053580024024", "AGS": "05358024", "ARS_0": "053580024024", "AGS_0": "05358024", "SDV_ARS": "053580024024", "GEN": "Jülich", "BEZ": "Stadt", "NUTS": "DEA26", "RegioStaR7": "73", "scenario": 50, "year": 2038 }, "geometry": { "type": "Point", "coordinates": [ 6.351414157058246, 50.936200221980911 ] } },
{ "type": "Feature", "properties": { "id": "juelich_an_den_aspen_1", "num_hh": "8", "num_cars": 1, "ARS": "053580024024", "AGS": "05358024", "ARS_0": "053580024024", "AGS_0": "05358024", "SDV_ARS": "053580024024", "GEN": "Jülich", "BEZ": "Stadt", "NUTS": "DEA26", "RegioStaR7": "73", "scenario": 50, "year": 2038 }, "geometry": { "type": "Point", "coordinates": [ 6.351690331659223, 50.936292280181235 ] } },
{ "type": "Feature", "properties": { "id": "juelich_an_den_aspen_1", "num_hh": "8", "num_cars": 1, "ARS": "053580024024", "AGS": "05358024", "ARS_0": "053580024024", "AGS_0": "05358024", "SDV_ARS": "053580024024", "GEN": "Jülich", "BEZ": "Stadt", "NUTS": "DEA26", "RegioStaR7": "73", "scenario": 50, "year": 2038 }, "geometry": { "type": "Point", "coordinates": [ 6.353955546853669, 50.934986257666758 ] } },
{ "type": "Feature", "properties": { "id": "juelich_an_den_aspen_1", "num_hh": "8", "num_cars": 1, "ARS": "053580024024", "AGS": "05358024", "ARS_0": "053580024024", "AGS_0": "05358024", "SDV_ARS": "053580024024", "GEN": "Jülich", "BEZ": "Stadt", "NUTS": "DEA26", "RegioStaR7": "73", "scenario": 50, "year": 2038 }, "geometry": { "type": "Point", "coordinates": [ 6.354266243279769, 50.935089823142121 ] } },
{ "type": "Feature", "properties": { "id": "juelich_an_den_aspen_1", "num_hh": "8", "num_cars": 1, "ARS": "053580024024", "AGS": "05358024", "ARS_0": "053580024024", "AGS_0": "05358024", "SDV_ARS": "053580024024", "GEN": "Jülich", "BEZ": "Stadt", "NUTS": "DEA26", "RegioStaR7": "73", "scenario": 50, "year": 2038 }, "geometry": { "type": "Point", "coordinates": [ 6.354548171518267, 50.935181881342452 ] } },
{ "type": "Feature", "properties": { "id": "juelich_an_den_aspen_1", "num_hh": "8", "num_cars": 1, "ARS": "053580024024", "AGS": "05358024", "ARS_0": "053580024024", "AGS_0": "05358024", "SDV_ARS": "053580024024", "GEN": "Jülich", "BEZ": "Stadt", "NUTS": "DEA26", "RegioStaR7": "73", "scenario": 50, "year": 2038 }, "geometry": { "type": "Point", "coordinates": [ 6.354807085206683, 50.935273939542775 ] } },
{ "type": "Feature", "properties": { "id": "juelich_an_den_aspen_1", "num_hh": "8", "num_cars": 1, "ARS": "053580024024", "AGS": "05358024", "ARS_0": "053580024024", "AGS_0": "05358024", "SDV_ARS": "053580024024", "GEN": "Jülich", "BEZ": "Stadt", "NUTS": "DEA26", "RegioStaR7": "73", "scenario": 50, "year": 2038 }, "geometry": { "type": "Point", "coordinates": [ 6.355065998895099, 50.935365997743098 ] } },
{ "type": "Feature", "properties": { "id": "juelich_an_den_aspen_1", "num_hh": "8", "num_cars": 1, "ARS": "053580024024", "AGS": "05358024", "ARS_0": "053580024024", "AGS_0": "05358024", "SDV_ARS": "053580024024", "GEN": "Jülich", "BEZ": "Stadt", "NUTS": "DEA26", "RegioStaR7": "73", "scenario": 50, "year": 2038 }, "geometry": { "type": "Point", "coordinates": [ 6.355336419858556, 50.935458055943428 ] } },
{ "type": "Feature", "properties": { "id": "juelich_an_den_aspen_1", "num_hh": "8", "num_cars": 1, "ARS": "053580024024", "AGS": "05358024", "ARS_0": "053580024024", "AGS_0": "05358024", "SDV_ARS": "053580024024", "GEN": "Jülich", "BEZ": "Stadt", "NUTS": "DEA26", "RegioStaR7": "73", "scenario": 50, "year": 2038 }, "geometry": { "type": "Point", "coordinates": [ 6.355612594459534, 50.935550114143751 ] } },
{ "type": "Feature", "properties": { "id": "juelich_an_den_aspen_1", "num_hh": "8", "num_cars": 1, "ARS": "053580024024", "AGS": "05358024", "ARS_0": "053580024024", "AGS_0": "05358024", "SDV_ARS": "053580024024", "GEN": "Jülich", "BEZ": "Stadt", "NUTS": "DEA26", "RegioStaR7": "73", "scenario": 50, "year": 2038 }, "geometry": { "type": "Point", "coordinates": [ 6.35360926454957, 50.935341197028457 ] } },
{ "type": "Feature", "properties": { "id": "juelich_an_den_aspen_1", "num_hh": "8", "num_cars": 1, "ARS": "053580024024", "AGS": "05358024", "ARS_0": "053580024024", "AGS_0": "05358024", "SDV_ARS": "053580024024", "GEN": "Jülich", "BEZ": "Stadt", "NUTS": "DEA26", "RegioStaR7": "73", "scenario": 50, "year": 2038 }, "geometry": { "type": "Point", "coordinates": [ 6.35391996097567, 50.93544476250382 ] } },
{ "type": "Feature", "properties": { "id": "juelich_an_den_aspen_1", "num_hh": "8", "num_cars": 1, "ARS": "053580024024", "AGS": "05358024", "ARS_0": "053580024024", "AGS_0": "05358024", "SDV_ARS": "053580024024", "GEN": "Jülich", "BEZ": "Stadt", "NUTS": "DEA26", "RegioStaR7": "73", "scenario": 50, "year": 2038 }, "geometry": { "type": "Point", "coordinates": [ 6.354201889214168, 50.935536820704151 ] } },
{ "type": "Feature", "properties": { "id": "juelich_an_den_aspen_1", "num_hh": "8", "num_cars": 1, "ARS": "053580024024", "AGS": "05358024", "ARS_0": "053580024024", "AGS_0": "05358024", "SDV_ARS": "053580024024", "GEN": "Jülich", "BEZ": "Stadt", "NUTS": "DEA26", "RegioStaR7": "73", "scenario": 50, "year": 2038 }, "geometry": { "type": "Point", "coordinates": [ 6.354460802902584, 50.935628878904474 ] } },
{ "type": "Feature", "properties": { "id": "juelich_an_den_aspen_1", "num_hh": "8", "num_cars": 1, "ARS": "053580024024", "AGS": "05358024", "ARS_0": "053580024024", "AGS_0": "05358024", "SDV_ARS": "053580024024", "GEN": "Jülich", "BEZ": "Stadt", "NUTS": "DEA26", "RegioStaR7": "73", "scenario": 50, "year": 2038 }, "geometry": { "type": "Point", "coordinates": [ 6.354719716591, 50.935720937104797 ] } },
{ "type": "Feature", "properties": { "id": "juelich_an_den_aspen_1", "num_hh": "8", "num_cars": 1, "ARS": "053580024024", "AGS": "05358024", "ARS_0": "053580024024", "AGS_0": "05358024", "SDV_ARS": "053580024024", "GEN": "Jülich", "BEZ": "Stadt", "NUTS": "DEA26", "RegioStaR7": "73", "scenario": 50, "year": 2038 }, "geometry": { "type": "Point", "coordinates": [ 6.354990137554458, 50.935812995305128 ] } },
{ "type": "Feature", "properties": { "id": "juelich_an_den_aspen_1", "num_hh": "8", "num_cars": 1, "ARS": "053580024024", "AGS": "05358024", "ARS_0": "053580024024", "AGS_0": "05358024", "SDV_ARS": "053580024024", "GEN": "Jülich", "BEZ": "Stadt", "NUTS": "DEA26", "RegioStaR7": "73", "scenario": 50, "year": 2038 }, "geometry": { "type": "Point", "coordinates": [ 6.355266312155435, 50.935905053505451 ] } },
{ "type": "Feature", "properties": { "id": "juelich_an_den_aspen_1", "num_hh": "8", "num_cars": 1, "ARS": "053580024024", "AGS": "05358024", "ARS_0": "053580024024", "AGS_0": "05358024", "SDV_ARS": "053580024024", "GEN": "Jülich", "BEZ": "Stadt", "NUTS": "DEA26", "RegioStaR7": "73", "scenario": 50, "year": 2038 }, "geometry": { "type": "Point", "coordinates": [ 6.353297610475882, 50.935678822274951 ] } },
{ "type": "Feature", "properties": { "id": "juelich_an_den_aspen_1", "num_hh": "8", "num_cars": 1, "ARS": "053580024024", "AGS": "05358024", "ARS_0": "053580024024", "AGS_0": "05358024", "SDV_ARS": "053580024024", "GEN": "Jülich", "BEZ": "Stadt", "NUTS": "DEA26", "RegioStaR7": "73", "scenario": 50, "year": 2038 }, "geometry": { "type": "Point", "coordinates": [ 6.353608306901982, 50.935782387750315 ] } },
{ "type": "Feature", "properties": { "id": "juelich_an_den_aspen_1", "num_hh": "8", "num_cars": 1, "ARS": "053580024024", "AGS": "05358024", "ARS_0": "053580024024", "AGS_0": "05358024", "SDV_ARS": "053580024024", "GEN": "Jülich", "BEZ": "Stadt", "NUTS": "DEA26", "RegioStaR7": "73", "scenario": 50, "year": 2038 }, "geometry": { "type": "Point", "coordinates": [ 6.353890235140479, 50.935874445950645 ] } },
{ "type": "Feature", "properties": { "id": "juelich_an_den_aspen_1", "num_hh": "8", "num_cars": 1, "ARS": "053580024024", "AGS": "05358024", "ARS_0": "053580024024", "AGS_0": "05358024", "SDV_ARS": "053580024024", "GEN": "Jülich", "BEZ": "Stadt", "NUTS": "DEA26", "RegioStaR7": "73", "scenario": 50, "year": 2038 }, "geometry": { "type": "Point", "coordinates": [ 6.354149148828895, 50.935966504150969 ] } },
{ "type": "Feature", "properties": { "id": "juelich_an_den_aspen_1", "num_hh": "8", "num_cars": 1, "ARS": "053580024024", "AGS": "05358024", "ARS_0": "053580024024", "AGS_0": "05358024", "SDV_ARS": "053580024024", "GEN": "Jülich", "BEZ": "Stadt", "NUTS": "DEA26", "RegioStaR7": "73", "scenario": 50, "year": 2038 }, "geometry": { "type": "Point", "coordinates": [ 6.354408062517312, 50.936058562351292 ] } },
{ "type": "Feature", "properties": { "id": "juelich_an_den_aspen_1", "num_hh": "8", "num_cars": 1, "ARS": "053580024024", "AGS": "05358024", "ARS_0": "053580024024", "AGS_0": "05358024", "SDV_ARS": "053580024024", "GEN": "Jülich", "BEZ": "Stadt", "NUTS": "DEA26", "RegioStaR7": "73", "scenario": 50, "year": 2038 }, "geometry": { "type": "Point", "coordinates": [ 6.354678483480769, 50.936150620551622 ] } },
{ "type": "Feature", "properties": { "id": "juelich_an_den_aspen_1", "num_hh": "8", "num_cars": 1, "ARS": "053580024024", "AGS": "05358024", "ARS_0": "053580024024", "AGS_0": "05358024", "SDV_ARS": "053580024024", "GEN": "Jülich", "BEZ": "Stadt", "NUTS": "DEA26", "RegioStaR7": "73", "scenario": 50, "year": 2038 }, "geometry": { "type": "Point", "coordinates": [ 6.354954658081747, 50.936242678751945 ] } },
{ "type": "Feature", "properties": { "id": "juelich_an_den_aspen_1", "num_hh": "8", "num_cars": 1, "ARS": "053580024024", "AGS": "05358024", "ARS_0": "053580024024", "AGS_0": "05358024", "SDV_ARS": "053580024024", "GEN": "Jülich", "BEZ": "Stadt", "NUTS": "DEA26", "RegioStaR7": "73", "scenario": 50, "year": 2038 }, "geometry": { "type": "Point", "coordinates": [ 6.352942671114182, 50.936085703982272 ] } },
{ "type": "Feature", "properties": { "id": "juelich_an_den_aspen_1", "num_hh": "8", "num_cars": 1, "ARS": "053580024024", "AGS": "05358024", "ARS_0": "053580024024", "AGS_0": "05358024", "SDV_ARS": "053580024024", "GEN": "Jülich", "BEZ": "Stadt", "NUTS": "DEA26", "RegioStaR7": "73", "scenario": 50, "year": 2038 }, "geometry": { "type": "Point", "coordinates": [ 6.353253367540281, 50.936189269457635 ] } },
{ "type": "Feature", "properties": { "id": "juelich_an_den_aspen_1", "num_hh": "8", "num_cars": 1, "ARS": "053580024024", "AGS": "05358024", "ARS_0": "053580024024", "AGS_0": "05358024", "SDV_ARS": "053580024024", "GEN": "Jülich", "BEZ": "Stadt", "NUTS": "DEA26", "RegioStaR7": "73", "scenario": 50, "year": 2038 }, "geometry": { "type": "Point", "coordinates": [ 6.353535295778779, 50.936281327657966 ] } },
{ "type": "Feature", "properties": { "id": "juelich_an_den_aspen_1", "num_hh": "8", "num_cars": 1, "ARS": "053580024024", "AGS": "05358024", "ARS_0": "053580024024", "AGS_0": "05358024", "SDV_ARS": "053580024024", "GEN": "Jülich", "BEZ": "Stadt", "NUTS": "DEA26", "RegioStaR7": "73", "scenario": 50, "year": 2038 }, "geometry": { "type": "Point", "coordinates": [ 6.353794209467195, 50.936373385858289 ] } },
{ "type": "Feature", "properties": { "id": "juelich_an_den_aspen_1", "num_hh": "8", "num_cars": 1, "ARS": "053580024024", "AGS": "05358024", "ARS_0": "053580024024", "AGS_0": "05358024", "SDV_ARS": "053580024024", "GEN": "Jülich", "BEZ": "Stadt", "NUTS": "DEA26", "RegioStaR7": "73", "scenario": 50, "year": 2038 }, "geometry": { "type": "Point", "coordinates": [ 6.354053123155611, 50.936465444058612 ] } },
{ "type": "Feature", "properties": { "id": "juelich_an_den_aspen_1", "num_hh": "8", "num_cars": 1, "ARS": "053580024024", "AGS": "05358024", "ARS_0": "053580024024", "AGS_0": "05358024", "SDV_ARS": "053580024024", "GEN": "Jülich", "BEZ": "Stadt", "NUTS": "DEA26", "RegioStaR7": "73", "scenario": 50, "year": 2038 }, "geometry": { "type": "Point", "coordinates": [ 6.354323544119069, 50.936557502258943 ] } },
{ "type": "Feature", "properties": { "id": "juelich_an_den_aspen_1", "num_hh": "8", "num_cars": 1, "ARS": "053580024024", "AGS": "05358024", "ARS_0": "053580024024", "AGS_0": "05358024", "SDV_ARS": "053580024024", "GEN": "Jülich", "BEZ": "Stadt", "NUTS": "DEA26", "RegioStaR7": "73", "scenario": 50, "year": 2038 }, "geometry": { "type": "Point", "coordinates": [ 6.354599718720046, 50.936649560459266 ] } },
{ "type": "Feature", "properties": { "id": "juelich_an_den_aspen_1", "num_hh": "8", "num_cars": 1, "ARS": "053580024024", "AGS": "05358024", "ARS_0": "053580024024", "AGS_0": "05358024", "SDV_ARS": "053580024024", "GEN": "Jülich", "BEZ": "Stadt", "NUTS": "DEA26", "RegioStaR7": "73", "scenario": 50, "year": 2038 }, "geometry": { "type": "Point", "coordinates": [ 6.35255310352207, 50.936466614516775 ] } },
{ "type": "Feature", "properties": { "id": "juelich_an_den_aspen_1", "num_hh": "8", "num_cars": 1, "ARS": "053580024024", "AGS": "05358024", "ARS_0": "053580024024", "AGS_0": "05358024", "SDV_ARS": "053580024024", "GEN": "Jülich", "BEZ": "Stadt", "NUTS": "DEA26", "RegioStaR7": "73", "scenario": 50, "year": 2038 }, "geometry": { "type": "Point", "coordinates": [ 6.35286379994817, 50.936570179992138 ] } },
{ "type": "Feature", "properties": { "id": "juelich_an_den_aspen_1", "num_hh": "8", "num_cars": 1, "ARS": "053580024024", "AGS": "05358024", "ARS_0": "053580024024", "AGS_0": "05358024", "SDV_ARS": "053580024024", "GEN": "Jülich", "BEZ": "Stadt", "NUTS": "DEA26", "RegioStaR7": "73", "scenario": 50, "year": 2038 }, "geometry": { "type": "Point", "coordinates": [ 6.353145728186668, 50.936662238192469 ] } },
{ "type": "Feature", "properties": { "id": "juelich_an_den_aspen_1", "num_hh": "8", "num_cars": 1, "ARS": "053580024024", "AGS": "05358024", "ARS_0": "053580024024", "AGS_0": "05358024", "SDV_ARS": "053580024024", "GEN": "Jülich", "BEZ": "Stadt", "NUTS": "DEA26", "RegioStaR7": "73", "scenario": 50, "year": 2038 }, "geometry": { "type": "Point", "coordinates": [ 6.353404641875084, 50.936754296392792 ] } },
{ "type": "Feature", "properties": { "id": "juelich_an_den_aspen_1", "num_hh": "8", "num_cars": 1, "ARS": "053580024024", "AGS": "05358024", "ARS_0": "053580024024", "AGS_0": "05358024", "SDV_ARS": "053580024024", "GEN": "Jülich", "BEZ": "Stadt", "NUTS": "DEA26", "RegioStaR7": "73", "scenario": 50, "year": 2038 }, "geometry": { "type": "Point", "coordinates": [ 6.3536635555635, 50.936846354593115 ] } },
{ "type": "Feature", "properties": { "id": "juelich_an_den_aspen_1", "num_hh": "8", "num_cars": 1, "ARS": "053580024024", "AGS": "05358024", "ARS_0": "053580024024", "AGS_0": "05358024", "SDV_ARS": "053580024024", "GEN": "Jülich", "BEZ": "Stadt", "NUTS": "DEA26", "RegioStaR7": "73", "scenario": 50, "year": 2038 }, "geometry": { "type": "Point", "coordinates": [ 6.353933976526958, 50.936938412793445 ] } },
{ "type": "Feature", "properties": { "id": "juelich_an_den_aspen_1", "num_hh": "8", "num_cars": 1, "ARS": "053580024024", "AGS": "05358024", "ARS_0": "053580024024", "AGS_0": "05358024", "SDV_ARS": "053580024024", "GEN": "Jülich", "BEZ": "Stadt", "NUTS": "DEA26", "RegioStaR7": "73", "scenario": 50, "year": 2038 }, "geometry": { "type": "Point", "coordinates": [ 6.354210151127935, 50.937030470993768 ] } },
{ "type": "Feature", "properties": { "id": "juelich_an_den_aspen_1", "num_hh": "8", "num_cars": 1, "ARS": "053580024024", "AGS": "05358024", "ARS_0": "053580024024", "AGS_0": "05358024", "SDV_ARS": "053580024024", "GEN": "Jülich", "BEZ": "Stadt", "NUTS": "DEA26", "RegioStaR7": "73", "scenario": 50, "year": 2038 }, "geometry": { "type": "Point", "coordinates": [ 6.352241449448382, 50.9368908103393 ] } },
{ "type": "Feature", "properties": { "id": "juelich_an_den_aspen_1", "num_hh": "8", "num_cars": 1, "ARS": "053580024024", "AGS": "05358024", "ARS_0": "053580024024", "AGS_0": "05358024", "SDV_ARS": "053580024024", "GEN": "Jülich", "BEZ": "Stadt", "NUTS": "DEA26", "RegioStaR7": "73", "scenario": 50, "year": 2038 }, "geometry": { "type": "Point", "coordinates": [ 6.352552145874482, 50.936994375814663 ] } },
{ "type": "Feature", "properties": { "id": "juelich_an_den_aspen_1", "num_hh": "8", "num_cars": 1, "ARS": "053580024024", "AGS": "05358024", "ARS_0": "053580024024", "AGS_0": "05358024", "SDV_ARS": "053580024024", "GEN": "Jülich", "BEZ": "Stadt", "NUTS": "DEA26", "RegioStaR7": "73", "scenario": 50, "year": 2038 }, "geometry": { "type": "Point", "coordinates": [ 6.352834074112979, 50.937086434014994 ] } },
{ "type": "Feature", "properties": { "id": "juelich_an_den_aspen_1", "num_hh": "8", "num_cars": 1, "ARS": "053580024024", "AGS": "05358024", "ARS_0": "053580024024", "AGS_0": "05358024", "SDV_ARS": "053580024024", "GEN": "Jülich", "BEZ": "Stadt", "NUTS": "DEA26", "RegioStaR7": "73", "scenario": 50, "year": 2038 }, "geometry": { "type": "Point", "coordinates": [ 6.353092987801396, 50.937178492215317 ] } },
{ "type": "Feature", "properties": { "id": "juelich_an_den_aspen_1", "num_hh": "8", "num_cars": 1, "ARS": "053580024024", "AGS": "05358024", "ARS_0": "053580024024", "AGS_0": "05358024", "SDV_ARS": "053580024024", "GEN": "Jülich", "BEZ": "Stadt", "NUTS": "DEA26", "RegioStaR7": "73", "scenario": 50, "year": 2038 }, "geometry": { "type": "Point", "coordinates": [ 6.353351901489812, 50.93727055041564 ] } },
{ "type": "Feature", "properties": { "id": "juelich_an_den_aspen_1", "num_hh": "8", "num_cars": 1, "ARS": "053580024024", "AGS": "05358024", "ARS_0": "053580024024", "AGS_0": "05358024", "SDV_ARS": "053580024024", "GEN": "Jülich", "BEZ": "Stadt", "NUTS": "DEA26", "RegioStaR7": "73", "scenario": 50, "year": 2038 }, "geometry": { "type": "Point", "coordinates": [ 6.353622322453269, 50.93736260861597 ] } },
{ "type": "Feature", "properties": { "id": "juelich_an_den_aspen_1", "num_hh": "8", "num_cars": 1, "ARS": "053580024024", "AGS": "05358024", "ARS_0": "053580024024", "AGS_0": "05358024", "SDV_ARS": "053580024024", "GEN": "Jülich", "BEZ": "Stadt", "NUTS": "DEA26", "RegioStaR7": "73", "scenario": 50, "year": 2038 }, "geometry": { "type": "Point", "coordinates": [ 6.353898497054247, 50.937454666816294 ] } },
{ "type": "Feature", "properties": { "id": "Juechen_south", "num_hh": "8", "num_cars": 1, "ARS": "051620012012", "AGS": "05162012", "ARS_0": "051620012012", "AGS_0": "05162012", "SDV_ARS": "051620012012", "GEN": "Jüchen", "BEZ": "Stadt", "NUTS": "DEA1D", "RegioStaR7": "73", "scenario": 50, "year": 2038 }, "geometry": { "type": "Point", "coordinates": [ 6.496293514013431, 51.095811156271139 ] } },
{ "type": "Feature", "properties": { "id": "Juechen_south", "num_hh": "8", "num_cars": 1, "ARS": "051620012012", "AGS": "05162012", "ARS_0": "051620012012", "AGS_0": "05162012", "SDV_ARS": "051620012012", "GEN": "Jüchen", "BEZ": "Stadt", "NUTS": "DEA1D", "RegioStaR7": "73", "scenario": 50, "year": 2038 }, "geometry": { "type": "Point", "coordinates": [ 6.496352330944601, 51.095644934077093 ] } },
{ "type": "Feature", "properties": { "id": "Juechen_south", "num_hh": "8", "num_cars": 1, "ARS": "051620012012", "AGS": "05162012", "ARS_0": "051620012012", "AGS_0": "05162012", "SDV_ARS": "051620012012", "GEN": "Jüchen", "BEZ": "Stadt", "NUTS": "DEA1D", "RegioStaR7": "73", "scenario": 50, "year": 2038 }, "geometry": { "type": "Point", "coordinates": [ 6.496425852108562, 51.095460242049548 ] } },
{ "type": "Feature", "properties": { "id": "Juechen_south", "num_hh": "8", "num_cars": 1, "ARS": "051620012012", "AGS": "05162012", "ARS_0": "051620012012", "AGS_0": "05162012", "SDV_ARS": "051620012012", "GEN": "Jüchen", "BEZ": "Stadt", "NUTS": "DEA1D", "RegioStaR7": "73", "scenario": 50, "year": 2038 }, "geometry": { "type": "Point", "coordinates": [ 6.496514077505315, 51.095275549284295 ] } },
{ "type": "Feature", "properties": { "id": "Juechen_south", "num_hh": "8", "num_cars": 1, "ARS": "051620012012", "AGS": "05162012", "ARS_0": "051620012012", "AGS_0": "05162012", "SDV_ARS": "051620012012", "GEN": "Jüchen", "BEZ": "Stadt", "NUTS": "DEA1D", "RegioStaR7": "73", "scenario": 50, "year": 2038 }, "geometry": { "type": "Point", "coordinates": [ 6.496631711367653, 51.095072386390456 ] } },
{ "type": "Feature", "properties": { "id": "Juechen_south", "num_hh": "8", "num_cars": 1, "ARS": "051620012012", "AGS": "05162012", "ARS_0": "051620012012", "AGS_0": "05162012", "SDV_ARS": "051620012012", "GEN": "Jüchen", "BEZ": "Stadt", "NUTS": "DEA1D", "RegioStaR7": "73", "scenario": 50, "year": 2038 }, "geometry": { "type": "Point", "coordinates": [ 6.496749345229992, 51.094850753124582 ] } },
{ "type": "Feature", "properties": { "id": "Juechen_south", "num_hh": "8", "num_cars": 1, "ARS": "051620012012", "AGS": "05162012", "ARS_0": "051620012012", "AGS_0": "05162012", "SDV_ARS": "051620012012", "GEN": "Jüchen", "BEZ": "Stadt", "NUTS": "DEA1D", "RegioStaR7": "73", "scenario": 50, "year": 2038 }, "geometry": { "type": "Point", "coordinates": [ 6.496866979092331, 51.094647588364332 ] } },
{ "type": "Feature", "properties": { "id": "Juechen_south", "num_hh": "8", "num_cars": 1, "ARS": "051620012012", "AGS": "05162012", "ARS_0": "051620012012", "AGS_0": "05162012", "SDV_ARS": "051620012012", "GEN": "Jüchen", "BEZ": "Stadt", "NUTS": "DEA1D", "RegioStaR7": "73", "scenario": 50, "year": 2038 }, "geometry": { "type": "Point", "coordinates": [ 6.496999317187461, 51.094425953062377 ] } },
{ "type": "Feature", "properties": { "id": "Juechen_south", "num_hh": "8", "num_cars": 1, "ARS": "051620012012", "AGS": "05162012", "ARS_0": "051620012012", "AGS_0": "05162012", "SDV_ARS": "051620012012", "GEN": "Jüchen", "BEZ": "Stadt", "NUTS": "DEA1D", "RegioStaR7": "73", "scenario": 50, "year": 2038 }, "geometry": { "type": "Point", "coordinates": [ 6.496646415600446, 51.095829625366925 ] } },
{ "type": "Feature", "properties": { "id": "Juechen_south", "num_hh": "8", "num_cars": 1, "ARS": "051620012012", "AGS": "05162012", "ARS_0": "051620012012", "AGS_0": "05162012", "SDV_ARS": "051620012012", "GEN": "Jüchen", "BEZ": "Stadt", "NUTS": "DEA1D", "RegioStaR7": "73", "scenario": 50, "year": 2038 }, "geometry": { "type": "Point", "coordinates": [ 6.496705232531615, 51.095663403172878 ] } },
{ "type": "Feature", "properties": { "id": "Juechen_south", "num_hh": "8", "num_cars": 1, "ARS": "051620012012", "AGS": "05162012", "ARS_0": "051620012012", "AGS_0": "05162012", "SDV_ARS": "051620012012", "GEN": "Jüchen", "BEZ": "Stadt", "NUTS": "DEA1D", "RegioStaR7": "73", "scenario": 50, "year": 2038 }, "geometry": { "type": "Point", "coordinates": [ 6.496778753695576, 51.095478711145333 ] } },
{ "type": "Feature", "properties": { "id": "Juechen_south", "num_hh": "8", "num_cars": 1, "ARS": "051620012012", "AGS": "05162012", "ARS_0": "051620012012", "AGS_0": "05162012", "SDV_ARS": "051620012012", "GEN": "Jüchen", "BEZ": "Stadt", "NUTS": "DEA1D", "RegioStaR7": "73", "scenario": 50, "year": 2038 }, "geometry": { "type": "Point", "coordinates": [ 6.49686697909233, 51.095294018380081 ] } },
{ "type": "Feature", "properties": { "id": "Juechen_south", "num_hh": "8", "num_cars": 1, "ARS": "051620012012", "AGS": "05162012", "ARS_0": "051620012012", "AGS_0": "05162012", "SDV_ARS": "051620012012", "GEN": "Jüchen", "BEZ": "Stadt", "NUTS": "DEA1D", "RegioStaR7": "73", "scenario": 50, "year": 2038 }, "geometry": { "type": "Point", "coordinates": [ 6.496984612954668, 51.095090855486241 ] } },
{ "type": "Feature", "properties": { "id": "Juechen_south", "num_hh": "8", "num_cars": 1, "ARS": "051620012012", "AGS": "05162012", "ARS_0": "051620012012", "AGS_0": "05162012", "SDV_ARS": "051620012012", "GEN": "Jüchen", "BEZ": "Stadt", "NUTS": "DEA1D", "RegioStaR7": "73", "scenario": 50, "year": 2038 }, "geometry": { "type": "Point", "coordinates": [ 6.497102246817007, 51.094869222220368 ] } },
{ "type": "Feature", "properties": { "id": "Juechen_south", "num_hh": "8", "num_cars": 1, "ARS": "051620012012", "AGS": "05162012", "ARS_0": "051620012012", "AGS_0": "05162012", "SDV_ARS": "051620012012", "GEN": "Jüchen", "BEZ": "Stadt", "NUTS": "DEA1D", "RegioStaR7": "73", "scenario": 50, "year": 2038 }, "geometry": { "type": "Point", "coordinates": [ 6.497219880679345, 51.094666057460117 ] } },
{ "type": "Feature", "properties": { "id": "Juechen_south", "num_hh": "8", "num_cars": 1, "ARS": "051620012012", "AGS": "05162012", "ARS_0": "051620012012", "AGS_0": "05162012", "SDV_ARS": "051620012012", "GEN": "Jüchen", "BEZ": "Stadt", "NUTS": "DEA1D", "RegioStaR7": "73", "scenario": 50, "year": 2038 }, "geometry": { "type": "Point", "coordinates": [ 6.497352218774475, 51.094444422158162 ] } },
{ "type": "Feature", "properties": { "id": "Juechen_south", "num_hh": "8", "num_cars": 1, "ARS": "051620012012", "AGS": "05162012", "ARS_0": "051620012012", "AGS_0": "05162012", "SDV_ARS": "051620012012", "GEN": "Jüchen", "BEZ": "Stadt", "NUTS": "DEA1D", "RegioStaR7": "73", "scenario": 50, "year": 2038 }, "geometry": { "type": "Point", "coordinates": [ 6.497293401843305, 51.095792687167972 ] } },
{ "type": "Feature", "properties": { "id": "Juechen_south", "num_hh": "8", "num_cars": 1, "ARS": "051620012012", "AGS": "05162012", "ARS_0": "051620012012", "AGS_0": "05162012", "SDV_ARS": "051620012012", "GEN": "Jüchen", "BEZ": "Stadt", "NUTS": "DEA1D", "RegioStaR7": "73", "scenario": 50, "year": 2038 }, "geometry": { "type": "Point", "coordinates": [ 6.497352218774474, 51.095626464973925 ] } },
{ "type": "Feature", "properties": { "id": "Juechen_south", "num_hh": "8", "num_cars": 1, "ARS": "051620012012", "AGS": "05162012", "ARS_0": "051620012012", "AGS_0": "05162012", "SDV_ARS": "051620012012", "GEN": "Jüchen", "BEZ": "Stadt", "NUTS": "DEA1D", "RegioStaR7": "73", "scenario": 50, "year": 2038 }, "geometry": { "type": "Point", "coordinates": [ 6.497425739938436, 51.09544177294638 ] } },
{ "type": "Feature", "properties": { "id": "Juechen_south", "num_hh": "8", "num_cars": 1, "ARS": "051620012012", "AGS": "05162012", "ARS_0": "051620012012", "AGS_0": "05162012", "SDV_ARS": "051620012012", "GEN": "Jüchen", "BEZ": "Stadt", "NUTS": "DEA1D", "RegioStaR7": "73", "scenario": 50, "year": 2038 }, "geometry": { "type": "Point", "coordinates": [ 6.497513965335189, 51.095257080181128 ] } },
{ "type": "Feature", "properties": { "id": "Juechen_south", "num_hh": "8", "num_cars": 1, "ARS": "051620012012", "AGS": "05162012", "ARS_0": "051620012012", "AGS_0": "05162012", "SDV_ARS": "051620012012", "GEN": "Jüchen", "BEZ": "Stadt", "NUTS": "DEA1D", "RegioStaR7": "73", "scenario": 50, "year": 2038 }, "geometry": { "type": "Point", "coordinates": [ 6.497631599197527, 51.095053917287288 ] } },
{ "type": "Feature", "properties": { "id": "Juechen_south", "num_hh": "8", "num_cars": 1, "ARS": "051620012012", "AGS": "05162012", "ARS_0": "051620012012", "AGS_0": "05162012", "SDV_ARS": "051620012012", "GEN": "Jüchen", "BEZ": "Stadt", "NUTS": "DEA1D", "RegioStaR7": "73", "scenario": 50, "year": 2038 }, "geometry": { "type": "Point", "coordinates": [ 6.497749233059866, 51.094832284021415 ] } },
{ "type": "Feature", "properties": { "id": "Juechen_south", "num_hh": "8", "num_cars": 1, "ARS": "051620012012", "AGS": "05162012", "ARS_0": "051620012012", "AGS_0": "05162012", "SDV_ARS": "051620012012", "GEN": "Jüchen", "BEZ": "Stadt", "NUTS": "DEA1D", "RegioStaR7": "73", "scenario": 50, "year": 2038 }, "geometry": { "type": "Point", "coordinates": [ 6.497866866922204, 51.094629119261164 ] } },
{ "type": "Feature", "properties": { "id": "Juechen_south", "num_hh": "8", "num_cars": 1, "ARS": "051620012012", "AGS": "05162012", "ARS_0": "051620012012", "AGS_0": "05162012", "SDV_ARS": "051620012012", "GEN": "Jüchen", "BEZ": "Stadt", "NUTS": "DEA1D", "RegioStaR7": "73", "scenario": 50, "year": 2038 }, "geometry": { "type": "Point", "coordinates": [ 6.497999205017335, 51.094407483959209 ] } },
{ "type": "Feature", "properties": { "id": "Juechen_south", "num_hh": "8", "num_cars": 1, "ARS": "051620012012", "AGS": "05162012", "ARS_0": "051620012012", "AGS_0": "05162012", "SDV_ARS": "051620012012", "GEN": "Jüchen", "BEZ": "Stadt", "NUTS": "DEA1D", "RegioStaR7": "73", "scenario": 50, "year": 2038 }, "geometry": { "type": "Point", "coordinates": [ 6.49764630343032, 51.095691106968701 ] } },
{ "type": "Feature", "properties": { "id": "Juechen_south", "num_hh": "8", "num_cars": 1, "ARS": "051620012012", "AGS": "05162012", "ARS_0": "051620012012", "AGS_0": "05162012", "SDV_ARS": "051620012012", "GEN": "Jüchen", "BEZ": "Stadt", "NUTS": "DEA1D", "RegioStaR7": "73", "scenario": 50, "year": 2038 }, "geometry": { "type": "Point", "coordinates": [ 6.49770512036149, 51.095524884774655 ] } },
{ "type": "Feature", "properties": { "id": "Juechen_south", "num_hh": "8", "num_cars": 1, "ARS": "051620012012", "AGS": "05162012", "ARS_0": "051620012012", "AGS_0": "05162012", "SDV_ARS": "051620012012", "GEN": "Jüchen", "BEZ": "Stadt", "NUTS": "DEA1D", "RegioStaR7": "73", "scenario": 50, "year": 2038 }, "geometry": { "type": "Point", "coordinates": [ 6.497778641525451, 51.095340192747109 ] } },
{ "type": "Feature", "properties": { "id": "Juechen_south", "num_hh": "8", "num_cars": 1, "ARS": "051620012012", "AGS": "05162012", "ARS_0": "051620012012", "AGS_0": "05162012", "SDV_ARS": "051620012012", "GEN": "Jüchen", "BEZ": "Stadt", "NUTS": "DEA1D", "RegioStaR7": "73", "scenario": 50, "year": 2038 }, "geometry": { "type": "Point", "coordinates": [ 6.497866866922204, 51.095155499981857 ] } },
{ "type": "Feature", "properties": { "id": "Juechen_south", "num_hh": "8", "num_cars": 1, "ARS": "051620012012", "AGS": "05162012", "ARS_0": "051620012012", "AGS_0": "05162012", "SDV_ARS": "051620012012", "GEN": "Jüchen", "BEZ": "Stadt", "NUTS": "DEA1D", "RegioStaR7": "73", "scenario": 50, "year": 2038 }, "geometry": { "type": "Point", "coordinates": [ 6.497984500784542, 51.094952337088017 ] } },
{ "type": "Feature", "properties": { "id": "Juechen_south", "num_hh": "8", "num_cars": 1, "ARS": "051620012012", "AGS": "05162012", "ARS_0": "051620012012", "AGS_0": "05162012", "SDV_ARS": "051620012012", "GEN": "Jüchen", "BEZ": "Stadt", "NUTS": "DEA1D", "RegioStaR7": "73", "scenario": 50, "year": 2038 }, "geometry": { "type": "Point", "coordinates": [ 6.498102134646881, 51.094730703822144 ] } },
{ "type": "Feature", "properties": { "id": "Juechen_south", "num_hh": "8", "num_cars": 1, "ARS": "051620012012", "AGS": "05162012", "ARS_0": "051620012012", "AGS_0": "05162012", "SDV_ARS": "051620012012", "GEN": "Jüchen", "BEZ": "Stadt", "NUTS": "DEA1D", "RegioStaR7": "73", "scenario": 50, "year": 2038 }, "geometry": { "type": "Point", "coordinates": [ 6.49821976850922, 51.094527539061893 ] } },
{ "type": "Feature", "properties": { "id": "Juechen_south", "num_hh": "8", "num_cars": 1, "ARS": "051620012012", "AGS": "05162012", "ARS_0": "051620012012", "AGS_0": "05162012", "SDV_ARS": "051620012012", "GEN": "Jüchen", "BEZ": "Stadt", "NUTS": "DEA1D", "RegioStaR7": "73", "scenario": 50, "year": 2038 }, "geometry": { "type": "Point", "coordinates": [ 6.49835210660435, 51.094305903759938 ] } },
{ "type": "Feature", "properties": { "id": "Juechen_south", "num_hh": "8", "num_cars": 1, "ARS": "051620012012", "AGS": "05162012", "ARS_0": "051620012012", "AGS_0": "05162012", "SDV_ARS": "051620012012", "GEN": "Jüchen", "BEZ": "Stadt", "NUTS": "DEA1D", "RegioStaR7": "73", "scenario": 50, "year": 2038 }, "geometry": { "type": "Point", "coordinates": [ 6.498528557397857, 51.095469476668448 ] } },
{ "type": "Feature", "properties": { "id": "Juechen_south", "num_hh": "8", "num_cars": 1, "ARS": "051620012012", "AGS": "05162012", "ARS_0": "051620012012", "AGS_0": "05162012", "SDV_ARS": "051620012012", "GEN": "Jüchen", "BEZ": "Stadt", "NUTS": "DEA1D", "RegioStaR7": "73", "scenario": 50, "year": 2038 }, "geometry": { "type": "Point", "coordinates": [ 6.498587374329026, 51.095303254474402 ] } },
{ "type": "Feature", "properties": { "id": "Juechen_south", "num_hh": "8", "num_cars": 1, "ARS": "051620012012", "AGS": "05162012", "ARS_0": "051620012012", "AGS_0": "05162012", "SDV_ARS": "051620012012", "GEN": "Jüchen", "BEZ": "Stadt", "NUTS": "DEA1D", "RegioStaR7": "73", "scenario": 50, "year": 2038 }, "geometry": { "type": "Point", "coordinates": [ 6.498660895492987, 51.095118562446856 ] } },
{ "type": "Feature", "properties": { "id": "Juechen_south", "num_hh": "8", "num_cars": 1, "ARS": "051620012012", "AGS": "05162012", "ARS_0": "051620012012", "AGS_0": "05162012", "SDV_ARS": "051620012012", "GEN": "Jüchen", "BEZ": "Stadt", "NUTS": "DEA1D", "RegioStaR7": "73", "scenario": 50, "year": 2038 }, "geometry": { "type": "Point", "coordinates": [ 6.498749120889741, 51.094933869681604 ] } },
{ "type": "Feature", "properties": { "id": "Juechen_south", "num_hh": "8", "num_cars": 1, "ARS": "051620012012", "AGS": "05162012", "ARS_0": "051620012012", "AGS_0": "05162012", "SDV_ARS": "051620012012", "GEN": "Jüchen", "BEZ": "Stadt", "NUTS": "DEA1D", "RegioStaR7": "73", "scenario": 50, "year": 2038 }, "geometry": { "type": "Point", "coordinates": [ 6.498866754752079, 51.094730706787765 ] } },
{ "type": "Feature", "properties": { "id": "Juechen_south", "num_hh": "8", "num_cars": 1, "ARS": "051620012012", "AGS": "05162012", "ARS_0": "051620012012", "AGS_0": "05162012", "SDV_ARS": "051620012012", "GEN": "Jüchen", "BEZ": "Stadt", "NUTS": "DEA1D", "RegioStaR7": "73", "scenario": 50, "year": 2038 }, "geometry": { "type": "Point", "coordinates": [ 6.498984388614418, 51.094509073521891 ] } },
{ "type": "Feature", "properties": { "id": "Juechen_south", "num_hh": "8", "num_cars": 1, "ARS": "051620012012", "AGS": "05162012", "ARS_0": "051620012012", "AGS_0": "05162012", "SDV_ARS": "051620012012", "GEN": "Jüchen", "BEZ": "Stadt", "NUTS": "DEA1D", "RegioStaR7": "73", "scenario": 50, "year": 2038 }, "geometry": { "type": "Point", "coordinates": [ 6.499102022476756, 51.09430590876164 ] } },
{ "type": "Feature", "properties": { "id": "Juechen_south", "num_hh": "8", "num_cars": 1, "ARS": "051620012012", "AGS": "05162012", "ARS_0": "051620012012", "AGS_0": "05162012", "SDV_ARS": "051620012012", "GEN": "Jüchen", "BEZ": "Stadt", "NUTS": "DEA1D", "RegioStaR7": "73", "scenario": 50, "year": 2038 }, "geometry": { "type": "Point", "coordinates": [ 6.498954980148833, 51.095404834297433 ] } },
{ "type": "Feature", "properties": { "id": "Juechen_south", "num_hh": "8", "num_cars": 1, "ARS": "051620012012", "AGS": "05162012", "ARS_0": "051620012012", "AGS_0": "05162012", "SDV_ARS": "051620012012", "GEN": "Jüchen", "BEZ": "Stadt", "NUTS": "DEA1D", "RegioStaR7": "73", "scenario": 50, "year": 2038 }, "geometry": { "type": "Point", "coordinates": [ 6.499013797080002, 51.095238612103387 ] } },
{ "type": "Feature", "properties": { "id": "Juechen_south", "num_hh": "8", "num_cars": 1, "ARS": "051620012012", "AGS": "05162012", "ARS_0": "051620012012", "AGS_0": "05162012", "SDV_ARS": "051620012012", "GEN": "Jüchen", "BEZ": "Stadt", "NUTS": "DEA1D", "RegioStaR7": "73", "scenario": 50, "year": 2038 }, "geometry": { "type": "Point", "coordinates": [ 6.499087318243963, 51.095053920075841 ] } },
{ "type": "Feature", "properties": { "id": "Juechen_south", "num_hh": "8", "num_cars": 1, "ARS": "051620012012", "AGS": "05162012", "ARS_0": "051620012012", "AGS_0": "05162012", "SDV_ARS": "051620012012", "GEN": "Jüchen", "BEZ": "Stadt", "NUTS": "DEA1D", "RegioStaR7": "73", "scenario": 50, "year": 2038 }, "geometry": { "type": "Point", "coordinates": [ 6.499175543640717, 51.094869227310589 ] } },
{ "type": "Feature", "properties": { "id": "Juechen_south", "num_hh": "8", "num_cars": 1, "ARS": "051620012012", "AGS": "05162012", "ARS_0": "051620012012", "AGS_0": "05162012", "SDV_ARS": "051620012012", "GEN": "Jüchen", "BEZ": "Stadt", "NUTS": "DEA1D", "RegioStaR7": "73", "scenario": 50, "year": 2038 }, "geometry": { "type": "Point", "coordinates": [ 6.499293177503055, 51.094666064416749 ] } },
{ "type": "Feature", "properties": { "id": "Juechen_south", "num_hh": "8", "num_cars": 1, "ARS": "051620012012", "AGS": "05162012", "ARS_0": "051620012012", "AGS_0": "05162012", "SDV_ARS": "051620012012", "GEN": "Jüchen", "BEZ": "Stadt", "NUTS": "DEA1D", "RegioStaR7": "73", "scenario": 50, "year": 2038 }, "geometry": { "type": "Point", "coordinates": [ 6.499410811365394, 51.094444431150876 ] } },
{ "type": "Feature", "properties": { "id": "Juechen_south", "num_hh": "8", "num_cars": 1, "ARS": "051620012012", "AGS": "05162012", "ARS_0": "051620012012", "AGS_0": "05162012", "SDV_ARS": "051620012012", "GEN": "Jüchen", "BEZ": "Stadt", "NUTS": "DEA1D", "RegioStaR7": "73", "scenario": 50, "year": 2038 }, "geometry": { "type": "Point", "coordinates": [ 6.499528445227732, 51.094241266390625 ] } },
{ "type": "Feature", "properties": { "id": "Juechen_south", "num_hh": "8", "num_cars": 1, "ARS": "051620012012", "AGS": "05162012", "ARS_0": "051620012012", "AGS_0": "05162012", "SDV_ARS": "051620012012", "GEN": "Jüchen", "BEZ": "Stadt", "NUTS": "DEA1D", "RegioStaR7": "73", "scenario": 50, "year": 2038 }, "geometry": { "type": "Point", "coordinates": [ 6.499749008719614, 51.095257079967205 ] } },
{ "type": "Feature", "properties": { "id": "Juechen_south", "num_hh": "8", "num_cars": 1, "ARS": "051620012012", "AGS": "05162012", "ARS_0": "051620012012", "AGS_0": "05162012", "SDV_ARS": "051620012012", "GEN": "Jüchen", "BEZ": "Stadt", "NUTS": "DEA1D", "RegioStaR7": "73", "scenario": 50, "year": 2038 }, "geometry": { "type": "Point", "coordinates": [ 6.499807825650783, 51.095090857773158 ] } },
{ "type": "Feature", "properties": { "id": "Juechen_south", "num_hh": "8", "num_cars": 1, "ARS": "051620012012", "AGS": "05162012", "ARS_0": "051620012012", "AGS_0": "05162012", "SDV_ARS": "051620012012", "GEN": "Jüchen", "BEZ": "Stadt", "NUTS": "DEA1D", "RegioStaR7": "73", "scenario": 50, "year": 2038 }, "geometry": { "type": "Point", "coordinates": [ 6.499881346814744, 51.094906165745613 ] } },
{ "type": "Feature", "properties": { "id": "Juechen_south", "num_hh": "8", "num_cars": 1, "ARS": "051620012012", "AGS": "05162012", "ARS_0": "051620012012", "AGS_0": "05162012", "SDV_ARS": "051620012012", "GEN": "Jüchen", "BEZ": "Stadt", "NUTS": "DEA1D", "RegioStaR7": "73", "scenario": 50, "year": 2038 }, "geometry": { "type": "Point", "coordinates": [ 6.499969572211498, 51.09472147298036 ] } },
{ "type": "Feature", "properties": { "id": "Juechen_south", "num_hh": "8", "num_cars": 1, "ARS": "051620012012", "AGS": "05162012", "ARS_0": "051620012012", "AGS_0": "05162012", "SDV_ARS": "051620012012", "GEN": "Jüchen", "BEZ": "Stadt", "NUTS": "DEA1D", "RegioStaR7": "73", "scenario": 50, "year": 2038 }, "geometry": { "type": "Point", "coordinates": [ 6.500087206073836, 51.094518310086521 ] } },
{ "type": "Feature", "properties": { "id": "Juechen_south", "num_hh": "8", "num_cars": 1, "ARS": "051620012012", "AGS": "05162012", "ARS_0": "051620012012", "AGS_0": "05162012", "SDV_ARS": "051620012012", "GEN": "Jüchen", "BEZ": "Stadt", "NUTS": "DEA1D", "RegioStaR7": "73", "scenario": 50, "year": 2038 }, "geometry": { "type": "Point", "coordinates": [ 6.500204839936175, 51.094296676820647 ] } },
{ "type": "Feature", "properties": { "id": "Juechen_south", "num_hh": "8", "num_cars": 1, "ARS": "051620012012", "AGS": "05162012", "ARS_0": "051620012012", "AGS_0": "05162012", "SDV_ARS": "051620012012", "GEN": "Jüchen", "BEZ": "Stadt", "NUTS": "DEA1D", "RegioStaR7": "73", "scenario": 50, "year": 2038 }, "geometry": { "type": "Point", "coordinates": [ 6.50011661453942, 51.095229375977709 ] } },
{ "type": "Feature", "properties": { "id": "Juechen_south", "num_hh": "8", "num_cars": 1, "ARS": "051620012012", "AGS": "05162012", "ARS_0": "051620012012", "AGS_0": "05162012", "SDV_ARS": "051620012012", "GEN": "Jüchen", "BEZ": "Stadt", "NUTS": "DEA1D", "RegioStaR7": "73", "scenario": 50, "year": 2038 }, "geometry": { "type": "Point", "coordinates": [ 6.50017543147059, 51.095063153783663 ] } },
{ "type": "Feature", "properties": { "id": "Juechen_south", "num_hh": "8", "num_cars": 1, "ARS": "051620012012", "AGS": "05162012", "ARS_0": "051620012012", "AGS_0": "05162012", "SDV_ARS": "051620012012", "GEN": "Jüchen", "BEZ": "Stadt", "NUTS": "DEA1D", "RegioStaR7": "73", "scenario": 50, "year": 2038 }, "geometry": { "type": "Point", "coordinates": [ 6.500248952634551, 51.094878461756117 ] } },
{ "type": "Feature", "properties": { "id": "Juechen_south", "num_hh": "8", "num_cars": 1, "ARS": "051620012012", "AGS": "05162012", "ARS_0": "051620012012", "AGS_0": "05162012", "SDV_ARS": "051620012012", "GEN": "Jüchen", "BEZ": "Stadt", "NUTS": "DEA1D", "RegioStaR7": "73", "scenario": 50, "year": 2038 }, "geometry": { "type": "Point", "coordinates": [ 6.500337178031304, 51.094693768990865 ] } },
{ "type": "Feature", "properties": { "id": "Juechen_south", "num_hh": "8", "num_cars": 1, "ARS": "051620012012", "AGS": "05162012", "ARS_0": "051620012012", "AGS_0": "05162012", "SDV_ARS": "051620012012", "GEN": "Jüchen", "BEZ": "Stadt", "NUTS": "DEA1D", "RegioStaR7": "73", "scenario": 50, "year": 2038 }, "geometry": { "type": "Point", "coordinates": [ 6.500454811893642, 51.094490606097025 ] } },
{ "type": "Feature", "properties": { "id": "Juechen_south", "num_hh": "8", "num_cars": 1, "ARS": "051620012012", "AGS": "05162012", "ARS_0": "051620012012", "AGS_0": "05162012", "SDV_ARS": "051620012012", "GEN": "Jüchen", "BEZ": "Stadt", "NUTS": "DEA1D", "RegioStaR7": "73", "scenario": 50, "year": 2038 }, "geometry": { "type": "Point", "coordinates": [ 6.500572445755981, 51.094268972831152 ] } },
{ "type": "Feature", "properties": { "id": "Juechen_south", "num_hh": "8", "num_cars": 1, "ARS": "051620012012", "AGS": "05162012", "ARS_0": "051620012012", "AGS_0": "05162012", "SDV_ARS": "051620012012", "GEN": "Jüchen", "BEZ": "Stadt", "NUTS": "DEA1D", "RegioStaR7": "73", "scenario": 50, "year": 2038 }, "geometry": { "type": "Point", "coordinates": [ 6.500807713480657, 51.095229375977709 ] } },
{ "type": "Feature", "properties": { "id": "Juechen_south", "num_hh": "8", "num_cars": 1, "ARS": "051620012012", "AGS": "05162012", "ARS_0": "051620012012", "AGS_0": "05162012", "SDV_ARS": "051620012012", "GEN": "Jüchen", "BEZ": "Stadt", "NUTS": "DEA1D", "RegioStaR7": "73", "scenario": 50, "year": 2038 }, "geometry": { "type": "Point", "coordinates": [ 6.500866530411826, 51.095063153783663 ] } },
{ "type": "Feature", "properties": { "id": "Juechen_south", "num_hh": "8", "num_cars": 1, "ARS": "051620012012", "AGS": "05162012", "ARS_0": "051620012012", "AGS_0": "05162012", "SDV_ARS": "051620012012", "GEN": "Jüchen", "BEZ": "Stadt", "NUTS": "DEA1D", "RegioStaR7": "73", "scenario": 50, "year": 2038 }, "geometry": { "type": "Point", "coordinates": [ 6.500940051575787, 51.094878461756117 ] } },
{ "type": "Feature", "properties": { "id": "Juechen_south", "num_hh": "8", "num_cars": 1, "ARS": "051620012012", "AGS": "05162012", "ARS_0": "051620012012", "AGS_0": "05162012", "SDV_ARS": "051620012012", "GEN": "Jüchen", "BEZ": "Stadt", "NUTS": "DEA1D", "RegioStaR7": "73", "scenario": 50, "year": 2038 }, "geometry": { "type": "Point", "coordinates": [ 6.501028276972541, 51.094693768990865 ] } },
{ "type": "Feature", "properties": { "id": "Juechen_south", "num_hh": "8", "num_cars": 1, "ARS": "051620012012", "AGS": "05162012", "ARS_0": "051620012012", "AGS_0": "05162012", "SDV_ARS": "051620012012", "GEN": "Jüchen", "BEZ": "Stadt", "NUTS": "DEA1D", "RegioStaR7": "73", "scenario": 50, "year": 2038 }, "geometry": { "type": "Point", "coordinates": [ 6.501145910834879, 51.094490606097025 ] } },
{ "type": "Feature", "properties": { "id": "Juechen_south", "num_hh": "8", "num_cars": 1, "ARS": "051620012012", "AGS": "05162012", "ARS_0": "051620012012", "AGS_0": "05162012", "SDV_ARS": "051620012012", "GEN": "Jüchen", "BEZ": "Stadt", "NUTS": "DEA1D", "RegioStaR7": "73", "scenario": 50, "year": 2038 }, "geometry": { "type": "Point", "coordinates": [ 6.501263544697218, 51.094268972831152 ] } },
{ "type": "Feature", "properties": { "id": "Nievenheim_station", "num_hh": "8", "num_cars": 1, "ARS": "051620004004", "AGS": "05162004", "ARS_0": "051620004004", "AGS_0": "05162004", "SDV_ARS": "051620004004", "GEN": "Dormagen", "BEZ": "Stadt", "NUTS": "DEA1D", "RegioStaR7": "73", "scenario": 50, "year": 2038 }, "geometry": { "type": "Point", "coordinates": [ 6.781234476339686, 51.123788473196875 ] } },
{ "type": "Feature", "properties": { "id": "Nievenheim_station", "num_hh": "8", "num_cars": 1, "ARS": "051620004004", "AGS": "05162004", "ARS_0": "051620004004", "AGS_0": "05162004", "SDV_ARS": "051620004004", "GEN": "Dormagen", "BEZ": "Stadt", "NUTS": "DEA1D", "RegioStaR7": "73", "scenario": 50, "year": 2038 }, "geometry": { "type": "Point", "coordinates": [ 6.780992000751847, 51.1239419789799 ] } },
{ "type": "Feature", "properties": { "id": "Nievenheim_station", "num_hh": "8", "num_cars": 1, "ARS": "051620004004", "AGS": "05162004", "ARS_0": "051620004004", "AGS_0": "05162004", "SDV_ARS": "051620004004", "GEN": "Dormagen", "BEZ": "Stadt", "NUTS": "DEA1D", "RegioStaR7": "73", "scenario": 50, "year": 2038 }, "geometry": { "type": "Point", "coordinates": [ 6.780707226194622, 51.12411130695974 ] } },
{ "type": "Feature", "properties": { "id": "Nievenheim_station", "num_hh": "8", "num_cars": 1, "ARS": "051620004004", "AGS": "05162004", "ARS_0": "051620004004", "AGS_0": "05162004", "SDV_ARS": "051620004004", "GEN": "Dormagen", "BEZ": "Stadt", "NUTS": "DEA1D", "RegioStaR7": "73", "scenario": 50, "year": 2038 }, "geometry": { "type": "Point", "coordinates": [ 6.780467416041168, 51.124299448431579 ] } },
{ "type": "Feature", "properties": { "id": "Nievenheim_station", "num_hh": "8", "num_cars": 1, "ARS": "051620004004", "AGS": "05162004", "ARS_0": "051620004004", "AGS_0": "05162004", "SDV_ARS": "051620004004", "GEN": "Dormagen", "BEZ": "Stadt", "NUTS": "DEA1D", "RegioStaR7": "73", "scenario": 50, "year": 2038 }, "geometry": { "type": "Point", "coordinates": [ 6.780302546560669, 51.124421739977336 ] } },
{ "type": "Feature", "properties": { "id": "Nievenheim_station", "num_hh": "8", "num_cars": 1, "ARS": "051620004004", "AGS": "05162004", "ARS_0": "051620004004", "AGS_0": "05162004", "SDV_ARS": "051620004004", "GEN": "Dormagen", "BEZ": "Stadt", "NUTS": "DEA1D", "RegioStaR7": "73", "scenario": 50, "year": 2038 }, "geometry": { "type": "Point", "coordinates": [ 6.78012268894558, 51.12456284520475 ] } },
{ "type": "Feature", "properties": { "id": "Nievenheim_station", "num_hh": "8", "num_cars": 1, "ARS": "051620004004", "AGS": "05162004", "ARS_0": "051620004004", "AGS_0": "05162004", "SDV_ARS": "051620004004", "GEN": "Dormagen", "BEZ": "Stadt", "NUTS": "DEA1D", "RegioStaR7": "73", "scenario": 50, "year": 2038 }, "geometry": { "type": "Point", "coordinates": [ 6.779867890657536, 51.124732170908672 ] } },
{ "type": "Feature", "properties": { "id": "Nievenheim_station", "num_hh": "8", "num_cars": 1, "ARS": "051620004004", "AGS": "05162004", "ARS_0": "051620004004", "AGS_0": "05162004", "SDV_ARS": "051620004004", "GEN": "Dormagen", "BEZ": "Stadt", "NUTS": "DEA1D", "RegioStaR7": "73", "scenario": 50, "year": 2038 }, "geometry": { "type": "Point", "coordinates": [ 6.779658056773265, 51.124901495991871 ] } },
{ "type": "Feature", "properties": { "id": "Nievenheim_station", "num_hh": "8", "num_cars": 1, "ARS": "051620004004", "AGS": "05162004", "ARS_0": "051620004004", "AGS_0": "05162004", "SDV_ARS": "051620004004", "GEN": "Dormagen", "BEZ": "Stadt", "NUTS": "DEA1D", "RegioStaR7": "73", "scenario": 50, "year": 2038 }, "geometry": { "type": "Point", "coordinates": [ 6.779418246619811, 51.125070820454368 ] } },
{ "type": "Feature", "properties": { "id": "Nievenheim_station", "num_hh": "8", "num_cars": 1, "ARS": "051620004004", "AGS": "05162004", "ARS_0": "051620004004", "AGS_0": "05162004", "SDV_ARS": "051620004004", "GEN": "Dormagen", "BEZ": "Stadt", "NUTS": "DEA1D", "RegioStaR7": "73", "scenario": 50, "year": 2038 }, "geometry": { "type": "Point", "coordinates": [ 6.77920841273554, 51.12524955115807 ] } },
{ "type": "Feature", "properties": { "id": "Nievenheim_station", "num_hh": "8", "num_cars": 1, "ARS": "051620004004", "AGS": "05162004", "ARS_0": "051620004004", "AGS_0": "05162004", "SDV_ARS": "051620004004", "GEN": "Dormagen", "BEZ": "Stadt", "NUTS": "DEA1D", "RegioStaR7": "73", "scenario": 50, "year": 2038 }, "geometry": { "type": "Point", "coordinates": [ 6.778998578851269, 51.125390653856698 ] } },
{ "type": "Feature", "properties": { "id": "Nievenheim_station", "num_hh": "8", "num_cars": 1, "ARS": "051620004004", "AGS": "05162004", "ARS_0": "051620004004", "AGS_0": "05162004", "SDV_ARS": "051620004004", "GEN": "Dormagen", "BEZ": "Stadt", "NUTS": "DEA1D", "RegioStaR7": "73", "scenario": 50, "year": 2038 }, "geometry": { "type": "Point", "coordinates": [ 6.778728792428634, 51.125541162926773 ] } },
{ "type": "Feature", "properties": { "id": "Nievenheim_station", "num_hh": "8", "num_cars": 1, "ARS": "051620004004", "AGS": "05162004", "ARS_0": "051620004004", "AGS_0": "05162004", "SDV_ARS": "051620004004", "GEN": "Dormagen", "BEZ": "Stadt", "NUTS": "DEA1D", "RegioStaR7": "73", "scenario": 50, "year": 2038 }, "geometry": { "type": "Point", "coordinates": [ 6.778518958544364, 51.125729298574718 ] } },
{ "type": "Feature", "properties": { "id": "Nievenheim_station", "num_hh": "8", "num_cars": 1, "ARS": "051620004004", "AGS": "05162004", "ARS_0": "051620004004", "AGS_0": "05162004", "SDV_ARS": "051620004004", "GEN": "Dormagen", "BEZ": "Stadt", "NUTS": "DEA1D", "RegioStaR7": "73", "scenario": 50, "year": 2038 }, "geometry": { "type": "Point", "coordinates": [ 6.77827914839091, 51.125908026730471 ] } },
{ "type": "Feature", "properties": { "id": "Nievenheim_station", "num_hh": "8", "num_cars": 1, "ARS": "051620004004", "AGS": "05162004", "ARS_0": "051620004004", "AGS_0": "05162004", "SDV_ARS": "051620004004", "GEN": "Dormagen", "BEZ": "Stadt", "NUTS": "DEA1D", "RegioStaR7": "73", "scenario": 50, "year": 2038 }, "geometry": { "type": "Point", "coordinates": [ 6.778069314506639, 51.126049127417552 ] } },
{ "type": "Feature", "properties": { "id": "Nievenheim_station", "num_hh": "8", "num_cars": 1, "ARS": "051620004004", "AGS": "05162004", "ARS_0": "051620004004", "AGS_0": "05162004", "SDV_ARS": "051620004004", "GEN": "Dormagen", "BEZ": "Stadt", "NUTS": "DEA1D", "RegioStaR7": "73", "scenario": 50, "year": 2038 }, "geometry": { "type": "Point", "coordinates": [ 6.777829504353186, 51.126180821003267 ] } },
{ "type": "Feature", "properties": { "id": "Nievenheim_station", "num_hh": "8", "num_cars": 1, "ARS": "051620004004", "AGS": "05162004", "ARS_0": "051620004004", "AGS_0": "05162004", "SDV_ARS": "051620004004", "GEN": "Dormagen", "BEZ": "Stadt", "NUTS": "DEA1D", "RegioStaR7": "73", "scenario": 50, "year": 2038 }, "geometry": { "type": "Point", "coordinates": [ 6.780679915359827, 51.123515679146301 ] } },
{ "type": "Feature", "properties": { "id": "Nievenheim_station", "num_hh": "8", "num_cars": 1, "ARS": "051620004004", "AGS": "05162004", "ARS_0": "051620004004", "AGS_0": "05162004", "SDV_ARS": "051620004004", "GEN": "Dormagen", "BEZ": "Stadt", "NUTS": "DEA1D", "RegioStaR7": "73", "scenario": 50, "year": 2038 }, "geometry": { "type": "Point", "coordinates": [ 6.780437439771988, 51.123669184929327 ] } },
{ "type": "Feature", "properties": { "id": "Nievenheim_station", "num_hh": "8", "num_cars": 1, "ARS": "051620004004", "AGS": "05162004", "ARS_0": "051620004004", "AGS_0": "05162004", "SDV_ARS": "051620004004", "GEN": "Dormagen", "BEZ": "Stadt", "NUTS": "DEA1D", "RegioStaR7": "73", "scenario": 50, "year": 2038 }, "geometry": { "type": "Point", "coordinates": [ 6.780152665214763, 51.123838512909167 ] } },
{ "type": "Feature", "properties": { "id": "Nievenheim_station", "num_hh": "8", "num_cars": 1, "ARS": "051620004004", "AGS": "05162004", "ARS_0": "051620004004", "AGS_0": "05162004", "SDV_ARS": "051620004004", "GEN": "Dormagen", "BEZ": "Stadt", "NUTS": "DEA1D", "RegioStaR7": "73", "scenario": 50, "year": 2038 }, "geometry": { "type": "Point", "coordinates": [ 6.779912855061308, 51.124026654381005 ] } },
{ "type": "Feature", "properties": { "id": "Nievenheim_station", "num_hh": "8", "num_cars": 1, "ARS": "051620004004", "AGS": "05162004", "ARS_0": "051620004004", "AGS_0": "05162004", "SDV_ARS": "051620004004", "GEN": "Dormagen", "BEZ": "Stadt", "NUTS": "DEA1D", "RegioStaR7": "73", "scenario": 50, "year": 2038 }, "geometry": { "type": "Point", "coordinates": [ 6.77974798558081, 51.124148945926763 ] } },
{ "type": "Feature", "properties": { "id": "Nievenheim_station", "num_hh": "8", "num_cars": 1, "ARS": "051620004004", "AGS": "05162004", "ARS_0": "051620004004", "AGS_0": "05162004", "SDV_ARS": "051620004004", "GEN": "Dormagen", "BEZ": "Stadt", "NUTS": "DEA1D", "RegioStaR7": "73", "scenario": 50, "year": 2038 }, "geometry": { "type": "Point", "coordinates": [ 6.779568127965721, 51.124290051154176 ] } },
{ "type": "Feature", "properties": { "id": "Nievenheim_station", "num_hh": "8", "num_cars": 1, "ARS": "051620004004", "AGS": "05162004", "ARS_0": "051620004004", "AGS_0": "05162004", "SDV_ARS": "051620004004", "GEN": "Dormagen", "BEZ": "Stadt", "NUTS": "DEA1D", "RegioStaR7": "73", "scenario": 50, "year": 2038 }, "geometry": { "type": "Point", "coordinates": [ 6.779313329677677, 51.124459376858098 ] } },
{ "type": "Feature", "properties": { "id": "Nievenheim_station", "num_hh": "8", "num_cars": 1, "ARS": "051620004004", "AGS": "05162004", "ARS_0": "051620004004", "AGS_0": "05162004", "SDV_ARS": "051620004004", "GEN": "Dormagen", "BEZ": "Stadt", "NUTS": "DEA1D", "RegioStaR7": "73", "scenario": 50, "year": 2038 }, "geometry": { "type": "Point", "coordinates": [ 6.779103495793406, 51.124628701941297 ] } },
{ "type": "Feature", "properties": { "id": "Nievenheim_station", "num_hh": "8", "num_cars": 1, "ARS": "051620004004", "AGS": "05162004", "ARS_0": "051620004004", "AGS_0": "05162004", "SDV_ARS": "051620004004", "GEN": "Dormagen", "BEZ": "Stadt", "NUTS": "DEA1D", "RegioStaR7": "73", "scenario": 50, "year": 2038 }, "geometry": { "type": "Point", "coordinates": [ 6.778863685639951, 51.124798026403795 ] } },
{ "type": "Feature", "properties": { "id": "Nievenheim_station", "num_hh": "8", "num_cars": 1, "ARS": "051620004004", "AGS": "05162004", "ARS_0": "051620004004", "AGS_0": "05162004", "SDV_ARS": "051620004004", "GEN": "Dormagen", "BEZ": "Stadt", "NUTS": "DEA1D", "RegioStaR7": "73", "scenario": 50, "year": 2038 }, "geometry": { "type": "Point", "coordinates": [ 6.77865385175568, 51.124976757107497 ] } },
{ "type": "Feature", "properties": { "id": "Nievenheim_station", "num_hh": "8", "num_cars": 1, "ARS": "051620004004", "AGS": "05162004", "ARS_0": "051620004004", "AGS_0": "05162004", "SDV_ARS": "051620004004", "GEN": "Dormagen", "BEZ": "Stadt", "NUTS": "DEA1D", "RegioStaR7": "73", "scenario": 50, "year": 2038 }, "geometry": { "type": "Point", "coordinates": [ 6.77844401787141, 51.125117859806124 ] } },
{ "type": "Feature", "properties": { "id": "Nievenheim_station", "num_hh": "8", "num_cars": 1, "ARS": "051620004004", "AGS": "05162004", "ARS_0": "051620004004", "AGS_0": "05162004", "SDV_ARS": "051620004004", "GEN": "Dormagen", "BEZ": "Stadt", "NUTS": "DEA1D", "RegioStaR7": "73", "scenario": 50, "year": 2038 }, "geometry": { "type": "Point", "coordinates": [ 6.778174231448775, 51.125268368876199 ] } },
{ "type": "Feature", "properties": { "id": "Nievenheim_station", "num_hh": "8", "num_cars": 1, "ARS": "051620004004", "AGS": "05162004", "ARS_0": "051620004004", "AGS_0": "05162004", "SDV_ARS": "051620004004", "GEN": "Dormagen", "BEZ": "Stadt", "NUTS": "DEA1D", "RegioStaR7": "73", "scenario": 50, "year": 2038 }, "geometry": { "type": "Point", "coordinates": [ 6.777964397564505, 51.125456504524145 ] } },
{ "type": "Feature", "properties": { "id": "Nievenheim_station", "num_hh": "8", "num_cars": 1, "ARS": "051620004004", "AGS": "05162004", "ARS_0": "051620004004", "AGS_0": "05162004", "SDV_ARS": "051620004004", "GEN": "Dormagen", "BEZ": "Stadt", "NUTS": "DEA1D", "RegioStaR7": "73", "scenario": 50, "year": 2038 }, "geometry": { "type": "Point", "coordinates": [ 6.777724587411051, 51.125635232679898 ] } },
{ "type": "Feature", "properties": { "id": "Nievenheim_station", "num_hh": "8", "num_cars": 1, "ARS": "051620004004", "AGS": "05162004", "ARS_0": "051620004004", "AGS_0": "05162004", "SDV_ARS": "051620004004", "GEN": "Dormagen", "BEZ": "Stadt", "NUTS": "DEA1D", "RegioStaR7": "73", "scenario": 50, "year": 2038 }, "geometry": { "type": "Point", "coordinates": [ 6.77751475352678, 51.125776333366979 ] } },
{ "type": "Feature", "properties": { "id": "Nievenheim_station", "num_hh": "8", "num_cars": 1, "ARS": "051620004004", "AGS": "05162004", "ARS_0": "051620004004", "AGS_0": "05162004", "SDV_ARS": "051620004004", "GEN": "Dormagen", "BEZ": "Stadt", "NUTS": "DEA1D", "RegioStaR7": "73", "scenario": 50, "year": 2038 }, "geometry": { "type": "Point", "coordinates": [ 6.777274943373327, 51.125908026952693 ] } },
{ "type": "Feature", "properties": { "id": "Nievenheim_station", "num_hh": "8", "num_cars": 1, "ARS": "051620004004", "AGS": "05162004", "ARS_0": "051620004004", "AGS_0": "05162004", "SDV_ARS": "051620004004", "GEN": "Dormagen", "BEZ": "Stadt", "NUTS": "DEA1D", "RegioStaR7": "73", "scenario": 50, "year": 2038 }, "geometry": { "type": "Point", "coordinates": [ 6.780305211995056, 51.123346357890753 ] } },
{ "type": "Feature", "properties": { "id": "Nievenheim_station", "num_hh": "8", "num_cars": 1, "ARS": "051620004004", "AGS": "05162004", "ARS_0": "051620004004", "AGS_0": "05162004", "SDV_ARS": "051620004004", "GEN": "Dormagen", "BEZ": "Stadt", "NUTS": "DEA1D", "RegioStaR7": "73", "scenario": 50, "year": 2038 }, "geometry": { "type": "Point", "coordinates": [ 6.780062736407217, 51.123499863673779 ] } },
{ "type": "Feature", "properties": { "id": "Nievenheim_station", "num_hh": "8", "num_cars": 1, "ARS": "051620004004", "AGS": "05162004", "ARS_0": "051620004004", "AGS_0": "05162004", "SDV_ARS": "051620004004", "GEN": "Dormagen", "BEZ": "Stadt", "NUTS": "DEA1D", "RegioStaR7": "73", "scenario": 50, "year": 2038 }, "geometry": { "type": "Point", "coordinates": [ 6.779777961849992, 51.123669191653619 ] } },
{ "type": "Feature", "properties": { "id": "Nievenheim_station", "num_hh": "8", "num_cars": 1, "ARS": "051620004004", "AGS": "05162004", "ARS_0": "051620004004", "AGS_0": "05162004", "SDV_ARS": "051620004004", "GEN": "Dormagen", "BEZ": "Stadt", "NUTS": "DEA1D", "RegioStaR7": "73", "scenario": 50, "year": 2038 }, "geometry": { "type": "Point", "coordinates": [ 6.779538151696538, 51.123857333125457 ] } },
{ "type": "Feature", "properties": { "id": "Nievenheim_station", "num_hh": "8", "num_cars": 1, "ARS": "051620004004", "AGS": "05162004", "ARS_0": "051620004004", "AGS_0": "05162004", "SDV_ARS": "051620004004", "GEN": "Dormagen", "BEZ": "Stadt", "NUTS": "DEA1D", "RegioStaR7": "73", "scenario": 50, "year": 2038 }, "geometry": { "type": "Point", "coordinates": [ 6.77937328221604, 51.123979624671215 ] } },
{ "type": "Feature", "properties": { "id": "Nievenheim_station", "num_hh": "8", "num_cars": 1, "ARS": "051620004004", "AGS": "05162004", "ARS_0": "051620004004", "AGS_0": "05162004", "SDV_ARS": "051620004004", "GEN": "Dormagen", "BEZ": "Stadt", "NUTS": "DEA1D", "RegioStaR7": "73", "scenario": 50, "year": 2038 }, "geometry": { "type": "Point", "coordinates": [ 6.77919342460095, 51.124120729898628 ] } },
{ "type": "Feature", "properties": { "id": "Nievenheim_station", "num_hh": "8", "num_cars": 1, "ARS": "051620004004", "AGS": "05162004", "ARS_0": "051620004004", "AGS_0": "05162004", "SDV_ARS": "051620004004", "GEN": "Dormagen", "BEZ": "Stadt", "NUTS": "DEA1D", "RegioStaR7": "73", "scenario": 50, "year": 2038 }, "geometry": { "type": "Point", "coordinates": [ 6.778938626312907, 51.12429005560255 ] } },
{ "type": "Feature", "properties": { "id": "Nievenheim_station", "num_hh": "8", "num_cars": 1, "ARS": "051620004004", "AGS": "05162004", "ARS_0": "051620004004", "AGS_0": "05162004", "SDV_ARS": "051620004004", "GEN": "Dormagen", "BEZ": "Stadt", "NUTS": "DEA1D", "RegioStaR7": "73", "scenario": 50, "year": 2038 }, "geometry": { "type": "Point", "coordinates": [ 6.778728792428635, 51.124459380685749 ] } },
{ "type": "Feature", "properties": { "id": "Nievenheim_station", "num_hh": "8", "num_cars": 1, "ARS": "051620004004", "AGS": "05162004", "ARS_0": "051620004004", "AGS_0": "05162004", "SDV_ARS": "051620004004", "GEN": "Dormagen", "BEZ": "Stadt", "NUTS": "DEA1D", "RegioStaR7": "73", "scenario": 50, "year": 2038 }, "geometry": { "type": "Point", "coordinates": [ 6.778488982275181, 51.124628705148247 ] } },
{ "type": "Feature", "properties": { "id": "Nievenheim_station", "num_hh": "8", "num_cars": 1, "ARS": "051620004004", "AGS": "05162004", "ARS_0": "051620004004", "AGS_0": "05162004", "SDV_ARS": "051620004004", "GEN": "Dormagen", "BEZ": "Stadt", "NUTS": "DEA1D", "RegioStaR7": "73", "scenario": 50, "year": 2038 }, "geometry": { "type": "Point", "coordinates": [ 6.77827914839091, 51.124807435851949 ] } },
{ "type": "Feature", "properties": { "id": "Nievenheim_station", "num_hh": "8", "num_cars": 1, "ARS": "051620004004", "AGS": "05162004", "ARS_0": "051620004004", "AGS_0": "05162004", "SDV_ARS": "051620004004", "GEN": "Dormagen", "BEZ": "Stadt", "NUTS": "DEA1D", "RegioStaR7": "73", "scenario": 50, "year": 2038 }, "geometry": { "type": "Point", "coordinates": [ 6.778069314506639, 51.124948538550576 ] } },
{ "type": "Feature", "properties": { "id": "Nievenheim_station", "num_hh": "8", "num_cars": 1, "ARS": "051620004004", "AGS": "05162004", "ARS_0": "051620004004", "AGS_0": "05162004", "SDV_ARS": "051620004004", "GEN": "Dormagen", "BEZ": "Stadt", "NUTS": "DEA1D", "RegioStaR7": "73", "scenario": 50, "year": 2038 }, "geometry": { "type": "Point", "coordinates": [ 6.777799528084004, 51.125099047620651 ] } },
{ "type": "Feature", "properties": { "id": "Nievenheim_station", "num_hh": "8", "num_cars": 1, "ARS": "051620004004", "AGS": "05162004", "ARS_0": "051620004004", "AGS_0": "05162004", "SDV_ARS": "051620004004", "GEN": "Dormagen", "BEZ": "Stadt", "NUTS": "DEA1D", "RegioStaR7": "73", "scenario": 50, "year": 2038 }, "geometry": { "type": "Point", "coordinates": [ 6.777589694199734, 51.125287183268597 ] } },
{ "type": "Feature", "properties": { "id": "Nievenheim_station", "num_hh": "8", "num_cars": 1, "ARS": "051620004004", "AGS": "05162004", "ARS_0": "051620004004", "AGS_0": "05162004", "SDV_ARS": "051620004004", "GEN": "Dormagen", "BEZ": "Stadt", "NUTS": "DEA1D", "RegioStaR7": "73", "scenario": 50, "year": 2038 }, "geometry": { "type": "Point", "coordinates": [ 6.77734988404628, 51.125465911424349 ] } },
{ "type": "Feature", "properties": { "id": "Nievenheim_station", "num_hh": "8", "num_cars": 1, "ARS": "051620004004", "AGS": "05162004", "ARS_0": "051620004004", "AGS_0": "05162004", "SDV_ARS": "051620004004", "GEN": "Dormagen", "BEZ": "Stadt", "NUTS": "DEA1D", "RegioStaR7": "73", "scenario": 50, "year": 2038 }, "geometry": { "type": "Point", "coordinates": [ 6.777140050162009, 51.125607012111431 ] } },
{ "type": "Feature", "properties": { "id": "Nievenheim_station", "num_hh": "8", "num_cars": 1, "ARS": "051620004004", "AGS": "05162004", "ARS_0": "051620004004", "AGS_0": "05162004", "SDV_ARS": "051620004004", "GEN": "Dormagen", "BEZ": "Stadt", "NUTS": "DEA1D", "RegioStaR7": "73", "scenario": 50, "year": 2038 }, "geometry": { "type": "Point", "coordinates": [ 6.776900240008557, 51.125738705697145 ] } },
{ "type": "Feature", "properties": { "id": "Nievenheim_station", "num_hh": "8", "num_cars": 1, "ARS": "051620004004", "AGS": "05162004", "ARS_0": "051620004004", "AGS_0": "05162004", "SDV_ARS": "051620004004", "GEN": "Dormagen", "BEZ": "Stadt", "NUTS": "DEA1D", "RegioStaR7": "73", "scenario": 50, "year": 2038 }, "geometry": { "type": "Point", "coordinates": [ 6.779660722207652, 51.123017120339235 ] } },
{ "type": "Feature", "properties": { "id": "Nievenheim_station", "num_hh": "8", "num_cars": 1, "ARS": "051620004004", "AGS": "05162004", "ARS_0": "051620004004", "AGS_0": "05162004", "SDV_ARS": "051620004004", "GEN": "Dormagen", "BEZ": "Stadt", "NUTS": "DEA1D", "RegioStaR7": "73", "scenario": 50, "year": 2038 }, "geometry": { "type": "Point", "coordinates": [ 6.779418246619812, 51.12317062612226 ] } },
{ "type": "Feature", "properties": { "id": "Nievenheim_station", "num_hh": "8", "num_cars": 1, "ARS": "051620004004", "AGS": "05162004", "ARS_0": "051620004004", "AGS_0": "05162004", "SDV_ARS": "051620004004", "GEN": "Dormagen", "BEZ": "Stadt", "NUTS": "DEA1D", "RegioStaR7": "73", "scenario": 50, "year": 2038 }, "geometry": { "type": "Point", "coordinates": [ 6.779133472062587, 51.1233399541021 ] } },
{ "type": "Feature", "properties": { "id": "Nievenheim_station", "num_hh": "8", "num_cars": 1, "ARS": "051620004004", "AGS": "05162004", "ARS_0": "051620004004", "AGS_0": "05162004", "SDV_ARS": "051620004004", "GEN": "Dormagen", "BEZ": "Stadt", "NUTS": "DEA1D", "RegioStaR7": "73", "scenario": 50, "year": 2038 }, "geometry": { "type": "Point", "coordinates": [ 6.778893661909133, 51.123528095573938 ] } },
{ "type": "Feature", "properties": { "id": "Nievenheim_station", "num_hh": "8", "num_cars": 1, "ARS": "051620004004", "AGS": "05162004", "ARS_0": "051620004004", "AGS_0": "05162004", "SDV_ARS": "051620004004", "GEN": "Dormagen", "BEZ": "Stadt", "NUTS": "DEA1D", "RegioStaR7": "73", "scenario": 50, "year": 2038 }, "geometry": { "type": "Point", "coordinates": [ 6.778728792428635, 51.123650387119696 ] } },
{ "type": "Feature", "properties": { "id": "Nievenheim_station", "num_hh": "8", "num_cars": 1, "ARS": "051620004004", "AGS": "05162004", "ARS_0": "051620004004", "AGS_0": "05162004", "SDV_ARS": "051620004004", "GEN": "Dormagen", "BEZ": "Stadt", "NUTS": "DEA1D", "RegioStaR7": "73", "scenario": 50, "year": 2038 }, "geometry": { "type": "Point", "coordinates": [ 6.778548934813545, 51.12379149234711 ] } },
{ "type": "Feature", "properties": { "id": "Nievenheim_station", "num_hh": "8", "num_cars": 1, "ARS": "051620004004", "AGS": "05162004", "ARS_0": "051620004004", "AGS_0": "05162004", "SDV_ARS": "051620004004", "GEN": "Dormagen", "BEZ": "Stadt", "NUTS": "DEA1D", "RegioStaR7": "73", "scenario": 50, "year": 2038 }, "geometry": { "type": "Point", "coordinates": [ 6.778294136525502, 51.123960818051032 ] } },
{ "type": "Feature", "properties": { "id": "Nievenheim_station", "num_hh": "8", "num_cars": 1, "ARS": "051620004004", "AGS": "05162004", "ARS_0": "051620004004", "AGS_0": "05162004", "SDV_ARS": "051620004004", "GEN": "Dormagen", "BEZ": "Stadt", "NUTS": "DEA1D", "RegioStaR7": "73", "scenario": 50, "year": 2038 }, "geometry": { "type": "Point", "coordinates": [ 6.77808430264123, 51.124130143134231 ] } },
{ "type": "Feature", "properties": { "id": "Nievenheim_station", "num_hh": "8", "num_cars": 1, "ARS": "051620004004", "AGS": "05162004", "ARS_0": "051620004004", "AGS_0": "05162004", "SDV_ARS": "051620004004", "GEN": "Dormagen", "BEZ": "Stadt", "NUTS": "DEA1D", "RegioStaR7": "73", "scenario": 50, "year": 2038 }, "geometry": { "type": "Point", "coordinates": [ 6.777844492487776, 51.124299467596728 ] } },
{ "type": "Feature", "properties": { "id": "Nievenheim_station", "num_hh": "8", "num_cars": 1, "ARS": "051620004004", "AGS": "05162004", "ARS_0": "051620004004", "AGS_0": "05162004", "SDV_ARS": "051620004004", "GEN": "Dormagen", "BEZ": "Stadt", "NUTS": "DEA1D", "RegioStaR7": "73", "scenario": 50, "year": 2038 }, "geometry": { "type": "Point", "coordinates": [ 6.777634658603505, 51.12447819830043 ] } },
{ "type": "Feature", "properties": { "id": "Nievenheim_station", "num_hh": "8", "num_cars": 1, "ARS": "051620004004", "AGS": "05162004", "ARS_0": "051620004004", "AGS_0": "05162004", "SDV_ARS": "051620004004", "GEN": "Dormagen", "BEZ": "Stadt", "NUTS": "DEA1D", "RegioStaR7": "73", "scenario": 50, "year": 2038 }, "geometry": { "type": "Point", "coordinates": [ 6.777424824719234, 51.124619300999058 ] } },
{ "type": "Feature", "properties": { "id": "Nievenheim_station", "num_hh": "8", "num_cars": 1, "ARS": "051620004004", "AGS": "05162004", "ARS_0": "051620004004", "AGS_0": "05162004", "SDV_ARS": "051620004004", "GEN": "Dormagen", "BEZ": "Stadt", "NUTS": "DEA1D", "RegioStaR7": "73", "scenario": 50, "year": 2038 }, "geometry": { "type": "Point", "coordinates": [ 6.777155038296599, 51.124769810069132 ] } },
{ "type": "Feature", "properties": { "id": "Nievenheim_station", "num_hh": "8", "num_cars": 1, "ARS": "051620004004", "AGS": "05162004", "ARS_0": "051620004004", "AGS_0": "05162004", "SDV_ARS": "051620004004", "GEN": "Dormagen", "BEZ": "Stadt", "NUTS": "DEA1D", "RegioStaR7": "73", "scenario": 50, "year": 2038 }, "geometry": { "type": "Point", "coordinates": [ 6.776945204412329, 51.124957945717078 ] } },
{ "type": "Feature", "properties": { "id": "Nievenheim_station", "num_hh": "8", "num_cars": 1, "ARS": "051620004004", "AGS": "05162004", "ARS_0": "051620004004", "AGS_0": "05162004", "SDV_ARS": "051620004004", "GEN": "Dormagen", "BEZ": "Stadt", "NUTS": "DEA1D", "RegioStaR7": "73", "scenario": 50, "year": 2038 }, "geometry": { "type": "Point", "coordinates": [ 6.776705394258875, 51.125136673872831 ] } },
{ "type": "Feature", "properties": { "id": "Nievenheim_station", "num_hh": "8", "num_cars": 1, "ARS": "051620004004", "AGS": "05162004", "ARS_0": "051620004004", "AGS_0": "05162004", "SDV_ARS": "051620004004", "GEN": "Dormagen", "BEZ": "Stadt", "NUTS": "DEA1D", "RegioStaR7": "73", "scenario": 50, "year": 2038 }, "geometry": { "type": "Point", "coordinates": [ 6.776495560374604, 51.125277774559912 ] } },
{ "type": "Feature", "properties": { "id": "Nievenheim_station", "num_hh": "8", "num_cars": 1, "ARS": "051620004004", "AGS": "05162004", "ARS_0": "051620004004", "AGS_0": "05162004", "SDV_ARS": "051620004004", "GEN": "Dormagen", "BEZ": "Stadt", "NUTS": "DEA1D", "RegioStaR7": "73", "scenario": 50, "year": 2038 }, "geometry": { "type": "Point", "coordinates": [ 6.776255750221152, 51.125409468145627 ] } },
{ "type": "Feature", "properties": { "id": "Rommerskirchen_station", "num_hh": "8", "num_cars": 1, "ARS": "051620028028", "AGS": "05162028", "ARS_0": "051620028028", "AGS_0": "05162028", "SDV_ARS": "051620028028", "GEN": "Rommerskirchen", "BEZ": "Gemeinde", "NUTS": "DEA1D", "RegioStaR7": "73", "scenario": 50, "year": 2038 }, "geometry": { "type": "Point", "coordinates": [ 6.698060700756252, 51.040511135945188 ] } },
{ "type": "Feature", "properties": { "id": "Rommerskirchen_station", "num_hh": "8", "num_cars": 1, "ARS": "051620028028", "AGS": "05162028", "ARS_0": "051620028028", "AGS_0": "05162028", "SDV_ARS": "051620028028", "GEN": "Rommerskirchen", "BEZ": "Gemeinde", "NUTS": "DEA1D", "RegioStaR7": "73", "scenario": 50, "year": 2038 }, "geometry": { "type": "Point", "coordinates": [ 6.698077222035434, 51.040698121315891 ] } },
{ "type": "Feature", "properties": { "id": "Rommerskirchen_station", "num_hh": "8", "num_cars": 1, "ARS": "051620028028", "AGS": "05162028", "ARS_0": "051620028028", "AGS_0": "05162028", "SDV_ARS": "051620028028", "GEN": "Rommerskirchen", "BEZ": "Gemeinde", "NUTS": "DEA1D", "RegioStaR7": "73", "scenario": 50, "year": 2038 }, "geometry": { "type": "Point", "coordinates": [ 6.698135588105625, 51.040899963889302 ] } },
{ "type": "Feature", "properties": { "id": "Rommerskirchen_station", "num_hh": "8", "num_cars": 1, "ARS": "051620028028", "AGS": "05162028", "ARS_0": "051620028028", "AGS_0": "05162028", "SDV_ARS": "051620028028", "GEN": "Rommerskirchen", "BEZ": "Gemeinde", "NUTS": "DEA1D", "RegioStaR7": "73", "scenario": 50, "year": 2038 }, "geometry": { "type": "Point", "coordinates": [ 6.69816477114072, 51.041092630979968 ] } },
{ "type": "Feature", "properties": { "id": "Rommerskirchen_station", "num_hh": "8", "num_cars": 1, "ARS": "051620028028", "AGS": "05162028", "ARS_0": "051620028028", "AGS_0": "05162028", "SDV_ARS": "051620028028", "GEN": "Rommerskirchen", "BEZ": "Gemeinde", "NUTS": "DEA1D", "RegioStaR7": "73", "scenario": 50, "year": 2038 }, "geometry": { "type": "Point", "coordinates": [ 6.698237728728459, 51.041312820959618 ] } },
{ "type": "Feature", "properties": { "id": "Rommerskirchen_station", "num_hh": "8", "num_cars": 1, "ARS": "051620028028", "AGS": "05162028", "ARS_0": "051620028028", "AGS_0": "05162028", "SDV_ARS": "051620028028", "GEN": "Rommerskirchen", "BEZ": "Gemeinde", "NUTS": "DEA1D", "RegioStaR7": "73", "scenario": 50, "year": 2038 }, "geometry": { "type": "Point", "coordinates": [ 6.698266911763553, 51.041523835374782 ] } },
{ "type": "Feature", "properties": { "id": "Rommerskirchen_station", "num_hh": "8", "num_cars": 1, "ARS": "051620028028", "AGS": "05162028", "ARS_0": "051620028028", "AGS_0": "05162028", "SDV_ARS": "051620028028", "GEN": "Rommerskirchen", "BEZ": "Gemeinde", "NUTS": "DEA1D", "RegioStaR7": "73", "scenario": 50, "year": 2038 }, "geometry": { "type": "Point", "coordinates": [ 6.698325277833745, 51.041725674350822 ] } },
{ "type": "Feature", "properties": { "id": "Rommerskirchen_station", "num_hh": "8", "num_cars": 1, "ARS": "051620028028", "AGS": "05162028", "ARS_0": "051620028028", "AGS_0": "05162028", "SDV_ARS": "051620028028", "GEN": "Rommerskirchen", "BEZ": "Gemeinde", "NUTS": "DEA1D", "RegioStaR7": "73", "scenario": 50, "year": 2038 }, "geometry": { "type": "Point", "coordinates": [ 6.698383643903934, 51.041945861321778 ] } },
{ "type": "Feature", "properties": { "id": "Rommerskirchen_station", "num_hh": "8", "num_cars": 1, "ARS": "051620028028", "AGS": "05162028", "ARS_0": "051620028028", "AGS_0": "05162028", "SDV_ARS": "051620028028", "GEN": "Rommerskirchen", "BEZ": "Gemeinde", "NUTS": "DEA1D", "RegioStaR7": "73", "scenario": 50, "year": 2038 }, "geometry": { "type": "Point", "coordinates": [ 6.698456601491673, 51.04215687285361 ] } },
{ "type": "Feature", "properties": { "id": "Rommerskirchen_station", "num_hh": "8", "num_cars": 1, "ARS": "051620028028", "AGS": "05162028", "ARS_0": "051620028028", "AGS_0": "05162028", "SDV_ARS": "051620028028", "GEN": "Rommerskirchen", "BEZ": "Gemeinde", "NUTS": "DEA1D", "RegioStaR7": "73", "scenario": 50, "year": 2038 }, "geometry": { "type": "Point", "coordinates": [ 6.69873191056344, 51.0404377380789 ] } },
{ "type": "Feature", "properties": { "id": "Rommerskirchen_station", "num_hh": "8", "num_cars": 1, "ARS": "051620028028", "AGS": "05162028", "ARS_0": "051620028028", "AGS_0": "05162028", "SDV_ARS": "051620028028", "GEN": "Rommerskirchen", "BEZ": "Gemeinde", "NUTS": "DEA1D", "RegioStaR7": "73", "scenario": 50, "year": 2038 }, "geometry": { "type": "Point", "coordinates": [ 6.698748431842622, 51.040624723449604 ] } },
{ "type": "Feature", "properties": { "id": "Rommerskirchen_station", "num_hh": "8", "num_cars": 1, "ARS": "051620028028", "AGS": "05162028", "ARS_0": "051620028028", "AGS_0": "05162028", "SDV_ARS": "051620028028", "GEN": "Rommerskirchen", "BEZ": "Gemeinde", "NUTS": "DEA1D", "RegioStaR7": "73", "scenario": 50, "year": 2038 }, "geometry": { "type": "Point", "coordinates": [ 6.698806797912813, 51.040826566023014 ] } },
{ "type": "Feature", "properties": { "id": "Rommerskirchen_station", "num_hh": "8", "num_cars": 1, "ARS": "051620028028", "AGS": "05162028", "ARS_0": "051620028028", "AGS_0": "05162028", "SDV_ARS": "051620028028", "GEN": "Rommerskirchen", "BEZ": "Gemeinde", "NUTS": "DEA1D", "RegioStaR7": "73", "scenario": 50, "year": 2038 }, "geometry": { "type": "Point", "coordinates": [ 6.698835980947909, 51.04101923311368 ] } },
{ "type": "Feature", "properties": { "id": "Rommerskirchen_station", "num_hh": "8", "num_cars": 1, "ARS": "051620028028", "AGS": "05162028", "ARS_0": "051620028028", "AGS_0": "05162028", "SDV_ARS": "051620028028", "GEN": "Rommerskirchen", "BEZ": "Gemeinde", "NUTS": "DEA1D", "RegioStaR7": "73", "scenario": 50, "year": 2038 }, "geometry": { "type": "Point", "coordinates": [ 6.698908938535647, 51.04123942309333 ] } },
{ "type": "Feature", "properties": { "id": "Rommerskirchen_station", "num_hh": "8", "num_cars": 1, "ARS": "051620028028", "AGS": "05162028", "ARS_0": "051620028028", "AGS_0": "05162028", "SDV_ARS": "051620028028", "GEN": "Rommerskirchen", "BEZ": "Gemeinde", "NUTS": "DEA1D", "RegioStaR7": "73", "scenario": 50, "year": 2038 }, "geometry": { "type": "Point", "coordinates": [ 6.698938121570741, 51.041450437508495 ] } },
{ "type": "Feature", "properties": { "id": "Rommerskirchen_station", "num_hh": "8", "num_cars": 1, "ARS": "051620028028", "AGS": "05162028", "ARS_0": "051620028028", "AGS_0": "05162028", "SDV_ARS": "051620028028", "GEN": "Rommerskirchen", "BEZ": "Gemeinde", "NUTS": "DEA1D", "RegioStaR7": "73", "scenario": 50, "year": 2038 }, "geometry": { "type": "Point", "coordinates": [ 6.698996487640933, 51.041652276484534 ] } },
{ "type": "Feature", "properties": { "id": "Rommerskirchen_station", "num_hh": "8", "num_cars": 1, "ARS": "051620028028", "AGS": "05162028", "ARS_0": "051620028028", "AGS_0": "05162028", "SDV_ARS": "051620028028", "GEN": "Rommerskirchen", "BEZ": "Gemeinde", "NUTS": "DEA1D", "RegioStaR7": "73", "scenario": 50, "year": 2038 }, "geometry": { "type": "Point", "coordinates": [ 6.699054853711123, 51.041872463455491 ] } },
{ "type": "Feature", "properties": { "id": "Rommerskirchen_station", "num_hh": "8", "num_cars": 1, "ARS": "051620028028", "AGS": "05162028", "ARS_0": "051620028028", "AGS_0": "05162028", "SDV_ARS": "051620028028", "GEN": "Rommerskirchen", "BEZ": "Gemeinde", "NUTS": "DEA1D", "RegioStaR7": "73", "scenario": 50, "year": 2038 }, "geometry": { "type": "Point", "coordinates": [ 6.699127811298861, 51.042083474987322 ] } },
{ "type": "Feature", "properties": { "id": "Rommerskirchen_station", "num_hh": "8", "num_cars": 1, "ARS": "051620028028", "AGS": "05162028", "ARS_0": "051620028028", "AGS_0": "05162028", "SDV_ARS": "051620028028", "GEN": "Rommerskirchen", "BEZ": "Gemeinde", "NUTS": "DEA1D", "RegioStaR7": "73", "scenario": 50, "year": 2038 }, "geometry": { "type": "Point", "coordinates": [ 6.699052923949488, 51.040419388594181 ] } },
{ "type": "Feature", "properties": { "id": "Rommerskirchen_station", "num_hh": "8", "num_cars": 1, "ARS": "051620028028", "AGS": "05162028", "ARS_0": "051620028028", "AGS_0": "05162028", "SDV_ARS": "051620028028", "GEN": "Rommerskirchen", "BEZ": "Gemeinde", "NUTS": "DEA1D", "RegioStaR7": "73", "scenario": 50, "year": 2038 }, "geometry": { "type": "Point", "coordinates": [ 6.69906944522867, 51.040606373964884 ] } },
{ "type": "Feature", "properties": { "id": "Rommerskirchen_station", "num_hh": "8", "num_cars": 1, "ARS": "051620028028", "AGS": "05162028", "ARS_0": "051620028028", "AGS_0": "05162028", "SDV_ARS": "051620028028", "GEN": "Rommerskirchen", "BEZ": "Gemeinde", "NUTS": "DEA1D", "RegioStaR7": "73", "scenario": 50, "year": 2038 }, "geometry": { "type": "Point", "coordinates": [ 6.699127811298861, 51.040808216538295 ] } },
{ "type": "Feature", "properties": { "id": "Rommerskirchen_station", "num_hh": "8", "num_cars": 1, "ARS": "051620028028", "AGS": "05162028", "ARS_0": "051620028028", "AGS_0": "05162028", "SDV_ARS": "051620028028", "GEN": "Rommerskirchen", "BEZ": "Gemeinde", "NUTS": "DEA1D", "RegioStaR7": "73", "scenario": 50, "year": 2038 }, "geometry": { "type": "Point", "coordinates": [ 6.699156994333956, 51.041000883628961 ] } },
{ "type": "Feature", "properties": { "id": "Rommerskirchen_station", "num_hh": "8", "num_cars": 1, "ARS": "051620028028", "AGS": "05162028", "ARS_0": "051620028028", "AGS_0": "05162028", "SDV_ARS": "051620028028", "GEN": "Rommerskirchen", "BEZ": "Gemeinde", "NUTS": "DEA1D", "RegioStaR7": "73", "scenario": 50, "year": 2038 }, "geometry": { "type": "Point", "coordinates": [ 6.699229951921694, 51.041221073608611 ] } },
{ "type": "Feature", "properties": { "id": "Rommerskirchen_station", "num_hh": "8", "num_cars": 1, "ARS": "051620028028", "AGS": "05162028", "ARS_0": "051620028028", "AGS_0": "05162028", "SDV_ARS": "051620028028", "GEN": "Rommerskirchen", "BEZ": "Gemeinde", "NUTS": "DEA1D", "RegioStaR7": "73", "scenario": 50, "year": 2038 }, "geometry": { "type": "Point", "coordinates": [ 6.699259134956788, 51.041432088023775 ] } },
{ "type": "Feature", "properties": { "id": "Rommerskirchen_station", "num_hh": "8", "num_cars": 1, "ARS": "051620028028", "AGS": "05162028", "ARS_0": "051620028028", "AGS_0": "05162028", "SDV_ARS": "051620028028", "GEN": "Rommerskirchen", "BEZ": "Gemeinde", "NUTS": "DEA1D", "RegioStaR7": "73", "scenario": 50, "year": 2038 }, "geometry": { "type": "Point", "coordinates": [ 6.699317501026981, 51.041633926999815 ] } },
{ "type": "Feature", "properties": { "id": "Rommerskirchen_station", "num_hh": "8", "num_cars": 1, "ARS": "051620028028", "AGS": "05162028", "ARS_0": "051620028028", "AGS_0": "05162028", "SDV_ARS": "051620028028", "GEN": "Rommerskirchen", "BEZ": "Gemeinde", "NUTS": "DEA1D", "RegioStaR7": "73", "scenario": 50, "year": 2038 }, "geometry": { "type": "Point", "coordinates": [ 6.69937586709717, 51.041854113970771 ] } },
{ "type": "Feature", "properties": { "id": "Rommerskirchen_station", "num_hh": "8", "num_cars": 1, "ARS": "051620028028", "AGS": "05162028", "ARS_0": "051620028028", "AGS_0": "05162028", "SDV_ARS": "051620028028", "GEN": "Rommerskirchen", "BEZ": "Gemeinde", "NUTS": "DEA1D", "RegioStaR7": "73", "scenario": 50, "year": 2038 }, "geometry": { "type": "Point", "coordinates": [ 6.699448824684908, 51.042065125502603 ] } },
{ "type": "Feature", "properties": { "id": "Rommerskirchen_station", "num_hh": "8", "num_cars": 1, "ARS": "051620028028", "AGS": "05162028", "ARS_0": "051620028028", "AGS_0": "05162028", "SDV_ARS": "051620028028", "GEN": "Rommerskirchen", "BEZ": "Gemeinde", "NUTS": "DEA1D", "RegioStaR7": "73", "scenario": 50, "year": 2038 }, "geometry": { "type": "Point", "coordinates": [ 6.699782499826866, 51.040336815822918 ] } },
{ "type": "Feature", "properties": { "id": "Rommerskirchen_station", "num_hh": "8", "num_cars": 1, "ARS": "051620028028", "AGS": "05162028", "ARS_0": "051620028028", "AGS_0": "05162028", "SDV_ARS": "051620028028", "GEN": "Rommerskirchen", "BEZ": "Gemeinde", "NUTS": "DEA1D", "RegioStaR7": "73", "scenario": 50, "year": 2038 }, "geometry": { "type": "Point", "coordinates": [ 6.699799021106048, 51.040523801193622 ] } },
{ "type": "Feature", "properties": { "id": "Rommerskirchen_station", "num_hh": "8", "num_cars": 1, "ARS": "051620028028", "AGS": "05162028", "ARS_0": "051620028028", "AGS_0": "05162028", "SDV_ARS": "051620028028", "GEN": "Rommerskirchen", "BEZ": "Gemeinde", "NUTS": "DEA1D", "RegioStaR7": "73", "scenario": 50, "year": 2038 }, "geometry": { "type": "Point", "coordinates": [ 6.699857387176239, 51.040725643767033 ] } },
{ "type": "Feature", "properties": { "id": "Rommerskirchen_station", "num_hh": "8", "num_cars": 1, "ARS": "051620028028", "AGS": "05162028", "ARS_0": "051620028028", "AGS_0": "05162028", "SDV_ARS": "051620028028", "GEN": "Rommerskirchen", "BEZ": "Gemeinde", "NUTS": "DEA1D", "RegioStaR7": "73", "scenario": 50, "year": 2038 }, "geometry": { "type": "Point", "coordinates": [ 6.699886570211334, 51.040918310857698 ] } },
{ "type": "Feature", "properties": { "id": "Rommerskirchen_station", "num_hh": "8", "num_cars": 1, "ARS": "051620028028", "AGS": "05162028", "ARS_0": "051620028028", "AGS_0": "05162028", "SDV_ARS": "051620028028", "GEN": "Rommerskirchen", "BEZ": "Gemeinde", "NUTS": "DEA1D", "RegioStaR7": "73", "scenario": 50, "year": 2038 }, "geometry": { "type": "Point", "coordinates": [ 6.699959527799073, 51.041138500837349 ] } },
{ "type": "Feature", "properties": { "id": "Rommerskirchen_station", "num_hh": "8", "num_cars": 1, "ARS": "051620028028", "AGS": "05162028", "ARS_0": "051620028028", "AGS_0": "05162028", "SDV_ARS": "051620028028", "GEN": "Rommerskirchen", "BEZ": "Gemeinde", "NUTS": "DEA1D", "RegioStaR7": "73", "scenario": 50, "year": 2038 }, "geometry": { "type": "Point", "coordinates": [ 6.699988710834167, 51.041349515252513 ] } },
{ "type": "Feature", "properties": { "id": "Rommerskirchen_station", "num_hh": "8", "num_cars": 1, "ARS": "051620028028", "AGS": "05162028", "ARS_0": "051620028028", "AGS_0": "05162028", "SDV_ARS": "051620028028", "GEN": "Rommerskirchen", "BEZ": "Gemeinde", "NUTS": "DEA1D", "RegioStaR7": "73", "scenario": 50, "year": 2038 }, "geometry": { "type": "Point", "coordinates": [ 6.700047076904359, 51.041551354228552 ] } },
{ "type": "Feature", "properties": { "id": "Rommerskirchen_station", "num_hh": "8", "num_cars": 1, "ARS": "051620028028", "AGS": "05162028", "ARS_0": "051620028028", "AGS_0": "05162028", "SDV_ARS": "051620028028", "GEN": "Rommerskirchen", "BEZ": "Gemeinde", "NUTS": "DEA1D", "RegioStaR7": "73", "scenario": 50, "year": 2038 }, "geometry": { "type": "Point", "coordinates": [ 6.700105442974548, 51.041771541199509 ] } },
{ "type": "Feature", "properties": { "id": "Rommerskirchen_station", "num_hh": "8", "num_cars": 1, "ARS": "051620028028", "AGS": "05162028", "ARS_0": "051620028028", "AGS_0": "05162028", "SDV_ARS": "051620028028", "GEN": "Rommerskirchen", "BEZ": "Gemeinde", "NUTS": "DEA1D", "RegioStaR7": "73", "scenario": 50, "year": 2038 }, "geometry": { "type": "Point", "coordinates": [ 6.700178400562287, 51.041982552731341 ] } },
{ "type": "Feature", "properties": { "id": "Rommerskirchen_station", "num_hh": "8", "num_cars": 1, "ARS": "051620028028", "AGS": "05162028", "ARS_0": "051620028028", "AGS_0": "05162028", "SDV_ARS": "051620028028", "GEN": "Rommerskirchen", "BEZ": "Gemeinde", "NUTS": "DEA1D", "RegioStaR7": "73", "scenario": 50, "year": 2038 }, "geometry": { "type": "Point", "coordinates": [ 6.700132696248007, 51.040290941997526 ] } },
{ "type": "Feature", "properties": { "id": "Rommerskirchen_station", "num_hh": "8", "num_cars": 1, "ARS": "051620028028", "AGS": "05162028", "ARS_0": "051620028028", "AGS_0": "05162028", "SDV_ARS": "051620028028", "GEN": "Rommerskirchen", "BEZ": "Gemeinde", "NUTS": "DEA1D", "RegioStaR7": "73", "scenario": 50, "year": 2038 }, "geometry": { "type": "Point", "coordinates": [ 6.700149217527189, 51.040477927368229 ] } },
{ "type": "Feature", "properties": { "id": "Rommerskirchen_station", "num_hh": "8", "num_cars": 1, "ARS": "051620028028", "AGS": "05162028", "ARS_0": "051620028028", "AGS_0": "05162028", "SDV_ARS": "051620028028", "GEN": "Rommerskirchen", "BEZ": "Gemeinde", "NUTS": "DEA1D", "RegioStaR7": "73", "scenario": 50, "year": 2038 }, "geometry": { "type": "Point", "coordinates": [ 6.70020758359738, 51.04067976994164 ] } },
{ "type": "Feature", "properties": { "id": "Rommerskirchen_station", "num_hh": "8", "num_cars": 1, "ARS": "051620028028", "AGS": "05162028", "ARS_0": "051620028028", "AGS_0": "05162028", "SDV_ARS": "051620028028", "GEN": "Rommerskirchen", "BEZ": "Gemeinde", "NUTS": "DEA1D", "RegioStaR7": "73", "scenario": 50, "year": 2038 }, "geometry": { "type": "Point", "coordinates": [ 6.700236766632475, 51.040872437032306 ] } },
{ "type": "Feature", "properties": { "id": "Rommerskirchen_station", "num_hh": "8", "num_cars": 1, "ARS": "051620028028", "AGS": "05162028", "ARS_0": "051620028028", "AGS_0": "05162028", "SDV_ARS": "051620028028", "GEN": "Rommerskirchen", "BEZ": "Gemeinde", "NUTS": "DEA1D", "RegioStaR7": "73", "scenario": 50, "year": 2038 }, "geometry": { "type": "Point", "coordinates": [ 6.700309724220213, 51.041092627011956 ] } },
{ "type": "Feature", "properties": { "id": "Rommerskirchen_station", "num_hh": "8", "num_cars": 1, "ARS": "051620028028", "AGS": "05162028", "ARS_0": "051620028028", "AGS_0": "05162028", "SDV_ARS": "051620028028", "GEN": "Rommerskirchen", "BEZ": "Gemeinde", "NUTS": "DEA1D", "RegioStaR7": "73", "scenario": 50, "year": 2038 }, "geometry": { "type": "Point", "coordinates": [ 6.700338907255308, 51.04130364142712 ] } },
{ "type": "Feature", "properties": { "id": "Rommerskirchen_station", "num_hh": "8", "num_cars": 1, "ARS": "051620028028", "AGS": "05162028", "ARS_0": "051620028028", "AGS_0": "05162028", "SDV_ARS": "051620028028", "GEN": "Rommerskirchen", "BEZ": "Gemeinde", "NUTS": "DEA1D", "RegioStaR7": "73", "scenario": 50, "year": 2038 }, "geometry": { "type": "Point", "coordinates": [ 6.7003972733255, 51.04150548040316 ] } },
{ "type": "Feature", "properties": { "id": "Rommerskirchen_station", "num_hh": "8", "num_cars": 1, "ARS": "051620028028", "AGS": "05162028", "ARS_0": "051620028028", "AGS_0": "05162028", "SDV_ARS": "051620028028", "GEN": "Rommerskirchen", "BEZ": "Gemeinde", "NUTS": "DEA1D", "RegioStaR7": "73", "scenario": 50, "year": 2038 }, "geometry": { "type": "Point", "coordinates": [ 6.700455639395689, 51.041725667374116 ] } },
{ "type": "Feature", "properties": { "id": "Rommerskirchen_station", "num_hh": "8", "num_cars": 1, "ARS": "051620028028", "AGS": "05162028", "ARS_0": "051620028028", "AGS_0": "05162028", "SDV_ARS": "051620028028", "GEN": "Rommerskirchen", "BEZ": "Gemeinde", "NUTS": "DEA1D", "RegioStaR7": "73", "scenario": 50, "year": 2038 }, "geometry": { "type": "Point", "coordinates": [ 6.700528596983427, 51.041936678905948 ] } },
{ "type": "Feature", "properties": { "id": "Rommerskirchen_station", "num_hh": "8", "num_cars": 1, "ARS": "051620028028", "AGS": "05162028", "ARS_0": "051620028028", "AGS_0": "05162028", "SDV_ARS": "051620028028", "GEN": "Rommerskirchen", "BEZ": "Gemeinde", "NUTS": "DEA1D", "RegioStaR7": "73", "scenario": 50, "year": 2038 }, "geometry": { "type": "Point", "coordinates": [ 6.700789314537648, 51.040190019421757 ] } },
{ "type": "Feature", "properties": { "id": "Rommerskirchen_station", "num_hh": "8", "num_cars": 1, "ARS": "051620028028", "AGS": "05162028", "ARS_0": "051620028028", "AGS_0": "05162028", "SDV_ARS": "051620028028", "GEN": "Rommerskirchen", "BEZ": "Gemeinde", "NUTS": "DEA1D", "RegioStaR7": "73", "scenario": 50, "year": 2038 }, "geometry": { "type": "Point", "coordinates": [ 6.70080583581683, 51.040377004792461 ] } },
{ "type": "Feature", "properties": { "id": "Rommerskirchen_station", "num_hh": "8", "num_cars": 1, "ARS": "051620028028", "AGS": "05162028", "ARS_0": "051620028028", "AGS_0": "05162028", "SDV_ARS": "051620028028", "GEN": "Rommerskirchen", "BEZ": "Gemeinde", "NUTS": "DEA1D", "RegioStaR7": "73", "scenario": 50, "year": 2038 }, "geometry": { "type": "Point", "coordinates": [ 6.700864201887021, 51.040578847365872 ] } },
{ "type": "Feature", "properties": { "id": "Rommerskirchen_station", "num_hh": "8", "num_cars": 1, "ARS": "051620028028", "AGS": "05162028", "ARS_0": "051620028028", "AGS_0": "05162028", "SDV_ARS": "051620028028", "GEN": "Rommerskirchen", "BEZ": "Gemeinde", "NUTS": "DEA1D", "RegioStaR7": "73", "scenario": 50, "year": 2038 }, "geometry": { "type": "Point", "coordinates": [ 6.700893384922116, 51.040771514456537 ] } },
{ "type": "Feature", "properties": { "id": "Rommerskirchen_station", "num_hh": "8", "num_cars": 1, "ARS": "051620028028", "AGS": "05162028", "ARS_0": "051620028028", "AGS_0": "05162028", "SDV_ARS": "051620028028", "GEN": "Rommerskirchen", "BEZ": "Gemeinde", "NUTS": "DEA1D", "RegioStaR7": "73", "scenario": 50, "year": 2038 }, "geometry": { "type": "Point", "coordinates": [ 6.700966342509854, 51.040991704436188 ] } },
{ "type": "Feature", "properties": { "id": "Rommerskirchen_station", "num_hh": "8", "num_cars": 1, "ARS": "051620028028", "AGS": "05162028", "ARS_0": "051620028028", "AGS_0": "05162028", "SDV_ARS": "051620028028", "GEN": "Rommerskirchen", "BEZ": "Gemeinde", "NUTS": "DEA1D", "RegioStaR7": "73", "scenario": 50, "year": 2038 }, "geometry": { "type": "Point", "coordinates": [ 6.700995525544949, 51.041202718851352 ] } },
{ "type": "Feature", "properties": { "id": "Rommerskirchen_station", "num_hh": "8", "num_cars": 1, "ARS": "051620028028", "AGS": "05162028", "ARS_0": "051620028028", "AGS_0": "05162028", "SDV_ARS": "051620028028", "GEN": "Rommerskirchen", "BEZ": "Gemeinde", "NUTS": "DEA1D", "RegioStaR7": "73", "scenario": 50, "year": 2038 }, "geometry": { "type": "Point", "coordinates": [ 6.701053891615141, 51.041404557827391 ] } },
{ "type": "Feature", "properties": { "id": "Rommerskirchen_station", "num_hh": "8", "num_cars": 1, "ARS": "051620028028", "AGS": "05162028", "ARS_0": "051620028028", "AGS_0": "05162028", "SDV_ARS": "051620028028", "GEN": "Rommerskirchen", "BEZ": "Gemeinde", "NUTS": "DEA1D", "RegioStaR7": "73", "scenario": 50, "year": 2038 }, "geometry": { "type": "Point", "coordinates": [ 6.70111225768533, 51.041624744798348 ] } },
{ "type": "Feature", "properties": { "id": "Rommerskirchen_station", "num_hh": "8", "num_cars": 1, "ARS": "051620028028", "AGS": "05162028", "ARS_0": "051620028028", "AGS_0": "05162028", "SDV_ARS": "051620028028", "GEN": "Rommerskirchen", "BEZ": "Gemeinde", "NUTS": "DEA1D", "RegioStaR7": "73", "scenario": 50, "year": 2038 }, "geometry": { "type": "Point", "coordinates": [ 6.701185215273068, 51.04183575633018 ] } },
{ "type": "Feature", "properties": { "id": "Rommerskirchen_station", "num_hh": "8", "num_cars": 1, "ARS": "051620028028", "AGS": "05162028", "ARS_0": "051620028028", "AGS_0": "05162028", "SDV_ARS": "051620028028", "GEN": "Rommerskirchen", "BEZ": "Gemeinde", "NUTS": "DEA1D", "RegioStaR7": "73", "scenario": 50, "year": 2038 }, "geometry": { "type": "Point", "coordinates": [ 6.70113951095879, 51.040134970651401 ] } },
{ "type": "Feature", "properties": { "id": "Rommerskirchen_station", "num_hh": "8", "num_cars": 1, "ARS": "051620028028", "AGS": "05162028", "ARS_0": "051620028028", "AGS_0": "05162028", "SDV_ARS": "051620028028", "GEN": "Rommerskirchen", "BEZ": "Gemeinde", "NUTS": "DEA1D", "RegioStaR7": "73", "scenario": 50, "year": 2038 }, "geometry": { "type": "Point", "coordinates": [ 6.701156032237972, 51.040321956022105 ] } },
{ "type": "Feature", "properties": { "id": "Rommerskirchen_station", "num_hh": "8", "num_cars": 1, "ARS": "051620028028", "AGS": "05162028", "ARS_0": "051620028028", "AGS_0": "05162028", "SDV_ARS": "051620028028", "GEN": "Rommerskirchen", "BEZ": "Gemeinde", "NUTS": "DEA1D", "RegioStaR7": "73", "scenario": 50, "year": 2038 }, "geometry": { "type": "Point", "coordinates": [ 6.701214398308164, 51.040523798595515 ] } },
{ "type": "Feature", "properties": { "id": "Rommerskirchen_station", "num_hh": "8", "num_cars": 1, "ARS": "051620028028", "AGS": "05162028", "ARS_0": "051620028028", "AGS_0": "05162028", "SDV_ARS": "051620028028", "GEN": "Rommerskirchen", "BEZ": "Gemeinde", "NUTS": "DEA1D", "RegioStaR7": "73", "scenario": 50, "year": 2038 }, "geometry": { "type": "Point", "coordinates": [ 6.701243581343259, 51.040716465686181 ] } },
{ "type": "Feature", "properties": { "id": "Rommerskirchen_station", "num_hh": "8", "num_cars": 1, "ARS": "051620028028", "AGS": "05162028", "ARS_0": "051620028028", "AGS_0": "05162028", "SDV_ARS": "051620028028", "GEN": "Rommerskirchen", "BEZ": "Gemeinde", "NUTS": "DEA1D", "RegioStaR7": "73", "scenario": 50, "year": 2038 }, "geometry": { "type": "Point", "coordinates": [ 6.701316538930997, 51.040936655665831 ] } },
{ "type": "Feature", "properties": { "id": "Rommerskirchen_station", "num_hh": "8", "num_cars": 1, "ARS": "051620028028", "AGS": "05162028", "ARS_0": "051620028028", "AGS_0": "05162028", "SDV_ARS": "051620028028", "GEN": "Rommerskirchen", "BEZ": "Gemeinde", "NUTS": "DEA1D", "RegioStaR7": "73", "scenario": 50, "year": 2038 }, "geometry": { "type": "Point", "coordinates": [ 6.701345721966091, 51.041147670080996 ] } },
{ "type": "Feature", "properties": { "id": "Rommerskirchen_station", "num_hh": "8", "num_cars": 1, "ARS": "051620028028", "AGS": "05162028", "ARS_0": "051620028028", "AGS_0": "05162028", "SDV_ARS": "051620028028", "GEN": "Rommerskirchen", "BEZ": "Gemeinde", "NUTS": "DEA1D", "RegioStaR7": "73", "scenario": 50, "year": 2038 }, "geometry": { "type": "Point", "coordinates": [ 6.701404088036283, 51.041349509057035 ] } },
{ "type": "Feature", "properties": { "id": "Rommerskirchen_station", "num_hh": "8", "num_cars": 1, "ARS": "051620028028", "AGS": "05162028", "ARS_0": "051620028028", "AGS_0": "05162028", "SDV_ARS": "051620028028", "GEN": "Rommerskirchen", "BEZ": "Gemeinde", "NUTS": "DEA1D", "RegioStaR7": "73", "scenario": 50, "year": 2038 }, "geometry": { "type": "Point", "coordinates": [ 6.701462454106473, 51.041569696027992 ] } },
{ "type": "Feature", "properties": { "id": "Rommerskirchen_station", "num_hh": "8", "num_cars": 1, "ARS": "051620028028", "AGS": "05162028", "ARS_0": "051620028028", "AGS_0": "05162028", "SDV_ARS": "051620028028", "GEN": "Rommerskirchen", "BEZ": "Gemeinde", "NUTS": "DEA1D", "RegioStaR7": "73", "scenario": 50, "year": 2038 }, "geometry": { "type": "Point", "coordinates": [ 6.701535411694211, 51.041780707559823 ] } },
{ "type": "Feature", "properties": { "id": "Rommerskirchen_station", "num_hh": "8", "num_cars": 1, "ARS": "051620028028", "AGS": "05162028", "ARS_0": "051620028028", "AGS_0": "05162028", "SDV_ARS": "051620028028", "GEN": "Rommerskirchen", "BEZ": "Gemeinde", "NUTS": "DEA1D", "RegioStaR7": "73", "scenario": 50, "year": 2038 }, "geometry": { "type": "Point", "coordinates": [ 6.701621031037861, 51.040061572189195 ] } },
{ "type": "Feature", "properties": { "id": "Rommerskirchen_station", "num_hh": "8", "num_cars": 1, "ARS": "051620028028", "AGS": "05162028", "ARS_0": "051620028028", "AGS_0": "05162028", "SDV_ARS": "051620028028", "GEN": "Rommerskirchen", "BEZ": "Gemeinde", "NUTS": "DEA1D", "RegioStaR7": "73", "scenario": 50, "year": 2038 }, "geometry": { "type": "Point", "coordinates": [ 6.701637552317043, 51.040248557559899 ] } },
{ "type": "Feature", "properties": { "id": "Rommerskirchen_station", "num_hh": "8", "num_cars": 1, "ARS": "051620028028", "AGS": "05162028", "ARS_0": "051620028028", "AGS_0": "05162028", "SDV_ARS": "051620028028", "GEN": "Rommerskirchen", "BEZ": "Gemeinde", "NUTS": "DEA1D", "RegioStaR7": "73", "scenario": 50, "year": 2038 }, "geometry": { "type": "Point", "coordinates": [ 6.701695918387234, 51.040450400133309 ] } },
{ "type": "Feature", "properties": { "id": "Rommerskirchen_station", "num_hh": "8", "num_cars": 1, "ARS": "051620028028", "AGS": "05162028", "ARS_0": "051620028028", "AGS_0": "05162028", "SDV_ARS": "051620028028", "GEN": "Rommerskirchen", "BEZ": "Gemeinde", "NUTS": "DEA1D", "RegioStaR7": "73", "scenario": 50, "year": 2038 }, "geometry": { "type": "Point", "coordinates": [ 6.701725101422329, 51.040643067223975 ] } },
{ "type": "Feature", "properties": { "id": "Rommerskirchen_station", "num_hh": "8", "num_cars": 1, "ARS": "051620028028", "AGS": "05162028", "ARS_0": "051620028028", "AGS_0": "05162028", "SDV_ARS": "051620028028", "GEN": "Rommerskirchen", "BEZ": "Gemeinde", "NUTS": "DEA1D", "RegioStaR7": "73", "scenario": 50, "year": 2038 }, "geometry": { "type": "Point", "coordinates": [ 6.701798059010067, 51.040863257203625 ] } },
{ "type": "Feature", "properties": { "id": "Rommerskirchen_station", "num_hh": "8", "num_cars": 1, "ARS": "051620028028", "AGS": "05162028", "ARS_0": "051620028028", "AGS_0": "05162028", "SDV_ARS": "051620028028", "GEN": "Rommerskirchen", "BEZ": "Gemeinde", "NUTS": "DEA1D", "RegioStaR7": "73", "scenario": 50, "year": 2038 }, "geometry": { "type": "Point", "coordinates": [ 6.701827242045161, 51.04107427161879 ] } },
{ "type": "Feature", "properties": { "id": "Rommerskirchen_station", "num_hh": "8", "num_cars": 1, "ARS": "051620028028", "AGS": "05162028", "ARS_0": "051620028028", "AGS_0": "05162028", "SDV_ARS": "051620028028", "GEN": "Rommerskirchen", "BEZ": "Gemeinde", "NUTS": "DEA1D", "RegioStaR7": "73", "scenario": 50, "year": 2038 }, "geometry": { "type": "Point", "coordinates": [ 6.701885608115353, 51.041276110594829 ] } },
{ "type": "Feature", "properties": { "id": "Rommerskirchen_station", "num_hh": "8", "num_cars": 1, "ARS": "051620028028", "AGS": "05162028", "ARS_0": "051620028028", "AGS_0": "05162028", "SDV_ARS": "051620028028", "GEN": "Rommerskirchen", "BEZ": "Gemeinde", "NUTS": "DEA1D", "RegioStaR7": "73", "scenario": 50, "year": 2038 }, "geometry": { "type": "Point", "coordinates": [ 6.701943974185543, 51.041496297565786 ] } },
{ "type": "Feature", "properties": { "id": "Rommerskirchen_station", "num_hh": "8", "num_cars": 1, "ARS": "051620028028", "AGS": "05162028", "ARS_0": "051620028028", "AGS_0": "05162028", "SDV_ARS": "051620028028", "GEN": "Rommerskirchen", "BEZ": "Gemeinde", "NUTS": "DEA1D", "RegioStaR7": "73", "scenario": 50, "year": 2038 }, "geometry": { "type": "Point", "coordinates": [ 6.702016931773281, 51.041707309097617 ] } },
{ "type": "Feature", "properties": { "id": "Gustorf_station", "num_hh": "8", "num_cars": 1, "ARS": "051620008008", "AGS": "05162008", "ARS_0": "051620008008", "AGS_0": "05162008", "SDV_ARS": "051620008008", "GEN": "Grevenbroich", "BEZ": "Stadt", "NUTS": "DEA1D", "RegioStaR7": "73", "scenario": 50, "year": 2038 }, "geometry": { "type": "Point", "coordinates": [ 6.57303607804586, 51.06737408732063 ] } },
{ "type": "Feature", "properties": { "id": "Gustorf_station", "num_hh": "8", "num_cars": 1, "ARS": "051620008008", "AGS": "05162008", "ARS_0": "051620008008", "AGS_0": "05162008", "SDV_ARS": "051620008008", "GEN": "Grevenbroich", "BEZ": "Stadt", "NUTS": "DEA1D", "RegioStaR7": "73", "scenario": 50, "year": 2038 }, "geometry": { "type": "Point", "coordinates": [ 6.572769427666015, 51.067429942207511 ] } },
{ "type": "Feature", "properties": { "id": "Gustorf_station", "num_hh": "8", "num_cars": 1, "ARS": "051620008008", "AGS": "05162008", "ARS_0": "051620008008", "AGS_0": "05162008", "SDV_ARS": "051620008008", "GEN": "Grevenbroich", "BEZ": "Stadt", "NUTS": "DEA1D", "RegioStaR7": "73", "scenario": 50, "year": 2038 }, "geometry": { "type": "Point", "coordinates": [ 6.57250277728617, 51.067504415285171 ] } },
{ "type": "Feature", "properties": { "id": "Gustorf_station", "num_hh": "8", "num_cars": 1, "ARS": "051620008008", "AGS": "05162008", "ARS_0": "051620008008", "AGS_0": "05162008", "SDV_ARS": "051620008008", "GEN": "Grevenbroich", "BEZ": "Stadt", "NUTS": "DEA1D", "RegioStaR7": "73", "scenario": 50, "year": 2038 }, "geometry": { "type": "Point", "coordinates": [ 6.572206499086342, 51.067569579129838 ] } },
{ "type": "Feature", "properties": { "id": "Gustorf_station", "num_hh": "8", "num_cars": 1, "ARS": "051620008008", "AGS": "05162008", "ARS_0": "051620008008", "AGS_0": "05162008", "SDV_ARS": "051620008008", "GEN": "Grevenbroich", "BEZ": "Stadt", "NUTS": "DEA1D", "RegioStaR7": "73", "scenario": 50, "year": 2038 }, "geometry": { "type": "Point", "coordinates": [ 6.571895406976524, 51.067662670177363 ] } },
{ "type": "Feature", "properties": { "id": "Gustorf_station", "num_hh": "8", "num_cars": 1, "ARS": "051620008008", "AGS": "05162008", "ARS_0": "051620008008", "AGS_0": "05162008", "SDV_ARS": "051620008008", "GEN": "Grevenbroich", "BEZ": "Stadt", "NUTS": "DEA1D", "RegioStaR7": "73", "scenario": 50, "year": 2038 }, "geometry": { "type": "Point", "coordinates": [ 6.572991636315885, 51.067197214205848 ] } },
{ "type": "Feature", "properties": { "id": "Gustorf_station", "num_hh": "8", "num_cars": 1, "ARS": "051620008008", "AGS": "05162008", "ARS_0": "051620008008", "AGS_0": "05162008", "SDV_ARS": "051620008008", "GEN": "Grevenbroich", "BEZ": "Stadt", "NUTS": "DEA1D", "RegioStaR7": "73", "scenario": 50, "year": 2038 }, "geometry": { "type": "Point", "coordinates": [ 6.57272498593604, 51.067253069092729 ] } },
{ "type": "Feature", "properties": { "id": "Gustorf_station", "num_hh": "8", "num_cars": 1, "ARS": "051620008008", "AGS": "05162008", "ARS_0": "051620008008", "AGS_0": "05162008", "SDV_ARS": "051620008008", "GEN": "Grevenbroich", "BEZ": "Stadt", "NUTS": "DEA1D", "RegioStaR7": "73", "scenario": 50, "year": 2038 }, "geometry": { "type": "Point", "coordinates": [ 6.572458335556195, 51.067327542170389 ] } },
{ "type": "Feature", "properties": { "id": "Gustorf_station", "num_hh": "8", "num_cars": 1, "ARS": "051620008008", "AGS": "05162008", "ARS_0": "051620008008", "AGS_0": "05162008", "SDV_ARS": "051620008008", "GEN": "Grevenbroich", "BEZ": "Stadt", "NUTS": "DEA1D", "RegioStaR7": "73", "scenario": 50, "year": 2038 }, "geometry": { "type": "Point", "coordinates": [ 6.572162057356368, 51.067392706015056 ] } },
{ "type": "Feature", "properties": { "id": "Gustorf_station", "num_hh": "8", "num_cars": 1, "ARS": "051620008008", "AGS": "05162008", "ARS_0": "051620008008", "AGS_0": "05162008", "SDV_ARS": "051620008008", "GEN": "Grevenbroich", "BEZ": "Stadt", "NUTS": "DEA1D", "RegioStaR7": "73", "scenario": 50, "year": 2038 }, "geometry": { "type": "Point", "coordinates": [ 6.57185096524655, 51.067485797062581 ] } },
{ "type": "Feature", "properties": { "id": "Gustorf_station", "num_hh": "8", "num_cars": 1, "ARS": "051620008008", "AGS": "05162008", "ARS_0": "051620008008", "AGS_0": "05162008", "SDV_ARS": "051620008008", "GEN": "Grevenbroich", "BEZ": "Stadt", "NUTS": "DEA1D", "RegioStaR7": "73", "scenario": 50, "year": 2038 }, "geometry": { "type": "Point", "coordinates": [ 6.573095333685825, 51.066768992286747 ] } },
{ "type": "Feature", "properties": { "id": "Gustorf_station", "num_hh": "8", "num_cars": 1, "ARS": "051620008008", "AGS": "05162008", "ARS_0": "051620008008", "AGS_0": "05162008", "SDV_ARS": "051620008008", "GEN": "Grevenbroich", "BEZ": "Stadt", "NUTS": "DEA1D", "RegioStaR7": "73", "scenario": 50, "year": 2038 }, "geometry": { "type": "Point", "coordinates": [ 6.57282868330598, 51.066824847173628 ] } },
{ "type": "Feature", "properties": { "id": "Gustorf_station", "num_hh": "8", "num_cars": 1, "ARS": "051620008008", "AGS": "05162008", "ARS_0": "051620008008", "AGS_0": "05162008", "SDV_ARS": "051620008008", "GEN": "Grevenbroich", "BEZ": "Stadt", "NUTS": "DEA1D", "RegioStaR7": "73", "scenario": 50, "year": 2038 }, "geometry": { "type": "Point", "coordinates": [ 6.572562032926135, 51.066899320251288 ] } },
{ "type": "Feature", "properties": { "id": "Gustorf_station", "num_hh": "8", "num_cars": 1, "ARS": "051620008008", "AGS": "05162008", "ARS_0": "051620008008", "AGS_0": "05162008", "SDV_ARS": "051620008008", "GEN": "Grevenbroich", "BEZ": "Stadt", "NUTS": "DEA1D", "RegioStaR7": "73", "scenario": 50, "year": 2038 }, "geometry": { "type": "Point", "coordinates": [ 6.572265754726308, 51.066964484095955 ] } },
{ "type": "Feature", "properties": { "id": "Gustorf_station", "num_hh": "8", "num_cars": 1, "ARS": "051620008008", "AGS": "05162008", "ARS_0": "051620008008", "AGS_0": "05162008", "SDV_ARS": "051620008008", "GEN": "Grevenbroich", "BEZ": "Stadt", "NUTS": "DEA1D", "RegioStaR7": "73", "scenario": 50, "year": 2038 }, "geometry": { "type": "Point", "coordinates": [ 6.57195466261649, 51.06705757514348 ] } },
{ "type": "Feature", "properties": { "id": "Gustorf_station", "num_hh": "8", "num_cars": 1, "ARS": "051620008008", "AGS": "05162008", "ARS_0": "051620008008", "AGS_0": "05162008", "SDV_ARS": "051620008008", "GEN": "Grevenbroich", "BEZ": "Stadt", "NUTS": "DEA1D", "RegioStaR7": "73", "scenario": 50, "year": 2038 }, "geometry": { "type": "Point", "coordinates": [ 6.573110147595815, 51.066564189098884 ] } },
{ "type": "Feature", "properties": { "id": "Gustorf_station", "num_hh": "8", "num_cars": 1, "ARS": "051620008008", "AGS": "05162008", "ARS_0": "051620008008", "AGS_0": "05162008", "SDV_ARS": "051620008008", "GEN": "Grevenbroich", "BEZ": "Stadt", "NUTS": "DEA1D", "RegioStaR7": "73", "scenario": 50, "year": 2038 }, "geometry": { "type": "Point", "coordinates": [ 6.57284349721597, 51.066620043985765 ] } },
{ "type": "Feature", "properties": { "id": "Gustorf_station", "num_hh": "8", "num_cars": 1, "ARS": "051620008008", "AGS": "05162008", "ARS_0": "051620008008", "AGS_0": "05162008", "SDV_ARS": "051620008008", "GEN": "Grevenbroich", "BEZ": "Stadt", "NUTS": "DEA1D", "RegioStaR7": "73", "scenario": 50, "year": 2038 }, "geometry": { "type": "Point", "coordinates": [ 6.572576846836125, 51.066694517063425 ] } },
{ "type": "Feature", "properties": { "id": "Gustorf_station", "num_hh": "8", "num_cars": 1, "ARS": "051620008008", "AGS": "05162008", "ARS_0": "051620008008", "AGS_0": "05162008", "SDV_ARS": "051620008008", "GEN": "Grevenbroich", "BEZ": "Stadt", "NUTS": "DEA1D", "RegioStaR7": "73", "scenario": 50, "year": 2038 }, "geometry": { "type": "Point", "coordinates": [ 6.572280568636298, 51.066759680908092 ] } },
{ "type": "Feature", "properties": { "id": "Gustorf_station", "num_hh": "8", "num_cars": 1, "ARS": "051620008008", "AGS": "05162008", "ARS_0": "051620008008", "AGS_0": "05162008", "SDV_ARS": "051620008008", "GEN": "Grevenbroich", "BEZ": "Stadt", "NUTS": "DEA1D", "RegioStaR7": "73", "scenario": 50, "year": 2038 }, "geometry": { "type": "Point", "coordinates": [ 6.57196947652648, 51.066852771955617 ] } },
{ "type": "Feature", "properties": { "id": "Gustorf_station", "num_hh": "8", "num_cars": 1, "ARS": "051620008008", "AGS": "05162008", "ARS_0": "051620008008", "AGS_0": "05162008", "SDV_ARS": "051620008008", "GEN": "Grevenbroich", "BEZ": "Stadt", "NUTS": "DEA1D", "RegioStaR7": "73", "scenario": 50, "year": 2038 }, "geometry": { "type": "Point", "coordinates": [ 6.573110147595815, 51.066089414587196 ] } },
{ "type": "Feature", "properties": { "id": "Gustorf_station", "num_hh": "8", "num_cars": 1, "ARS": "051620008008", "AGS": "05162008", "ARS_0": "051620008008", "AGS_0": "05162008", "SDV_ARS": "051620008008", "GEN": "Grevenbroich", "BEZ": "Stadt", "NUTS": "DEA1D", "RegioStaR7": "73", "scenario": 50, "year": 2038 }, "geometry": { "type": "Point", "coordinates": [ 6.57284349721597, 51.066145269474077 ] } },
{ "type": "Feature", "properties": { "id": "Gustorf_station", "num_hh": "8", "num_cars": 1, "ARS": "051620008008", "AGS": "05162008", "ARS_0": "051620008008", "AGS_0": "05162008", "SDV_ARS": "051620008008", "GEN": "Grevenbroich", "BEZ": "Stadt", "NUTS": "DEA1D", "RegioStaR7": "73", "scenario": 50, "year": 2038 }, "geometry": { "type": "Point", "coordinates": [ 6.572576846836125, 51.066219742551738 ] } },
{ "type": "Feature", "properties": { "id": "Gustorf_station", "num_hh": "8", "num_cars": 1, "ARS": "051620008008", "AGS": "05162008", "ARS_0": "051620008008", "AGS_0": "05162008", "SDV_ARS": "051620008008", "GEN": "Grevenbroich", "BEZ": "Stadt", "NUTS": "DEA1D", "RegioStaR7": "73", "scenario": 50, "year": 2038 }, "geometry": { "type": "Point", "coordinates": [ 6.572280568636298, 51.066284906396405 ] } },
{ "type": "Feature", "properties": { "id": "Gustorf_station", "num_hh": "8", "num_cars": 1, "ARS": "051620008008", "AGS": "05162008", "ARS_0": "051620008008", "AGS_0": "05162008", "SDV_ARS": "051620008008", "GEN": "Grevenbroich", "BEZ": "Stadt", "NUTS": "DEA1D", "RegioStaR7": "73", "scenario": 50, "year": 2038 }, "geometry": { "type": "Point", "coordinates": [ 6.57196947652648, 51.066377997443929 ] } },
{ "type": "Feature", "properties": { "id": "Gustorf_station", "num_hh": "8", "num_cars": 1, "ARS": "051620008008", "AGS": "05162008", "ARS_0": "051620008008", "AGS_0": "05162008", "SDV_ARS": "051620008008", "GEN": "Grevenbroich", "BEZ": "Stadt", "NUTS": "DEA1D", "RegioStaR7": "73", "scenario": 50, "year": 2038 }, "geometry": { "type": "Point", "coordinates": [ 6.573110147595815, 51.065893917784557 ] } },
{ "type": "Feature", "properties": { "id": "Gustorf_station", "num_hh": "8", "num_cars": 1, "ARS": "051620008008", "AGS": "05162008", "ARS_0": "051620008008", "AGS_0": "05162008", "SDV_ARS": "051620008008", "GEN": "Grevenbroich", "BEZ": "Stadt", "NUTS": "DEA1D", "RegioStaR7": "73", "scenario": 50, "year": 2038 }, "geometry": { "type": "Point", "coordinates": [ 6.57284349721597, 51.065949772671438 ] } },
{ "type": "Feature", "properties": { "id": "Gustorf_station", "num_hh": "8", "num_cars": 1, "ARS": "051620008008", "AGS": "05162008", "ARS_0": "051620008008", "AGS_0": "05162008", "SDV_ARS": "051620008008", "GEN": "Grevenbroich", "BEZ": "Stadt", "NUTS": "DEA1D", "RegioStaR7": "73", "scenario": 50, "year": 2038 }, "geometry": { "type": "Point", "coordinates": [ 6.572576846836125, 51.066024245749098 ] } },
{ "type": "Feature", "properties": { "id": "Gustorf_station", "num_hh": "8", "num_cars": 1, "ARS": "051620008008", "AGS": "05162008", "ARS_0": "051620008008", "AGS_0": "05162008", "SDV_ARS": "051620008008", "GEN": "Grevenbroich", "BEZ": "Stadt", "NUTS": "DEA1D", "RegioStaR7": "73", "scenario": 50, "year": 2038 }, "geometry": { "type": "Point", "coordinates": [ 6.572280568636298, 51.066089409593765 ] } },
{ "type": "Feature", "properties": { "id": "Gustorf_station", "num_hh": "8", "num_cars": 1, "ARS": "051620008008", "AGS": "05162008", "ARS_0": "051620008008", "AGS_0": "05162008", "SDV_ARS": "051620008008", "GEN": "Grevenbroich", "BEZ": "Stadt", "NUTS": "DEA1D", "RegioStaR7": "73", "scenario": 50, "year": 2038 }, "geometry": { "type": "Point", "coordinates": [ 6.57196947652648, 51.06618250064129 ] } },
{ "type": "Feature", "properties": { "id": "Gustorf_station", "num_hh": "8", "num_cars": 1, "ARS": "051620008008", "AGS": "05162008", "ARS_0": "051620008008", "AGS_0": "05162008", "SDV_ARS": "051620008008", "GEN": "Grevenbroich", "BEZ": "Stadt", "NUTS": "DEA1D", "RegioStaR7": "73", "scenario": 50, "year": 2038 }, "geometry": { "type": "Point", "coordinates": [ 6.573154589325791, 51.06549361223145 ] } },
{ "type": "Feature", "properties": { "id": "Gustorf_station", "num_hh": "8", "num_cars": 1, "ARS": "051620008008", "AGS": "05162008", "ARS_0": "051620008008", "AGS_0": "05162008", "SDV_ARS": "051620008008", "GEN": "Grevenbroich", "BEZ": "Stadt", "NUTS": "DEA1D", "RegioStaR7": "73", "scenario": 50, "year": 2038 }, "geometry": { "type": "Point", "coordinates": [ 6.572887938945946, 51.065549467118331 ] } },
{ "type": "Feature", "properties": { "id": "Gustorf_station", "num_hh": "8", "num_cars": 1, "ARS": "051620008008", "AGS": "05162008", "ARS_0": "051620008008", "AGS_0": "05162008", "SDV_ARS": "051620008008", "GEN": "Grevenbroich", "BEZ": "Stadt", "NUTS": "DEA1D", "RegioStaR7": "73", "scenario": 50, "year": 2038 }, "geometry": { "type": "Point", "coordinates": [ 6.572621288566101, 51.065623940195991 ] } },
{ "type": "Feature", "properties": { "id": "Gustorf_station", "num_hh": "8", "num_cars": 1, "ARS": "051620008008", "AGS": "05162008", "ARS_0": "051620008008", "AGS_0": "05162008", "SDV_ARS": "051620008008", "GEN": "Grevenbroich", "BEZ": "Stadt", "NUTS": "DEA1D", "RegioStaR7": "73", "scenario": 50, "year": 2038 }, "geometry": { "type": "Point", "coordinates": [ 6.572325010366273, 51.065689104040658 ] } },
{ "type": "Feature", "properties": { "id": "Gustorf_station", "num_hh": "8", "num_cars": 1, "ARS": "051620008008", "AGS": "05162008", "ARS_0": "051620008008", "AGS_0": "05162008", "SDV_ARS": "051620008008", "GEN": "Grevenbroich", "BEZ": "Stadt", "NUTS": "DEA1D", "RegioStaR7": "73", "scenario": 50, "year": 2038 }, "geometry": { "type": "Point", "coordinates": [ 6.572013918256455, 51.065782195088183 ] } },
{ "type": "Feature", "properties": { "id": "Gustorf_station", "num_hh": "8", "num_cars": 1, "ARS": "051620008008", "AGS": "05162008", "ARS_0": "051620008008", "AGS_0": "05162008", "SDV_ARS": "051620008008", "GEN": "Grevenbroich", "BEZ": "Stadt", "NUTS": "DEA1D", "RegioStaR7": "73", "scenario": 50, "year": 2038 }, "geometry": { "type": "Point", "coordinates": [ 6.573154589325791, 51.065307422422549 ] } },
{ "type": "Feature", "properties": { "id": "Gustorf_station", "num_hh": "8", "num_cars": 1, "ARS": "051620008008", "AGS": "05162008", "ARS_0": "051620008008", "AGS_0": "05162008", "SDV_ARS": "051620008008", "GEN": "Grevenbroich", "BEZ": "Stadt", "NUTS": "DEA1D", "RegioStaR7": "73", "scenario": 50, "year": 2038 }, "geometry": { "type": "Point", "coordinates": [ 6.572887938945946, 51.06536327730943 ] } },
{ "type": "Feature", "properties": { "id": "Gustorf_station", "num_hh": "8", "num_cars": 1, "ARS": "051620008008", "AGS": "05162008", "ARS_0": "051620008008", "AGS_0": "05162008", "SDV_ARS": "051620008008", "GEN": "Grevenbroich", "BEZ": "Stadt", "NUTS": "DEA1D", "RegioStaR7": "73", "scenario": 50, "year": 2038 }, "geometry": { "type": "Point", "coordinates": [ 6.572621288566101, 51.06543775038709 ] } },
{ "type": "Feature", "properties": { "id": "Gustorf_station", "num_hh": "8", "num_cars": 1, "ARS": "051620008008", "AGS": "05162008", "ARS_0": "051620008008", "AGS_0": "05162008", "SDV_ARS": "051620008008", "GEN": "Grevenbroich", "BEZ": "Stadt", "NUTS": "DEA1D", "RegioStaR7": "73", "scenario": 50, "year": 2038 }, "geometry": { "type": "Point", "coordinates": [ 6.572325010366273, 51.065502914231757 ] } },
{ "type": "Feature", "properties": { "id": "Gustorf_station", "num_hh": "8", "num_cars": 1, "ARS": "051620008008", "AGS": "05162008", "ARS_0": "051620008008", "AGS_0": "05162008", "SDV_ARS": "051620008008", "GEN": "Grevenbroich", "BEZ": "Stadt", "NUTS": "DEA1D", "RegioStaR7": "73", "scenario": 50, "year": 2038 }, "geometry": { "type": "Point", "coordinates": [ 6.572013918256455, 51.065596005279282 ] } },
{ "type": "Feature", "properties": { "id": "Gustorf_station", "num_hh": "8", "num_cars": 1, "ARS": "051620008008", "AGS": "05162008", "ARS_0": "051620008008", "AGS_0": "05162008", "SDV_ARS": "051620008008", "GEN": "Grevenbroich", "BEZ": "Stadt", "NUTS": "DEA1D", "RegioStaR7": "73", "scenario": 50, "year": 2038 }, "geometry": { "type": "Point", "coordinates": [ 6.573228658875748, 51.064935040557948 ] } },
{ "type": "Feature", "properties": { "id": "Gustorf_station", "num_hh": "8", "num_cars": 1, "ARS": "051620008008", "AGS": "05162008", "ARS_0": "051620008008", "AGS_0": "05162008", "SDV_ARS": "051620008008", "GEN": "Grevenbroich", "BEZ": "Stadt", "NUTS": "DEA1D", "RegioStaR7": "73", "scenario": 50, "year": 2038 }, "geometry": { "type": "Point", "coordinates": [ 6.572962008495903, 51.064990895444829 ] } },
{ "type": "Feature", "properties": { "id": "Gustorf_station", "num_hh": "8", "num_cars": 1, "ARS": "051620008008", "AGS": "05162008", "ARS_0": "051620008008", "AGS_0": "05162008", "SDV_ARS": "051620008008", "GEN": "Grevenbroich", "BEZ": "Stadt", "NUTS": "DEA1D", "RegioStaR7": "73", "scenario": 50, "year": 2038 }, "geometry": { "type": "Point", "coordinates": [ 6.572695358116058, 51.06506536852249 ] } },
{ "type": "Feature", "properties": { "id": "Gustorf_station", "num_hh": "8", "num_cars": 1, "ARS": "051620008008", "AGS": "05162008", "ARS_0": "051620008008", "AGS_0": "05162008", "SDV_ARS": "051620008008", "GEN": "Grevenbroich", "BEZ": "Stadt", "NUTS": "DEA1D", "RegioStaR7": "73", "scenario": 50, "year": 2038 }, "geometry": { "type": "Point", "coordinates": [ 6.572399079916231, 51.065130532367156 ] } },
{ "type": "Feature", "properties": { "id": "Gustorf_station", "num_hh": "8", "num_cars": 1, "ARS": "051620008008", "AGS": "05162008", "ARS_0": "051620008008", "AGS_0": "05162008", "SDV_ARS": "051620008008", "GEN": "Grevenbroich", "BEZ": "Stadt", "NUTS": "DEA1D", "RegioStaR7": "73", "scenario": 50, "year": 2038 }, "geometry": { "type": "Point", "coordinates": [ 6.572087987806412, 51.065223623414681 ] } },
{ "type": "Feature", "properties": { "id": "Gustorf_station", "num_hh": "8", "num_cars": 1, "ARS": "051620008008", "AGS": "05162008", "ARS_0": "051620008008", "AGS_0": "05162008", "SDV_ARS": "051620008008", "GEN": "Grevenbroich", "BEZ": "Stadt", "NUTS": "DEA1D", "RegioStaR7": "73", "scenario": 50, "year": 2038 }, "geometry": { "type": "Point", "coordinates": [ 6.572182699408616, 51.068132248784991 ] } },
{ "type": "Feature", "properties": { "id": "Gustorf_station", "num_hh": "8", "num_cars": 1, "ARS": "051620008008", "AGS": "05162008", "ARS_0": "051620008008", "AGS_0": "05162008", "SDV_ARS": "051620008008", "GEN": "Grevenbroich", "BEZ": "Stadt", "NUTS": "DEA1D", "RegioStaR7": "73", "scenario": 50, "year": 2038 }, "geometry": { "type": "Point", "coordinates": [ 6.571916049028771, 51.068188103671872 ] } },
{ "type": "Feature", "properties": { "id": "Gustorf_station", "num_hh": "8", "num_cars": 1, "ARS": "051620008008", "AGS": "05162008", "ARS_0": "051620008008", "AGS_0": "05162008", "SDV_ARS": "051620008008", "GEN": "Grevenbroich", "BEZ": "Stadt", "NUTS": "DEA1D", "RegioStaR7": "73", "scenario": 50, "year": 2038 }, "geometry": { "type": "Point", "coordinates": [ 6.571649398648926, 51.068262576749532 ] } },
{ "type": "Feature", "properties": { "id": "Gustorf_station", "num_hh": "8", "num_cars": 1, "ARS": "051620008008", "AGS": "05162008", "ARS_0": "051620008008", "AGS_0": "05162008", "SDV_ARS": "051620008008", "GEN": "Grevenbroich", "BEZ": "Stadt", "NUTS": "DEA1D", "RegioStaR7": "73", "scenario": 50, "year": 2038 }, "geometry": { "type": "Point", "coordinates": [ 6.571353120449098, 51.068327740594199 ] } },
{ "type": "Feature", "properties": { "id": "Gustorf_station", "num_hh": "8", "num_cars": 1, "ARS": "051620008008", "AGS": "05162008", "ARS_0": "051620008008", "AGS_0": "05162008", "SDV_ARS": "051620008008", "GEN": "Grevenbroich", "BEZ": "Stadt", "NUTS": "DEA1D", "RegioStaR7": "73", "scenario": 50, "year": 2038 }, "geometry": { "type": "Point", "coordinates": [ 6.571042028339281, 51.068420831641724 ] } },
{ "type": "Feature", "properties": { "id": "Gustorf_station", "num_hh": "8", "num_cars": 1, "ARS": "051620008008", "AGS": "05162008", "ARS_0": "051620008008", "AGS_0": "05162008", "SDV_ARS": "051620008008", "GEN": "Grevenbroich", "BEZ": "Stadt", "NUTS": "DEA1D", "RegioStaR7": "73", "scenario": 50, "year": 2038 }, "geometry": { "type": "Point", "coordinates": [ 6.572138257678642, 51.067955375670209 ] } },
{ "type": "Feature", "properties": { "id": "Gustorf_station", "num_hh": "8", "num_cars": 1, "ARS": "051620008008", "AGS": "05162008", "ARS_0": "051620008008", "AGS_0": "05162008", "SDV_ARS": "051620008008", "GEN": "Grevenbroich", "BEZ": "Stadt", "NUTS": "DEA1D", "RegioStaR7": "73", "scenario": 50, "year": 2038 }, "geometry": { "type": "Point", "coordinates": [ 6.571871607298797, 51.06801123055709 ] } },
{ "type": "Feature", "properties": { "id": "Gustorf_station", "num_hh": "8", "num_cars": 1, "ARS": "051620008008", "AGS": "05162008", "ARS_0": "051620008008", "AGS_0": "05162008", "SDV_ARS": "051620008008", "GEN": "Grevenbroich", "BEZ": "Stadt", "NUTS": "DEA1D", "RegioStaR7": "73", "scenario": 50, "year": 2038 }, "geometry": { "type": "Point", "coordinates": [ 6.571604956918952, 51.06808570363475 ] } },
{ "type": "Feature", "properties": { "id": "Gustorf_station", "num_hh": "8", "num_cars": 1, "ARS": "051620008008", "AGS": "05162008", "ARS_0": "051620008008", "AGS_0": "05162008", "SDV_ARS": "051620008008", "GEN": "Grevenbroich", "BEZ": "Stadt", "NUTS": "DEA1D", "RegioStaR7": "73", "scenario": 50, "year": 2038 }, "geometry": { "type": "Point", "coordinates": [ 6.571308678719125, 51.068150867479417 ] } },
{ "type": "Feature", "properties": { "id": "Gustorf_station", "num_hh": "8", "num_cars": 1, "ARS": "051620008008", "AGS": "05162008", "ARS_0": "051620008008", "AGS_0": "05162008", "SDV_ARS": "051620008008", "GEN": "Grevenbroich", "BEZ": "Stadt", "NUTS": "DEA1D", "RegioStaR7": "73", "scenario": 50, "year": 2038 }, "geometry": { "type": "Point", "coordinates": [ 6.570997586609306, 51.068243958526942 ] } },
{ "type": "Feature", "properties": { "id": "Gustorf_station", "num_hh": "8", "num_cars": 1, "ARS": "051620008008", "AGS": "05162008", "ARS_0": "051620008008", "AGS_0": "05162008", "SDV_ARS": "051620008008", "GEN": "Grevenbroich", "BEZ": "Stadt", "NUTS": "DEA1D", "RegioStaR7": "73", "scenario": 50, "year": 2038 }, "geometry": { "type": "Point", "coordinates": [ 6.572212126258177, 51.06868699320794 ] } },
{ "type": "Feature", "properties": { "id": "Gustorf_station", "num_hh": "8", "num_cars": 1, "ARS": "051620008008", "AGS": "05162008", "ARS_0": "051620008008", "AGS_0": "05162008", "SDV_ARS": "051620008008", "GEN": "Grevenbroich", "BEZ": "Stadt", "NUTS": "DEA1D", "RegioStaR7": "73", "scenario": 50, "year": 2038 }, "geometry": { "type": "Point", "coordinates": [ 6.571945475878332, 51.068742848094821 ] } },
{ "type": "Feature", "properties": { "id": "Gustorf_station", "num_hh": "8", "num_cars": 1, "ARS": "051620008008", "AGS": "05162008", "ARS_0": "051620008008", "AGS_0": "05162008", "SDV_ARS": "051620008008", "GEN": "Grevenbroich", "BEZ": "Stadt", "NUTS": "DEA1D", "RegioStaR7": "73", "scenario": 50, "year": 2038 }, "geometry": { "type": "Point", "coordinates": [ 6.571678825498487, 51.068817321172482 ] } },
{ "type": "Feature", "properties": { "id": "Gustorf_station", "num_hh": "8", "num_cars": 1, "ARS": "051620008008", "AGS": "05162008", "ARS_0": "051620008008", "AGS_0": "05162008", "SDV_ARS": "051620008008", "GEN": "Grevenbroich", "BEZ": "Stadt", "NUTS": "DEA1D", "RegioStaR7": "73", "scenario": 50, "year": 2038 }, "geometry": { "type": "Point", "coordinates": [ 6.571382547298659, 51.068882485017149 ] } },
{ "type": "Feature", "properties": { "id": "Gustorf_station", "num_hh": "8", "num_cars": 1, "ARS": "051620008008", "AGS": "05162008", "ARS_0": "051620008008", "AGS_0": "05162008", "SDV_ARS": "051620008008", "GEN": "Grevenbroich", "BEZ": "Stadt", "NUTS": "DEA1D", "RegioStaR7": "73", "scenario": 50, "year": 2038 }, "geometry": { "type": "Point", "coordinates": [ 6.571071455188841, 51.068975576064673 ] } },
{ "type": "Feature", "properties": { "id": "Gustorf_station", "num_hh": "8", "num_cars": 1, "ARS": "051620008008", "AGS": "05162008", "ARS_0": "051620008008", "AGS_0": "05162008", "SDV_ARS": "051620008008", "GEN": "Grevenbroich", "BEZ": "Stadt", "NUTS": "DEA1D", "RegioStaR7": "73", "scenario": 50, "year": 2038 }, "geometry": { "type": "Point", "coordinates": [ 6.572167684528202, 51.068510120093158 ] } },
{ "type": "Feature", "properties": { "id": "Gustorf_station", "num_hh": "8", "num_cars": 1, "ARS": "051620008008", "AGS": "05162008", "ARS_0": "051620008008", "AGS_0": "05162008", "SDV_ARS": "051620008008", "GEN": "Grevenbroich", "BEZ": "Stadt", "NUTS": "DEA1D", "RegioStaR7": "73", "scenario": 50, "year": 2038 }, "geometry": { "type": "Point", "coordinates": [ 6.571901034148357, 51.068565974980039 ] } },
{ "type": "Feature", "properties": { "id": "Gustorf_station", "num_hh": "8", "num_cars": 1, "ARS": "051620008008", "AGS": "05162008", "ARS_0": "051620008008", "AGS_0": "05162008", "SDV_ARS": "051620008008", "GEN": "Grevenbroich", "BEZ": "Stadt", "NUTS": "DEA1D", "RegioStaR7": "73", "scenario": 50, "year": 2038 }, "geometry": { "type": "Point", "coordinates": [ 6.571634383768512, 51.0686404480577 ] } },
{ "type": "Feature", "properties": { "id": "Gustorf_station", "num_hh": "8", "num_cars": 1, "ARS": "051620008008", "AGS": "05162008", "ARS_0": "051620008008", "AGS_0": "05162008", "SDV_ARS": "051620008008", "GEN": "Grevenbroich", "BEZ": "Stadt", "NUTS": "DEA1D", "RegioStaR7": "73", "scenario": 50, "year": 2038 }, "geometry": { "type": "Point", "coordinates": [ 6.571338105568685, 51.068705611902367 ] } },
{ "type": "Feature", "properties": { "id": "Gustorf_station", "num_hh": "8", "num_cars": 1, "ARS": "051620008008", "AGS": "05162008", "ARS_0": "051620008008", "AGS_0": "05162008", "SDV_ARS": "051620008008", "GEN": "Grevenbroich", "BEZ": "Stadt", "NUTS": "DEA1D", "RegioStaR7": "73", "scenario": 50, "year": 2038 }, "geometry": { "type": "Point", "coordinates": [ 6.571027013458867, 51.068798702949891 ] } },
{ "type": "Feature", "properties": { "id": "Gustorf_station", "num_hh": "8", "num_cars": 1, "ARS": "051620008008", "AGS": "05162008", "ARS_0": "051620008008", "AGS_0": "05162008", "SDV_ARS": "051620008008", "GEN": "Grevenbroich", "BEZ": "Stadt", "NUTS": "DEA1D", "RegioStaR7": "73", "scenario": 50, "year": 2038 }, "geometry": { "type": "Point", "coordinates": [ 6.572143463609204, 51.069192421226738 ] } },
{ "type": "Feature", "properties": { "id": "Gustorf_station", "num_hh": "8", "num_cars": 1, "ARS": "051620008008", "AGS": "05162008", "ARS_0": "051620008008", "AGS_0": "05162008", "SDV_ARS": "051620008008", "GEN": "Grevenbroich", "BEZ": "Stadt", "NUTS": "DEA1D", "RegioStaR7": "73", "scenario": 50, "year": 2038 }, "geometry": { "type": "Point", "coordinates": [ 6.571876813229359, 51.069248276113619 ] } },
{ "type": "Feature", "properties": { "id": "Gustorf_station", "num_hh": "8", "num_cars": 1, "ARS": "051620008008", "AGS": "05162008", "ARS_0": "051620008008", "AGS_0": "05162008", "SDV_ARS": "051620008008", "GEN": "Grevenbroich", "BEZ": "Stadt", "NUTS": "DEA1D", "RegioStaR7": "73", "scenario": 50, "year": 2038 }, "geometry": { "type": "Point", "coordinates": [ 6.571610162849514, 51.069322749191279 ] } },
{ "type": "Feature", "properties": { "id": "Gustorf_station", "num_hh": "8", "num_cars": 1, "ARS": "051620008008", "AGS": "05162008", "ARS_0": "051620008008", "AGS_0": "05162008", "SDV_ARS": "051620008008", "GEN": "Grevenbroich", "BEZ": "Stadt", "NUTS": "DEA1D", "RegioStaR7": "73", "scenario": 50, "year": 2038 }, "geometry": { "type": "Point", "coordinates": [ 6.571313884649686, 51.069387913035946 ] } },
{ "type": "Feature", "properties": { "id": "Gustorf_station", "num_hh": "8", "num_cars": 1, "ARS": "051620008008", "AGS": "05162008", "ARS_0": "051620008008", "AGS_0": "05162008", "SDV_ARS": "051620008008", "GEN": "Grevenbroich", "BEZ": "Stadt", "NUTS": "DEA1D", "RegioStaR7": "73", "scenario": 50, "year": 2038 }, "geometry": { "type": "Point", "coordinates": [ 6.571002792539868, 51.069481004083471 ] } },
{ "type": "Feature", "properties": { "id": "Gustorf_station", "num_hh": "8", "num_cars": 1, "ARS": "051620008008", "AGS": "05162008", "ARS_0": "051620008008", "AGS_0": "05162008", "SDV_ARS": "051620008008", "GEN": "Grevenbroich", "BEZ": "Stadt", "NUTS": "DEA1D", "RegioStaR7": "73", "scenario": 50, "year": 2038 }, "geometry": { "type": "Point", "coordinates": [ 6.57209902187923, 51.069015548111956 ] } },
{ "type": "Feature", "properties": { "id": "Gustorf_station", "num_hh": "8", "num_cars": 1, "ARS": "051620008008", "AGS": "05162008", "ARS_0": "051620008008", "AGS_0": "05162008", "SDV_ARS": "051620008008", "GEN": "Grevenbroich", "BEZ": "Stadt", "NUTS": "DEA1D", "RegioStaR7": "73", "scenario": 50, "year": 2038 }, "geometry": { "type": "Point", "coordinates": [ 6.571832371499385, 51.069071402998837 ] } },
{ "type": "Feature", "properties": { "id": "Gustorf_station", "num_hh": "8", "num_cars": 1, "ARS": "051620008008", "AGS": "05162008", "ARS_0": "051620008008", "AGS_0": "05162008", "SDV_ARS": "051620008008", "GEN": "Grevenbroich", "BEZ": "Stadt", "NUTS": "DEA1D", "RegioStaR7": "73", "scenario": 50, "year": 2038 }, "geometry": { "type": "Point", "coordinates": [ 6.57156572111954, 51.069145876076497 ] } },
{ "type": "Feature", "properties": { "id": "Gustorf_station", "num_hh": "8", "num_cars": 1, "ARS": "051620008008", "AGS": "05162008", "ARS_0": "051620008008", "AGS_0": "05162008", "SDV_ARS": "051620008008", "GEN": "Grevenbroich", "BEZ": "Stadt", "NUTS": "DEA1D", "RegioStaR7": "73", "scenario": 50, "year": 2038 }, "geometry": { "type": "Point", "coordinates": [ 6.571269442919712, 51.069211039921164 ] } },
{ "type": "Feature", "properties": { "id": "Gustorf_station", "num_hh": "8", "num_cars": 1, "ARS": "051620008008", "AGS": "05162008", "ARS_0": "051620008008", "AGS_0": "05162008", "SDV_ARS": "051620008008", "GEN": "Grevenbroich", "BEZ": "Stadt", "NUTS": "DEA1D", "RegioStaR7": "73", "scenario": 50, "year": 2038 }, "geometry": { "type": "Point", "coordinates": [ 6.570958350809894, 51.069304130968689 ] } },
{ "type": "Feature", "properties": { "id": "Puhlheim_station", "num_hh": "8", "num_cars": 1, "ARS": "053620036036", "AGS": "05362036", "ARS_0": "053620036036", "AGS_0": "05362036", "SDV_ARS": "053620036036", "GEN": "Pulheim", "BEZ": "Stadt", "NUTS": "DEA27", "RegioStaR7": "73", "scenario": 50, "year": 2038 }, "geometry": { "type": "Point", "coordinates": [ 6.791306527000462, 50.997265953486668 ] } },
{ "type": "Feature", "properties": { "id": "Puhlheim_station", "num_hh": "8", "num_cars": 1, "ARS": "053620036036", "AGS": "05362036", "ARS_0": "053620036036", "AGS_0": "05362036", "SDV_ARS": "053620036036", "GEN": "Pulheim", "BEZ": "Stadt", "NUTS": "DEA27", "RegioStaR7": "73", "scenario": 50, "year": 2038 }, "geometry": { "type": "Point", "coordinates": [ 6.791144704111545, 50.997404832039287 ] } },
{ "type": "Feature", "properties": { "id": "Puhlheim_station", "num_hh": "8", "num_cars": 1, "ARS": "053620036036", "AGS": "05362036", "ARS_0": "053620036036", "AGS_0": "05362036", "SDV_ARS": "053620036036", "GEN": "Pulheim", "BEZ": "Stadt", "NUTS": "DEA27", "RegioStaR7": "73", "scenario": 50, "year": 2038 }, "geometry": { "type": "Point", "coordinates": [ 6.790968170050911, 50.997571485753753 ] } },
{ "type": "Feature", "properties": { "id": "Puhlheim_station", "num_hh": "8", "num_cars": 1, "ARS": "053620036036", "AGS": "05362036", "ARS_0": "053620036036", "AGS_0": "05362036", "SDV_ARS": "053620036036", "GEN": "Pulheim", "BEZ": "Stadt", "NUTS": "DEA27", "RegioStaR7": "73", "scenario": 50, "year": 2038 }, "geometry": { "type": "Point", "coordinates": [ 6.790791635990275, 50.997728880378936 ] } },
{ "type": "Feature", "properties": { "id": "Puhlheim_station", "num_hh": "8", "num_cars": 1, "ARS": "053620036036", "AGS": "05362036", "ARS_0": "053620036036", "AGS_0": "05362036", "SDV_ARS": "053620036036", "GEN": "Pulheim", "BEZ": "Stadt", "NUTS": "DEA27", "RegioStaR7": "73", "scenario": 50, "year": 2038 }, "geometry": { "type": "Point", "coordinates": [ 6.790585679586201, 50.997923308296478 ] } },
{ "type": "Feature", "properties": { "id": "Puhlheim_station", "num_hh": "8", "num_cars": 1, "ARS": "053620036036", "AGS": "05362036", "ARS_0": "053620036036", "AGS_0": "05362036", "SDV_ARS": "053620036036", "GEN": "Pulheim", "BEZ": "Stadt", "NUTS": "DEA27", "RegioStaR7": "73", "scenario": 50, "year": 2038 }, "geometry": { "type": "Point", "coordinates": [ 6.791041725909507, 50.997154851919255 ] } },
{ "type": "Feature", "properties": { "id": "Puhlheim_station", "num_hh": "8", "num_cars": 1, "ARS": "053620036036", "AGS": "05362036", "ARS_0": "053620036036", "AGS_0": "05362036", "SDV_ARS": "053620036036", "GEN": "Pulheim", "BEZ": "Stadt", "NUTS": "DEA27", "RegioStaR7": "73", "scenario": 50, "year": 2038 }, "geometry": { "type": "Point", "coordinates": [ 6.790879903020591, 50.997293730471874 ] } },
{ "type": "Feature", "properties": { "id": "Puhlheim_station", "num_hh": "8", "num_cars": 1, "ARS": "053620036036", "AGS": "05362036", "ARS_0": "053620036036", "AGS_0": "05362036", "SDV_ARS": "053620036036", "GEN": "Pulheim", "BEZ": "Stadt", "NUTS": "DEA27", "RegioStaR7": "73", "scenario": 50, "year": 2038 }, "geometry": { "type": "Point", "coordinates": [ 6.790703368959957, 50.99746038418634 ] } },
{ "type": "Feature", "properties": { "id": "Puhlheim_station", "num_hh": "8", "num_cars": 1, "ARS": "053620036036", "AGS": "05362036", "ARS_0": "053620036036", "AGS_0": "05362036", "SDV_ARS": "053620036036", "GEN": "Pulheim", "BEZ": "Stadt", "NUTS": "DEA27", "RegioStaR7": "73", "scenario": 50, "year": 2038 }, "geometry": { "type": "Point", "coordinates": [ 6.790526834899321, 50.997617778811524 ] } },
{ "type": "Feature", "properties": { "id": "Puhlheim_station", "num_hh": "8", "num_cars": 1, "ARS": "053620036036", "AGS": "05362036", "ARS_0": "053620036036", "AGS_0": "05362036", "SDV_ARS": "053620036036", "GEN": "Pulheim", "BEZ": "Stadt", "NUTS": "DEA27", "RegioStaR7": "73", "scenario": 50, "year": 2038 }, "geometry": { "type": "Point", "coordinates": [ 6.790320878495247, 50.997812206729066 ] } },
{ "type": "Feature", "properties": { "id": "Puhlheim_station", "num_hh": "8", "num_cars": 1, "ARS": "053620036036", "AGS": "05362036", "ARS_0": "053620036036", "AGS_0": "05362036", "SDV_ARS": "053620036036", "GEN": "Pulheim", "BEZ": "Stadt", "NUTS": "DEA27", "RegioStaR7": "73", "scenario": 50, "year": 2038 }, "geometry": { "type": "Point", "coordinates": [ 6.790438567869004, 50.996895613894118 ] } },
{ "type": "Feature", "properties": { "id": "Puhlheim_station", "num_hh": "8", "num_cars": 1, "ARS": "053620036036", "AGS": "05362036", "ARS_0": "053620036036", "AGS_0": "05362036", "SDV_ARS": "053620036036", "GEN": "Pulheim", "BEZ": "Stadt", "NUTS": "DEA27", "RegioStaR7": "73", "scenario": 50, "year": 2038 }, "geometry": { "type": "Point", "coordinates": [ 6.790276744980088, 50.997034492446737 ] } },
{ "type": "Feature", "properties": { "id": "Puhlheim_station", "num_hh": "8", "num_cars": 1, "ARS": "053620036036", "AGS": "05362036", "ARS_0": "053620036036", "AGS_0": "05362036", "SDV_ARS": "053620036036", "GEN": "Pulheim", "BEZ": "Stadt", "NUTS": "DEA27", "RegioStaR7": "73", "scenario": 50, "year": 2038 }, "geometry": { "type": "Point", "coordinates": [ 6.790100210919453, 50.997201146161203 ] } },
{ "type": "Feature", "properties": { "id": "Puhlheim_station", "num_hh": "8", "num_cars": 1, "ARS": "053620036036", "AGS": "05362036", "ARS_0": "053620036036", "AGS_0": "05362036", "SDV_ARS": "053620036036", "GEN": "Pulheim", "BEZ": "Stadt", "NUTS": "DEA27", "RegioStaR7": "73", "scenario": 50, "year": 2038 }, "geometry": { "type": "Point", "coordinates": [ 6.789923676858818, 50.997358540786387 ] } },
{ "type": "Feature", "properties": { "id": "Puhlheim_station", "num_hh": "8", "num_cars": 1, "ARS": "053620036036", "AGS": "05362036", "ARS_0": "053620036036", "AGS_0": "05362036", "SDV_ARS": "053620036036", "GEN": "Pulheim", "BEZ": "Stadt", "NUTS": "DEA27", "RegioStaR7": "73", "scenario": 50, "year": 2038 }, "geometry": { "type": "Point", "coordinates": [ 6.789717720454743, 50.997552968703928 ] } },
{ "type": "Feature", "properties": { "id": "Puhlheim_station", "num_hh": "8", "num_cars": 1, "ARS": "053620036036", "AGS": "05362036", "ARS_0": "053620036036", "AGS_0": "05362036", "SDV_ARS": "053620036036", "GEN": "Pulheim", "BEZ": "Stadt", "NUTS": "DEA27", "RegioStaR7": "73", "scenario": 50, "year": 2038 }, "geometry": { "type": "Point", "coordinates": [ 6.790129633262892, 50.996756735784857 ] } },
{ "type": "Feature", "properties": { "id": "Puhlheim_station", "num_hh": "8", "num_cars": 1, "ARS": "053620036036", "AGS": "05362036", "ARS_0": "053620036036", "AGS_0": "05362036", "SDV_ARS": "053620036036", "GEN": "Pulheim", "BEZ": "Stadt", "NUTS": "DEA27", "RegioStaR7": "73", "scenario": 50, "year": 2038 }, "geometry": { "type": "Point", "coordinates": [ 6.789967810373976, 50.996895614337475 ] } },
{ "type": "Feature", "properties": { "id": "Puhlheim_station", "num_hh": "8", "num_cars": 1, "ARS": "053620036036", "AGS": "05362036", "ARS_0": "053620036036", "AGS_0": "05362036", "SDV_ARS": "053620036036", "GEN": "Pulheim", "BEZ": "Stadt", "NUTS": "DEA27", "RegioStaR7": "73", "scenario": 50, "year": 2038 }, "geometry": { "type": "Point", "coordinates": [ 6.789791276313341, 50.997062268051941 ] } },
{ "type": "Feature", "properties": { "id": "Puhlheim_station", "num_hh": "8", "num_cars": 1, "ARS": "053620036036", "AGS": "05362036", "ARS_0": "053620036036", "AGS_0": "05362036", "SDV_ARS": "053620036036", "GEN": "Pulheim", "BEZ": "Stadt", "NUTS": "DEA27", "RegioStaR7": "73", "scenario": 50, "year": 2038 }, "geometry": { "type": "Point", "coordinates": [ 6.789614742252706, 50.997219662677125 ] } },
{ "type": "Feature", "properties": { "id": "Puhlheim_station", "num_hh": "8", "num_cars": 1, "ARS": "053620036036", "AGS": "05362036", "ARS_0": "053620036036", "AGS_0": "05362036", "SDV_ARS": "053620036036", "GEN": "Pulheim", "BEZ": "Stadt", "NUTS": "DEA27", "RegioStaR7": "73", "scenario": 50, "year": 2038 }, "geometry": { "type": "Point", "coordinates": [ 6.789408785848631, 50.997414090594667 ] } },
{ "type": "Feature", "properties": { "id": "Puhlheim_station", "num_hh": "8", "num_cars": 1, "ARS": "053620036036", "AGS": "05362036", "ARS_0": "053620036036", "AGS_0": "05362036", "SDV_ARS": "053620036036", "GEN": "Pulheim", "BEZ": "Stadt", "NUTS": "DEA27", "RegioStaR7": "73", "scenario": 50, "year": 2038 }, "geometry": { "type": "Point", "coordinates": [ 6.789452919363789, 50.996488236928371 ] } },
{ "type": "Feature", "properties": { "id": "Puhlheim_station", "num_hh": "8", "num_cars": 1, "ARS": "053620036036", "AGS": "05362036", "ARS_0": "053620036036", "AGS_0": "05362036", "SDV_ARS": "053620036036", "GEN": "Pulheim", "BEZ": "Stadt", "NUTS": "DEA27", "RegioStaR7": "73", "scenario": 50, "year": 2038 }, "geometry": { "type": "Point", "coordinates": [ 6.789291096474873, 50.99662711548099 ] } },
{ "type": "Feature", "properties": { "id": "Puhlheim_station", "num_hh": "8", "num_cars": 1, "ARS": "053620036036", "AGS": "05362036", "ARS_0": "053620036036", "AGS_0": "05362036", "SDV_ARS": "053620036036", "GEN": "Pulheim", "BEZ": "Stadt", "NUTS": "DEA27", "RegioStaR7": "73", "scenario": 50, "year": 2038 }, "geometry": { "type": "Point", "coordinates": [ 6.789114562414238, 50.996793769195456 ] } },
{ "type": "Feature", "properties": { "id": "Puhlheim_station", "num_hh": "8", "num_cars": 1, "ARS": "053620036036", "AGS": "05362036", "ARS_0": "053620036036", "AGS_0": "05362036", "SDV_ARS": "053620036036", "GEN": "Pulheim", "BEZ": "Stadt", "NUTS": "DEA27", "RegioStaR7": "73", "scenario": 50, "year": 2038 }, "geometry": { "type": "Point", "coordinates": [ 6.788938028353603, 50.99695116382064 ] } },
{ "type": "Feature", "properties": { "id": "Puhlheim_station", "num_hh": "8", "num_cars": 1, "ARS": "053620036036", "AGS": "05362036", "ARS_0": "053620036036", "AGS_0": "05362036", "SDV_ARS": "053620036036", "GEN": "Pulheim", "BEZ": "Stadt", "NUTS": "DEA27", "RegioStaR7": "73", "scenario": 50, "year": 2038 }, "geometry": { "type": "Point", "coordinates": [ 6.788732071949529, 50.997145591738182 ] } },
{ "type": "Feature", "properties": { "id": "Puhlheim_station", "num_hh": "8", "num_cars": 1, "ARS": "053620036036", "AGS": "05362036", "ARS_0": "053620036036", "AGS_0": "05362036", "SDV_ARS": "053620036036", "GEN": "Pulheim", "BEZ": "Stadt", "NUTS": "DEA27", "RegioStaR7": "73", "scenario": 50, "year": 2038 }, "geometry": { "type": "Point", "coordinates": [ 6.789158695929397, 50.99636787486768 ] } },
{ "type": "Feature", "properties": { "id": "Puhlheim_station", "num_hh": "8", "num_cars": 1, "ARS": "053620036036", "AGS": "05362036", "ARS_0": "053620036036", "AGS_0": "05362036", "SDV_ARS": "053620036036", "GEN": "Pulheim", "BEZ": "Stadt", "NUTS": "DEA27", "RegioStaR7": "73", "scenario": 50, "year": 2038 }, "geometry": { "type": "Point", "coordinates": [ 6.788996873040481, 50.996506753420299 ] } },
{ "type": "Feature", "properties": { "id": "Puhlheim_station", "num_hh": "8", "num_cars": 1, "ARS": "053620036036", "AGS": "05362036", "ARS_0": "053620036036", "AGS_0": "05362036", "SDV_ARS": "053620036036", "GEN": "Pulheim", "BEZ": "Stadt", "NUTS": "DEA27", "RegioStaR7": "73", "scenario": 50, "year": 2038 }, "geometry": { "type": "Point", "coordinates": [ 6.788820338979846, 50.996673407134764 ] } },
{ "type": "Feature", "properties": { "id": "Puhlheim_station", "num_hh": "8", "num_cars": 1, "ARS": "053620036036", "AGS": "05362036", "ARS_0": "053620036036", "AGS_0": "05362036", "SDV_ARS": "053620036036", "GEN": "Pulheim", "BEZ": "Stadt", "NUTS": "DEA27", "RegioStaR7": "73", "scenario": 50, "year": 2038 }, "geometry": { "type": "Point", "coordinates": [ 6.788643804919211, 50.996830801759948 ] } },
{ "type": "Feature", "properties": { "id": "Puhlheim_station", "num_hh": "8", "num_cars": 1, "ARS": "053620036036", "AGS": "05362036", "ARS_0": "053620036036", "AGS_0": "05362036", "SDV_ARS": "053620036036", "GEN": "Pulheim", "BEZ": "Stadt", "NUTS": "DEA27", "RegioStaR7": "73", "scenario": 50, "year": 2038 }, "geometry": { "type": "Point", "coordinates": [ 6.788437848515136, 50.99702522967749 ] } },
{ "type": "Feature", "properties": { "id": "Puhlheim_station", "num_hh": "8", "num_cars": 1, "ARS": "053620036036", "AGS": "05362036", "ARS_0": "053620036036", "AGS_0": "05362036", "SDV_ARS": "053620036036", "GEN": "Pulheim", "BEZ": "Stadt", "NUTS": "DEA27", "RegioStaR7": "73", "scenario": 50, "year": 2038 }, "geometry": { "type": "Point", "coordinates": [ 6.788540826717173, 50.996127149809659 ] } },
{ "type": "Feature", "properties": { "id": "Puhlheim_station", "num_hh": "8", "num_cars": 1, "ARS": "053620036036", "AGS": "05362036", "ARS_0": "053620036036", "AGS_0": "05362036", "SDV_ARS": "053620036036", "GEN": "Pulheim", "BEZ": "Stadt", "NUTS": "DEA27", "RegioStaR7": "73", "scenario": 50, "year": 2038 }, "geometry": { "type": "Point", "coordinates": [ 6.788379003828257, 50.996266028362278 ] } },
{ "type": "Feature", "properties": { "id": "Puhlheim_station", "num_hh": "8", "num_cars": 1, "ARS": "053620036036", "AGS": "05362036", "ARS_0": "053620036036", "AGS_0": "05362036", "SDV_ARS": "053620036036", "GEN": "Pulheim", "BEZ": "Stadt", "NUTS": "DEA27", "RegioStaR7": "73", "scenario": 50, "year": 2038 }, "geometry": { "type": "Point", "coordinates": [ 6.788202469767622, 50.996432682076744 ] } },
{ "type": "Feature", "properties": { "id": "Puhlheim_station", "num_hh": "8", "num_cars": 1, "ARS": "053620036036", "AGS": "05362036", "ARS_0": "053620036036", "AGS_0": "05362036", "SDV_ARS": "053620036036", "GEN": "Pulheim", "BEZ": "Stadt", "NUTS": "DEA27", "RegioStaR7": "73", "scenario": 50, "year": 2038 }, "geometry": { "type": "Point", "coordinates": [ 6.788025935706987, 50.996590076701928 ] } },
{ "type": "Feature", "properties": { "id": "Puhlheim_station", "num_hh": "8", "num_cars": 1, "ARS": "053620036036", "AGS": "05362036", "ARS_0": "053620036036", "AGS_0": "05362036", "SDV_ARS": "053620036036", "GEN": "Pulheim", "BEZ": "Stadt", "NUTS": "DEA27", "RegioStaR7": "73", "scenario": 50, "year": 2038 }, "geometry": { "type": "Point", "coordinates": [ 6.787819979302912, 50.99678450461947 ] } },
{ "type": "Feature", "properties": { "id": "Puhlheim_station", "num_hh": "8", "num_cars": 1, "ARS": "053620036036", "AGS": "05362036", "ARS_0": "053620036036", "AGS_0": "05362036", "SDV_ARS": "053620036036", "GEN": "Pulheim", "BEZ": "Stadt", "NUTS": "DEA27", "RegioStaR7": "73", "scenario": 50, "year": 2038 }, "geometry": { "type": "Point", "coordinates": [ 6.788217180939342, 50.996025304216865 ] } },
{ "type": "Feature", "properties": { "id": "Puhlheim_station", "num_hh": "8", "num_cars": 1, "ARS": "053620036036", "AGS": "05362036", "ARS_0": "053620036036", "AGS_0": "05362036", "SDV_ARS": "053620036036", "GEN": "Pulheim", "BEZ": "Stadt", "NUTS": "DEA27", "RegioStaR7": "73", "scenario": 50, "year": 2038 }, "geometry": { "type": "Point", "coordinates": [ 6.788055358050426, 50.996164182769483 ] } },
{ "type": "Feature", "properties": { "id": "Puhlheim_station", "num_hh": "8", "num_cars": 1, "ARS": "053620036036", "AGS": "05362036", "ARS_0": "053620036036", "AGS_0": "05362036", "SDV_ARS": "053620036036", "GEN": "Pulheim", "BEZ": "Stadt", "NUTS": "DEA27", "RegioStaR7": "73", "scenario": 50, "year": 2038 }, "geometry": { "type": "Point", "coordinates": [ 6.787878823989791, 50.996330836483949 ] } },
{ "type": "Feature", "properties": { "id": "Puhlheim_station", "num_hh": "8", "num_cars": 1, "ARS": "053620036036", "AGS": "05362036", "ARS_0": "053620036036", "AGS_0": "05362036", "SDV_ARS": "053620036036", "GEN": "Pulheim", "BEZ": "Stadt", "NUTS": "DEA27", "RegioStaR7": "73", "scenario": 50, "year": 2038 }, "geometry": { "type": "Point", "coordinates": [ 6.787702289929156, 50.996488231109133 ] } },
{ "type": "Feature", "properties": { "id": "Puhlheim_station", "num_hh": "8", "num_cars": 1, "ARS": "053620036036", "AGS": "05362036", "ARS_0": "053620036036", "AGS_0": "05362036", "SDV_ARS": "053620036036", "GEN": "Pulheim", "BEZ": "Stadt", "NUTS": "DEA27", "RegioStaR7": "73", "scenario": 50, "year": 2038 }, "geometry": { "type": "Point", "coordinates": [ 6.787496333525081, 50.996682659026675 ] } },
{ "type": "Feature", "properties": { "id": "Puhlheim_station", "num_hh": "8", "num_cars": 1, "ARS": "053620036036", "AGS": "05362036", "ARS_0": "053620036036", "AGS_0": "05362036", "SDV_ARS": "053620036036", "GEN": "Pulheim", "BEZ": "Stadt", "NUTS": "DEA27", "RegioStaR7": "73", "scenario": 50, "year": 2038 }, "geometry": { "type": "Point", "coordinates": [ 6.790247322636648, 50.998191789536492 ] } },
{ "type": "Feature", "properties": { "id": "Puhlheim_station", "num_hh": "8", "num_cars": 1, "ARS": "053620036036", "AGS": "05362036", "ARS_0": "053620036036", "AGS_0": "05362036", "SDV_ARS": "053620036036", "GEN": "Pulheim", "BEZ": "Stadt", "NUTS": "DEA27", "RegioStaR7": "73", "scenario": 50, "year": 2038 }, "geometry": { "type": "Point", "coordinates": [ 6.790085499747732, 50.99833066808911 ] } },
{ "type": "Feature", "properties": { "id": "Puhlheim_station", "num_hh": "8", "num_cars": 1, "ARS": "053620036036", "AGS": "05362036", "ARS_0": "053620036036", "AGS_0": "05362036", "SDV_ARS": "053620036036", "GEN": "Pulheim", "BEZ": "Stadt", "NUTS": "DEA27", "RegioStaR7": "73", "scenario": 50, "year": 2038 }, "geometry": { "type": "Point", "coordinates": [ 6.789908965687097, 50.998497321803576 ] } },
{ "type": "Feature", "properties": { "id": "Puhlheim_station", "num_hh": "8", "num_cars": 1, "ARS": "053620036036", "AGS": "05362036", "ARS_0": "053620036036", "AGS_0": "05362036", "SDV_ARS": "053620036036", "GEN": "Pulheim", "BEZ": "Stadt", "NUTS": "DEA27", "RegioStaR7": "73", "scenario": 50, "year": 2038 }, "geometry": { "type": "Point", "coordinates": [ 6.789732431626462, 50.99865471642876 ] } },
{ "type": "Feature", "properties": { "id": "Puhlheim_station", "num_hh": "8", "num_cars": 1, "ARS": "053620036036", "AGS": "05362036", "ARS_0": "053620036036", "AGS_0": "05362036", "SDV_ARS": "053620036036", "GEN": "Pulheim", "BEZ": "Stadt", "NUTS": "DEA27", "RegioStaR7": "73", "scenario": 50, "year": 2038 }, "geometry": { "type": "Point", "coordinates": [ 6.789526475222387, 50.998849144346302 ] } },
{ "type": "Feature", "properties": { "id": "Puhlheim_station", "num_hh": "8", "num_cars": 1, "ARS": "053620036036", "AGS": "05362036", "ARS_0": "053620036036", "AGS_0": "05362036", "SDV_ARS": "053620036036", "GEN": "Pulheim", "BEZ": "Stadt", "NUTS": "DEA27", "RegioStaR7": "73", "scenario": 50, "year": 2038 }, "geometry": { "type": "Point", "coordinates": [ 6.789953099202257, 50.998062173601618 ] } },
{ "type": "Feature", "properties": { "id": "Puhlheim_station", "num_hh": "8", "num_cars": 1, "ARS": "053620036036", "AGS": "05362036", "ARS_0": "053620036036", "AGS_0": "05362036", "SDV_ARS": "053620036036", "GEN": "Pulheim", "BEZ": "Stadt", "NUTS": "DEA27", "RegioStaR7": "73", "scenario": 50, "year": 2038 }, "geometry": { "type": "Point", "coordinates": [ 6.78979127631334, 50.998201052154236 ] } },
{ "type": "Feature", "properties": { "id": "Puhlheim_station", "num_hh": "8", "num_cars": 1, "ARS": "053620036036", "AGS": "05362036", "ARS_0": "053620036036", "AGS_0": "05362036", "SDV_ARS": "053620036036", "GEN": "Pulheim", "BEZ": "Stadt", "NUTS": "DEA27", "RegioStaR7": "73", "scenario": 50, "year": 2038 }, "geometry": { "type": "Point", "coordinates": [ 6.789614742252706, 50.998367705868702 ] } },
{ "type": "Feature", "properties": { "id": "Puhlheim_station", "num_hh": "8", "num_cars": 1, "ARS": "053620036036", "AGS": "05362036", "ARS_0": "053620036036", "AGS_0": "05362036", "SDV_ARS": "053620036036", "GEN": "Pulheim", "BEZ": "Stadt", "NUTS": "DEA27", "RegioStaR7": "73", "scenario": 50, "year": 2038 }, "geometry": { "type": "Point", "coordinates": [ 6.78943820819207, 50.998525100493886 ] } },
{ "type": "Feature", "properties": { "id": "Puhlheim_station", "num_hh": "8", "num_cars": 1, "ARS": "053620036036", "AGS": "05362036", "ARS_0": "053620036036", "AGS_0": "05362036", "SDV_ARS": "053620036036", "GEN": "Pulheim", "BEZ": "Stadt", "NUTS": "DEA27", "RegioStaR7": "73", "scenario": 50, "year": 2038 }, "geometry": { "type": "Point", "coordinates": [ 6.789232251787996, 50.998719528411428 ] } },
{ "type": "Feature", "properties": { "id": "Puhlheim_station", "num_hh": "8", "num_cars": 1, "ARS": "053620036036", "AGS": "05362036", "ARS_0": "053620036036", "AGS_0": "05362036", "SDV_ARS": "053620036036", "GEN": "Pulheim", "BEZ": "Stadt", "NUTS": "DEA27", "RegioStaR7": "73", "scenario": 50, "year": 2038 }, "geometry": { "type": "Point", "coordinates": [ 6.789335229990032, 50.99784923235115 ] } },
{ "type": "Feature", "properties": { "id": "Puhlheim_station", "num_hh": "8", "num_cars": 1, "ARS": "053620036036", "AGS": "05362036", "ARS_0": "053620036036", "AGS_0": "05362036", "SDV_ARS": "053620036036", "GEN": "Pulheim", "BEZ": "Stadt", "NUTS": "DEA27", "RegioStaR7": "73", "scenario": 50, "year": 2038 }, "geometry": { "type": "Point", "coordinates": [ 6.789173407101115, 50.997988110903769 ] } },
{ "type": "Feature", "properties": { "id": "Puhlheim_station", "num_hh": "8", "num_cars": 1, "ARS": "053620036036", "AGS": "05362036", "ARS_0": "053620036036", "AGS_0": "05362036", "SDV_ARS": "053620036036", "GEN": "Pulheim", "BEZ": "Stadt", "NUTS": "DEA27", "RegioStaR7": "73", "scenario": 50, "year": 2038 }, "geometry": { "type": "Point", "coordinates": [ 6.788996873040481, 50.998154764618235 ] } },
{ "type": "Feature", "properties": { "id": "Puhlheim_station", "num_hh": "8", "num_cars": 1, "ARS": "053620036036", "AGS": "05362036", "ARS_0": "053620036036", "AGS_0": "05362036", "SDV_ARS": "053620036036", "GEN": "Pulheim", "BEZ": "Stadt", "NUTS": "DEA27", "RegioStaR7": "73", "scenario": 50, "year": 2038 }, "geometry": { "type": "Point", "coordinates": [ 6.788820338979845, 50.998312159243419 ] } },
{ "type": "Feature", "properties": { "id": "Puhlheim_station", "num_hh": "8", "num_cars": 1, "ARS": "053620036036", "AGS": "05362036", "ARS_0": "053620036036", "AGS_0": "05362036", "SDV_ARS": "053620036036", "GEN": "Pulheim", "BEZ": "Stadt", "NUTS": "DEA27", "RegioStaR7": "73", "scenario": 50, "year": 2038 }, "geometry": { "type": "Point", "coordinates": [ 6.788614382575771, 50.998506587160961 ] } },
{ "type": "Feature", "properties": { "id": "Puhlheim_station", "num_hh": "8", "num_cars": 1, "ARS": "053620036036", "AGS": "05362036", "ARS_0": "053620036036", "AGS_0": "05362036", "SDV_ARS": "053620036036", "GEN": "Pulheim", "BEZ": "Stadt", "NUTS": "DEA27", "RegioStaR7": "73", "scenario": 50, "year": 2038 }, "geometry": { "type": "Point", "coordinates": [ 6.789085140070799, 50.997719615459353 ] } },
{ "type": "Feature", "properties": { "id": "Puhlheim_station", "num_hh": "8", "num_cars": 1, "ARS": "053620036036", "AGS": "05362036", "ARS_0": "053620036036", "AGS_0": "05362036", "SDV_ARS": "053620036036", "GEN": "Pulheim", "BEZ": "Stadt", "NUTS": "DEA27", "RegioStaR7": "73", "scenario": 50, "year": 2038 }, "geometry": { "type": "Point", "coordinates": [ 6.788923317181883, 50.997858494011972 ] } },
{ "type": "Feature", "properties": { "id": "Puhlheim_station", "num_hh": "8", "num_cars": 1, "ARS": "053620036036", "AGS": "05362036", "ARS_0": "053620036036", "AGS_0": "05362036", "SDV_ARS": "053620036036", "GEN": "Pulheim", "BEZ": "Stadt", "NUTS": "DEA27", "RegioStaR7": "73", "scenario": 50, "year": 2038 }, "geometry": { "type": "Point", "coordinates": [ 6.788746783121248, 50.998025147726437 ] } },
{ "type": "Feature", "properties": { "id": "Puhlheim_station", "num_hh": "8", "num_cars": 1, "ARS": "053620036036", "AGS": "05362036", "ARS_0": "053620036036", "AGS_0": "05362036", "SDV_ARS": "053620036036", "GEN": "Pulheim", "BEZ": "Stadt", "NUTS": "DEA27", "RegioStaR7": "73", "scenario": 50, "year": 2038 }, "geometry": { "type": "Point", "coordinates": [ 6.788570249060613, 50.998182542351621 ] } },
{ "type": "Feature", "properties": { "id": "Puhlheim_station", "num_hh": "8", "num_cars": 1, "ARS": "053620036036", "AGS": "05362036", "ARS_0": "053620036036", "AGS_0": "05362036", "SDV_ARS": "053620036036", "GEN": "Pulheim", "BEZ": "Stadt", "NUTS": "DEA27", "RegioStaR7": "73", "scenario": 50, "year": 2038 }, "geometry": { "type": "Point", "coordinates": [ 6.788364292656539, 50.998376970269163 ] } },
{ "type": "Feature", "properties": { "id": "Puhlheim_station", "num_hh": "8", "num_cars": 1, "ARS": "053620036036", "AGS": "05362036", "ARS_0": "053620036036", "AGS_0": "05362036", "SDV_ARS": "053620036036", "GEN": "Pulheim", "BEZ": "Stadt", "NUTS": "DEA27", "RegioStaR7": "73", "scenario": 50, "year": 2038 }, "geometry": { "type": "Point", "coordinates": [ 6.788423137343417, 50.997478897413963 ] } },
{ "type": "Feature", "properties": { "id": "Puhlheim_station", "num_hh": "8", "num_cars": 1, "ARS": "053620036036", "AGS": "05362036", "ARS_0": "053620036036", "AGS_0": "05362036", "SDV_ARS": "053620036036", "GEN": "Pulheim", "BEZ": "Stadt", "NUTS": "DEA27", "RegioStaR7": "73", "scenario": 50, "year": 2038 }, "geometry": { "type": "Point", "coordinates": [ 6.7882613144545, 50.997617775966582 ] } },
{ "type": "Feature", "properties": { "id": "Puhlheim_station", "num_hh": "8", "num_cars": 1, "ARS": "053620036036", "AGS": "05362036", "ARS_0": "053620036036", "AGS_0": "05362036", "SDV_ARS": "053620036036", "GEN": "Pulheim", "BEZ": "Stadt", "NUTS": "DEA27", "RegioStaR7": "73", "scenario": 50, "year": 2038 }, "geometry": { "type": "Point", "coordinates": [ 6.788084780393866, 50.997784429681047 ] } },
{ "type": "Feature", "properties": { "id": "Puhlheim_station", "num_hh": "8", "num_cars": 1, "ARS": "053620036036", "AGS": "05362036", "ARS_0": "053620036036", "AGS_0": "05362036", "SDV_ARS": "053620036036", "GEN": "Pulheim", "BEZ": "Stadt", "NUTS": "DEA27", "RegioStaR7": "73", "scenario": 50, "year": 2038 }, "geometry": { "type": "Point", "coordinates": [ 6.78790824633323, 50.997941824306231 ] } },
{ "type": "Feature", "properties": { "id": "Puhlheim_station", "num_hh": "8", "num_cars": 1, "ARS": "053620036036", "AGS": "05362036", "ARS_0": "053620036036", "AGS_0": "05362036", "SDV_ARS": "053620036036", "GEN": "Pulheim", "BEZ": "Stadt", "NUTS": "DEA27", "RegioStaR7": "73", "scenario": 50, "year": 2038 }, "geometry": { "type": "Point", "coordinates": [ 6.787702289929156, 50.998136252223773 ] } },
{ "type": "Feature", "properties": { "id": "Puhlheim_station", "num_hh": "8", "num_cars": 1, "ARS": "053620036036", "AGS": "05362036", "ARS_0": "053620036036", "AGS_0": "05362036", "SDV_ARS": "053620036036", "GEN": "Pulheim", "BEZ": "Stadt", "NUTS": "DEA27", "RegioStaR7": "73", "scenario": 50, "year": 2038 }, "geometry": { "type": "Point", "coordinates": [ 6.788158336252463, 50.997367796356428 ] } },
{ "type": "Feature", "properties": { "id": "Puhlheim_station", "num_hh": "8", "num_cars": 1, "ARS": "053620036036", "AGS": "05362036", "ARS_0": "053620036036", "AGS_0": "05362036", "SDV_ARS": "053620036036", "GEN": "Pulheim", "BEZ": "Stadt", "NUTS": "DEA27", "RegioStaR7": "73", "scenario": 50, "year": 2038 }, "geometry": { "type": "Point", "coordinates": [ 6.787996513363547, 50.997506674909047 ] } },
{ "type": "Feature", "properties": { "id": "Puhlheim_station", "num_hh": "8", "num_cars": 1, "ARS": "053620036036", "AGS": "05362036", "ARS_0": "053620036036", "AGS_0": "05362036", "SDV_ARS": "053620036036", "GEN": "Pulheim", "BEZ": "Stadt", "NUTS": "DEA27", "RegioStaR7": "73", "scenario": 50, "year": 2038 }, "geometry": { "type": "Point", "coordinates": [ 6.787819979302912, 50.997673328623513 ] } },
{ "type": "Feature", "properties": { "id": "Puhlheim_station", "num_hh": "8", "num_cars": 1, "ARS": "053620036036", "AGS": "05362036", "ARS_0": "053620036036", "AGS_0": "05362036", "SDV_ARS": "053620036036", "GEN": "Pulheim", "BEZ": "Stadt", "NUTS": "DEA27", "RegioStaR7": "73", "scenario": 50, "year": 2038 }, "geometry": { "type": "Point", "coordinates": [ 6.787643445242277, 50.997830723248697 ] } },
{ "type": "Feature", "properties": { "id": "Puhlheim_station", "num_hh": "8", "num_cars": 1, "ARS": "053620036036", "AGS": "05362036", "ARS_0": "053620036036", "AGS_0": "05362036", "SDV_ARS": "053620036036", "GEN": "Pulheim", "BEZ": "Stadt", "NUTS": "DEA27", "RegioStaR7": "73", "scenario": 50, "year": 2038 }, "geometry": { "type": "Point", "coordinates": [ 6.787437488838203, 50.998025151166239 ] } },
{ "type": "Feature", "properties": { "id": "Puhlheim_station", "num_hh": "8", "num_cars": 1, "ARS": "053620036036", "AGS": "05362036", "ARS_0": "053620036036", "AGS_0": "05362036", "SDV_ARS": "053620036036", "GEN": "Pulheim", "BEZ": "Stadt", "NUTS": "DEA27", "RegioStaR7": "73", "scenario": 50, "year": 2038 }, "geometry": { "type": "Point", "coordinates": [ 6.7875110446968, 50.997090042548756 ] } },
{ "type": "Feature", "properties": { "id": "Puhlheim_station", "num_hh": "8", "num_cars": 1, "ARS": "053620036036", "AGS": "05362036", "ARS_0": "053620036036", "AGS_0": "05362036", "SDV_ARS": "053620036036", "GEN": "Pulheim", "BEZ": "Stadt", "NUTS": "DEA27", "RegioStaR7": "73", "scenario": 50, "year": 2038 }, "geometry": { "type": "Point", "coordinates": [ 6.787349221807884, 50.997228921101375 ] } },
{ "type": "Feature", "properties": { "id": "Puhlheim_station", "num_hh": "8", "num_cars": 1, "ARS": "053620036036", "AGS": "05362036", "ARS_0": "053620036036", "AGS_0": "05362036", "SDV_ARS": "053620036036", "GEN": "Pulheim", "BEZ": "Stadt", "NUTS": "DEA27", "RegioStaR7": "73", "scenario": 50, "year": 2038 }, "geometry": { "type": "Point", "coordinates": [ 6.787172687747249, 50.99739557481584 ] } },
{ "type": "Feature", "properties": { "id": "Puhlheim_station", "num_hh": "8", "num_cars": 1, "ARS": "053620036036", "AGS": "05362036", "ARS_0": "053620036036", "AGS_0": "05362036", "SDV_ARS": "053620036036", "GEN": "Pulheim", "BEZ": "Stadt", "NUTS": "DEA27", "RegioStaR7": "73", "scenario": 50, "year": 2038 }, "geometry": { "type": "Point", "coordinates": [ 6.786996153686614, 50.997552969441024 ] } },
{ "type": "Feature", "properties": { "id": "Puhlheim_station", "num_hh": "8", "num_cars": 1, "ARS": "053620036036", "AGS": "05362036", "ARS_0": "053620036036", "AGS_0": "05362036", "SDV_ARS": "053620036036", "GEN": "Pulheim", "BEZ": "Stadt", "NUTS": "DEA27", "RegioStaR7": "73", "scenario": 50, "year": 2038 }, "geometry": { "type": "Point", "coordinates": [ 6.78679019728254, 50.997747397358566 ] } },
{ "type": "Feature", "properties": { "id": "Puhlheim_station", "num_hh": "8", "num_cars": 1, "ARS": "053620036036", "AGS": "05362036", "ARS_0": "053620036036", "AGS_0": "05362036", "SDV_ARS": "053620036036", "GEN": "Pulheim", "BEZ": "Stadt", "NUTS": "DEA27", "RegioStaR7": "73", "scenario": 50, "year": 2038 }, "geometry": { "type": "Point", "coordinates": [ 6.787216821262408, 50.996951165021429 ] } },
{ "type": "Feature", "properties": { "id": "Puhlheim_station", "num_hh": "8", "num_cars": 1, "ARS": "053620036036", "AGS": "05362036", "ARS_0": "053620036036", "AGS_0": "05362036", "SDV_ARS": "053620036036", "GEN": "Pulheim", "BEZ": "Stadt", "NUTS": "DEA27", "RegioStaR7": "73", "scenario": 50, "year": 2038 }, "geometry": { "type": "Point", "coordinates": [ 6.787054998373492, 50.997090043574048 ] } },
{ "type": "Feature", "properties": { "id": "Puhlheim_station", "num_hh": "8", "num_cars": 1, "ARS": "053620036036", "AGS": "05362036", "ARS_0": "053620036036", "AGS_0": "05362036", "SDV_ARS": "053620036036", "GEN": "Pulheim", "BEZ": "Stadt", "NUTS": "DEA27", "RegioStaR7": "73", "scenario": 50, "year": 2038 }, "geometry": { "type": "Point", "coordinates": [ 6.786878464312857, 50.997256697288513 ] } },
{ "type": "Feature", "properties": { "id": "Puhlheim_station", "num_hh": "8", "num_cars": 1, "ARS": "053620036036", "AGS": "05362036", "ARS_0": "053620036036", "AGS_0": "05362036", "SDV_ARS": "053620036036", "GEN": "Pulheim", "BEZ": "Stadt", "NUTS": "DEA27", "RegioStaR7": "73", "scenario": 50, "year": 2038 }, "geometry": { "type": "Point", "coordinates": [ 6.786701930252222, 50.997414091913697 ] } },
{ "type": "Feature", "properties": { "id": "Puhlheim_station", "num_hh": "8", "num_cars": 1, "ARS": "053620036036", "AGS": "05362036", "ARS_0": "053620036036", "AGS_0": "05362036", "SDV_ARS": "053620036036", "GEN": "Pulheim", "BEZ": "Stadt", "NUTS": "DEA27", "RegioStaR7": "73", "scenario": 50, "year": 2038 }, "geometry": { "type": "Point", "coordinates": [ 6.786495973848147, 50.997608519831239 ] } },
{ "type": "Feature", "properties": { "id": "Adelhoven_south", "num_hh": "3", "num_cars": 1, "ARS": "053580004004", "AGS": "05358004", "ARS_0": "053580004004", "AGS_0": "05358004", "SDV_ARS": "053580004004", "GEN": "Aldenhoven", "BEZ": "Gemeinde", "NUTS": "DEA26", "RegioStaR7": "74", "scenario": 50, "year": 2038 }, "geometry": { "type": "Point", "coordinates": [ 6.287736821850845, 50.887974332289673 ] } },
{ "type": "Feature", "properties": { "id": "Adelhoven_south", "num_hh": "4", "num_cars": 1, "ARS": "053580004004", "AGS": "05358004", "ARS_0": "053580004004", "AGS_0": "05358004", "SDV_ARS": "053580004004", "GEN": "Aldenhoven", "BEZ": "Gemeinde", "NUTS": "DEA26", "RegioStaR7": "74", "scenario": 50, "year": 2038 }, "geometry": { "type": "Point", "coordinates": [ 6.288021177524929, 50.888106508776637 ] } },
{ "type": "Feature", "properties": { "id": "Adelhoven_south", "num_hh": "4", "num_cars": 1, "ARS": "053580004004", "AGS": "05358004", "ARS_0": "053580004004", "AGS_0": "05358004", "SDV_ARS": "053580004004", "GEN": "Aldenhoven", "BEZ": "Gemeinde", "NUTS": "DEA26", "RegioStaR7": "74", "scenario": 50, "year": 2038 }, "geometry": { "type": "Point", "coordinates": [ 6.288275601022792, 50.888276449423074 ] } },
{ "type": "Feature", "properties": { "id": "Adelhoven_south", "num_hh": "3", "num_cars": 1, "ARS": "053580004004", "AGS": "05358004", "ARS_0": "053580004004", "AGS_0": "05358004", "SDV_ARS": "053580004004", "GEN": "Aldenhoven", "BEZ": "Gemeinde", "NUTS": "DEA26", "RegioStaR7": "74", "scenario": 50, "year": 2038 }, "geometry": { "type": "Point", "coordinates": [ 6.288604854961205, 50.888446389449555 ] } },
{ "type": "Feature", "properties": { "id": "Adelhoven_south", "num_hh": "3", "num_cars": 1, "ARS": "053580004004", "AGS": "05358004", "ARS_0": "053580004004", "AGS_0": "05358004", "SDV_ARS": "053580004004", "GEN": "Aldenhoven", "BEZ": "Gemeinde", "NUTS": "DEA26", "RegioStaR7": "74", "scenario": 50, "year": 2038 }, "geometry": { "type": "Point", "coordinates": [ 6.288889210635288, 50.88861632885606 ] } },
{ "type": "Feature", "properties": { "id": "Adelhoven_south", "num_hh": "3", "num_cars": 1, "ARS": "053580004004", "AGS": "05358004", "ARS_0": "053580004004", "AGS_0": "05358004", "SDV_ARS": "053580004004", "GEN": "Aldenhoven", "BEZ": "Gemeinde", "NUTS": "DEA26", "RegioStaR7": "74", "scenario": 50, "year": 2038 }, "geometry": { "type": "Point", "coordinates": [ 6.289173566309372, 50.888776826615157 ] } },
{ "type": "Feature", "properties": { "id": "Adelhoven_south", "num_hh": "3", "num_cars": 1, "ARS": "053580004004", "AGS": "05358004", "ARS_0": "053580004004", "AGS_0": "05358004", "SDV_ARS": "053580004004", "GEN": "Aldenhoven", "BEZ": "Gemeinde", "NUTS": "DEA26", "RegioStaR7": "74", "scenario": 50, "year": 2038 }, "geometry": { "type": "Point", "coordinates": [ 6.289472888071565, 50.888956205809158 ] } },
{ "type": "Feature", "properties": { "id": "Adelhoven_south", "num_hh": "3", "num_cars": 1, "ARS": "053580004004", "AGS": "05358004", "ARS_0": "053580004004", "AGS_0": "05358004", "SDV_ARS": "053580004004", "GEN": "Aldenhoven", "BEZ": "Gemeinde", "NUTS": "DEA26", "RegioStaR7": "74", "scenario": 50, "year": 2038 }, "geometry": { "type": "Point", "coordinates": [ 6.289772209833759, 50.889135584312399 ] } },
{ "type": "Feature", "properties": { "id": "Adelhoven_south", "num_hh": "3", "num_cars": 1, "ARS": "053580004004", "AGS": "05358004", "ARS_0": "053580004004", "AGS_0": "05358004", "SDV_ARS": "053580004004", "GEN": "Aldenhoven", "BEZ": "Gemeinde", "NUTS": "DEA26", "RegioStaR7": "74", "scenario": 50, "year": 2038 }, "geometry": { "type": "Point", "coordinates": [ 6.290086497684061, 50.889324403043226 ] } },
{ "type": "Feature", "properties": { "id": "Adelhoven_south", "num_hh": "3", "num_cars": 1, "ARS": "053580004004", "AGS": "05358004", "ARS_0": "053580004004", "AGS_0": "05358004", "SDV_ARS": "053580004004", "GEN": "Aldenhoven", "BEZ": "Gemeinde", "NUTS": "DEA26", "RegioStaR7": "74", "scenario": 50, "year": 2038 }, "geometry": { "type": "Point", "coordinates": [ 6.290370853358144, 50.889484898362653 ] } },
{ "type": "Feature", "properties": { "id": "Adelhoven_south", "num_hh": "3", "num_cars": 1, "ARS": "053580004004", "AGS": "05358004", "ARS_0": "053580004004", "AGS_0": "05358004", "SDV_ARS": "053580004004", "GEN": "Aldenhoven", "BEZ": "Gemeinde", "NUTS": "DEA26", "RegioStaR7": "74", "scenario": 50, "year": 2038 }, "geometry": { "type": "Point", "coordinates": [ 6.290610310767899, 50.889683156523169 ] } },
{ "type": "Feature", "properties": { "id": "Adelhoven_south", "num_hh": "3", "num_cars": 1, "ARS": "053580004004", "AGS": "05358004", "ARS_0": "053580004004", "AGS_0": "05358004", "SDV_ARS": "053580004004", "GEN": "Aldenhoven", "BEZ": "Gemeinde", "NUTS": "DEA26", "RegioStaR7": "74", "scenario": 50, "year": 2038 }, "geometry": { "type": "Point", "coordinates": [ 6.290864734265763, 50.889824768978329 ] } },
{ "type": "Feature", "properties": { "id": "Adelhoven_south", "num_hh": "3", "num_cars": 1, "ARS": "053580004004", "AGS": "05358004", "ARS_0": "053580004004", "AGS_0": "05358004", "SDV_ARS": "053580004004", "GEN": "Aldenhoven", "BEZ": "Gemeinde", "NUTS": "DEA26", "RegioStaR7": "74", "scenario": 50, "year": 2038 }, "geometry": { "type": "Point", "coordinates": [ 6.291149089939846, 50.889994703356237 ] } },
{ "type": "Feature", "properties": { "id": "Adelhoven_south", "num_hh": "3", "num_cars": 1, "ARS": "053580004004", "AGS": "05358004", "ARS_0": "053580004004", "AGS_0": "05358004", "SDV_ARS": "053580004004", "GEN": "Aldenhoven", "BEZ": "Gemeinde", "NUTS": "DEA26", "RegioStaR7": "74", "scenario": 50, "year": 2038 }, "geometry": { "type": "Point", "coordinates": [ 6.287362669648105, 50.888276449423074 ] } },
{ "type": "Feature", "properties": { "id": "Adelhoven_south", "num_hh": "4", "num_cars": 1, "ARS": "053580004004", "AGS": "05358004", "ARS_0": "053580004004", "AGS_0": "05358004", "SDV_ARS": "053580004004", "GEN": "Aldenhoven", "BEZ": "Gemeinde", "NUTS": "DEA26", "RegioStaR7": "74", "scenario": 50, "year": 2038 }, "geometry": { "type": "Point", "coordinates": [ 6.287617093145968, 50.888427507255003 ] } },
{ "type": "Feature", "properties": { "id": "Adelhoven_south", "num_hh": "4", "num_cars": 1, "ARS": "053580004004", "AGS": "05358004", "ARS_0": "053580004004", "AGS_0": "05358004", "SDV_ARS": "053580004004", "GEN": "Aldenhoven", "BEZ": "Gemeinde", "NUTS": "DEA26", "RegioStaR7": "74", "scenario": 50, "year": 2038 }, "geometry": { "type": "Point", "coordinates": [ 6.287901448820052, 50.888625769916011 ] } },
{ "type": "Feature", "properties": { "id": "Adelhoven_south", "num_hh": "3", "num_cars": 1, "ARS": "053580004004", "AGS": "05358004", "ARS_0": "053580004004", "AGS_0": "05358004", "SDV_ARS": "053580004004", "GEN": "Aldenhoven", "BEZ": "Gemeinde", "NUTS": "DEA26", "RegioStaR7": "74", "scenario": 50, "year": 2038 }, "geometry": { "type": "Point", "coordinates": [ 6.288215736670355, 50.888805149691713 ] } },
{ "type": "Feature", "properties": { "id": "Adelhoven_south", "num_hh": "4", "num_cars": 1, "ARS": "053580004004", "AGS": "05358004", "ARS_0": "053580004004", "AGS_0": "05358004", "SDV_ARS": "053580004004", "GEN": "Aldenhoven", "BEZ": "Gemeinde", "NUTS": "DEA26", "RegioStaR7": "74", "scenario": 50, "year": 2038 }, "geometry": { "type": "Point", "coordinates": [ 6.288784448018521, 50.88912614335576 ] } },
{ "type": "Feature", "properties": { "id": "Adelhoven_south", "num_hh": "3", "num_cars": 1, "ARS": "053580004004", "AGS": "05358004", "ARS_0": "053580004004", "AGS_0": "05358004", "SDV_ARS": "053580004004", "GEN": "Aldenhoven", "BEZ": "Gemeinde", "NUTS": "DEA26", "RegioStaR7": "74", "scenario": 50, "year": 2038 }, "geometry": { "type": "Point", "coordinates": [ 6.289098735868824, 50.889296080282392 ] } },
{ "type": "Feature", "properties": { "id": "Adelhoven_south", "num_hh": "3", "num_cars": 1, "ARS": "053580004004", "AGS": "05358004", "ARS_0": "053580004004", "AGS_0": "05358004", "SDV_ARS": "053580004004", "GEN": "Aldenhoven", "BEZ": "Gemeinde", "NUTS": "DEA26", "RegioStaR7": "74", "scenario": 50, "year": 2038 }, "geometry": { "type": "Point", "coordinates": [ 6.289398057631017, 50.889456575699406 ] } },
{ "type": "Feature", "properties": { "id": "Adelhoven_south", "num_hh": "3", "num_cars": 1, "ARS": "053580004004", "AGS": "05358004", "ARS_0": "053580004004", "AGS_0": "05358004", "SDV_ARS": "053580004004", "GEN": "Aldenhoven", "BEZ": "Gemeinde", "NUTS": "DEA26", "RegioStaR7": "74", "scenario": 50, "year": 2038 }, "geometry": { "type": "Point", "coordinates": [ 6.289951802891074, 50.889768124047933 ] } },
{ "type": "Feature", "properties": { "id": "Adelhoven_south", "num_hh": "3", "num_cars": 1, "ARS": "053580004004", "AGS": "05358004", "ARS_0": "053580004004", "AGS_0": "05358004", "SDV_ARS": "053580004004", "GEN": "Aldenhoven", "BEZ": "Gemeinde", "NUTS": "DEA26", "RegioStaR7": "74", "scenario": 50, "year": 2038 }, "geometry": { "type": "Point", "coordinates": [ 6.290236158565158, 50.889956940214716 ] } },
{ "type": "Feature", "properties": { "id": "Adelhoven_south", "num_hh": "3", "num_cars": 1, "ARS": "053580004004", "AGS": "05358004", "ARS_0": "053580004004", "AGS_0": "05358004", "SDV_ARS": "053580004004", "GEN": "Aldenhoven", "BEZ": "Gemeinde", "NUTS": "DEA26", "RegioStaR7": "74", "scenario": 50, "year": 2038 }, "geometry": { "type": "Point", "coordinates": [ 6.290490582063021, 50.890107992597073 ] } },
{ "type": "Feature", "properties": { "id": "Adelhoven_south", "num_hh": "3", "num_cars": 1, "ARS": "053580004004", "AGS": "05358004", "ARS_0": "053580004004", "AGS_0": "05358004", "SDV_ARS": "053580004004", "GEN": "Aldenhoven", "BEZ": "Gemeinde", "NUTS": "DEA26", "RegioStaR7": "74", "scenario": 50, "year": 2038 }, "geometry": { "type": "Point", "coordinates": [ 6.290759971648995, 50.890306248105539 ] } },
{ "type": "Feature", "properties": { "id": "Adelhoven_south", "num_hh": "3", "num_cars": 1, "ARS": "053580004004", "AGS": "05358004", "ARS_0": "053580004004", "AGS_0": "05358004", "SDV_ARS": "053580004004", "GEN": "Aldenhoven", "BEZ": "Gemeinde", "NUTS": "DEA26", "RegioStaR7": "74", "scenario": 50, "year": 2038 }, "geometry": { "type": "Point", "coordinates": [ 6.289592616776441, 50.890013584915508 ] } },
{ "type": "Feature", "properties": { "id": "Adelhoven_south", "num_hh": "3", "num_cars": 1, "ARS": "053580004004", "AGS": "05358004", "ARS_0": "053580004004", "AGS_0": "05358004", "SDV_ARS": "053580004004", "GEN": "Aldenhoven", "BEZ": "Gemeinde", "NUTS": "DEA26", "RegioStaR7": "74", "scenario": 50, "year": 2038 }, "geometry": { "type": "Point", "coordinates": [ 6.289323227190469, 50.890211840825792 ] } },
{ "type": "Feature", "properties": { "id": "Adelhoven_south", "num_hh": "3", "num_cars": 1, "ARS": "053580004004", "AGS": "05358004", "ARS_0": "053580004004", "AGS_0": "05358004", "SDV_ARS": "053580004004", "GEN": "Aldenhoven", "BEZ": "Gemeinde", "NUTS": "DEA26", "RegioStaR7": "74", "scenario": 50, "year": 2038 }, "geometry": { "type": "Point", "coordinates": [ 6.289053837604494, 50.890070229547412 ] } },
{ "type": "Feature", "properties": { "id": "Adelhoven_south", "num_hh": "4", "num_cars": 1, "ARS": "053580004004", "AGS": "05358004", "ARS_0": "053580004004", "AGS_0": "05358004", "SDV_ARS": "053580004004", "GEN": "Aldenhoven", "BEZ": "Gemeinde", "NUTS": "DEA26", "RegioStaR7": "74", "scenario": 50, "year": 2038 }, "geometry": { "type": "Point", "coordinates": [ 6.28882934628285, 50.889938058632481 ] } },
{ "type": "Feature", "properties": { "id": "Adelhoven_south", "num_hh": "4", "num_cars": 1, "ARS": "053580004004", "AGS": "05358004", "ARS_0": "053580004004", "AGS_0": "05358004", "SDV_ARS": "053580004004", "GEN": "Aldenhoven", "BEZ": "Gemeinde", "NUTS": "DEA26", "RegioStaR7": "74", "scenario": 50, "year": 2038 }, "geometry": { "type": "Point", "coordinates": [ 6.288604854961205, 50.889749242389158 ] } },
{ "type": "Feature", "properties": { "id": "Adelhoven_south", "num_hh": "4", "num_cars": 1, "ARS": "053580004004", "AGS": "05358004", "ARS_0": "053580004004", "AGS_0": "05358004", "SDV_ARS": "053580004004", "GEN": "Aldenhoven", "BEZ": "Gemeinde", "NUTS": "DEA26", "RegioStaR7": "74", "scenario": 50, "year": 2038 }, "geometry": { "type": "Point", "coordinates": [ 6.289173566309372, 50.889692597366903 ] } },
{ "type": "Feature", "properties": { "id": "Adelhoven_south", "num_hh": "4", "num_cars": 1, "ARS": "053580004004", "AGS": "05358004", "ARS_0": "053580004004", "AGS_0": "05358004", "SDV_ARS": "053580004004", "GEN": "Aldenhoven", "BEZ": "Gemeinde", "NUTS": "DEA26", "RegioStaR7": "74", "scenario": 50, "year": 2038 }, "geometry": { "type": "Point", "coordinates": [ 6.288904176723398, 50.88951322100867 ] } },
{ "type": "Feature", "properties": { "id": "Adelhoven_south", "num_hh": "4", "num_cars": 1, "ARS": "053580004004", "AGS": "05358004", "ARS_0": "053580004004", "AGS_0": "05358004", "SDV_ARS": "053580004004", "GEN": "Aldenhoven", "BEZ": "Gemeinde", "NUTS": "DEA26", "RegioStaR7": "74", "scenario": 50, "year": 2038 }, "geometry": { "type": "Point", "coordinates": [ 6.288589888873095, 50.889371607606343 ] } },
{ "type": "Feature", "properties": { "id": "Adelhoven_south", "num_hh": "4", "num_cars": 1, "ARS": "053580004004", "AGS": "05358004", "ARS_0": "053580004004", "AGS_0": "05358004", "SDV_ARS": "053580004004", "GEN": "Aldenhoven", "BEZ": "Gemeinde", "NUTS": "DEA26", "RegioStaR7": "74", "scenario": 50, "year": 2038 }, "geometry": { "type": "Point", "coordinates": [ 6.288021177524929, 50.889031733684192 ] } },
{ "type": "Feature", "properties": { "id": "Adelhoven_south", "num_hh": "3", "num_cars": 1, "ARS": "053580004004", "AGS": "05358004", "ARS_0": "053580004004", "AGS_0": "05358004", "SDV_ARS": "053580004004", "GEN": "Aldenhoven", "BEZ": "Gemeinde", "NUTS": "DEA26", "RegioStaR7": "74", "scenario": 50, "year": 2038 }, "geometry": { "type": "Point", "coordinates": [ 6.287946347084381, 50.889390489418197 ] } },
{ "type": "Feature", "properties": { "id": "Adelhoven_south", "num_hh": "4", "num_cars": 1, "ARS": "053580004004", "AGS": "05358004", "ARS_0": "053580004004", "AGS_0": "05358004", "SDV_ARS": "053580004004", "GEN": "Aldenhoven", "BEZ": "Gemeinde", "NUTS": "DEA26", "RegioStaR7": "74", "scenario": 50, "year": 2038 }, "geometry": { "type": "Point", "coordinates": [ 6.287676957498407, 50.889239434709062 ] } },
{ "type": "Feature", "properties": { "id": "Adelhoven_south", "num_hh": "3", "num_cars": 1, "ARS": "053580004004", "AGS": "05358004", "ARS_0": "053580004004", "AGS_0": "05358004", "SDV_ARS": "053580004004", "GEN": "Aldenhoven", "BEZ": "Gemeinde", "NUTS": "DEA26", "RegioStaR7": "74", "scenario": 50, "year": 2038 }, "geometry": { "type": "Point", "coordinates": [ 6.288305533199012, 50.889560425380445 ] } },
{ "type": "Feature", "properties": { "id": "Euskirchen_station", "num_hh": "1", "num_cars": 1, "ARS": "053660016016", "AGS": "05366016", "ARS_0": "053660016016", "AGS_0": "05366016", "SDV_ARS": "053660016016", "GEN": "Euskirchen", "BEZ": "Stadt", "NUTS": "DEA28", "RegioStaR7": "75", "scenario": 50, "year": 2038 }, "geometry": { "type": "Point", "coordinates": [ 6.796703485647591, 50.657043212553013 ] } },
{ "type": "Feature", "properties": { "id": "Euskirchen_station", "num_hh": "1", "num_cars": 1, "ARS": "053660016016", "AGS": "05366016", "ARS_0": "053660016016", "AGS_0": "05366016", "SDV_ARS": "053660016016", "GEN": "Euskirchen", "BEZ": "Stadt", "NUTS": "DEA28", "RegioStaR7": "75", "scenario": 50, "year": 2038 }, "geometry": { "type": "Point", "coordinates": [ 6.797045394132484, 50.656930122039 ] } },
{ "type": "Feature", "properties": { "id": "Euskirchen_station", "num_hh": "1", "num_cars": 1, "ARS": "053660016016", "AGS": "05366016", "ARS_0": "053660016016", "AGS_0": "05366016", "SDV_ARS": "053660016016", "GEN": "Euskirchen", "BEZ": "Stadt", "NUTS": "DEA28", "RegioStaR7": "75", "scenario": 50, "year": 2038 }, "geometry": { "type": "Point", "coordinates": [ 6.797387302617376, 50.656845303974798 ] } },
{ "type": "Feature", "properties": { "id": "Euskirchen_station", "num_hh": "1", "num_cars": 1, "ARS": "053660016016", "AGS": "05366016", "ARS_0": "053660016016", "AGS_0": "05366016", "SDV_ARS": "053660016016", "GEN": "Euskirchen", "BEZ": "Stadt", "NUTS": "DEA28", "RegioStaR7": "75", "scenario": 50, "year": 2038 }, "geometry": { "type": "Point", "coordinates": [ 6.797699479929669, 50.656760485757424 ] } },
{ "type": "Feature", "properties": { "id": "Euskirchen_station", "num_hh": "1", "num_cars": 1, "ARS": "053660016016", "AGS": "05366016", "ARS_0": "053660016016", "AGS_0": "05366016", "SDV_ARS": "053660016016", "GEN": "Euskirchen", "BEZ": "Stadt", "NUTS": "DEA28", "RegioStaR7": "75", "scenario": 50, "year": 2038 }, "geometry": { "type": "Point", "coordinates": [ 6.798011657241961, 50.656666243114024 ] } },
{ "type": "Feature", "properties": { "id": "Euskirchen_station", "num_hh": "1", "num_cars": 1, "ARS": "053660016016", "AGS": "05366016", "ARS_0": "053660016016", "AGS_0": "05366016", "SDV_ARS": "053660016016", "GEN": "Euskirchen", "BEZ": "Stadt", "NUTS": "DEA28", "RegioStaR7": "75", "scenario": 50, "year": 2038 }, "geometry": { "type": "Point", "coordinates": [ 6.798294103381656, 50.656562575987884 ] } },
{ "type": "Feature", "properties": { "id": "Euskirchen_station", "num_hh": "1", "num_cars": 1, "ARS": "053660016016", "AGS": "05366016", "ARS_0": "053660016016", "AGS_0": "05366016", "SDV_ARS": "053660016016", "GEN": "Euskirchen", "BEZ": "Stadt", "NUTS": "DEA28", "RegioStaR7": "75", "scenario": 50, "year": 2038 }, "geometry": { "type": "Point", "coordinates": [ 6.798695474211748, 50.656468332947384 ] } },
{ "type": "Feature", "properties": { "id": "Euskirchen_station", "num_hh": "1", "num_cars": 1, "ARS": "053660016016", "AGS": "05366016", "ARS_0": "053660016016", "AGS_0": "05366016", "SDV_ARS": "053660016016", "GEN": "Euskirchen", "BEZ": "Stadt", "NUTS": "DEA28", "RegioStaR7": "75", "scenario": 50, "year": 2038 }, "geometry": { "type": "Point", "coordinates": [ 6.799304963250033, 50.656242148878654 ] } },
{ "type": "Feature", "properties": { "id": "Euskirchen_station", "num_hh": "1", "num_cars": 1, "ARS": "053660016016", "AGS": "05366016", "ARS_0": "053660016016", "AGS_0": "05366016", "SDV_ARS": "053660016016", "GEN": "Euskirchen", "BEZ": "Stadt", "NUTS": "DEA28", "RegioStaR7": "75", "scenario": 50, "year": 2038 }, "geometry": { "type": "Point", "coordinates": [ 6.800018511392418, 50.655997114908381 ] } },
{ "type": "Feature", "properties": { "id": "Euskirchen_station", "num_hh": "1", "num_cars": 1, "ARS": "053660016016", "AGS": "05366016", "ARS_0": "053660016016", "AGS_0": "05366016", "SDV_ARS": "053660016016", "GEN": "Euskirchen", "BEZ": "Stadt", "NUTS": "DEA28", "RegioStaR7": "75", "scenario": 50, "year": 2038 }, "geometry": { "type": "Point", "coordinates": [ 6.800464478981407, 50.655874597443876 ] } },
{ "type": "Feature", "properties": { "id": "Euskirchen_station", "num_hh": "1", "num_cars": 1, "ARS": "053660016016", "AGS": "05366016", "ARS_0": "053660016016", "AGS_0": "05366016", "SDV_ARS": "053660016016", "GEN": "Euskirchen", "BEZ": "Stadt", "NUTS": "DEA28", "RegioStaR7": "75", "scenario": 50, "year": 2038 }, "geometry": { "type": "Point", "coordinates": [ 6.800642866017004, 50.656063085718436 ] } },
{ "type": "Feature", "properties": { "id": "Euskirchen_station", "num_hh": "1", "num_cars": 1, "ARS": "053660016016", "AGS": "05366016", "ARS_0": "053660016016", "AGS_0": "05366016", "SDV_ARS": "053660016016", "GEN": "Euskirchen", "BEZ": "Stadt", "NUTS": "DEA28", "RegioStaR7": "75", "scenario": 50, "year": 2038 }, "geometry": { "type": "Point", "coordinates": [ 6.800286091945812, 50.656185602691281 ] } },
{ "type": "Feature", "properties": { "id": "Euskirchen_station", "num_hh": "1", "num_cars": 1, "ARS": "053660016016", "AGS": "05366016", "ARS_0": "053660016016", "AGS_0": "05366016", "SDV_ARS": "053660016016", "GEN": "Euskirchen", "BEZ": "Stadt", "NUTS": "DEA28", "RegioStaR7": "75", "scenario": 50, "year": 2038 }, "geometry": { "type": "Point", "coordinates": [ 6.799959049047218, 50.656289270649459 ] } },
{ "type": "Feature", "properties": { "id": "Euskirchen_station", "num_hh": "1", "num_cars": 1, "ARS": "053660016016", "AGS": "05366016", "ARS_0": "053660016016", "AGS_0": "05366016", "SDV_ARS": "053660016016", "GEN": "Euskirchen", "BEZ": "Stadt", "NUTS": "DEA28", "RegioStaR7": "75", "scenario": 50, "year": 2038 }, "geometry": { "type": "Point", "coordinates": [ 6.799587409389727, 50.656402362706515 ] } },
{ "type": "Feature", "properties": { "id": "Euskirchen_station", "num_hh": "1", "num_cars": 1, "ARS": "053660016016", "AGS": "05366016", "ARS_0": "053660016016", "AGS_0": "05366016", "SDV_ARS": "053660016016", "GEN": "Euskirchen", "BEZ": "Stadt", "NUTS": "DEA28", "RegioStaR7": "75", "scenario": 50, "year": 2038 }, "geometry": { "type": "Point", "coordinates": [ 6.798918458006242, 50.656666243114024 ] } },
{ "type": "Feature", "properties": { "id": "Euskirchen_station", "num_hh": "1", "num_cars": 1, "ARS": "053660016016", "AGS": "05366016", "ARS_0": "053660016016", "AGS_0": "05366016", "SDV_ARS": "053660016016", "GEN": "Euskirchen", "BEZ": "Stadt", "NUTS": "DEA28", "RegioStaR7": "75", "scenario": 50, "year": 2038 }, "geometry": { "type": "Point", "coordinates": [ 6.798576549521349, 50.656788758513564 ] } },
{ "type": "Feature", "properties": { "id": "Euskirchen_station", "num_hh": "1", "num_cars": 1, "ARS": "053660016016", "AGS": "05366016", "ARS_0": "053660016016", "AGS_0": "05366016", "SDV_ARS": "053660016016", "GEN": "Euskirchen", "BEZ": "Stadt", "NUTS": "DEA28", "RegioStaR7": "75", "scenario": 50, "year": 2038 }, "geometry": { "type": "Point", "coordinates": [ 6.797937329310464, 50.656977243119591 ] } },
{ "type": "Feature", "properties": { "id": "Euskirchen_station", "num_hh": "1", "num_cars": 1, "ARS": "053660016016", "AGS": "05366016", "ARS_0": "053660016016", "AGS_0": "05366016", "SDV_ARS": "053660016016", "GEN": "Euskirchen", "BEZ": "Stadt", "NUTS": "DEA28", "RegioStaR7": "75", "scenario": 50, "year": 2038 }, "geometry": { "type": "Point", "coordinates": [ 6.797580555239271, 50.657071485138964 ] } },
{ "type": "Feature", "properties": { "id": "Euskirchen_station", "num_hh": "1", "num_cars": 1, "ARS": "053660016016", "AGS": "05366016", "ARS_0": "053660016016", "AGS_0": "05366016", "SDV_ARS": "053660016016", "GEN": "Euskirchen", "BEZ": "Stadt", "NUTS": "DEA28", "RegioStaR7": "75", "scenario": 50, "year": 2038 }, "geometry": { "type": "Point", "coordinates": [ 6.797283243513278, 50.657146878618313 ] } },
{ "type": "Feature", "properties": { "id": "Euskirchen_station", "num_hh": "1", "num_cars": 1, "ARS": "053660016016", "AGS": "05366016", "ARS_0": "053660016016", "AGS_0": "05366016", "SDV_ARS": "053660016016", "GEN": "Euskirchen", "BEZ": "Stadt", "NUTS": "DEA28", "RegioStaR7": "75", "scenario": 50, "year": 2038 }, "geometry": { "type": "Point", "coordinates": [ 6.796956200614686, 50.657241120297293 ] } },
{ "type": "Feature", "properties": { "id": "Euskirchen_station", "num_hh": "1", "num_cars": 1, "ARS": "053660016016", "AGS": "05366016", "ARS_0": "053660016016", "AGS_0": "05366016", "SDV_ARS": "053660016016", "GEN": "Euskirchen", "BEZ": "Stadt", "NUTS": "DEA28", "RegioStaR7": "75", "scenario": 50, "year": 2038 }, "geometry": { "type": "Point", "coordinates": [ 6.797550824066672, 50.657552116496305 ] } },
{ "type": "Feature", "properties": { "id": "Euskirchen_station", "num_hh": "1", "num_cars": 1, "ARS": "053660016016", "AGS": "05366016", "ARS_0": "053660016016", "AGS_0": "05366016", "SDV_ARS": "053660016016", "GEN": "Euskirchen", "BEZ": "Stadt", "NUTS": "DEA28", "RegioStaR7": "75", "scenario": 50, "year": 2038 }, "geometry": { "type": "Point", "coordinates": [ 6.797922463724164, 50.65744845132545 ] } },
{ "type": "Feature", "properties": { "id": "Euskirchen_station", "num_hh": "1", "num_cars": 1, "ARS": "053660016016", "AGS": "05366016", "ARS_0": "053660016016", "AGS_0": "05366016", "SDV_ARS": "053660016016", "GEN": "Euskirchen", "BEZ": "Stadt", "NUTS": "DEA28", "RegioStaR7": "75", "scenario": 50, "year": 2038 }, "geometry": { "type": "Point", "coordinates": [ 6.798234641036458, 50.657354210062465 ] } },
{ "type": "Feature", "properties": { "id": "Euskirchen_station", "num_hh": "1", "num_cars": 1, "ARS": "053660016016", "AGS": "05366016", "ARS_0": "053660016016", "AGS_0": "05366016", "SDV_ARS": "053660016016", "GEN": "Euskirchen", "BEZ": "Stadt", "NUTS": "DEA28", "RegioStaR7": "75", "scenario": 50, "year": 2038 }, "geometry": { "type": "Point", "coordinates": [ 6.798561683935049, 50.657241120297293 ] } },
{ "type": "Feature", "properties": { "id": "Euskirchen_station", "num_hh": "1", "num_cars": 1, "ARS": "053660016016", "AGS": "05366016", "ARS_0": "053660016016", "AGS_0": "05366016", "SDV_ARS": "053660016016", "GEN": "Euskirchen", "BEZ": "Stadt", "NUTS": "DEA28", "RegioStaR7": "75", "scenario": 50, "year": 2038 }, "geometry": { "type": "Point", "coordinates": [ 6.798903592419943, 50.657109181893759 ] } },
{ "type": "Feature", "properties": { "id": "Euskirchen_station", "num_hh": "1", "num_cars": 1, "ARS": "053660016016", "AGS": "05366016", "ARS_0": "053660016016", "AGS_0": "05366016", "SDV_ARS": "053660016016", "GEN": "Euskirchen", "BEZ": "Stadt", "NUTS": "DEA28", "RegioStaR7": "75", "scenario": 50, "year": 2038 }, "geometry": { "type": "Point", "coordinates": [ 6.799304963250033, 50.656967818907255 ] } },
{ "type": "Feature", "properties": { "id": "Euskirchen_station", "num_hh": "1", "num_cars": 1, "ARS": "053660016016", "AGS": "05366016", "ARS_0": "053660016016", "AGS_0": "05366016", "SDV_ARS": "053660016016", "GEN": "Euskirchen", "BEZ": "Stadt", "NUTS": "DEA28", "RegioStaR7": "75", "scenario": 50, "year": 2038 }, "geometry": { "type": "Point", "coordinates": [ 6.799899586702019, 50.656722788722753 ] } },
{ "type": "Feature", "properties": { "id": "Euskirchen_station", "num_hh": "1", "num_cars": 1, "ARS": "053660016016", "AGS": "05366016", "ARS_0": "053660016016", "AGS_0": "05366016", "SDV_ARS": "053660016016", "GEN": "Euskirchen", "BEZ": "Stadt", "NUTS": "DEA28", "RegioStaR7": "75", "scenario": 50, "year": 2038 }, "geometry": { "type": "Point", "coordinates": [ 6.800226629600612, 50.656609697437226 ] } },
{ "type": "Feature", "properties": { "id": "Euskirchen_station", "num_hh": "1", "num_cars": 1, "ARS": "053660016016", "AGS": "05366016", "ARS_0": "053660016016", "AGS_0": "05366016", "SDV_ARS": "053660016016", "GEN": "Euskirchen", "BEZ": "Stadt", "NUTS": "DEA28", "RegioStaR7": "75", "scenario": 50, "year": 2038 }, "geometry": { "type": "Point", "coordinates": [ 6.800895580984098, 50.65635524104917 ] } },
{ "type": "Feature", "properties": { "id": "Euskirchen_station", "num_hh": "1", "num_cars": 1, "ARS": "053660016016", "AGS": "05366016", "ARS_0": "053660016016", "AGS_0": "05366016", "SDV_ARS": "053660016016", "GEN": "Euskirchen", "BEZ": "Stadt", "NUTS": "DEA28", "RegioStaR7": "75", "scenario": 50, "year": 2038 }, "geometry": { "type": "Point", "coordinates": [ 6.801118564778593, 50.656581424573297 ] } },
{ "type": "Feature", "properties": { "id": "Euskirchen_station", "num_hh": "1", "num_cars": 1, "ARS": "053660016016", "AGS": "05366016", "ARS_0": "053660016016", "AGS_0": "05366016", "SDV_ARS": "053660016016", "GEN": "Euskirchen", "BEZ": "Stadt", "NUTS": "DEA28", "RegioStaR7": "75", "scenario": 50, "year": 2038 }, "geometry": { "type": "Point", "coordinates": [ 6.8008212530526, 50.656685091657842 ] } },
{ "type": "Feature", "properties": { "id": "Euskirchen_station", "num_hh": "1", "num_cars": 1, "ARS": "053660016016", "AGS": "05366016", "ARS_0": "053660016016", "AGS_0": "05366016", "SDV_ARS": "053660016016", "GEN": "Euskirchen", "BEZ": "Stadt", "NUTS": "DEA28", "RegioStaR7": "75", "scenario": 50, "year": 2038 }, "geometry": { "type": "Point", "coordinates": [ 6.800494210154006, 50.656826455495285 ] } },
{ "type": "Feature", "properties": { "id": "Euskirchen_station", "num_hh": "1", "num_cars": 1, "ARS": "053660016016", "AGS": "05366016", "ARS_0": "053660016016", "AGS_0": "05366016", "SDV_ARS": "053660016016", "GEN": "Euskirchen", "BEZ": "Stadt", "NUTS": "DEA28", "RegioStaR7": "75", "scenario": 50, "year": 2038 }, "geometry": { "type": "Point", "coordinates": [ 6.800196898428013, 50.656920697817206 ] } },
{ "type": "Feature", "properties": { "id": "Euskirchen_station", "num_hh": "1", "num_cars": 1, "ARS": "053660016016", "AGS": "05366016", "ARS_0": "053660016016", "AGS_0": "05366016", "SDV_ARS": "053660016016", "GEN": "Euskirchen", "BEZ": "Stadt", "NUTS": "DEA28", "RegioStaR7": "75", "scenario": 50, "year": 2038 }, "geometry": { "type": "Point", "coordinates": [ 6.799527947044528, 50.657165726969225 ] } },
{ "type": "Feature", "properties": { "id": "Euskirchen_station", "num_hh": "1", "num_cars": 1, "ARS": "053660016016", "AGS": "05366016", "ARS_0": "053660016016", "AGS_0": "05366016", "SDV_ARS": "053660016016", "GEN": "Euskirchen", "BEZ": "Stadt", "NUTS": "DEA28", "RegioStaR7": "75", "scenario": 50, "year": 2038 }, "geometry": { "type": "Point", "coordinates": [ 6.799156307387038, 50.657288241065878 ] } },
{ "type": "Feature", "properties": { "id": "Euskirchen_station", "num_hh": "1", "num_cars": 1, "ARS": "053660016016", "AGS": "05366016", "ARS_0": "053660016016", "AGS_0": "05366016", "SDV_ARS": "053660016016", "GEN": "Euskirchen", "BEZ": "Stadt", "NUTS": "DEA28", "RegioStaR7": "75", "scenario": 50, "year": 2038 }, "geometry": { "type": "Point", "coordinates": [ 6.798784667729545, 50.65741075484295 ] } },
{ "type": "Feature", "properties": { "id": "Euskirchen_station", "num_hh": "1", "num_cars": 1, "ARS": "053660016016", "AGS": "05366016", "ARS_0": "053660016016", "AGS_0": "05366016", "SDV_ARS": "053660016016", "GEN": "Euskirchen", "BEZ": "Stadt", "NUTS": "DEA28", "RegioStaR7": "75", "scenario": 50, "year": 2038 }, "geometry": { "type": "Point", "coordinates": [ 6.798160313104959, 50.657655781438358 ] } },
{ "type": "Feature", "properties": { "id": "Euskirchen_station", "num_hh": "1", "num_cars": 1, "ARS": "053660016016", "AGS": "05366016", "ARS_0": "053660016016", "AGS_0": "05366016", "SDV_ARS": "053660016016", "GEN": "Euskirchen", "BEZ": "Stadt", "NUTS": "DEA28", "RegioStaR7": "75", "scenario": 50, "year": 2038 }, "geometry": { "type": "Point", "coordinates": [ 6.797877866965265, 50.657740598038934 ] } },
{ "type": "Feature", "properties": { "id": "Euskirchen_station", "num_hh": "1", "num_cars": 1, "ARS": "053660016016", "AGS": "05366016", "ARS_0": "053660016016", "AGS_0": "05366016", "SDV_ARS": "053660016016", "GEN": "Euskirchen", "BEZ": "Stadt", "NUTS": "DEA28", "RegioStaR7": "75", "scenario": 50, "year": 2038 }, "geometry": { "type": "Point", "coordinates": [ 6.79900765152404, 50.657872534668741 ] } },
{ "type": "Feature", "properties": { "id": "Euskirchen_station", "num_hh": "1", "num_cars": 1, "ARS": "053660016016", "AGS": "05366016", "ARS_0": "053660016016", "AGS_0": "05366016", "SDV_ARS": "053660016016", "GEN": "Euskirchen", "BEZ": "Stadt", "NUTS": "DEA28", "RegioStaR7": "75", "scenario": 50, "year": 2038 }, "geometry": { "type": "Point", "coordinates": [ 6.799304963250033, 50.657740598038934 ] } },
{ "type": "Feature", "properties": { "id": "Euskirchen_station", "num_hh": "1", "num_cars": 1, "ARS": "053660016016", "AGS": "05366016", "ARS_0": "053660016016", "AGS_0": "05366016", "SDV_ARS": "053660016016", "GEN": "Euskirchen", "BEZ": "Stadt", "NUTS": "DEA28", "RegioStaR7": "75", "scenario": 50, "year": 2038 }, "geometry": { "type": "Point", "coordinates": [ 6.799617140562327, 50.657627509204126 ] } },
{ "type": "Feature", "properties": { "id": "Euskirchen_station", "num_hh": "1", "num_cars": 1, "ARS": "053660016016", "AGS": "05366016", "ARS_0": "053660016016", "AGS_0": "05366016", "SDV_ARS": "053660016016", "GEN": "Euskirchen", "BEZ": "Stadt", "NUTS": "DEA28", "RegioStaR7": "75", "scenario": 50, "year": 2038 }, "geometry": { "type": "Point", "coordinates": [ 6.799959049047218, 50.657523844199673 ] } },
{ "type": "Feature", "properties": { "id": "Euskirchen_station", "num_hh": "1", "num_cars": 1, "ARS": "053660016016", "AGS": "05366016", "ARS_0": "053660016016", "AGS_0": "05366016", "SDV_ARS": "053660016016", "GEN": "Euskirchen", "BEZ": "Stadt", "NUTS": "DEA28", "RegioStaR7": "75", "scenario": 50, "year": 2038 }, "geometry": { "type": "Point", "coordinates": [ 6.800538806912906, 50.657297665213918 ] } },
{ "type": "Feature", "properties": { "id": "Euskirchen_station", "num_hh": "1", "num_cars": 1, "ARS": "053660016016", "AGS": "05366016", "ARS_0": "053660016016", "AGS_0": "05366016", "SDV_ARS": "053660016016", "GEN": "Euskirchen", "BEZ": "Stadt", "NUTS": "DEA28", "RegioStaR7": "75", "scenario": 50, "year": 2038 }, "geometry": { "type": "Point", "coordinates": [ 6.800836118638899, 50.657193999481436 ] } },
{ "type": "Feature", "properties": { "id": "Euskirchen_station", "num_hh": "1", "num_cars": 1, "ARS": "053660016016", "AGS": "05366016", "ARS_0": "053660016016", "AGS_0": "05366016", "SDV_ARS": "053660016016", "GEN": "Euskirchen", "BEZ": "Stadt", "NUTS": "DEA28", "RegioStaR7": "75", "scenario": 50, "year": 2038 }, "geometry": { "type": "Point", "coordinates": [ 6.801192892710091, 50.657080909330489 ] } },
{ "type": "Feature", "properties": { "id": "Euskirchen_station", "num_hh": "1", "num_cars": 1, "ARS": "053660016016", "AGS": "05366016", "ARS_0": "053660016016", "AGS_0": "05366016", "SDV_ARS": "053660016016", "GEN": "Euskirchen", "BEZ": "Stadt", "NUTS": "DEA28", "RegioStaR7": "75", "scenario": 50, "year": 2038 }, "geometry": { "type": "Point", "coordinates": [ 6.801475338849786, 50.656958394693028 ] } },
{ "type": "Feature", "properties": { "id": "Euskirchen_station", "num_hh": "1", "num_cars": 1, "ARS": "053660016016", "AGS": "05366016", "ARS_0": "053660016016", "AGS_0": "05366016", "SDV_ARS": "053660016016", "GEN": "Euskirchen", "BEZ": "Stadt", "NUTS": "DEA28", "RegioStaR7": "75", "scenario": 50, "year": 2038 }, "geometry": { "type": "Point", "coordinates": [ 6.80169832264428, 50.657137454440004 ] } },
{ "type": "Feature", "properties": { "id": "Euskirchen_station", "num_hh": "1", "num_cars": 1, "ARS": "053660016016", "AGS": "05366016", "ARS_0": "053660016016", "AGS_0": "05366016", "SDV_ARS": "053660016016", "GEN": "Euskirchen", "BEZ": "Stadt", "NUTS": "DEA28", "RegioStaR7": "75", "scenario": 50, "year": 2038 }, "geometry": { "type": "Point", "coordinates": [ 6.801371279745688, 50.657241120297293 ] } },
{ "type": "Feature", "properties": { "id": "Euskirchen_station", "num_hh": "1", "num_cars": 1, "ARS": "053660016016", "AGS": "05366016", "ARS_0": "053660016016", "AGS_0": "05366016", "SDV_ARS": "053660016016", "GEN": "Euskirchen", "BEZ": "Stadt", "NUTS": "DEA28", "RegioStaR7": "75", "scenario": 50, "year": 2038 }, "geometry": { "type": "Point", "coordinates": [ 6.800880715397798, 50.657429603087976 ] } },
{ "type": "Feature", "properties": { "id": "Euskirchen_station", "num_hh": "1", "num_cars": 1, "ARS": "053660016016", "AGS": "05366016", "ARS_0": "053660016016", "AGS_0": "05366016", "SDV_ARS": "053660016016", "GEN": "Euskirchen", "BEZ": "Stadt", "NUTS": "DEA28", "RegioStaR7": "75", "scenario": 50, "year": 2038 }, "geometry": { "type": "Point", "coordinates": [ 6.80033068870471, 50.657674629585067 ] } },
{ "type": "Feature", "properties": { "id": "Euskirchen_station", "num_hh": "1", "num_cars": 1, "ARS": "053660016016", "AGS": "05366016", "ARS_0": "053660016016", "AGS_0": "05366016", "SDV_ARS": "053660016016", "GEN": "Euskirchen", "BEZ": "Stadt", "NUTS": "DEA28", "RegioStaR7": "75", "scenario": 50, "year": 2038 }, "geometry": { "type": "Point", "coordinates": [ 6.799988780219818, 50.657768870205096 ] } },
{ "type": "Feature", "properties": { "id": "Euskirchen_station", "num_hh": "1", "num_cars": 1, "ARS": "053660016016", "AGS": "05366016", "ARS_0": "053660016016", "AGS_0": "05366016", "SDV_ARS": "053660016016", "GEN": "Euskirchen", "BEZ": "Stadt", "NUTS": "DEA28", "RegioStaR7": "75", "scenario": 50, "year": 2038 }, "geometry": { "type": "Point", "coordinates": [ 6.799423887940431, 50.657995046921684 ] } },
{ "type": "Feature", "properties": { "id": "Euskirchen_station", "num_hh": "1", "num_cars": 1, "ARS": "053660016016", "AGS": "05366016", "ARS_0": "053660016016", "AGS_0": "05366016", "SDV_ARS": "053660016016", "GEN": "Euskirchen", "BEZ": "Stadt", "NUTS": "DEA28", "RegioStaR7": "75", "scenario": 50, "year": 2038 }, "geometry": { "type": "Point", "coordinates": [ 6.80037528546361, 50.658164678744328 ] } },
{ "type": "Feature", "properties": { "id": "Euskirchen_station", "num_hh": "1", "num_cars": 1, "ARS": "053660016016", "AGS": "05366016", "ARS_0": "053660016016", "AGS_0": "05366016", "SDV_ARS": "053660016016", "GEN": "Euskirchen", "BEZ": "Stadt", "NUTS": "DEA28", "RegioStaR7": "75", "scenario": 50, "year": 2038 }, "geometry": { "type": "Point", "coordinates": [ 6.800717193948501, 50.658013894932218 ] } },
{ "type": "Feature", "properties": { "id": "Euskirchen_station", "num_hh": "1", "num_cars": 1, "ARS": "053660016016", "AGS": "05366016", "ARS_0": "053660016016", "AGS_0": "05366016", "SDV_ARS": "053660016016", "GEN": "Euskirchen", "BEZ": "Stadt", "NUTS": "DEA28", "RegioStaR7": "75", "scenario": 50, "year": 2038 }, "geometry": { "type": "Point", "coordinates": [ 6.801356414159388, 50.657806566400176 ] } },
{ "type": "Feature", "properties": { "id": "Euskirchen_station", "num_hh": "1", "num_cars": 1, "ARS": "053660016016", "AGS": "05366016", "ARS_0": "053660016016", "AGS_0": "05366016", "SDV_ARS": "053660016016", "GEN": "Euskirchen", "BEZ": "Stadt", "NUTS": "DEA28", "RegioStaR7": "75", "scenario": 50, "year": 2038 }, "geometry": { "type": "Point", "coordinates": [ 6.801623994712782, 50.657712325855769 ] } },
{ "type": "Feature", "properties": { "id": "Euskirchen_station", "num_hh": "1", "num_cars": 1, "ARS": "053660016016", "AGS": "05366016", "ARS_0": "053660016016", "AGS_0": "05366016", "SDV_ARS": "053660016016", "GEN": "Euskirchen", "BEZ": "Stadt", "NUTS": "DEA28", "RegioStaR7": "75", "scenario": 50, "year": 2038 }, "geometry": { "type": "Point", "coordinates": [ 6.801951037611374, 50.657589812865353 ] } },
{ "type": "Feature", "properties": { "id": "Euskirchen_station", "num_hh": "1", "num_cars": 1, "ARS": "053660016016", "AGS": "05366016", "ARS_0": "053660016016", "AGS_0": "05366016", "SDV_ARS": "053660016016", "GEN": "Euskirchen", "BEZ": "Stadt", "NUTS": "DEA28", "RegioStaR7": "75", "scenario": 50, "year": 2038 }, "geometry": { "type": "Point", "coordinates": [ 6.802263214923667, 50.65744845132545 ] } },
{ "type": "Feature", "properties": { "id": "Euskirchen_station", "num_hh": "1", "num_cars": 1, "ARS": "053660016016", "AGS": "05366016", "ARS_0": "053660016016", "AGS_0": "05366016", "SDV_ARS": "053660016016", "GEN": "Euskirchen", "BEZ": "Stadt", "NUTS": "DEA28", "RegioStaR7": "75", "scenario": 50, "year": 2038 }, "geometry": { "type": "Point", "coordinates": [ 6.80259025782226, 50.65734478592578 ] } },
{ "type": "Feature", "properties": { "id": "Euskirchen_station", "num_hh": "1", "num_cars": 1, "ARS": "053660016016", "AGS": "05366016", "ARS_0": "053660016016", "AGS_0": "05366016", "SDV_ARS": "053660016016", "GEN": "Euskirchen", "BEZ": "Stadt", "NUTS": "DEA28", "RegioStaR7": "75", "scenario": 50, "year": 2038 }, "geometry": { "type": "Point", "coordinates": [ 6.802961897479752, 50.657184575312591 ] } },
{ "type": "Feature", "properties": { "id": "Euskirchen_station", "num_hh": "1", "num_cars": 1, "ARS": "053660016016", "AGS": "05366016", "ARS_0": "053660016016", "AGS_0": "05366016", "SDV_ARS": "053660016016", "GEN": "Euskirchen", "BEZ": "Stadt", "NUTS": "DEA28", "RegioStaR7": "75", "scenario": 50, "year": 2038 }, "geometry": { "type": "Point", "coordinates": [ 6.803140284515347, 50.657382482461223 ] } },
{ "type": "Feature", "properties": { "id": "Euskirchen_station", "num_hh": "1", "num_cars": 1, "ARS": "053660016016", "AGS": "05366016", "ARS_0": "053660016016", "AGS_0": "05366016", "SDV_ARS": "053660016016", "GEN": "Euskirchen", "BEZ": "Stadt", "NUTS": "DEA28", "RegioStaR7": "75", "scenario": 50, "year": 2038 }, "geometry": { "type": "Point", "coordinates": [ 6.802842972789354, 50.657504995992468 ] } },
{ "type": "Feature", "properties": { "id": "Euskirchen_station", "num_hh": "1", "num_cars": 1, "ARS": "053660016016", "AGS": "05366016", "ARS_0": "053660016016", "AGS_0": "05366016", "SDV_ARS": "053660016016", "GEN": "Euskirchen", "BEZ": "Stadt", "NUTS": "DEA28", "RegioStaR7": "75", "scenario": 50, "year": 2038 }, "geometry": { "type": "Point", "coordinates": [ 6.802486198718163, 50.657646357362175 ] } },
{ "type": "Feature", "properties": { "id": "Euskirchen_station", "num_hh": "1", "num_cars": 1, "ARS": "053660016016", "AGS": "05366016", "ARS_0": "053660016016", "AGS_0": "05366016", "SDV_ARS": "053660016016", "GEN": "Euskirchen", "BEZ": "Stadt", "NUTS": "DEA28", "RegioStaR7": "75", "scenario": 50, "year": 2038 }, "geometry": { "type": "Point", "coordinates": [ 6.80217402140587, 50.657787718306423 ] } },
{ "type": "Feature", "properties": { "id": "Euskirchen_station", "num_hh": "1", "num_cars": 1, "ARS": "053660016016", "AGS": "05366016", "ARS_0": "053660016016", "AGS_0": "05366016", "SDV_ARS": "053660016016", "GEN": "Euskirchen", "BEZ": "Stadt", "NUTS": "DEA28", "RegioStaR7": "75", "scenario": 50, "year": 2038 }, "geometry": { "type": "Point", "coordinates": [ 6.801876709679875, 50.657900806755471 ] } },
{ "type": "Feature", "properties": { "id": "Euskirchen_station", "num_hh": "1", "num_cars": 1, "ARS": "053660016016", "AGS": "05366016", "ARS_0": "053660016016", "AGS_0": "05366016", "SDV_ARS": "053660016016", "GEN": "Euskirchen", "BEZ": "Stadt", "NUTS": "DEA28", "RegioStaR7": "75", "scenario": 50, "year": 2038 }, "geometry": { "type": "Point", "coordinates": [ 6.801594263540182, 50.658013894932218 ] } },
{ "type": "Feature", "properties": { "id": "Euskirchen_station", "num_hh": "1", "num_cars": 1, "ARS": "053660016016", "AGS": "05366016", "ARS_0": "053660016016", "AGS_0": "05366016", "SDV_ARS": "053660016016", "GEN": "Euskirchen", "BEZ": "Stadt", "NUTS": "DEA28", "RegioStaR7": "75", "scenario": 50, "year": 2038 }, "geometry": { "type": "Point", "coordinates": [ 6.801029371260794, 50.658202374621716 ] } },
{ "type": "Feature", "properties": { "id": "Euskirchen_station", "num_hh": "1", "num_cars": 1, "ARS": "053660016016", "AGS": "05366016", "ARS_0": "053660016016", "AGS_0": "05366016", "SDV_ARS": "053660016016", "GEN": "Euskirchen", "BEZ": "Stadt", "NUTS": "DEA28", "RegioStaR7": "75", "scenario": 50, "year": 2038 }, "geometry": { "type": "Point", "coordinates": [ 6.800702328362202, 50.658334309954299 ] } },
{ "type": "Feature", "properties": { "id": "Euskirchen_station", "num_hh": "1", "num_cars": 1, "ARS": "053660016016", "AGS": "05366016", "ARS_0": "053660016016", "AGS_0": "05366016", "SDV_ARS": "053660016016", "GEN": "Euskirchen", "BEZ": "Stadt", "NUTS": "DEA28", "RegioStaR7": "75", "scenario": 50, "year": 2038 }, "geometry": { "type": "Point", "coordinates": [ 6.800315823118411, 50.65844739708723 ] } },
{ "type": "Feature", "properties": { "id": "Euskirchen_station", "num_hh": "1", "num_cars": 1, "ARS": "053660016016", "AGS": "05366016", "ARS_0": "053660016016", "AGS_0": "05366016", "SDV_ARS": "053660016016", "GEN": "Euskirchen", "BEZ": "Stadt", "NUTS": "DEA28", "RegioStaR7": "75", "scenario": 50, "year": 2038 }, "geometry": { "type": "Point", "coordinates": [ 6.800880715397798, 50.658758385298768 ] } },
{ "type": "Feature", "properties": { "id": "Euskirchen_station", "num_hh": "1", "num_cars": 1, "ARS": "053660016016", "AGS": "05366016", "ARS_0": "053660016016", "AGS_0": "05366016", "SDV_ARS": "053660016016", "GEN": "Euskirchen", "BEZ": "Stadt", "NUTS": "DEA28", "RegioStaR7": "75", "scenario": 50, "year": 2038 }, "geometry": { "type": "Point", "coordinates": [ 6.80122262388269, 50.65866414666425 ] } },
{ "type": "Feature", "properties": { "id": "Euskirchen_station", "num_hh": "1", "num_cars": 1, "ARS": "053660016016", "AGS": "05366016", "ARS_0": "053660016016", "AGS_0": "05366016", "SDV_ARS": "053660016016", "GEN": "Euskirchen", "BEZ": "Stadt", "NUTS": "DEA28", "RegioStaR7": "75", "scenario": 50, "year": 2038 }, "geometry": { "type": "Point", "coordinates": [ 6.801103699192294, 50.658909166720683 ] } },
{ "type": "Feature", "properties": { "id": "Euskirchen_station", "num_hh": "1", "num_cars": 1, "ARS": "053660016016", "AGS": "05366016", "ARS_0": "053660016016", "AGS_0": "05366016", "SDV_ARS": "053660016016", "GEN": "Euskirchen", "BEZ": "Stadt", "NUTS": "DEA28", "RegioStaR7": "75", "scenario": 50, "year": 2038 }, "geometry": { "type": "Point", "coordinates": [ 6.801415876504587, 50.658824352230425 ] } },
{ "type": "Feature", "properties": { "id": "Euskirchen_station", "num_hh": "1", "num_cars": 1, "ARS": "053660016016", "AGS": "05366016", "ARS_0": "053660016016", "AGS_0": "05366016", "SDV_ARS": "053660016016", "GEN": "Euskirchen", "BEZ": "Stadt", "NUTS": "DEA28", "RegioStaR7": "75", "scenario": 50, "year": 2038 }, "geometry": { "type": "Point", "coordinates": [ 6.801772650575779, 50.658692418274462 ] } },
{ "type": "Feature", "properties": { "id": "Euskirchen_station", "num_hh": "1", "num_cars": 1, "ARS": "053660016016", "AGS": "05366016", "ARS_0": "053660016016", "AGS_0": "05366016", "SDV_ARS": "053660016016", "GEN": "Euskirchen", "BEZ": "Stadt", "NUTS": "DEA28", "RegioStaR7": "75", "scenario": 50, "year": 2038 }, "geometry": { "type": "Point", "coordinates": [ 6.802337542855166, 50.658258918381058 ] } },
{ "type": "Feature", "properties": { "id": "Euskirchen_station", "num_hh": "1", "num_cars": 1, "ARS": "053660016016", "AGS": "05366016", "ARS_0": "053660016016", "AGS_0": "05366016", "SDV_ARS": "053660016016", "GEN": "Euskirchen", "BEZ": "Stadt", "NUTS": "DEA28", "RegioStaR7": "75", "scenario": 50, "year": 2038 }, "geometry": { "type": "Point", "coordinates": [ 6.802634854581159, 50.65815525477025 ] } },
{ "type": "Feature", "properties": { "id": "Euskirchen_station", "num_hh": "1", "num_cars": 1, "ARS": "053660016016", "AGS": "05366016", "ARS_0": "053660016016", "AGS_0": "05366016", "SDV_ARS": "053660016016", "GEN": "Euskirchen", "BEZ": "Stadt", "NUTS": "DEA28", "RegioStaR7": "75", "scenario": 50, "year": 2038 }, "geometry": { "type": "Point", "coordinates": [ 6.803229478033145, 50.657929078825198 ] } },
{ "type": "Feature", "properties": { "id": "Euskirchen_station", "num_hh": "1", "num_cars": 1, "ARS": "053660016016", "AGS": "05366016", "ARS_0": "053660016016", "AGS_0": "05366016", "SDV_ARS": "053660016016", "GEN": "Euskirchen", "BEZ": "Stadt", "NUTS": "DEA28", "RegioStaR7": "75", "scenario": 50, "year": 2038 }, "geometry": { "type": "Point", "coordinates": [ 6.803526789759139, 50.657815990444213 ] } },
{ "type": "Feature", "properties": { "id": "Euskirchen_station", "num_hh": "1", "num_cars": 1, "ARS": "053660016016", "AGS": "05366016", "ARS_0": "053660016016", "AGS_0": "05366016", "SDV_ARS": "053660016016", "GEN": "Euskirchen", "BEZ": "Stadt", "NUTS": "DEA28", "RegioStaR7": "75", "scenario": 50, "year": 2038 }, "geometry": { "type": "Point", "coordinates": [ 6.803705176794735, 50.657985622913564 ] } },
{ "type": "Feature", "properties": { "id": "Euskirchen_station", "num_hh": "1", "num_cars": 1, "ARS": "053660016016", "AGS": "05366016", "ARS_0": "053660016016", "AGS_0": "05366016", "SDV_ARS": "053660016016", "GEN": "Euskirchen", "BEZ": "Stadt", "NUTS": "DEA28", "RegioStaR7": "75", "scenario": 50, "year": 2038 }, "geometry": { "type": "Point", "coordinates": [ 6.803363268309843, 50.658108134871526 ] } },
{ "type": "Feature", "properties": { "id": "Euskirchen_station", "num_hh": "1", "num_cars": 1, "ARS": "053660016016", "AGS": "05366016", "ARS_0": "053660016016", "AGS_0": "05366016", "SDV_ARS": "053660016016", "GEN": "Euskirchen", "BEZ": "Stadt", "NUTS": "DEA28", "RegioStaR7": "75", "scenario": 50, "year": 2038 }, "geometry": { "type": "Point", "coordinates": [ 6.803080822170149, 50.658221222549059 ] } },
{ "type": "Feature", "properties": { "id": "Euskirchen_station", "num_hh": "1", "num_cars": 1, "ARS": "053660016016", "AGS": "05366016", "ARS_0": "053660016016", "AGS_0": "05366016", "SDV_ARS": "053660016016", "GEN": "Euskirchen", "BEZ": "Stadt", "NUTS": "DEA28", "RegioStaR7": "75", "scenario": 50, "year": 2038 }, "geometry": { "type": "Point", "coordinates": [ 6.802768644857856, 50.658334309954299 ] } },
{ "type": "Feature", "properties": { "id": "Euskirchen_station", "num_hh": "1", "num_cars": 1, "ARS": "053660016016", "AGS": "05366016", "ARS_0": "053660016016", "AGS_0": "05366016", "SDV_ARS": "053660016016", "GEN": "Euskirchen", "BEZ": "Stadt", "NUTS": "DEA28", "RegioStaR7": "75", "scenario": 50, "year": 2038 }, "geometry": { "type": "Point", "coordinates": [ 6.802471333131863, 50.658437973169896 ] } },
{ "type": "Feature", "properties": { "id": "Euskirchen_station", "num_hh": "1", "num_cars": 1, "ARS": "053660016016", "AGS": "05366016", "ARS_0": "053660016016", "AGS_0": "05366016", "SDV_ARS": "053660016016", "GEN": "Euskirchen", "BEZ": "Stadt", "NUTS": "DEA28", "RegioStaR7": "75", "scenario": 50, "year": 2038 }, "geometry": { "type": "Point", "coordinates": [ 6.801876709679875, 50.659069371451054 ] } },
{ "type": "Feature", "properties": { "id": "Euskirchen_station", "num_hh": "1", "num_cars": 1, "ARS": "053660016016", "AGS": "05366016", "ARS_0": "053660016016", "AGS_0": "05366016", "SDV_ARS": "053660016016", "GEN": "Euskirchen", "BEZ": "Stadt", "NUTS": "DEA28", "RegioStaR7": "75", "scenario": 50, "year": 2038 }, "geometry": { "type": "Point", "coordinates": [ 6.80212942464697, 50.658956285815762 ] } },
{ "type": "Feature", "properties": { "id": "Euskirchen_station", "num_hh": "1", "num_cars": 1, "ARS": "053660016016", "AGS": "05366016", "ARS_0": "053660016016", "AGS_0": "05366016", "SDV_ARS": "053660016016", "GEN": "Euskirchen", "BEZ": "Stadt", "NUTS": "DEA28", "RegioStaR7": "75", "scenario": 50, "year": 2038 }, "geometry": { "type": "Point", "coordinates": [ 6.802456467545563, 50.658843199908162 ] } },
{ "type": "Feature", "properties": { "id": "Euskirchen_station", "num_hh": "1", "num_cars": 1, "ARS": "053660016016", "AGS": "05366016", "ARS_0": "053660016016", "AGS_0": "05366016", "SDV_ARS": "053660016016", "GEN": "Euskirchen", "BEZ": "Stadt", "NUTS": "DEA28", "RegioStaR7": "75", "scenario": 50, "year": 2038 }, "geometry": { "type": "Point", "coordinates": [ 6.802397005200365, 50.659154185498835 ] } },
{ "type": "Feature", "properties": { "id": "Euskirchen_station", "num_hh": "1", "num_cars": 1, "ARS": "053660016016", "AGS": "05366016", "ARS_0": "053660016016", "AGS_0": "05366016", "SDV_ARS": "053660016016", "GEN": "Euskirchen", "BEZ": "Stadt", "NUTS": "DEA28", "RegioStaR7": "75", "scenario": 50, "year": 2038 }, "geometry": { "type": "Point", "coordinates": [ 6.802679451340057, 50.65901282866745 ] } },
{ "type": "Feature", "properties": { "id": "Euskirchen_station", "num_hh": "1", "num_cars": 1, "ARS": "053660016016", "AGS": "05366016", "ARS_0": "053660016016", "AGS_0": "05366016", "SDV_ARS": "053660016016", "GEN": "Euskirchen", "BEZ": "Stadt", "NUTS": "DEA28", "RegioStaR7": "75", "scenario": 50, "year": 2038 }, "geometry": { "type": "Point", "coordinates": [ 6.80302135982495, 50.658654722790402 ] } },
{ "type": "Feature", "properties": { "id": "Euskirchen_station", "num_hh": "1", "num_cars": 1, "ARS": "053660016016", "AGS": "05366016", "ARS_0": "053660016016", "AGS_0": "05366016", "SDV_ARS": "053660016016", "GEN": "Euskirchen", "BEZ": "Stadt", "NUTS": "DEA28", "RegioStaR7": "75", "scenario": 50, "year": 2038 }, "geometry": { "type": "Point", "coordinates": [ 6.803348402723543, 50.6585133644557 ] } },
{ "type": "Feature", "properties": { "id": "Euskirchen_station", "num_hh": "1", "num_cars": 1, "ARS": "053660016016", "AGS": "05366016", "ARS_0": "053660016016", "AGS_0": "05366016", "SDV_ARS": "053660016016", "GEN": "Euskirchen", "BEZ": "Stadt", "NUTS": "DEA28", "RegioStaR7": "75", "scenario": 50, "year": 2038 }, "geometry": { "type": "Point", "coordinates": [ 6.803645714449536, 50.658381429626118 ] } },
{ "type": "Feature", "properties": { "id": "Euskirchen_station", "num_hh": "1", "num_cars": 1, "ARS": "053660016016", "AGS": "05366016", "ARS_0": "053660016016", "AGS_0": "05366016", "SDV_ARS": "053660016016", "GEN": "Euskirchen", "BEZ": "Stadt", "NUTS": "DEA28", "RegioStaR7": "75", "scenario": 50, "year": 2038 }, "geometry": { "type": "Point", "coordinates": [ 6.803288940378345, 50.65878665685225 ] } },
{ "type": "Feature", "properties": { "id": "Euskirchen_station", "num_hh": "1", "num_cars": 1, "ARS": "053660016016", "AGS": "05366016", "ARS_0": "053660016016", "AGS_0": "05366016", "SDV_ARS": "053660016016", "GEN": "Euskirchen", "BEZ": "Stadt", "NUTS": "DEA28", "RegioStaR7": "75", "scenario": 50, "year": 2038 }, "geometry": { "type": "Point", "coordinates": [ 6.803615983276937, 50.658635875037028 ] } },
{ "type": "Feature", "properties": { "id": "Euskirchen_station", "num_hh": "1", "num_cars": 1, "ARS": "053660016016", "AGS": "05366016", "ARS_0": "053660016016", "AGS_0": "05366016", "SDV_ARS": "053660016016", "GEN": "Euskirchen", "BEZ": "Stadt", "NUTS": "DEA28", "RegioStaR7": "75", "scenario": 50, "year": 2038 }, "geometry": { "type": "Point", "coordinates": [ 6.803987622934429, 50.658258918381058 ] } },
{ "type": "Feature", "properties": { "id": "Arloff_station", "num_hh": "3", "num_cars": 1, "ARS": "053660004004", "AGS": "05366004", "ARS_0": "053660004004", "AGS_0": "05366004", "SDV_ARS": "053660004004", "GEN": "Bad Münstereifel", "BEZ": "Stadt", "NUTS": "DEA28", "RegioStaR7": "76", "scenario": 50, "year": 2038 }, "geometry": { "type": "Point", "coordinates": [ 6.784938995655662, 50.597704669633089 ] } },
{ "type": "Feature", "properties": { "id": "Arloff_station", "num_hh": "3", "num_cars": 1, "ARS": "053660004004", "AGS": "05366004", "ARS_0": "053660004004", "AGS_0": "05366004", "SDV_ARS": "053660004004", "GEN": "Bad Münstereifel", "BEZ": "Stadt", "NUTS": "DEA28", "RegioStaR7": "76", "scenario": 50, "year": 2038 }, "geometry": { "type": "Point", "coordinates": [ 6.784990952210335, 50.59793072903193 ] } },
{ "type": "Feature", "properties": { "id": "Arloff_station", "num_hh": "4", "num_cars": 1, "ARS": "053660004004", "AGS": "05366004", "ARS_0": "053660004004", "AGS_0": "05366004", "SDV_ARS": "053660004004", "GEN": "Bad Münstereifel", "BEZ": "Stadt", "NUTS": "DEA28", "RegioStaR7": "76", "scenario": 50, "year": 2038 }, "geometry": { "type": "Point", "coordinates": [ 6.785034173362019, 50.598141063485095 ] } },
{ "type": "Feature", "properties": { "id": "Arloff_station", "num_hh": "3", "num_cars": 1, "ARS": "053660004004", "AGS": "05366004", "ARS_0": "053660004004", "AGS_0": "05366004", "SDV_ARS": "053660004004", "GEN": "Bad Münstereifel", "BEZ": "Stadt", "NUTS": "DEA28", "RegioStaR7": "76", "scenario": 50, "year": 2038 }, "geometry": { "type": "Point", "coordinates": [ 6.785091801564263, 50.598323962245537 ] } },
{ "type": "Feature", "properties": { "id": "Arloff_station", "num_hh": "3", "num_cars": 1, "ARS": "053660004004", "AGS": "05366004", "ARS_0": "053660004004", "AGS_0": "05366004", "SDV_ARS": "053660004004", "GEN": "Bad Münstereifel", "BEZ": "Stadt", "NUTS": "DEA28", "RegioStaR7": "76", "scenario": 50, "year": 2038 }, "geometry": { "type": "Point", "coordinates": [ 6.785149429766507, 50.598506860295245 ] } },
{ "type": "Feature", "properties": { "id": "Arloff_station", "num_hh": "3", "num_cars": 1, "ARS": "053660004004", "AGS": "05366004", "ARS_0": "053660004004", "AGS_0": "05366004", "SDV_ARS": "053660004004", "GEN": "Bad Münstereifel", "BEZ": "Stadt", "NUTS": "DEA28", "RegioStaR7": "76", "scenario": 50, "year": 2038 }, "geometry": { "type": "Point", "coordinates": [ 6.785207057968751, 50.598708047329005 ] } },
{ "type": "Feature", "properties": { "id": "Arloff_station", "num_hh": "3", "num_cars": 1, "ARS": "053660004004", "AGS": "05366004", "ARS_0": "053660004004", "AGS_0": "05366004", "SDV_ARS": "053660004004", "GEN": "Bad Münstereifel", "BEZ": "Stadt", "NUTS": "DEA28", "RegioStaR7": "76", "scenario": 50, "year": 2038 }, "geometry": { "type": "Point", "coordinates": [ 6.785250279120435, 50.598936667914387 ] } },
{ "type": "Feature", "properties": { "id": "Arloff_station", "num_hh": "4", "num_cars": 1, "ARS": "053660004004", "AGS": "05366004", "ARS_0": "053660004004", "AGS_0": "05366004", "SDV_ARS": "053660004004", "GEN": "Bad Münstereifel", "BEZ": "Stadt", "NUTS": "DEA28", "RegioStaR7": "76", "scenario": 50, "year": 2038 }, "geometry": { "type": "Point", "coordinates": [ 6.785293500272118, 50.599137853110896 ] } },
{ "type": "Feature", "properties": { "id": "Arloff_station", "num_hh": "3", "num_cars": 1, "ARS": "053660004004", "AGS": "05366004", "ARS_0": "053660004004", "AGS_0": "05366004", "SDV_ARS": "053660004004", "GEN": "Bad Münstereifel", "BEZ": "Stadt", "NUTS": "DEA28", "RegioStaR7": "76", "scenario": 50, "year": 2038 }, "geometry": { "type": "Point", "coordinates": [ 6.785379942575484, 50.59934818216955 ] } },
{ "type": "Feature", "properties": { "id": "Arloff_station", "num_hh": "3", "num_cars": 1, "ARS": "053660004004", "AGS": "05366004", "ARS_0": "053660004004", "AGS_0": "05366004", "SDV_ARS": "053660004004", "GEN": "Bad Münstereifel", "BEZ": "Stadt", "NUTS": "DEA28", "RegioStaR7": "76", "scenario": 50, "year": 2038 }, "geometry": { "type": "Point", "coordinates": [ 6.785437570777728, 50.599549365606983 ] } },
{ "type": "Feature", "properties": { "id": "Arloff_station", "num_hh": "4", "num_cars": 1, "ARS": "053660004004", "AGS": "05366004", "ARS_0": "053660004004", "AGS_0": "05366004", "SDV_ARS": "053660004004", "GEN": "Bad Münstereifel", "BEZ": "Stadt", "NUTS": "DEA28", "RegioStaR7": "76", "scenario": 50, "year": 2038 }, "geometry": { "type": "Point", "coordinates": [ 6.785466384878851, 50.599768837467003 ] } },
{ "type": "Feature", "properties": { "id": "Arloff_station", "num_hh": "3", "num_cars": 1, "ARS": "053660004004", "AGS": "05366004", "ARS_0": "053660004004", "AGS_0": "05366004", "SDV_ARS": "053660004004", "GEN": "Bad Münstereifel", "BEZ": "Stadt", "NUTS": "DEA28", "RegioStaR7": "76", "scenario": 50, "year": 2038 }, "geometry": { "type": "Point", "coordinates": [ 6.785212729616324, 50.597594928990866 ] } },
{ "type": "Feature", "properties": { "id": "Arloff_station", "num_hh": "4", "num_cars": 1, "ARS": "053660004004", "AGS": "05366004", "ARS_0": "053660004004", "AGS_0": "05366004", "SDV_ARS": "053660004004", "GEN": "Bad Münstereifel", "BEZ": "Stadt", "NUTS": "DEA28", "RegioStaR7": "76", "scenario": 50, "year": 2038 }, "geometry": { "type": "Point", "coordinates": [ 6.785601719981473, 50.597503478260236 ] } },
{ "type": "Feature", "properties": { "id": "Arloff_station", "num_hh": "3", "num_cars": 1, "ARS": "053660004004", "AGS": "05366004", "ARS_0": "053660004004", "AGS_0": "05366004", "SDV_ARS": "053660004004", "GEN": "Bad Münstereifel", "BEZ": "Stadt", "NUTS": "DEA28", "RegioStaR7": "76", "scenario": 50, "year": 2038 }, "geometry": { "type": "Point", "coordinates": [ 6.785976303296063, 50.597786974946835 ] } },
{ "type": "Feature", "properties": { "id": "Arloff_station", "num_hh": "3", "num_cars": 1, "ARS": "053660004004", "AGS": "05366004", "ARS_0": "053660004004", "AGS_0": "05366004", "SDV_ARS": "053660004004", "GEN": "Bad Münstereifel", "BEZ": "Stadt", "NUTS": "DEA28", "RegioStaR7": "76", "scenario": 50, "year": 2038 }, "geometry": { "type": "Point", "coordinates": [ 6.78568816228484, 50.597905860145929 ] } },
{ "type": "Feature", "properties": { "id": "Arloff_station", "num_hh": "3", "num_cars": 1, "ARS": "053660004004", "AGS": "05366004", "ARS_0": "053660004004", "AGS_0": "05366004", "SDV_ARS": "053660004004", "GEN": "Bad Münstereifel", "BEZ": "Stadt", "NUTS": "DEA28", "RegioStaR7": "76", "scenario": 50, "year": 2038 }, "geometry": { "type": "Point", "coordinates": [ 6.78568816228484, 50.59813448468482 ] } },
{ "type": "Feature", "properties": { "id": "Arloff_station", "num_hh": "3", "num_cars": 1, "ARS": "053660004004", "AGS": "05366004", "ARS_0": "053660004004", "AGS_0": "05366004", "SDV_ARS": "053660004004", "GEN": "Bad Münstereifel", "BEZ": "Stadt", "NUTS": "DEA28", "RegioStaR7": "76", "scenario": 50, "year": 2038 }, "geometry": { "type": "Point", "coordinates": [ 6.785774604588207, 50.598381397939455 ] } },
{ "type": "Feature", "properties": { "id": "Arloff_station", "num_hh": "3", "num_cars": 1, "ARS": "053660004004", "AGS": "05366004", "ARS_0": "053660004004", "AGS_0": "05366004", "SDV_ARS": "053660004004", "GEN": "Bad Münstereifel", "BEZ": "Stadt", "NUTS": "DEA28", "RegioStaR7": "76", "scenario": 50, "year": 2038 }, "geometry": { "type": "Point", "coordinates": [ 6.785832232790452, 50.598619165034492 ] } },
{ "type": "Feature", "properties": { "id": "Arloff_station", "num_hh": "4", "num_cars": 1, "ARS": "053660004004", "AGS": "05366004", "ARS_0": "053660004004", "AGS_0": "05366004", "SDV_ARS": "053660004004", "GEN": "Bad Münstereifel", "BEZ": "Stadt", "NUTS": "DEA28", "RegioStaR7": "76", "scenario": 50, "year": 2038 }, "geometry": { "type": "Point", "coordinates": [ 6.785861046891574, 50.598820351638253 ] } },
{ "type": "Feature", "properties": { "id": "Arloff_station", "num_hh": "4", "num_cars": 1, "ARS": "053660004004", "AGS": "05366004", "ARS_0": "053660004004", "AGS_0": "05366004", "SDV_ARS": "053660004004", "GEN": "Bad Münstereifel", "BEZ": "Stadt", "NUTS": "DEA28", "RegioStaR7": "76", "scenario": 50, "year": 2038 }, "geometry": { "type": "Point", "coordinates": [ 6.785947489194941, 50.599039826952456 ] } },
{ "type": "Feature", "properties": { "id": "Arloff_station", "num_hh": "3", "num_cars": 1, "ARS": "053660004004", "AGS": "05366004", "ARS_0": "053660004004", "AGS_0": "05366004", "SDV_ARS": "053660004004", "GEN": "Bad Münstereifel", "BEZ": "Stadt", "NUTS": "DEA28", "RegioStaR7": "76", "scenario": 50, "year": 2038 }, "geometry": { "type": "Point", "coordinates": [ 6.785976303296063, 50.5992684459831 ] } },
{ "type": "Feature", "properties": { "id": "Arloff_station", "num_hh": "4", "num_cars": 1, "ARS": "053660004004", "AGS": "05366004", "ARS_0": "053660004004", "AGS_0": "05366004", "SDV_ARS": "053660004004", "GEN": "Bad Münstereifel", "BEZ": "Stadt", "NUTS": "DEA28", "RegioStaR7": "76", "scenario": 50, "year": 2038 }, "geometry": { "type": "Point", "coordinates": [ 6.786033931498307, 50.599524497979004 ] } },
{ "type": "Feature", "properties": { "id": "Arloff_station", "num_hh": "4", "num_cars": 1, "ARS": "053660004004", "AGS": "05366004", "ARS_0": "053660004004", "AGS_0": "05366004", "SDV_ARS": "053660004004", "GEN": "Bad Münstereifel", "BEZ": "Stadt", "NUTS": "DEA28", "RegioStaR7": "76", "scenario": 50, "year": 2038 }, "geometry": { "type": "Point", "coordinates": [ 6.786192409054479, 50.597979020119205 ] } },
{ "type": "Feature", "properties": { "id": "Arloff_station", "num_hh": "3", "num_cars": 1, "ARS": "053660004004", "AGS": "05366004", "ARS_0": "053660004004", "AGS_0": "05366004", "SDV_ARS": "053660004004", "GEN": "Bad Münstereifel", "BEZ": "Stadt", "NUTS": "DEA28", "RegioStaR7": "76", "scenario": 50, "year": 2038 }, "geometry": { "type": "Point", "coordinates": [ 6.786163594953357, 50.598198499356698 ] } },
{ "type": "Feature", "properties": { "id": "Arloff_station", "num_hh": "3", "num_cars": 1, "ARS": "053660004004", "AGS": "05366004", "ARS_0": "053660004004", "AGS_0": "05366004", "SDV_ARS": "053660004004", "GEN": "Bad Münstereifel", "BEZ": "Stadt", "NUTS": "DEA28", "RegioStaR7": "76", "scenario": 50, "year": 2038 }, "geometry": { "type": "Point", "coordinates": [ 6.786221223155602, 50.598454557173547 ] } },
{ "type": "Feature", "properties": { "id": "Arloff_station", "num_hh": "4", "num_cars": 1, "ARS": "053660004004", "AGS": "05366004", "ARS_0": "053660004004", "AGS_0": "05366004", "SDV_ARS": "053660004004", "GEN": "Bad Münstereifel", "BEZ": "Stadt", "NUTS": "DEA28", "RegioStaR7": "76", "scenario": 50, "year": 2038 }, "geometry": { "type": "Point", "coordinates": [ 6.786293258408406, 50.598664889338131 ] } },
{ "type": "Feature", "properties": { "id": "Arloff_station", "num_hh": "3", "num_cars": 1, "ARS": "053660004004", "AGS": "05366004", "ARS_0": "053660004004", "AGS_0": "05366004", "SDV_ARS": "053660004004", "GEN": "Bad Münstereifel", "BEZ": "Stadt", "NUTS": "DEA28", "RegioStaR7": "76", "scenario": 50, "year": 2038 }, "geometry": { "type": "Point", "coordinates": [ 6.786293258408406, 50.598893510190038 ] } },
{ "type": "Feature", "properties": { "id": "Arloff_station", "num_hh": "4", "num_cars": 1, "ARS": "053660004004", "AGS": "05366004", "ARS_0": "053660004004", "AGS_0": "05366004", "SDV_ARS": "053660004004", "GEN": "Bad Münstereifel", "BEZ": "Stadt", "NUTS": "DEA28", "RegioStaR7": "76", "scenario": 50, "year": 2038 }, "geometry": { "type": "Point", "coordinates": [ 6.786394107762335, 50.599140419462756 ] } },
{ "type": "Feature", "properties": { "id": "Arloff_station", "num_hh": "3", "num_cars": 1, "ARS": "053660004004", "AGS": "05366004", "ARS_0": "053660004004", "AGS_0": "05366004", "SDV_ARS": "053660004004", "GEN": "Bad Münstereifel", "BEZ": "Stadt", "NUTS": "DEA28", "RegioStaR7": "76", "scenario": 50, "year": 2038 }, "geometry": { "type": "Point", "coordinates": [ 6.786480550065702, 50.599414761579908 ] } },
{ "type": "Feature", "properties": { "id": "Arloff_station", "num_hh": "3", "num_cars": 1, "ARS": "053660004004", "AGS": "05366004", "ARS_0": "053660004004", "AGS_0": "05366004", "SDV_ARS": "053660004004", "GEN": "Bad Münstereifel", "BEZ": "Stadt", "NUTS": "DEA28", "RegioStaR7": "76", "scenario": 50, "year": 2038 }, "geometry": { "type": "Point", "coordinates": [ 6.786826319279168, 50.598408832665569 ] } },
{ "type": "Feature", "properties": { "id": "Arloff_station", "num_hh": "3", "num_cars": 1, "ARS": "053660004004", "AGS": "05366004", "ARS_0": "053660004004", "AGS_0": "05366004", "SDV_ARS": "053660004004", "GEN": "Bad Münstereifel", "BEZ": "Stadt", "NUTS": "DEA28", "RegioStaR7": "76", "scenario": 50, "year": 2038 }, "geometry": { "type": "Point", "coordinates": [ 6.786840726329729, 50.598610020168429 ] } },
{ "type": "Feature", "properties": { "id": "Arloff_station", "num_hh": "4", "num_cars": 1, "ARS": "053660004004", "AGS": "05366004", "ARS_0": "053660004004", "AGS_0": "05366004", "SDV_ARS": "053660004004", "GEN": "Bad Münstereifel", "BEZ": "Stadt", "NUTS": "DEA28", "RegioStaR7": "76", "scenario": 50, "year": 2038 }, "geometry": { "type": "Point", "coordinates": [ 6.786898354531973, 50.598856930928363 ] } },
{ "type": "Feature", "properties": { "id": "Arloff_station", "num_hh": "4", "num_cars": 1, "ARS": "053660004004", "AGS": "05366004", "ARS_0": "053660004004", "AGS_0": "05366004", "SDV_ARS": "053660004004", "GEN": "Bad Münstereifel", "BEZ": "Stadt", "NUTS": "DEA28", "RegioStaR7": "76", "scenario": 50, "year": 2038 }, "geometry": { "type": "Point", "coordinates": [ 6.786955982734218, 50.599131274697974 ] } },
{ "type": "Feature", "properties": { "id": "Mechernich_station", "num_hh": "3", "num_cars": 1, "ARS": "053660028028", "AGS": "05366028", "ARS_0": "053660028028", "AGS_0": "05366028", "SDV_ARS": "053660028028", "GEN": "Mechernich", "BEZ": "Stadt", "NUTS": "DEA28", "RegioStaR7": "76", "scenario": 50, "year": 2038 }, "geometry": { "type": "Point", "coordinates": [ 6.639416715183175, 50.590684133996838 ] } },
{ "type": "Feature", "properties": { "id": "Mechernich_station", "num_hh": "3", "num_cars": 1, "ARS": "053660028028", "AGS": "05366028", "ARS_0": "053660028028", "AGS_0": "05366028", "SDV_ARS": "053660028028", "GEN": "Mechernich", "BEZ": "Stadt", "NUTS": "DEA28", "RegioStaR7": "76", "scenario": 50, "year": 2038 }, "geometry": { "type": "Point", "coordinates": [ 6.639033016677891, 50.590702881871792 ] } },
{ "type": "Feature", "properties": { "id": "Mechernich_station", "num_hh": "4", "num_cars": 1, "ARS": "053660028028", "AGS": "05366028", "ARS_0": "053660028028", "AGS_0": "05366028", "SDV_ARS": "053660028028", "GEN": "Mechernich", "BEZ": "Stadt", "NUTS": "DEA28", "RegioStaR7": "76", "scenario": 50, "year": 2038 }, "geometry": { "type": "Point", "coordinates": [ 6.638619584021558, 50.590721629739299 ] } },
{ "type": "Feature", "properties": { "id": "Mechernich_station", "num_hh": "3", "num_cars": 1, "ARS": "053660028028", "AGS": "05366028", "ARS_0": "053660028028", "AGS_0": "05366028", "SDV_ARS": "053660028028", "GEN": "Mechernich", "BEZ": "Stadt", "NUTS": "DEA28", "RegioStaR7": "76", "scenario": 50, "year": 2038 }, "geometry": { "type": "Point", "coordinates": [ 6.638235682269251, 50.590740377599325 ] } },
{ "type": "Feature", "properties": { "id": "Mechernich_station", "num_hh": "3", "num_cars": 1, "ARS": "053660028028", "AGS": "05366028", "ARS_0": "053660028028", "AGS_0": "05366028", "SDV_ARS": "053660028028", "GEN": "Mechernich", "BEZ": "Stadt", "NUTS": "DEA28", "RegioStaR7": "76", "scenario": 50, "year": 2038 }, "geometry": { "type": "Point", "coordinates": [ 6.63782224961292, 50.590740377599325 ] } },
{ "type": "Feature", "properties": { "id": "Mechernich_station", "num_hh": "4", "num_cars": 1, "ARS": "053660028028", "AGS": "05366028", "ARS_0": "053660028028", "AGS_0": "05366028", "SDV_ARS": "053660028028", "GEN": "Mechernich", "BEZ": "Stadt", "NUTS": "DEA28", "RegioStaR7": "76", "scenario": 50, "year": 2038 }, "geometry": { "type": "Point", "coordinates": [ 6.637394051504575, 50.590740377599325 ] } },
{ "type": "Feature", "properties": { "id": "Mechernich_station", "num_hh": "3", "num_cars": 1, "ARS": "053660028028", "AGS": "05366028", "ARS_0": "053660028028", "AGS_0": "05366028", "SDV_ARS": "053660028028", "GEN": "Mechernich", "BEZ": "Stadt", "NUTS": "DEA28", "RegioStaR7": "76", "scenario": 50, "year": 2038 }, "geometry": { "type": "Point", "coordinates": [ 6.636995384300255, 50.590721629739299 ] } },
{ "type": "Feature", "properties": { "id": "Mechernich_station", "num_hh": "3", "num_cars": 1, "ARS": "053660028028", "AGS": "05366028", "ARS_0": "053660028028", "AGS_0": "05366028", "SDV_ARS": "053660028028", "GEN": "Mechernich", "BEZ": "Stadt", "NUTS": "DEA28", "RegioStaR7": "76", "scenario": 50, "year": 2038 }, "geometry": { "type": "Point", "coordinates": [ 6.636611482547947, 50.590721629739299 ] } },
{ "type": "Feature", "properties": { "id": "Mechernich_station", "num_hh": "3", "num_cars": 1, "ARS": "053660028028", "AGS": "05366028", "ARS_0": "053660028028", "AGS_0": "05366028", "SDV_ARS": "053660028028", "GEN": "Mechernich", "BEZ": "Stadt", "NUTS": "DEA28", "RegioStaR7": "76", "scenario": 50, "year": 2038 }, "geometry": { "type": "Point", "coordinates": [ 6.636183284439603, 50.590702881871792 ] } },
{ "type": "Feature", "properties": { "id": "Mechernich_station", "num_hh": "4", "num_cars": 1, "ARS": "053660028028", "AGS": "05366028", "ARS_0": "053660028028", "AGS_0": "05366028", "SDV_ARS": "053660028028", "GEN": "Mechernich", "BEZ": "Stadt", "NUTS": "DEA28", "RegioStaR7": "76", "scenario": 50, "year": 2038 }, "geometry": { "type": "Point", "coordinates": [ 6.635814148139307, 50.590684133996824 ] } },
{ "type": "Feature", "properties": { "id": "Mechernich_station", "num_hh": "4", "num_cars": 1, "ARS": "053660028028", "AGS": "05366028", "ARS_0": "053660028028", "AGS_0": "05366028", "SDV_ARS": "053660028028", "GEN": "Mechernich", "BEZ": "Stadt", "NUTS": "DEA28", "RegioStaR7": "76", "scenario": 50, "year": 2038 }, "geometry": { "type": "Point", "coordinates": [ 6.635459777291023, 50.590656012170371 ] } },
{ "type": "Feature", "properties": { "id": "Mechernich_station", "num_hh": "3", "num_cars": 1, "ARS": "053660028028", "AGS": "05366028", "ARS_0": "053660028028", "AGS_0": "05366028", "SDV_ARS": "053660028028", "GEN": "Mechernich", "BEZ": "Stadt", "NUTS": "DEA28", "RegioStaR7": "76", "scenario": 50, "year": 2038 }, "geometry": { "type": "Point", "coordinates": [ 6.635046344634691, 50.590627890327127 ] } },
{ "type": "Feature", "properties": { "id": "Mechernich_station", "num_hh": "3", "num_cars": 1, "ARS": "053660028028", "AGS": "05366028", "ARS_0": "053660028028", "AGS_0": "05366028", "SDV_ARS": "053660028028", "GEN": "Mechernich", "BEZ": "Stadt", "NUTS": "DEA28", "RegioStaR7": "76", "scenario": 50, "year": 2038 }, "geometry": { "type": "Point", "coordinates": [ 6.639431683882212, 50.590356044976375 ] } },
{ "type": "Feature", "properties": { "id": "Mechernich_station", "num_hh": "3", "num_cars": 1, "ARS": "053660028028", "AGS": "05366028", "ARS_0": "053660028028", "AGS_0": "05366028", "SDV_ARS": "053660028028", "GEN": "Mechernich", "BEZ": "Stadt", "NUTS": "DEA28", "RegioStaR7": "76", "scenario": 50, "year": 2038 }, "geometry": { "type": "Point", "coordinates": [ 6.639062547581915, 50.590365418980113 ] } },
{ "type": "Feature", "properties": { "id": "Mechernich_station", "num_hh": "3", "num_cars": 1, "ARS": "053660028028", "AGS": "05366028", "ARS_0": "053660028028", "AGS_0": "05366028", "SDV_ARS": "053660028028", "GEN": "Mechernich", "BEZ": "Stadt", "NUTS": "DEA28", "RegioStaR7": "76", "scenario": 50, "year": 2038 }, "geometry": { "type": "Point", "coordinates": [ 6.638737707637654, 50.590374792981997 ] } },
{ "type": "Feature", "properties": { "id": "Mechernich_station", "num_hh": "4", "num_cars": 1, "ARS": "053660028028", "AGS": "05366028", "ARS_0": "053660028028", "AGS_0": "05366028", "SDV_ARS": "053660028028", "GEN": "Mechernich", "BEZ": "Stadt", "NUTS": "DEA28", "RegioStaR7": "76", "scenario": 50, "year": 2038 }, "geometry": { "type": "Point", "coordinates": [ 6.638250447721263, 50.590374792981997 ] } },
{ "type": "Feature", "properties": { "id": "Mechernich_station", "num_hh": "4", "num_cars": 1, "ARS": "053660028028", "AGS": "05366028", "ARS_0": "053660028028", "AGS_0": "05366028", "SDV_ARS": "053660028028", "GEN": "Mechernich", "BEZ": "Stadt", "NUTS": "DEA28", "RegioStaR7": "76", "scenario": 50, "year": 2038 }, "geometry": { "type": "Point", "coordinates": [ 6.637866545968954, 50.590384166981998 ] } },
{ "type": "Feature", "properties": { "id": "Mechernich_station", "num_hh": "3", "num_cars": 1, "ARS": "053660028028", "AGS": "05366028", "ARS_0": "053660028028", "AGS_0": "05366028", "SDV_ARS": "053660028028", "GEN": "Mechernich", "BEZ": "Stadt", "NUTS": "DEA28", "RegioStaR7": "76", "scenario": 50, "year": 2038 }, "geometry": { "type": "Point", "coordinates": [ 6.637423582408599, 50.590374792981997 ] } },
{ "type": "Feature", "properties": { "id": "Mechernich_station", "num_hh": "3", "num_cars": 1, "ARS": "053660028028", "AGS": "05366028", "ARS_0": "053660028028", "AGS_0": "05366028", "SDV_ARS": "053660028028", "GEN": "Mechernich", "BEZ": "Stadt", "NUTS": "DEA28", "RegioStaR7": "76", "scenario": 50, "year": 2038 }, "geometry": { "type": "Point", "coordinates": [ 6.637054446108303, 50.590374792981997 ] } },
{ "type": "Feature", "properties": { "id": "Mechernich_station", "num_hh": "3", "num_cars": 1, "ARS": "053660028028", "AGS": "05366028", "ARS_0": "053660028028", "AGS_0": "05366028", "SDV_ARS": "053660028028", "GEN": "Mechernich", "BEZ": "Stadt", "NUTS": "DEA28", "RegioStaR7": "76", "scenario": 50, "year": 2038 }, "geometry": { "type": "Point", "coordinates": [ 6.636641013451971, 50.590365418980113 ] } },
{ "type": "Feature", "properties": { "id": "Mechernich_station", "num_hh": "4", "num_cars": 1, "ARS": "053660028028", "AGS": "05366028", "ARS_0": "053660028028", "AGS_0": "05366028", "SDV_ARS": "053660028028", "GEN": "Mechernich", "BEZ": "Stadt", "NUTS": "DEA28", "RegioStaR7": "76", "scenario": 50, "year": 2038 }, "geometry": { "type": "Point", "coordinates": [ 6.636257111699663, 50.590327922953939 ] } },
{ "type": "Feature", "properties": { "id": "Mechernich_station", "num_hh": "4", "num_cars": 1, "ARS": "053660028028", "AGS": "05366028", "ARS_0": "053660028028", "AGS_0": "05366028", "SDV_ARS": "053660028028", "GEN": "Mechernich", "BEZ": "Stadt", "NUTS": "DEA28", "RegioStaR7": "76", "scenario": 50, "year": 2038 }, "geometry": { "type": "Point", "coordinates": [ 6.63551883909907, 50.590281052879234 ] } },
{ "type": "Feature", "properties": { "id": "Mechernich_station", "num_hh": "3", "num_cars": 1, "ARS": "053660028028", "AGS": "05366028", "ARS_0": "053660028028", "AGS_0": "05366028", "SDV_ARS": "053660028028", "GEN": "Mechernich", "BEZ": "Stadt", "NUTS": "DEA28", "RegioStaR7": "76", "scenario": 50, "year": 2038 }, "geometry": { "type": "Point", "coordinates": [ 6.635105406442737, 50.590243556785879 ] } },
{ "type": "Feature", "properties": { "id": "Mechernich_station", "num_hh": "4", "num_cars": 1, "ARS": "053660028028", "AGS": "05366028", "ARS_0": "053660028028", "AGS_0": "05366028", "SDV_ARS": "053660028028", "GEN": "Mechernich", "BEZ": "Stadt", "NUTS": "DEA28", "RegioStaR7": "76", "scenario": 50, "year": 2038 }, "geometry": { "type": "Point", "coordinates": [ 6.635090640990725, 50.589981083296159 ] } },
{ "type": "Feature", "properties": { "id": "Mechernich_station", "num_hh": "4", "num_cars": 1, "ARS": "053660028028", "AGS": "05366028", "ARS_0": "053660028028", "AGS_0": "05366028", "SDV_ARS": "053660028028", "GEN": "Mechernich", "BEZ": "Stadt", "NUTS": "DEA28", "RegioStaR7": "76", "scenario": 50, "year": 2038 }, "geometry": { "type": "Point", "coordinates": [ 6.635533604551081, 50.59000920552576 ] } },
{ "type": "Feature", "properties": { "id": "Mechernich_station", "num_hh": "3", "num_cars": 1, "ARS": "053660028028", "AGS": "05366028", "ARS_0": "053660028028", "AGS_0": "05366028", "SDV_ARS": "053660028028", "GEN": "Mechernich", "BEZ": "Stadt", "NUTS": "DEA28", "RegioStaR7": "76", "scenario": 50, "year": 2038 }, "geometry": { "type": "Point", "coordinates": [ 6.636257111699663, 50.590018579598571 ] } },
{ "type": "Feature", "properties": { "id": "Mechernich_station", "num_hh": "3", "num_cars": 1, "ARS": "053660028028", "AGS": "05366028", "ARS_0": "053660028028", "AGS_0": "05366028", "SDV_ARS": "053660028028", "GEN": "Mechernich", "BEZ": "Stadt", "NUTS": "DEA28", "RegioStaR7": "76", "scenario": 50, "year": 2038 }, "geometry": { "type": "Point", "coordinates": [ 6.636700075260019, 50.590046701805775 ] } },
{ "type": "Feature", "properties": { "id": "Mechernich_station", "num_hh": "3", "num_cars": 1, "ARS": "053660028028", "AGS": "05366028", "ARS_0": "053660028028", "AGS_0": "05366028", "SDV_ARS": "053660028028", "GEN": "Mechernich", "BEZ": "Stadt", "NUTS": "DEA28", "RegioStaR7": "76", "scenario": 50, "year": 2038 }, "geometry": { "type": "Point", "coordinates": [ 6.637143038820374, 50.590065449934578 ] } },
{ "type": "Feature", "properties": { "id": "Mechernich_station", "num_hh": "4", "num_cars": 1, "ARS": "053660028028", "AGS": "05366028", "ARS_0": "053660028028", "AGS_0": "05366028", "SDV_ARS": "053660028028", "GEN": "Mechernich", "BEZ": "Stadt", "NUTS": "DEA28", "RegioStaR7": "76", "scenario": 50, "year": 2038 }, "geometry": { "type": "Point", "coordinates": [ 6.637556471476706, 50.590084198055919 ] } },
{ "type": "Feature", "properties": { "id": "Mechernich_station", "num_hh": "4", "num_cars": 1, "ARS": "053660028028", "AGS": "05366028", "ARS_0": "053660028028", "AGS_0": "05366028", "SDV_ARS": "053660028028", "GEN": "Mechernich", "BEZ": "Stadt", "NUTS": "DEA28", "RegioStaR7": "76", "scenario": 50, "year": 2038 }, "geometry": { "type": "Point", "coordinates": [ 6.637969904133038, 50.590102946169793 ] } },
{ "type": "Feature", "properties": { "id": "Mechernich_station", "num_hh": "3", "num_cars": 1, "ARS": "053660028028", "AGS": "05366028", "ARS_0": "053660028028", "AGS_0": "05366028", "SDV_ARS": "053660028028", "GEN": "Mechernich", "BEZ": "Stadt", "NUTS": "DEA28", "RegioStaR7": "76", "scenario": 50, "year": 2038 }, "geometry": { "type": "Point", "coordinates": [ 6.638383336789371, 50.590102946169793 ] } },
{ "type": "Feature", "properties": { "id": "Mechernich_station", "num_hh": "4", "num_cars": 1, "ARS": "053660028028", "AGS": "05366028", "ARS_0": "053660028028", "AGS_0": "05366028", "SDV_ARS": "053660028028", "GEN": "Mechernich", "BEZ": "Stadt", "NUTS": "DEA28", "RegioStaR7": "76", "scenario": 50, "year": 2038 }, "geometry": { "type": "Point", "coordinates": [ 6.638841065801738, 50.590121694276199 ] } },
{ "type": "Feature", "properties": { "id": "Mechernich_station", "num_hh": "3", "num_cars": 1, "ARS": "053660028028", "AGS": "05366028", "ARS_0": "053660028028", "AGS_0": "05366028", "SDV_ARS": "053660028028", "GEN": "Mechernich", "BEZ": "Stadt", "NUTS": "DEA28", "RegioStaR7": "76", "scenario": 50, "year": 2038 }, "geometry": { "type": "Point", "coordinates": [ 6.639254498458069, 50.590102946169793 ] } },
{ "type": "Feature", "properties": { "id": "Mechernich_station", "num_hh": "4", "num_cars": 1, "ARS": "053660028028", "AGS": "05366028", "ARS_0": "053660028028", "AGS_0": "05366028", "SDV_ARS": "053660028028", "GEN": "Mechernich", "BEZ": "Stadt", "NUTS": "DEA28", "RegioStaR7": "76", "scenario": 50, "year": 2038 }, "geometry": { "type": "Point", "coordinates": [ 6.639653165662389, 50.59011232022393 ] } },
{ "type": "Feature", "properties": { "id": "Mechernich_station", "num_hh": "4", "num_cars": 1, "ARS": "053660028028", "AGS": "05366028", "ARS_0": "053660028028", "AGS_0": "05366028", "SDV_ARS": "053660028028", "GEN": "Mechernich", "BEZ": "Stadt", "NUTS": "DEA28", "RegioStaR7": "76", "scenario": 50, "year": 2038 }, "geometry": { "type": "Point", "coordinates": [ 6.640066598318721, 50.59011232022393 ] } },
{ "type": "Feature", "properties": { "id": "Mechernich_station", "num_hh": "4", "num_cars": 1, "ARS": "053660028028", "AGS": "05366028", "ARS_0": "053660028028", "AGS_0": "05366028", "SDV_ARS": "053660028028", "GEN": "Mechernich", "BEZ": "Stadt", "NUTS": "DEA28", "RegioStaR7": "76", "scenario": 50, "year": 2038 }, "geometry": { "type": "Point", "coordinates": [ 6.640155191030793, 50.589652989376248 ] } },
{ "type": "Feature", "properties": { "id": "Mechernich_station", "num_hh": "4", "num_cars": 1, "ARS": "053660028028", "AGS": "05366028", "ARS_0": "053660028028", "AGS_0": "05366028", "SDV_ARS": "053660028028", "GEN": "Mechernich", "BEZ": "Stadt", "NUTS": "DEA28", "RegioStaR7": "76", "scenario": 50, "year": 2038 }, "geometry": { "type": "Point", "coordinates": [ 6.639830351086532, 50.589643615230649 ] } },
{ "type": "Feature", "properties": { "id": "Mechernich_station", "num_hh": "3", "num_cars": 1, "ARS": "053660028028", "AGS": "05366028", "ARS_0": "053660028028", "AGS_0": "05366028", "SDV_ARS": "053660028028", "GEN": "Mechernich", "BEZ": "Stadt", "NUTS": "DEA28", "RegioStaR7": "76", "scenario": 50, "year": 2038 }, "geometry": { "type": "Point", "coordinates": [ 6.639446449334223, 50.589615492782663 ] } },
{ "type": "Feature", "properties": { "id": "Mechernich_station", "num_hh": "4", "num_cars": 1, "ARS": "053660028028", "AGS": "05366028", "ARS_0": "053660028028", "AGS_0": "05366028", "SDV_ARS": "053660028028", "GEN": "Mechernich", "BEZ": "Stadt", "NUTS": "DEA28", "RegioStaR7": "76", "scenario": 50, "year": 2038 }, "geometry": { "type": "Point", "coordinates": [ 6.639003485773868, 50.589606118629604 ] } },
{ "type": "Feature", "properties": { "id": "Mechernich_station", "num_hh": "3", "num_cars": 1, "ARS": "053660028028", "AGS": "05366028", "ARS_0": "053660028028", "AGS_0": "05366028", "SDV_ARS": "053660028028", "GEN": "Mechernich", "BEZ": "Stadt", "NUTS": "DEA28", "RegioStaR7": "76", "scenario": 50, "year": 2038 }, "geometry": { "type": "Point", "coordinates": [ 6.638590053117537, 50.589596744474683 ] } },
{ "type": "Feature", "properties": { "id": "Mechernich_station", "num_hh": "3", "num_cars": 1, "ARS": "053660028028", "AGS": "05366028", "ARS_0": "053660028028", "AGS_0": "05366028", "SDV_ARS": "053660028028", "GEN": "Mechernich", "BEZ": "Stadt", "NUTS": "DEA28", "RegioStaR7": "76", "scenario": 50, "year": 2038 }, "geometry": { "type": "Point", "coordinates": [ 6.638132324105169, 50.589559247836313 ] } },
{ "type": "Feature", "properties": { "id": "Mechernich_station", "num_hh": "3", "num_cars": 1, "ARS": "053660028028", "AGS": "05366028", "ARS_0": "053660028028", "AGS_0": "05366028", "SDV_ARS": "053660028028", "GEN": "Mechernich", "BEZ": "Stadt", "NUTS": "DEA28", "RegioStaR7": "76", "scenario": 50, "year": 2038 }, "geometry": { "type": "Point", "coordinates": [ 6.637645064188777, 50.589540499505929 ] } },
{ "type": "Feature", "properties": { "id": "Mechernich_station", "num_hh": "3", "num_cars": 1, "ARS": "053660028028", "AGS": "05366028", "ARS_0": "053660028028", "AGS_0": "05366028", "SDV_ARS": "053660028028", "GEN": "Mechernich", "BEZ": "Stadt", "NUTS": "DEA28", "RegioStaR7": "76", "scenario": 50, "year": 2038 }, "geometry": { "type": "Point", "coordinates": [ 6.637320224244517, 50.589521751168078 ] } },
{ "type": "Feature", "properties": { "id": "Mechernich_station", "num_hh": "4", "num_cars": 1, "ARS": "053660028028", "AGS": "05366028", "ARS_0": "053660028028", "AGS_0": "05366028", "SDV_ARS": "053660028028", "GEN": "Mechernich", "BEZ": "Stadt", "NUTS": "DEA28", "RegioStaR7": "76", "scenario": 50, "year": 2038 }, "geometry": { "type": "Point", "coordinates": [ 6.636906791588184, 50.589503002822767 ] } },
{ "type": "Feature", "properties": { "id": "Mechernich_station", "num_hh": "4", "num_cars": 1, "ARS": "053660028028", "AGS": "05366028", "ARS_0": "053660028028", "AGS_0": "05366028", "SDV_ARS": "053660028028", "GEN": "Mechernich", "BEZ": "Stadt", "NUTS": "DEA28", "RegioStaR7": "76", "scenario": 50, "year": 2038 }, "geometry": { "type": "Point", "coordinates": [ 6.636493358931853, 50.589503002822767 ] } },
{ "type": "Feature", "properties": { "id": "Mechernich_station", "num_hh": "3", "num_cars": 1, "ARS": "053660028028", "AGS": "05366028", "ARS_0": "053660028028", "AGS_0": "05366028", "SDV_ARS": "053660028028", "GEN": "Mechernich", "BEZ": "Stadt", "NUTS": "DEA28", "RegioStaR7": "76", "scenario": 50, "year": 2038 }, "geometry": { "type": "Point", "coordinates": [ 6.635873209947355, 50.589456131926802 ] } },
{ "type": "Feature", "properties": { "id": "Mechernich_station", "num_hh": "4", "num_cars": 1, "ARS": "053660028028", "AGS": "05366028", "ARS_0": "053660028028", "AGS_0": "05366028", "SDV_ARS": "053660028028", "GEN": "Mechernich", "BEZ": "Stadt", "NUTS": "DEA28", "RegioStaR7": "76", "scenario": 50, "year": 2038 }, "geometry": { "type": "Point", "coordinates": [ 6.635459777291023, 50.589446757742024 ] } },
{ "type": "Feature", "properties": { "id": "Mechernich_station", "num_hh": "4", "num_cars": 1, "ARS": "053660028028", "AGS": "05366028", "ARS_0": "053660028028", "AGS_0": "05366028", "SDV_ARS": "053660028028", "GEN": "Mechernich", "BEZ": "Stadt", "NUTS": "DEA28", "RegioStaR7": "76", "scenario": 50, "year": 2038 }, "geometry": { "type": "Point", "coordinates": [ 6.635016813730667, 50.589446757742024 ] } },
{ "type": "Feature", "properties": { "id": "Heimbach_south", "num_hh": "2", "num_cars": 1, "ARS": "053580012012", "AGS": "05358012", "ARS_0": "053580012012", "AGS_0": "05358012", "SDV_ARS": "053580012012", "GEN": "Heimbach", "BEZ": "Stadt", "NUTS": "DEA26", "RegioStaR7": "77", "scenario": 50, "year": 2038 }, "geometry": { "type": "Point", "coordinates": [ 6.47978541723622, 50.631629638428805 ] } },
{ "type": "Feature", "properties": { "id": "Heimbach_south", "num_hh": "3", "num_cars": 1, "ARS": "053580012012", "AGS": "05358012", "ARS_0": "053580012012", "AGS_0": "05358012", "SDV_ARS": "053580012012", "GEN": "Heimbach", "BEZ": "Stadt", "NUTS": "DEA26", "RegioStaR7": "77", "scenario": 50, "year": 2038 }, "geometry": { "type": "Point", "coordinates": [ 6.479624495360436, 50.631768829172358 ] } },
{ "type": "Feature", "properties": { "id": "Heimbach_south", "num_hh": "2", "num_cars": 1, "ARS": "053580012012", "AGS": "05358012", "ARS_0": "053580012012", "AGS_0": "05358012", "SDV_ARS": "053580012012", "GEN": "Heimbach", "BEZ": "Stadt", "NUTS": "DEA26", "RegioStaR7": "77", "scenario": 50, "year": 2038 }, "geometry": { "type": "Point", "coordinates": [ 6.479419685700345, 50.631917298844556 ] } },
{ "type": "Feature", "properties": { "id": "Heimbach_south", "num_hh": "2", "num_cars": 1, "ARS": "053580012012", "AGS": "05358012", "ARS_0": "053580012012", "AGS_0": "05358012", "SDV_ARS": "053580012012", "GEN": "Heimbach", "BEZ": "Stadt", "NUTS": "DEA26", "RegioStaR7": "77", "scenario": 50, "year": 2038 }, "geometry": { "type": "Point", "coordinates": [ 6.479156358994516, 50.632075047357489 ] } },
{ "type": "Feature", "properties": { "id": "Heimbach_south", "num_hh": "2", "num_cars": 1, "ARS": "053580012012", "AGS": "05358012", "ARS_0": "053580012012", "AGS_0": "05358012", "SDV_ARS": "053580012012", "GEN": "Heimbach", "BEZ": "Stadt", "NUTS": "DEA26", "RegioStaR7": "77", "scenario": 50, "year": 2038 }, "geometry": { "type": "Point", "coordinates": [ 6.478834515242946, 50.632167840353112 ] } },
{ "type": "Feature", "properties": { "id": "Heimbach_south", "num_hh": "2", "num_cars": 1, "ARS": "053580012012", "AGS": "05358012", "ARS_0": "053580012012", "AGS_0": "05358012", "SDV_ARS": "053580012012", "GEN": "Heimbach", "BEZ": "Stadt", "NUTS": "DEA26", "RegioStaR7": "77", "scenario": 50, "year": 2038 }, "geometry": { "type": "Point", "coordinates": [ 6.478424895922767, 50.632232795341075 ] } },
{ "type": "Feature", "properties": { "id": "Heimbach_south", "num_hh": "2", "num_cars": 1, "ARS": "053580012012", "AGS": "05358012", "ARS_0": "053580012012", "AGS_0": "05358012", "SDV_ARS": "053580012012", "GEN": "Heimbach", "BEZ": "Stadt", "NUTS": "DEA26", "RegioStaR7": "77", "scenario": 50, "year": 2038 }, "geometry": { "type": "Point", "coordinates": [ 6.478073793648326, 50.632297750239275 ] } },
{ "type": "Feature", "properties": { "id": "Heimbach_south", "num_hh": "2", "num_cars": 1, "ARS": "053580012012", "AGS": "05358012", "ARS_0": "053580012012", "AGS_0": "05358012", "SDV_ARS": "053580012012", "GEN": "Heimbach", "BEZ": "Stadt", "NUTS": "DEA26", "RegioStaR7": "77", "scenario": 50, "year": 2038 }, "geometry": { "type": "Point", "coordinates": [ 6.477649545066712, 50.632390542795299 ] } },
{ "type": "Feature", "properties": { "id": "Heimbach_south", "num_hh": "3", "num_cars": 1, "ARS": "053580012012", "AGS": "05358012", "ARS_0": "053580012012", "AGS_0": "05358012", "SDV_ARS": "053580012012", "GEN": "Heimbach", "BEZ": "Stadt", "NUTS": "DEA26", "RegioStaR7": "77", "scenario": 50, "year": 2038 }, "geometry": { "type": "Point", "coordinates": [ 6.477327701315142, 50.632492614395382 ] } },
{ "type": "Feature", "properties": { "id": "Heimbach_south", "num_hh": "2", "num_cars": 1, "ARS": "053580012012", "AGS": "05358012", "ARS_0": "053580012012", "AGS_0": "05358012", "SDV_ARS": "053580012012", "GEN": "Heimbach", "BEZ": "Stadt", "NUTS": "DEA26", "RegioStaR7": "77", "scenario": 50, "year": 2038 }, "geometry": { "type": "Point", "coordinates": [ 6.476991228302137, 50.632613244182458 ] } },
{ "type": "Feature", "properties": { "id": "Vettweiss_station", "num_hh": "2", "num_cars": 1, "ARS": "053580060060", "AGS": "05358060", "ARS_0": "053580060060", "AGS_0": "05358060", "SDV_ARS": "053580060060", "GEN": "Vettweiß", "BEZ": "Gemeinde", "NUTS": "DEA26", "RegioStaR7": "77", "scenario": 50, "year": 2038 }, "geometry": { "type": "Point", "coordinates": [ 6.601003160112808, 50.743467588804293 ] } },
{ "type": "Feature", "properties": { "id": "Vettweiss_station", "num_hh": "2", "num_cars": 1, "ARS": "053580060060", "AGS": "05358060", "ARS_0": "053580060060", "AGS_0": "05358060", "SDV_ARS": "053580060060", "GEN": "Vettweiß", "BEZ": "Gemeinde", "NUTS": "DEA26", "RegioStaR7": "77", "scenario": 50, "year": 2038 }, "geometry": { "type": "Point", "coordinates": [ 6.600788270465354, 50.743593856464351 ] } },
{ "type": "Feature", "properties": { "id": "Vettweiss_station", "num_hh": "2", "num_cars": 1, "ARS": "053580060060", "AGS": "05358060", "ARS_0": "053580060060", "AGS_0": "05358060", "SDV_ARS": "053580060060", "GEN": "Vettweiß", "BEZ": "Gemeinde", "NUTS": "DEA26", "RegioStaR7": "77", "scenario": 50, "year": 2038 }, "geometry": { "type": "Point", "coordinates": [ 6.600604079338964, 50.74371041092526 ] } },
{ "type": "Feature", "properties": { "id": "Vettweiss_station", "num_hh": "2", "num_cars": 1, "ARS": "053580060060", "AGS": "05358060", "ARS_0": "053580060060", "AGS_0": "05358060", "SDV_ARS": "053580060060", "GEN": "Vettweiß", "BEZ": "Gemeinde", "NUTS": "DEA26", "RegioStaR7": "77", "scenario": 50, "year": 2038 }, "geometry": { "type": "Point", "coordinates": [ 6.600435237473108, 50.743817252259554 ] } },
{ "type": "Feature", "properties": { "id": "Vettweiss_station", "num_hh": "2", "num_cars": 1, "ARS": "053580060060", "AGS": "05358060", "ARS_0": "053580060060", "AGS_0": "05358060", "SDV_ARS": "053580060060", "GEN": "Vettweiß", "BEZ": "Gemeinde", "NUTS": "DEA26", "RegioStaR7": "77", "scenario": 50, "year": 2038 }, "geometry": { "type": "Point", "coordinates": [ 6.600251046346719, 50.743933806164371 ] } },
{ "type": "Feature", "properties": { "id": "Vettweiss_station", "num_hh": "2", "num_cars": 1, "ARS": "053580060060", "AGS": "05358060", "ARS_0": "053580060060", "AGS_0": "05358060", "SDV_ARS": "053580060060", "GEN": "Vettweiß", "BEZ": "Gemeinde", "NUTS": "DEA26", "RegioStaR7": "77", "scenario": 50, "year": 2038 }, "geometry": { "type": "Point", "coordinates": [ 6.60006685522033, 50.744050359779052 ] } },
{ "type": "Feature", "properties": { "id": "Vettweiss_station", "num_hh": "2", "num_cars": 1, "ARS": "053580060060", "AGS": "05358060", "ARS_0": "053580060060", "AGS_0": "05358060", "SDV_ARS": "053580060060", "GEN": "Vettweiß", "BEZ": "Gemeinde", "NUTS": "DEA26", "RegioStaR7": "77", "scenario": 50, "year": 2038 }, "geometry": { "type": "Point", "coordinates": [ 6.599898013354474, 50.744147487569663 ] } },
{ "type": "Feature", "properties": { "id": "Vettweiss_station", "num_hh": "2", "num_cars": 1, "ARS": "053580060060", "AGS": "05358060", "ARS_0": "053580060060", "AGS_0": "05358060", "SDV_ARS": "053580060060", "GEN": "Vettweiß", "BEZ": "Gemeinde", "NUTS": "DEA26", "RegioStaR7": "77", "scenario": 50, "year": 2038 }, "geometry": { "type": "Point", "coordinates": [ 6.599683123707019, 50.744264040652439 ] } },
{ "type": "Feature", "properties": { "id": "Vettweiss_station", "num_hh": "2", "num_cars": 1, "ARS": "053580060060", "AGS": "05358060", "ARS_0": "053580060060", "AGS_0": "05358060", "SDV_ARS": "053580060060", "GEN": "Vettweiß", "BEZ": "Gemeinde", "NUTS": "DEA26", "RegioStaR7": "77", "scenario": 50, "year": 2038 }, "geometry": { "type": "Point", "coordinates": [ 6.599514281841161, 50.744361167999799 ] } },
{ "type": "Feature", "properties": { "id": "Vettweiss_station", "num_hh": "2", "num_cars": 1, "ARS": "053580060060", "AGS": "05358060", "ARS_0": "053580060060", "AGS_0": "05358060", "SDV_ARS": "053580060060", "GEN": "Vettweiß", "BEZ": "Gemeinde", "NUTS": "DEA26", "RegioStaR7": "77", "scenario": 50, "year": 2038 }, "geometry": { "type": "Point", "coordinates": [ 6.599345439975305, 50.744468007849179 ] } },
{ "type": "Feature", "properties": { "id": "Vettweiss_station", "num_hh": "2", "num_cars": 1, "ARS": "053580060060", "AGS": "05358060", "ARS_0": "053580060060", "AGS_0": "05358060", "SDV_ARS": "053580060060", "GEN": "Vettweiß", "BEZ": "Gemeinde", "NUTS": "DEA26", "RegioStaR7": "77", "scenario": 50, "year": 2038 }, "geometry": { "type": "Point", "coordinates": [ 6.599161248848916, 50.744565134773417 ] } },
{ "type": "Feature", "properties": { "id": "Vettweiss_station", "num_hh": "2", "num_cars": 1, "ARS": "053580060060", "AGS": "05358060", "ARS_0": "053580060060", "AGS_0": "05358060", "SDV_ARS": "053580060060", "GEN": "Vettweiß", "BEZ": "Gemeinde", "NUTS": "DEA26", "RegioStaR7": "77", "scenario": 50, "year": 2038 }, "geometry": { "type": "Point", "coordinates": [ 6.600496634515237, 50.74320533939045 ] } },
{ "type": "Feature", "properties": { "id": "Vettweiss_station", "num_hh": "2", "num_cars": 1, "ARS": "053580060060", "AGS": "05358060", "ARS_0": "053580060060", "AGS_0": "05358060", "SDV_ARS": "053580060060", "GEN": "Vettweiß", "BEZ": "Gemeinde", "NUTS": "DEA26", "RegioStaR7": "77", "scenario": 50, "year": 2038 }, "geometry": { "type": "Point", "coordinates": [ 6.600281744867783, 50.743331607810092 ] } },
{ "type": "Feature", "properties": { "id": "Vettweiss_station", "num_hh": "2", "num_cars": 1, "ARS": "053580060060", "AGS": "05358060", "ARS_0": "053580060060", "AGS_0": "05358060", "SDV_ARS": "053580060060", "GEN": "Vettweiß", "BEZ": "Gemeinde", "NUTS": "DEA26", "RegioStaR7": "77", "scenario": 50, "year": 2038 }, "geometry": { "type": "Point", "coordinates": [ 6.600066855220329, 50.743438450053063 ] } },
{ "type": "Feature", "properties": { "id": "Vettweiss_station", "num_hh": "2", "num_cars": 1, "ARS": "053580060060", "AGS": "05358060", "ARS_0": "053580060060", "AGS_0": "05358060", "SDV_ARS": "053580060060", "GEN": "Vettweiß", "BEZ": "Gemeinde", "NUTS": "DEA26", "RegioStaR7": "77", "scenario": 50, "year": 2038 }, "geometry": { "type": "Point", "coordinates": [ 6.599882664093942, 50.743555004949165 ] } },
{ "type": "Feature", "properties": { "id": "Vettweiss_station", "num_hh": "2", "num_cars": 1, "ARS": "053580060060", "AGS": "05358060", "ARS_0": "053580060060", "AGS_0": "05358060", "SDV_ARS": "053580060060", "GEN": "Vettweiß", "BEZ": "Gemeinde", "NUTS": "DEA26", "RegioStaR7": "77", "scenario": 50, "year": 2038 }, "geometry": { "type": "Point", "coordinates": [ 6.599452884799032, 50.743788113870984 ] } },
{ "type": "Feature", "properties": { "id": "Vettweiss_station", "num_hh": "2", "num_cars": 1, "ARS": "053580060060", "AGS": "05358060", "ARS_0": "053580060060", "AGS_0": "05358060", "SDV_ARS": "053580060060", "GEN": "Vettweiß", "BEZ": "Gemeinde", "NUTS": "DEA26", "RegioStaR7": "77", "scenario": 50, "year": 2038 }, "geometry": { "type": "Point", "coordinates": [ 6.599237995151579, 50.743914380719069 ] } },
{ "type": "Feature", "properties": { "id": "Vettweiss_station", "num_hh": "2", "num_cars": 1, "ARS": "053580060060", "AGS": "05358060", "ARS_0": "053580060060", "AGS_0": "05358060", "SDV_ARS": "053580060060", "GEN": "Vettweiß", "BEZ": "Gemeinde", "NUTS": "DEA26", "RegioStaR7": "77", "scenario": 50, "year": 2038 }, "geometry": { "type": "Point", "coordinates": [ 6.599023105504125, 50.744040647226647 ] } },
{ "type": "Feature", "properties": { "id": "Vettweiss_station", "num_hh": "2", "num_cars": 1, "ARS": "053580060060", "AGS": "05358060", "ARS_0": "053580060060", "AGS_0": "05358060", "SDV_ARS": "053580060060", "GEN": "Vettweiß", "BEZ": "Gemeinde", "NUTS": "DEA26", "RegioStaR7": "77", "scenario": 50, "year": 2038 }, "geometry": { "type": "Point", "coordinates": [ 6.598838914377736, 50.744196051691624 ] } },
{ "type": "Feature", "properties": { "id": "Vettweiss_station", "num_hh": "3", "num_cars": 1, "ARS": "053580060060", "AGS": "05358060", "ARS_0": "053580060060", "AGS_0": "05358060", "SDV_ARS": "053580060060", "GEN": "Vettweiß", "BEZ": "Gemeinde", "NUTS": "DEA26", "RegioStaR7": "77", "scenario": 50, "year": 2038 }, "geometry": { "type": "Point", "coordinates": [ 6.598593326209216, 50.74435145564081 ] } },
{ "type": "Feature", "properties": { "id": "Vettweiss_station", "num_hh": "2", "num_cars": 1, "ARS": "053580060060", "AGS": "05358060", "ARS_0": "053580060060", "AGS_0": "05358060", "SDV_ARS": "053580060060", "GEN": "Vettweiß", "BEZ": "Gemeinde", "NUTS": "DEA26", "RegioStaR7": "77", "scenario": 50, "year": 2038 }, "geometry": { "type": "Point", "coordinates": [ 6.60012825226246, 50.743040218635599 ] } },
{ "type": "Feature", "properties": { "id": "Vettweiss_station", "num_hh": "2", "num_cars": 1, "ARS": "053580060060", "AGS": "05358060", "ARS_0": "053580060060", "AGS_0": "05358060", "SDV_ARS": "053580060060", "GEN": "Vettweiß", "BEZ": "Gemeinde", "NUTS": "DEA26", "RegioStaR7": "77", "scenario": 50, "year": 2038 }, "geometry": { "type": "Point", "coordinates": [ 6.59994406113607, 50.743156774523001 ] } },
{ "type": "Feature", "properties": { "id": "Vettweiss_station", "num_hh": "2", "num_cars": 1, "ARS": "053580060060", "AGS": "05358060", "ARS_0": "053580060060", "AGS_0": "05358060", "SDV_ARS": "053580060060", "GEN": "Vettweiß", "BEZ": "Gemeinde", "NUTS": "DEA26", "RegioStaR7": "77", "scenario": 50, "year": 2038 }, "geometry": { "type": "Point", "coordinates": [ 6.599759870009682, 50.74327333012026 ] } },
{ "type": "Feature", "properties": { "id": "Vettweiss_station", "num_hh": "2", "num_cars": 1, "ARS": "053580060060", "AGS": "05358060", "ARS_0": "053580060060", "AGS_0": "05358060", "SDV_ARS": "053580060060", "GEN": "Vettweiß", "BEZ": "Gemeinde", "NUTS": "DEA26", "RegioStaR7": "77", "scenario": 50, "year": 2038 }, "geometry": { "type": "Point", "coordinates": [ 6.599544980362227, 50.743409311283706 ] } },
{ "type": "Feature", "properties": { "id": "Vettweiss_station", "num_hh": "2", "num_cars": 1, "ARS": "053580060060", "AGS": "05358060", "ARS_0": "053580060060", "AGS_0": "05358060", "SDV_ARS": "053580060060", "GEN": "Vettweiß", "BEZ": "Gemeinde", "NUTS": "DEA26", "RegioStaR7": "77", "scenario": 50, "year": 2038 }, "geometry": { "type": "Point", "coordinates": [ 6.59911520106732, 50.743632708052061 ] } },
{ "type": "Feature", "properties": { "id": "Vettweiss_station", "num_hh": "2", "num_cars": 1, "ARS": "053580060060", "AGS": "05358060", "ARS_0": "053580060060", "AGS_0": "05358060", "SDV_ARS": "053580060060", "GEN": "Vettweiß", "BEZ": "Gemeinde", "NUTS": "DEA26", "RegioStaR7": "77", "scenario": 50, "year": 2038 }, "geometry": { "type": "Point", "coordinates": [ 6.598884962159333, 50.743778401022411 ] } },
{ "type": "Feature", "properties": { "id": "Vettweiss_station", "num_hh": "2", "num_cars": 1, "ARS": "053580060060", "AGS": "05358060", "ARS_0": "053580060060", "AGS_0": "05358060", "SDV_ARS": "053580060060", "GEN": "Vettweiß", "BEZ": "Gemeinde", "NUTS": "DEA26", "RegioStaR7": "77", "scenario": 50, "year": 2038 }, "geometry": { "type": "Point", "coordinates": [ 6.598700771032944, 50.743914380719069 ] } },
{ "type": "Feature", "properties": { "id": "Vettweiss_station", "num_hh": "2", "num_cars": 1, "ARS": "053580060060", "AGS": "05358060", "ARS_0": "053580060060", "AGS_0": "05358060", "SDV_ARS": "053580060060", "GEN": "Vettweiß", "BEZ": "Gemeinde", "NUTS": "DEA26", "RegioStaR7": "77", "scenario": 50, "year": 2038 }, "geometry": { "type": "Point", "coordinates": [ 6.598470532124957, 50.744069785603124 ] } },
{ "type": "Feature", "properties": { "id": "Vettweiss_station", "num_hh": "2", "num_cars": 1, "ARS": "053580060060", "AGS": "05358060", "ARS_0": "053580060060", "AGS_0": "05358060", "SDV_ARS": "053580060060", "GEN": "Vettweiß", "BEZ": "Gemeinde", "NUTS": "DEA26", "RegioStaR7": "77", "scenario": 50, "year": 2038 }, "geometry": { "type": "Point", "coordinates": [ 6.59824029321697, 50.744225189971388 ] } },
{ "type": "Feature", "properties": { "id": "Vettweiss_station", "num_hh": "3", "num_cars": 1, "ARS": "053580060060", "AGS": "05358060", "ARS_0": "053580060060", "AGS_0": "05358060", "SDV_ARS": "053580060060", "GEN": "Vettweiß", "BEZ": "Gemeinde", "NUTS": "DEA26", "RegioStaR7": "77", "scenario": 50, "year": 2038 }, "geometry": { "type": "Point", "coordinates": [ 6.599637075925422, 50.742865384260504 ] } },
{ "type": "Feature", "properties": { "id": "Vettweiss_station", "num_hh": "2", "num_cars": 1, "ARS": "053580060060", "AGS": "05358060", "ARS_0": "053580060060", "AGS_0": "05358060", "SDV_ARS": "053580060060", "GEN": "Vettweiß", "BEZ": "Gemeinde", "NUTS": "DEA26", "RegioStaR7": "77", "scenario": 50, "year": 2038 }, "geometry": { "type": "Point", "coordinates": [ 6.599391487756903, 50.743040218635599 ] } },
{ "type": "Feature", "properties": { "id": "Vettweiss_station", "num_hh": "2", "num_cars": 1, "ARS": "053580060060", "AGS": "05358060", "ARS_0": "053580060060", "AGS_0": "05358060", "SDV_ARS": "053580060060", "GEN": "Vettweiß", "BEZ": "Gemeinde", "NUTS": "DEA26", "RegioStaR7": "77", "scenario": 50, "year": 2038 }, "geometry": { "type": "Point", "coordinates": [ 6.599207296630513, 50.743176200476022 ] } },
{ "type": "Feature", "properties": { "id": "Vettweiss_station", "num_hh": "2", "num_cars": 1, "ARS": "053580060060", "AGS": "05358060", "ARS_0": "053580060060", "AGS_0": "05358060", "SDV_ARS": "053580060060", "GEN": "Vettweiß", "BEZ": "Gemeinde", "NUTS": "DEA26", "RegioStaR7": "77", "scenario": 50, "year": 2038 }, "geometry": { "type": "Point", "coordinates": [ 6.599007756243592, 50.743292756024928 ] } },
{ "type": "Feature", "properties": { "id": "Vettweiss_station", "num_hh": "2", "num_cars": 1, "ARS": "053580060060", "AGS": "05358060", "ARS_0": "053580060060", "AGS_0": "05358060", "SDV_ARS": "053580060060", "GEN": "Vettweiß", "BEZ": "Gemeinde", "NUTS": "DEA26", "RegioStaR7": "77", "scenario": 50, "year": 2038 }, "geometry": { "type": "Point", "coordinates": [ 6.598685421772411, 50.743506440444385 ] } },
{ "type": "Feature", "properties": { "id": "Vettweiss_station", "num_hh": "2", "num_cars": 1, "ARS": "053580060060", "AGS": "05358060", "ARS_0": "053580060060", "AGS_0": "05358060", "SDV_ARS": "053580060060", "GEN": "Vettweiß", "BEZ": "Gemeinde", "NUTS": "DEA26", "RegioStaR7": "77", "scenario": 50, "year": 2038 }, "geometry": { "type": "Point", "coordinates": [ 6.598501230646022, 50.743642420930847 ] } },
{ "type": "Feature", "properties": { "id": "Vettweiss_station", "num_hh": "2", "num_cars": 1, "ARS": "053580060060", "AGS": "05358060", "ARS_0": "053580060060", "AGS_0": "05358060", "SDV_ARS": "053580060060", "GEN": "Vettweiß", "BEZ": "Gemeinde", "NUTS": "DEA26", "RegioStaR7": "77", "scenario": 50, "year": 2038 }, "geometry": { "type": "Point", "coordinates": [ 6.598301690259101, 50.743797826717532 ] } },
{ "type": "Feature", "properties": { "id": "Vettweiss_station", "num_hh": "2", "num_cars": 1, "ARS": "053580060060", "AGS": "05358060", "ARS_0": "053580060060", "AGS_0": "05358060", "SDV_ARS": "053580060060", "GEN": "Vettweiß", "BEZ": "Gemeinde", "NUTS": "DEA26", "RegioStaR7": "77", "scenario": 50, "year": 2038 }, "geometry": { "type": "Point", "coordinates": [ 6.598086800611647, 50.743953231988442 ] } },
{ "type": "Feature", "properties": { "id": "Vettweiss_station", "num_hh": "2", "num_cars": 1, "ARS": "053580060060", "AGS": "05358060", "ARS_0": "053580060060", "AGS_0": "05358060", "SDV_ARS": "053580060060", "GEN": "Vettweiß", "BEZ": "Gemeinde", "NUTS": "DEA26", "RegioStaR7": "77", "scenario": 50, "year": 2038 }, "geometry": { "type": "Point", "coordinates": [ 6.59785656170366, 50.74412806230167 ] } },
{ "type": "Feature", "properties": { "id": "Vettweiss_station", "num_hh": "2", "num_cars": 1, "ARS": "053580060060", "AGS": "05358060", "ARS_0": "053580060060", "AGS_0": "05358060", "SDV_ARS": "053580060060", "GEN": "Vettweiß", "BEZ": "Gemeinde", "NUTS": "DEA26", "RegioStaR7": "77", "scenario": 50, "year": 2038 }, "geometry": { "type": "Point", "coordinates": [ 6.599191947369982, 50.742671123078104 ] } },
{ "type": "Feature", "properties": { "id": "Vettweiss_station", "num_hh": "2", "num_cars": 1, "ARS": "053580060060", "AGS": "05358060", "ARS_0": "053580060060", "AGS_0": "05358060", "SDV_ARS": "053580060060", "GEN": "Vettweiß", "BEZ": "Gemeinde", "NUTS": "DEA26", "RegioStaR7": "77", "scenario": 50, "year": 2038 }, "geometry": { "type": "Point", "coordinates": [ 6.598961708461995, 50.742865384260504 ] } },
{ "type": "Feature", "properties": { "id": "Vettweiss_station", "num_hh": "2", "num_cars": 1, "ARS": "053580060060", "AGS": "05358060", "ARS_0": "053580060060", "AGS_0": "05358060", "SDV_ARS": "053580060060", "GEN": "Vettweiß", "BEZ": "Gemeinde", "NUTS": "DEA26", "RegioStaR7": "77", "scenario": 50, "year": 2038 }, "geometry": { "type": "Point", "coordinates": [ 6.59880821585667, 50.743020792626162 ] } },
{ "type": "Feature", "properties": { "id": "Vettweiss_station", "num_hh": "3", "num_cars": 1, "ARS": "053580060060", "AGS": "05358060", "ARS_0": "053580060060", "AGS_0": "05358060", "SDV_ARS": "053580060060", "GEN": "Vettweiß", "BEZ": "Gemeinde", "NUTS": "DEA26", "RegioStaR7": "77", "scenario": 50, "year": 2038 }, "geometry": { "type": "Point", "coordinates": [ 6.598577976948684, 50.743176200476022 ] } },
{ "type": "Feature", "properties": { "id": "Vettweiss_station", "num_hh": "2", "num_cars": 1, "ARS": "053580060060", "AGS": "05358060", "ARS_0": "053580060060", "AGS_0": "05358060", "SDV_ARS": "053580060060", "GEN": "Vettweiß", "BEZ": "Gemeinde", "NUTS": "DEA26", "RegioStaR7": "77", "scenario": 50, "year": 2038 }, "geometry": { "type": "Point", "coordinates": [ 6.59824029321697, 50.743409311283706 ] } },
{ "type": "Feature", "properties": { "id": "Vettweiss_station", "num_hh": "3", "num_cars": 1, "ARS": "053580060060", "AGS": "05358060", "ARS_0": "053580060060", "AGS_0": "05358060", "SDV_ARS": "053580060060", "GEN": "Vettweiß", "BEZ": "Gemeinde", "NUTS": "DEA26", "RegioStaR7": "77", "scenario": 50, "year": 2038 }, "geometry": { "type": "Point", "coordinates": [ 6.598040752830049, 50.743584143627871 ] } },
{ "type": "Feature", "properties": { "id": "Vettweiss_station", "num_hh": "2", "num_cars": 1, "ARS": "053580060060", "AGS": "05358060", "ARS_0": "053580060060", "AGS_0": "05358060", "SDV_ARS": "053580060060", "GEN": "Vettweiß", "BEZ": "Gemeinde", "NUTS": "DEA26", "RegioStaR7": "77", "scenario": 50, "year": 2038 }, "geometry": { "type": "Point", "coordinates": [ 6.597841212443128, 50.743749262464611 ] } },
{ "type": "Feature", "properties": { "id": "Vettweiss_station", "num_hh": "2", "num_cars": 1, "ARS": "053580060060", "AGS": "05358060", "ARS_0": "053580060060", "AGS_0": "05358060", "SDV_ARS": "053580060060", "GEN": "Vettweiß", "BEZ": "Gemeinde", "NUTS": "DEA26", "RegioStaR7": "77", "scenario": 50, "year": 2038 }, "geometry": { "type": "Point", "coordinates": [ 6.597641672056207, 50.743914380719069 ] } },
{ "type": "Feature", "properties": { "id": "Vettweiss_station", "num_hh": "2", "num_cars": 1, "ARS": "053580060060", "AGS": "05358060", "ARS_0": "053580060060", "AGS_0": "05358060", "SDV_ARS": "053580060060", "GEN": "Vettweiß", "BEZ": "Gemeinde", "NUTS": "DEA26", "RegioStaR7": "77", "scenario": 50, "year": 2038 }, "geometry": { "type": "Point", "coordinates": [ 6.597442131669285, 50.744079498391251 ] } },
{ "type": "Feature", "properties": { "id": "Vettweiss_station", "num_hh": "2", "num_cars": 1, "ARS": "053580060060", "AGS": "05358060", "ARS_0": "053580060060", "AGS_0": "05358060", "SDV_ARS": "053580060060", "GEN": "Vettweiß", "BEZ": "Gemeinde", "NUTS": "DEA26", "RegioStaR7": "77", "scenario": 50, "year": 2038 }, "geometry": { "type": "Point", "coordinates": [ 6.598792866596138, 50.742476861089763 ] } },
{ "type": "Feature", "properties": { "id": "Vettweiss_station", "num_hh": "2", "num_cars": 1, "ARS": "053580060060", "AGS": "05358060", "ARS_0": "053580060060", "AGS_0": "05358060", "SDV_ARS": "053580060060", "GEN": "Vettweiß", "BEZ": "Gemeinde", "NUTS": "DEA26", "RegioStaR7": "77", "scenario": 50, "year": 2038 }, "geometry": { "type": "Point", "coordinates": [ 6.598608675469749, 50.742671123078104 ] } },
{ "type": "Feature", "properties": { "id": "Vettweiss_station", "num_hh": "2", "num_cars": 1, "ARS": "053580060060", "AGS": "05358060", "ARS_0": "053580060060", "AGS_0": "05358060", "SDV_ARS": "053580060060", "GEN": "Vettweiß", "BEZ": "Gemeinde", "NUTS": "DEA26", "RegioStaR7": "77", "scenario": 50, "year": 2038 }, "geometry": { "type": "Point", "coordinates": [ 6.598439833603893, 50.742826532088507 ] } },
{ "type": "Feature", "properties": { "id": "Vettweiss_station", "num_hh": "2", "num_cars": 1, "ARS": "053580060060", "AGS": "05358060", "ARS_0": "053580060060", "AGS_0": "05358060", "SDV_ARS": "053580060060", "GEN": "Vettweiß", "BEZ": "Gemeinde", "NUTS": "DEA26", "RegioStaR7": "77", "scenario": 50, "year": 2038 }, "geometry": { "type": "Point", "coordinates": [ 6.598178896174841, 50.743040218635599 ] } },
{ "type": "Feature", "properties": { "id": "Vettweiss_station", "num_hh": "2", "num_cars": 1, "ARS": "053580060060", "AGS": "05358060", "ARS_0": "053580060060", "AGS_0": "05358060", "SDV_ARS": "053580060060", "GEN": "Vettweiß", "BEZ": "Gemeinde", "NUTS": "DEA26", "RegioStaR7": "77", "scenario": 50, "year": 2038 }, "geometry": { "type": "Point", "coordinates": [ 6.597887260224725, 50.743292756024928 ] } },
{ "type": "Feature", "properties": { "id": "Vettweiss_station", "num_hh": "2", "num_cars": 1, "ARS": "053580060060", "AGS": "05358060", "ARS_0": "053580060060", "AGS_0": "05358060", "SDV_ARS": "053580060060", "GEN": "Vettweiß", "BEZ": "Gemeinde", "NUTS": "DEA26", "RegioStaR7": "77", "scenario": 50, "year": 2038 }, "geometry": { "type": "Point", "coordinates": [ 6.597703069098335, 50.743448162972157 ] } },
{ "type": "Feature", "properties": { "id": "Vettweiss_station", "num_hh": "2", "num_cars": 1, "ARS": "053580060060", "AGS": "05358060", "ARS_0": "053580060060", "AGS_0": "05358060", "SDV_ARS": "053580060060", "GEN": "Vettweiß", "BEZ": "Gemeinde", "NUTS": "DEA26", "RegioStaR7": "77", "scenario": 50, "year": 2038 }, "geometry": { "type": "Point", "coordinates": [ 6.597518877971948, 50.743603569403582 ] } },
{ "type": "Feature", "properties": { "id": "Vettweiss_station", "num_hh": "2", "num_cars": 1, "ARS": "053580060060", "AGS": "05358060", "ARS_0": "053580060060", "AGS_0": "05358060", "SDV_ARS": "053580060060", "GEN": "Vettweiß", "BEZ": "Gemeinde", "NUTS": "DEA26", "RegioStaR7": "77", "scenario": 50, "year": 2038 }, "geometry": { "type": "Point", "coordinates": [ 6.597303988324493, 50.743768688171826 ] } },
{ "type": "Feature", "properties": { "id": "Vettweiss_station", "num_hh": "2", "num_cars": 1, "ARS": "053580060060", "AGS": "05358060", "ARS_0": "053580060060", "AGS_0": "05358060", "SDV_ARS": "053580060060", "GEN": "Vettweiß", "BEZ": "Gemeinde", "NUTS": "DEA26", "RegioStaR7": "77", "scenario": 50, "year": 2038 }, "geometry": { "type": "Point", "coordinates": [ 6.597089098677039, 50.743953231988442 ] } },
{ "type": "Feature", "properties": { "id": "Vettweiss_station", "num_hh": "2", "num_cars": 1, "ARS": "053580060060", "AGS": "05358060", "ARS_0": "053580060060", "AGS_0": "05358060", "SDV_ARS": "053580060060", "GEN": "Vettweiß", "BEZ": "Gemeinde", "NUTS": "DEA26", "RegioStaR7": "77", "scenario": 50, "year": 2038 }, "geometry": { "type": "Point", "coordinates": [ 6.598224943956438, 50.742292311454349 ] } },
{ "type": "Feature", "properties": { "id": "Vettweiss_station", "num_hh": "2", "num_cars": 1, "ARS": "053580060060", "AGS": "05358060", "ARS_0": "053580060060", "AGS_0": "05358060", "SDV_ARS": "053580060060", "GEN": "Vettweiß", "BEZ": "Gemeinde", "NUTS": "DEA26", "RegioStaR7": "77", "scenario": 50, "year": 2038 }, "geometry": { "type": "Point", "coordinates": [ 6.598071451351114, 50.742467147969187 ] } },
{ "type": "Feature", "properties": { "id": "Vettweiss_station", "num_hh": "2", "num_cars": 1, "ARS": "053580060060", "AGS": "05358060", "ARS_0": "053580060060", "AGS_0": "05358060", "SDV_ARS": "053580060060", "GEN": "Vettweiß", "BEZ": "Gemeinde", "NUTS": "DEA26", "RegioStaR7": "77", "scenario": 50, "year": 2038 }, "geometry": { "type": "Point", "coordinates": [ 6.597917958745789, 50.742622557656574 ] } },
{ "type": "Feature", "properties": { "id": "Vettweiss_station", "num_hh": "2", "num_cars": 1, "ARS": "053580060060", "AGS": "05358060", "ARS_0": "053580060060", "AGS_0": "05358060", "SDV_ARS": "053580060060", "GEN": "Vettweiß", "BEZ": "Gemeinde", "NUTS": "DEA26", "RegioStaR7": "77", "scenario": 50, "year": 2038 }, "geometry": { "type": "Point", "coordinates": [ 6.5977337676194, 50.742816819040456 ] } },
{ "type": "Feature", "properties": { "id": "Vettweiss_station", "num_hh": "2", "num_cars": 1, "ARS": "053580060060", "AGS": "05358060", "ARS_0": "053580060060", "AGS_0": "05358060", "SDV_ARS": "053580060060", "GEN": "Vettweiß", "BEZ": "Gemeinde", "NUTS": "DEA26", "RegioStaR7": "77", "scenario": 50, "year": 2038 }, "geometry": { "type": "Point", "coordinates": [ 6.597457480929816, 50.743098496615573 ] } },
{ "type": "Feature", "properties": { "id": "Vettweiss_station", "num_hh": "2", "num_cars": 1, "ARS": "053580060060", "AGS": "05358060", "ARS_0": "053580060060", "AGS_0": "05358060", "SDV_ARS": "053580060060", "GEN": "Vettweiß", "BEZ": "Gemeinde", "NUTS": "DEA26", "RegioStaR7": "77", "scenario": 50, "year": 2038 }, "geometry": { "type": "Point", "coordinates": [ 6.597257940542896, 50.743263617164899 ] } },
{ "type": "Feature", "properties": { "id": "Vettweiss_station", "num_hh": "2", "num_cars": 1, "ARS": "053580060060", "AGS": "05358060", "ARS_0": "053580060060", "AGS_0": "05358060", "SDV_ARS": "053580060060", "GEN": "Vettweiß", "BEZ": "Gemeinde", "NUTS": "DEA26", "RegioStaR7": "77", "scenario": 50, "year": 2038 }, "geometry": { "type": "Point", "coordinates": [ 6.597089098677039, 50.743428737131964 ] } },
{ "type": "Feature", "properties": { "id": "Vettweiss_station", "num_hh": "2", "num_cars": 1, "ARS": "053580060060", "AGS": "05358060", "ARS_0": "053580060060", "AGS_0": "05358060", "SDV_ARS": "053580060060", "GEN": "Vettweiß", "BEZ": "Gemeinde", "NUTS": "DEA26", "RegioStaR7": "77", "scenario": 50, "year": 2038 }, "geometry": { "type": "Point", "coordinates": [ 6.596935606071715, 50.743593856516732 ] } },
{ "type": "Feature", "properties": { "id": "Vettweiss_station", "num_hh": "2", "num_cars": 1, "ARS": "053580060060", "AGS": "05358060", "ARS_0": "053580060060", "AGS_0": "05358060", "SDV_ARS": "053580060060", "GEN": "Vettweiß", "BEZ": "Gemeinde", "NUTS": "DEA26", "RegioStaR7": "77", "scenario": 50, "year": 2038 }, "geometry": { "type": "Point", "coordinates": [ 6.596720716424261, 50.743778401022411 ] } }
]
}
